Ano;Países;Código ISIC Classe;Descrição ISIC Classe;Valor US$ FOB;chave;atividade_cod;atividade_desc;cnae2_4cod;cnae2_cod;isic4_sec;isic4_cod; isic4_desc;cnae2_desc;brl_usd;Valor RS$ FOB
2022;Estados Unidos;2410;Fabricação de ferro e aço básicos;7267463725;241;2491;Produção de ferro-gusa/ferroligas, siderurgia e tubos de aço sem costura;2411;241;C;241;Fabricación básica de hierro y acero;Produção de ferro-gusa e de ferroligas;5.1648;37534996646.88
2022;Estados Unidos;0610;Extração de petróleo bruto;5064284191;06;0680;Extração de petróleo e gás, inclusive as atividades de apoio;0600;06;B;06;EXTRACCIÓN DE PETRÓLEO CRUDO Y GAS NATURAL;EXTRAÇÃO DE PETRÓLEO E GÁS NATURAL;5.1648;26156014989.6768
2022;Estados Unidos;3030;Fabricação de aviões e máquinas relacionadas;2393371609;30;3000;Fabricação de outros equipamentos de transporte, exceto veículos automotores;3011;30;C;30;FABRICACIÓN DE OTRO  EQUIPO DE TRANSPORTE;FABRICAÇÃO DE OUTROS EQUIPAMENTOS DE TRANSPORTE, EXCETO VEÍCULOS AUTOMOTORES;5.1648;12361285686.163198
2022;Estados Unidos;2011;Fabricação de produtos químicos básicos;1735064778;201;1992;Fabricação de biocombustíveis;1931;193;C;201;Fabricación de sustancias químicas básicas, de abonos y compuestos de nitrógeno y de plásticos y caucho sintético en formas primarias;Fabricação de biocombustíveis;5.1648;8961262565.4144
2022;Estados Unidos;0127;Cultivo de bebidas da safra;1727238889;012;0191;Agricultura, inclusive o apoio à agricultura e a pós-colheita;0111;011;A;012;Cultivo de plantas perennes;Produção de lavouras temporárias;5.1648;8920843413.9072
2022;Estados Unidos;1701;Fabricação de polpa, papel e cartão;1379586072;17;1700;Fabricação de celulose, papel e produtos de papel;1710;17;C;17;FABRICACIÓN DE PAPEL Y DE PRODUCTOS DE PAPEL;FABRICAÇÃO DE CELULOSE, PAPEL E PRODUTOS DE PAPEL;5.1648;7125286144.6656
2022;Estados Unidos;2824;Fabricação de máquinas para mineração, exploração de pedreiras e construção;1318215574;28;2800;Fabricação de máquinas e equipamentos mecânicos;2811;28;C;28;FABRICACIÓN DE MAQUINARIA Y EQUIPO N.C.P.;FABRICAÇÃO DE MÁQUINAS E EQUIPAMENTOS;5.1648;6808319796.5952
2022;Estados Unidos;2420;Fabricação de metais preciosos e outros metais não ferrosos;1191742347;242;2492;Metalurgia de metais não ferosos e a fundição de metais;2441;244;C;242;Fabricación de productos primarios de metales preciosos y otros metales no ferrosos;Metalurgia dos metais não-ferrosos;5.1648;6155110873.7856
2022;Estados Unidos;1610;Serração e aplainamento de madeira;1107942117;16;1500;Fabricação de calçados e de artefatos de couro;1510;15;C;16;"PRODUCCIÓN DE MADERA Y FABRICACIÓN DE PRODUCTOS DE MADERA Y CORCHO, EXCEPTO MUEBLES; FABRICACIÓN DE ARTÍCULOS DE PAJA Y DE MATERIALES TRENZABLES";PREPARAÇÃO DE COUROS E FABRICAÇÃO DE ARTEFATOS DE COURO, ARTIGOS PARA VIAGEM E CALÇADOS;5.1648;5722299445.881599
2022;Estados Unidos;1010;Processamento e conservação de carne;1104244755;101;1091;Abate e produtos de carne, inclusive os produtos do laticínio e da pesca;1011;101;C;101;Elaboración y conservación de carne;Abate e fabricação de produtos de carne;5.1648;5703203310.624
2022;Estados Unidos;2930;Fabricação de peças e acessórios para veículos automotores;792273712;293;2992;Fabricação de peças e acessórios para veículos automotores;2941;294;C;293;Fabricación de partes, piezas y accesorios para vehículos automotores;Fabricação de peças e acessórios para veículos automotores;5.1648;4091935267.7376
2022;Estados Unidos;2396;Corte, moldagem e acabamento de pedra;744443514;23;2300;Fabricação de produtos de minerais não metálicos;2311;23;C;23;FABRICACIÓN DE OTROS PRODUCTOS MINERALES NO METÁLICOS;FABRICAÇÃO DE PRODUTOS DE MINERAIS NÃO-METÁLICOS;5.1648;3844901861.1071997
2022;Estados Unidos;1030;Processamento e conservação de frutas e legumes;729048769;103;1093;Outros produtos alimentares;1031;103;C;103;Elaboración y conservación de frutas, legumbres y hortalizas;Fabricação de conservas de frutas, legumes e outros vegetais;5.1648;3765391082.1312
2022;Estados Unidos;2710;Fabricação de motores elétricos, geradores, transformadores e aparelhos de distribuição e controle de energia elétrica;696897144;27;2700;Fabricação de máquinas e equipamentos elétricos;2710;27;C;27;FABRICACIÓN DE EQUIPO ELÉCTRICO;FABRICAÇÃO DE MÁQUINAS, APARELHOS E MATERIAIS ELÉTRICOS;5.1648;3599334369.3311996
2022;Estados Unidos;1920;Fabricação de produtos petrolíferos refinados;663661072;192;1991;Refino de petróleo e coquerias;1921;192;C;192;Fabricación de productos de la refinación del petróleo;Fabricação de produtos derivados do petróleo;5.1648;3427676704.6656
2022;Estados Unidos;1621;Fabricação de folheados e painéis derivados de madeira;650170247;16;1500;Fabricação de calçados e de artefatos de couro;1510;15;C;16;"PRODUCCIÓN DE MADERA Y FABRICACIÓN DE PRODUCTOS DE MADERA Y CORCHO, EXCEPTO MUEBLES; FABRICACIÓN DE ARTÍCULOS DE PAJA Y DE MATERIALES TRENZABLES";PREPARAÇÃO DE COUROS E FABRICAÇÃO DE ARTEFATOS DE COURO, ARTIGOS PARA VIAGEM E CALÇADOS;5.1648;3357999291.7056
2022;Estados Unidos;2029;Fabricação de outros produtos químicos n.c;532662330;202;2092;Fabricação de defensivos, desinfestantes, tintas e químicos diversos;2051;205;C;202;Fabricación de otros productos químicos;Fabricação de defensivos agrícolas e desinfestantes domissanitários;5.1648;2751094401.9839997
2022;Estados Unidos;1622;Fabricação de carpintaria e marcenaria de construtores;484916835;16;1500;Fabricação de calçados e de artefatos de couro;1510;15;C;16;"PRODUCCIÓN DE MADERA Y FABRICACIÓN DE PRODUCTOS DE MADERA Y CORCHO, EXCEPTO MUEBLES; FABRICACIÓN DE ARTÍCULOS DE PAJA Y DE MATERIALES TRENZABLES";PREPARAÇÃO DE COUROS E FABRICAÇÃO DE ARTEFATOS DE COURO, ARTIGOS PARA VIAGEM E CALÇADOS;5.1648;2504498469.408
2022;Estados Unidos;2211;"Fabricação de pneus e tubos; recauchutagem e reconstrução de pneus de borracha";478413800;22;1500;Fabricação de calçados e de artefatos de couro;1510;15;C;22;FABRICACIÓN DE PRODUCTOS DE CAUCHO Y PLÁSTICO;PREPARAÇÃO DE COUROS E FABRICAÇÃO DE ARTEFATOS DE COURO, ARTIGOS PARA VIAGEM E CALÇADOS;5.1648;2470911594.24
2022;Estados Unidos;0710;Extração de minério de ferro;456172618;071;0791;Extração de minério de ferro, inclusive beneficiamento e a aglomeração;0710;071;B;071;Extracción de minerales de hierro;Extração de minério de ferro;5.1648;2356040337.4463997
2022;Estados Unidos;3100;Fabricação de móveis;350144911;31;3180;Fabricação de móveis e de produtos de indústrias diversas;3101;31;C;31;FABRICACIÓN DE MUEBLES;FABRICAÇÃO DE MÓVEIS;5.1648;1808428436.3328
2022;Estados Unidos;1520;Fabricação de calçado;336011929;15;1500;Fabricação de calçados e de artefatos de couro;1510;15;C;15;FABRICACIÓN DE PRODUCTOS DE CUERO Y PRODUCTOS CONEXOS;PREPARAÇÃO DE COUROS E FABRICAÇÃO DE ARTEFATOS DE COURO, ARTIGOS PARA VIAGEM E CALÇADOS;5.1648;1735434410.8992
2022;Estados Unidos;2813;Fabricação de outras bombas, compressores, torneiras e válvulas;305476695;28;2800;Fabricação de máquinas e equipamentos mecânicos;2811;28;C;28;FABRICACIÓN DE MAQUINARIA Y EQUIPO N.C.P.;FABRICAÇÃO DE MÁQUINAS E EQUIPAMENTOS;5.1648;1577726034.336
2022;Estados Unidos;1079;Fabricação de outros produtos alimentícios n.c;298989863;107;1092;Fabricação e refino de açúcar;1071;107;C;107;Elaboración de otros productos alimenticios;Fabricação e refino de açúcar;5.1648;1544222844.4224
2022;Estados Unidos;2599;Fabricação de outros produtos metálicos fabricados n.c;275215413;25;2500;Fabricação de produtos de metal, exceto máquinas e equipamentos;2511;25;C;25;FABRICACIÓN DE PRODUCTOS ELABORADOS DE METAL, EXCEPTO MAQUINARIA Y EQUIPO;FABRICAÇÃO DE PRODUTOS DE METAL, EXCETO MÁQUINAS E EQUIPAMENTOS;5.1648;1421432565.0623999
2022;Estados Unidos;1511;Curtimento e vestuário de couro;242856966;15;1500;Fabricação de calçados e de artefatos de couro;1510;15;C;15;FABRICACIÓN DE PRODUCTOS DE CUERO Y PRODUCTOS CONEXOS;PREPARAÇÃO DE COUROS E FABRICAÇÃO DE ARTEFATOS DE COURO, ARTIGOS PARA VIAGEM E CALÇADOS;5.1648;1254307657.9968
2022;Estados Unidos;2814;Fabricação de rolamentos, engrenagens, engrenagens e elementos de acionamento;236917696;28;2800;Fabricação de máquinas e equipamentos mecânicos;2811;28;C;28;FABRICACIÓN DE MAQUINARIA Y EQUIPO N.C.P.;FABRICAÇÃO DE MÁQUINAS E EQUIPAMENTOS;5.1648;1223632516.3007998
2022;Estados Unidos;2520;Fabricação de armas e munições;229451835;25;2500;Fabricação de produtos de metal, exceto máquinas e equipamentos;2511;25;C;25;FABRICACIÓN DE PRODUCTOS ELABORADOS DE METAL, EXCEPTO MAQUINARIA Y EQUIPO;FABRICAÇÃO DE PRODUTOS DE METAL, EXCETO MÁQUINAS E EQUIPAMENTOS;5.1648;1185072837.408
2022;Estados Unidos;2013;Fabricação de plásticos e borracha sintética em formas primárias;219617475;201;1992;Fabricação de biocombustíveis;1931;193;C;201;Fabricación de sustancias químicas básicas, de abonos y compuestos de nitrógeno y de plásticos y caucho sintético en formas primarias;Fabricação de biocombustíveis;5.1648;1134280334.8799999
2022;Estados Unidos;2100;Fabricação de produtos farmacêuticos, produtos químicos medicinais e botânicos;189658637;21;2100;Fabricação de produtos farmoquímicos e farmacêuticos;2110;21;C;21;FABRICACIÓN DE PRODUCTOS FARMACÉUTICOS, SUSTANCIAS QUÍMICAS MEDICINALES Y PRODUCTOS BOTÁNICOS DE USO FARMACÉUTICO;FABRICAÇÃO DE PRODUTOS FARMOQUÍMICOS E FARMACÊUTICOS;5.1648;979548928.3776
2022;Estados Unidos;2821;Fabricação de maquinaria agrícola e florestal;183153083;28;2800;Fabricação de máquinas e equipamentos mecânicos;2811;28;C;28;FABRICACIÓN DE MAQUINARIA Y EQUIPO N.C.P.;FABRICAÇÃO DE MÁQUINAS E EQUIPAMENTOS;5.1648;945949043.0783999
2022;Estados Unidos;1072;Fabricação de açúcar;178255833;107;1092;Fabricação e refino de açúcar;1071;107;C;107;Elaboración de otros productos alimenticios;Fabricação e refino de açúcar;5.1648;920655726.2784
2022;Estados Unidos;2220;Fabricação de produtos plásticos;162486828;22;1500;Fabricação de calçados e de artefatos de couro;1510;15;C;22;FABRICACIÓN DE PRODUCTOS DE CAUCHO Y PLÁSTICO;PREPARAÇÃO DE COUROS E FABRICAÇÃO DE ARTEFATOS DE COURO, ARTIGOS PARA VIAGEM E CALÇADOS;5.1648;839211969.2543999
2022;Estados Unidos;1200;Fabricação de produtos de tabaco;148236515;12;1200;Fabricação de produtos do fumo;1210;12;C;12;ELABORACIÓN DE PRODUCTOS DE TABACO;FABRICAÇÃO DE PRODUTOS DO FUMO;5.1648;765611952.6719999
2022;Estados Unidos;1020;Processamento e conservação de peixes, crustáceos e moluscos;139695559;102;1091;Abate e produtos de carne, inclusive os produtos do laticínio e da pesca;1020;102;C;102;Elaboración y conservación de pescado, crustáceos y moluscos;Preservação do pescado e fabricação de produtos do pescado;5.1648;721499623.1231999
2022;Estados Unidos;1040;Fabricação de óleos e gorduras vegetais e animais;137543814;104;1093;Outros produtos alimentares;1041;104;C;104;Elaboración de aceites y grasas de origen vegetal y animal;Fabricação de óleos e gorduras vegetais e animais;5.1648;710386290.5472
2022;Estados Unidos;2392;Fabricação de materiais de construção de argila;131706006;23;2300;Fabricação de produtos de minerais não metálicos;2311;23;C;23;FABRICACIÓN DE OTROS PRODUCTOS MINERALES NO METÁLICOS;FABRICAÇÃO DE PRODUTOS DE MINERAIS NÃO-METÁLICOS;5.1648;680235179.7888
2022;Estados Unidos;2819;Fabricação de outras máquinas para uso geral;126476477;28;2800;Fabricação de máquinas e equipamentos mecânicos;2811;28;C;28;FABRICACIÓN DE MAQUINARIA Y EQUIPO N.C.P.;FABRICAÇÃO DE MÁQUINAS E EQUIPAMENTOS;5.1648;653225708.4095999
2022;Estados Unidos;3211;Fabricação de joalharia e artigos afins;122519341;32;3180;Fabricação de móveis e de produtos de indústrias diversas;3211;32;C;32;OTRAS INDUSTRIAS MANUFACTURERAS;FABRICAÇÃO DE PRODUTOS DIVERSOS;5.1648;632787892.3967999
2022;Estados Unidos;2593;Fabricação de cutelaria, ferramentas manuais e ferragens em geral;119496607;25;2500;Fabricação de produtos de metal, exceto máquinas e equipamentos;2511;25;C;25;FABRICACIÓN DE PRODUCTOS ELABORADOS DE METAL, EXCEPTO MAQUINARIA Y EQUIPO;FABRICAÇÃO DE PRODUTOS DE METAL, EXCETO MÁQUINAS E EQUIPAMENTOS;5.1648;617176075.8335999
2022;Estados Unidos;3250;Fabricação de instrumentos e suprimentos médicos e odontológicos;119371119;32;3180;Fabricação de móveis e de produtos de indústrias diversas;3211;32;C;32;OTRAS INDUSTRIAS MANUFACTURERAS;FABRICAÇÃO DE PRODUTOS DIVERSOS;5.1648;616527955.4111999
2022;Estados Unidos;1073;Fabricação de cacau, chocolate e produtos de confeitaria;114884642;107;1092;Fabricação e refino de açúcar;1071;107;C;107;Elaboración de otros productos alimenticios;Fabricação e refino de açúcar;5.1648;593356199.0015999
2022;Estados Unidos;2651;Fabricação de equipamentos de medição, teste, navegação e controle;111462918;26;2600;Fabricação de equipamentos de informática, produtos eletrônicos e ópticos;2610;26;C;26;FABRICACIÓN DE PRODUCTOS DE INFORMÁTICA, DE ELECTRÓNICA Y DE ÓPTICA;FABRICAÇÃO DE EQUIPAMENTOS DE INFORMÁTICA, PRODUTOS ELETRÔNICOS E ÓPTICOS;5.1648;575683678.8864
2022;Estados Unidos;9000;Atividades criativas, artes e entretenimento;105543165;90;9080;Atividades artísticas, criativas e de espetáculos;9001;90;R;90;ACTIVIDADES CREATIVAS, ARTÍSTICAS Y DE ENTRETENIMIENTO;ATIVIDADES ARTÍSTICAS, CRIATIVAS E DE ESPETÁCULOS;5.1648;545109338.592
2022;Estados Unidos;0149;Criação de outros animais;104823569;014;0192;Pecuária, inclusive o apoio à pecuária;0151;015;A;014;Ganadería;Pecuária;5.1648;541392769.1711999
2022;Estados Unidos;2822;Fabricação de máquinas e máquinas-ferramentas para moldagem de metais;83628791;28;2800;Fabricação de máquinas e equipamentos mecânicos;2811;28;C;28;FABRICACIÓN DE MAQUINARIA Y EQUIPO N.C.P.;FABRICAÇÃO DE MÁQUINAS E EQUIPAMENTOS;5.1648;431925979.7568
2022;Estados Unidos;3290;Outras manufaturas n.c.;76110037;32;3180;Fabricação de móveis e de produtos de indústrias diversas;3211;32;C;32;OTRAS INDUSTRIAS MANUFACTURERAS;FABRICAÇÃO DE PRODUTOS DIVERSOS;5.1648;393093119.0976
2022;Estados Unidos;2630;Fabricação de equipamentos de comunicação;72401999;26;2600;Fabricação de equipamentos de informática, produtos eletrônicos e ópticos;2610;26;C;26;FABRICACIÓN DE PRODUCTOS DE INFORMÁTICA, DE ELECTRÓNICA Y DE ÓPTICA;FABRICAÇÃO DE EQUIPAMENTOS DE INFORMÁTICA, PRODUTOS ELETRÔNICOS E ÓPTICOS;5.1648;373941844.4352
2022;Estados Unidos;2790;Fabricação de outro equipamento elétrico;70427733;27;2700;Fabricação de máquinas e equipamentos elétricos;2710;27;C;27;FABRICACIÓN DE EQUIPO ELÉCTRICO;FABRICAÇÃO DE MÁQUINAS, APARELHOS E MATERIAIS ELÉTRICOS;5.1648;363745155.39839995
2022;Estados Unidos;2399;Fabricação de outros produtos minerais não metálicos n.c;69572830;23;2300;Fabricação de produtos de minerais não metálicos;2311;23;C;23;FABRICACIÓN DE OTROS PRODUCTOS MINERALES NO METÁLICOS;FABRICAÇÃO DE PRODUTOS DE MINERAIS NÃO-METÁLICOS;5.1648;359329752.38399994
2022;Estados Unidos;1061;Fabricação de produtos de moagem de grãos;64092086;106;1093;Outros produtos alimentares;1061;106;C;106;Elaboración de productos de molinería, almidones y productos derivados del almidón;Moagem, fabricação de produtos amiláceos e de alimentos para animais;5.1648;331022805.77279997
2022;Estados Unidos;2620;Fabricação de computadores e equipamentos periféricos;61901541;26;2600;Fabricação de equipamentos de informática, produtos eletrônicos e ópticos;2610;26;C;26;FABRICACIÓN DE PRODUCTOS DE INFORMÁTICA, DE ELECTRÓNICA Y DE ÓPTICA;FABRICAÇÃO DE EQUIPAMENTOS DE INFORMÁTICA, PRODUTOS ELETRÔNICOS E ÓPTICOS;5.1648;319709078.9568
2022;Estados Unidos;0311;Pesca marinha;61864270;03;0280;"Produção florestal; pesca e aquicultura";0311;03;A;03;PESCA Y ACUICULTURA;PESCA E AQÜICULTURA;5.1648;319516581.696
2022;Estados Unidos;1629;"Fabricação de outros produtos de madeira; fabricação de artigos de cortiça, de espartaria e cestaria";57628528;16;1500;Fabricação de calçados e de artefatos de couro;1510;15;C;16;"PRODUCCIÓN DE MADERA Y FABRICACIÓN DE PRODUCTOS DE MADERA Y CORCHO, EXCEPTO MUEBLES; FABRICACIÓN DE ARTÍCULOS DE PAJA Y DE MATERIALES TRENZABLES";PREPARAÇÃO DE COUROS E FABRICAÇÃO DE ARTEFATOS DE COURO, ARTIGOS PARA VIAGEM E CALÇADOS;5.1648;297639821.4144
2022;Estados Unidos;2829;Fabricação de outras máquinas para fins especiais;54442922;28;2800;Fabricação de máquinas e equipamentos mecânicos;2811;28;C;28;FABRICACIÓN DE MAQUINARIA Y EQUIPO N.C.P.;FABRICAÇÃO DE MÁQUINAS E EQUIPAMENTOS;5.1648;281186803.5456
2022;Estados Unidos;2825;Fabricação de máquinas para processamento de alimentos, bebidas e tabaco;52777040;28;2800;Fabricação de máquinas e equipamentos mecânicos;2811;28;C;28;FABRICACIÓN DE MAQUINARIA Y EQUIPO N.C.P.;FABRICAÇÃO DE MÁQUINAS E EQUIPAMENTOS;5.1648;272582856.192
2022;Estados Unidos;2219;Fabricação de outros produtos de borracha;52775916;22;1500;Fabricação de calçados e de artefatos de couro;1510;15;C;22;FABRICACIÓN DE PRODUCTOS DE CAUCHO Y PLÁSTICO;PREPARAÇÃO DE COUROS E FABRICAÇÃO DE ARTEFATOS DE COURO, ARTIGOS PARA VIAGEM E CALÇADOS;5.1648;272577050.9568
2022;Estados Unidos;2391;Fabricação de produtos refratários;46800701;23;2300;Fabricação de produtos de minerais não metálicos;2311;23;C;23;FABRICACIÓN DE OTROS PRODUCTOS MINERALES NO METÁLICOS;FABRICAÇÃO DE PRODUTOS DE MINERAIS NÃO-METÁLICOS;5.1648;241716260.52479997
2022;Estados Unidos;2910;Fabricação de veículos automotores;44614249;291;2991;Fabricação de automóveis, caminhões e ônibus, exceto peças;2910;291;C;291;Fabricación de vehículos automotores;Fabricação de automóveis, camionetas e utilitários;5.1648;230423673.2352
2022;Estados Unidos;0113;Cultivo de hortaliças e melões, raízes e tubérculos;44188438;011;0191;Agricultura, inclusive o apoio à agricultura e a pós-colheita;0111;011;A;011;Cultivo de plantas no perenes;Produção de lavouras temporárias;5.1648;228224444.5824
2022;Estados Unidos;2732;Fabricação de outros fios e cabos elétricos e eletrônicos;43055864;27;2700;Fabricação de máquinas e equipamentos elétricos;2710;27;C;27;FABRICACIÓN DE EQUIPO ELÉCTRICO;FABRICAÇÃO DE MÁQUINAS, APARELHOS E MATERIAIS ELÉTRICOS;5.1648;222374926.3872
2022;Estados Unidos;2610;Fabricação de componentes eletrônicos e placas;42085583;26;2600;Fabricação de equipamentos de informática, produtos eletrônicos e ópticos;2610;26;C;26;FABRICACIÓN DE PRODUCTOS DE INFORMÁTICA, DE ELECTRÓNICA Y DE ÓPTICA;FABRICAÇÃO DE EQUIPAMENTOS DE INFORMÁTICA, PRODUTOS ELETRÔNICOS E ÓPTICOS;5.1648;217363619.0784
2022;Estados Unidos;1071;Fabricação de produtos de panificação;40348984;107;1092;Fabricação e refino de açúcar;1071;107;C;107;Elaboración de otros productos alimenticios;Fabricação e refino de açúcar;5.1648;208394432.5632
2022;Estados Unidos;2023;Fabricação de sabão e detergentes, produtos de limpeza e polimento, perfumes e produtos de toilette;37241169;202;2092;Fabricação de defensivos, desinfestantes, tintas e químicos diversos;2051;205;C;202;Fabricación de otros productos químicos;Fabricação de defensivos agrícolas e desinfestantes domissanitários;5.1648;192343189.6512
2022;Estados Unidos;0899;Outras atividades de mineração n.c;36360854;08;0580;Extração de carvão mineral e de minerais não metálicos;0810;08;B;08;EXPLOTACIÓN DE OTRAS MINAS Y CANTERAS;EXTRAÇÃO DE MINERAIS NÃO-METÁLICOS;5.1648;187796538.7392
2022;Estados Unidos;2823;Fabricação de máquinas para metalurgia;35299212;28;2800;Fabricação de máquinas e equipamentos mecânicos;2811;28;C;28;FABRICACIÓN DE MAQUINARIA Y EQUIPO N.C.P.;FABRICAÇÃO DE MÁQUINAS E EQUIPAMENTOS;5.1648;182313370.13759997
2022;Estados Unidos;3091;Fabricação de motocicletas;34212473;30;3000;Fabricação de outros equipamentos de transporte, exceto veículos automotores;3011;30;C;30;FABRICACIÓN DE OTRO  EQUIPO DE TRANSPORTE;FABRICAÇÃO DE OUTROS EQUIPAMENTOS DE TRANSPORTE, EXCETO VEÍCULOS AUTOMOTORES;5.1648;176700580.5504
2022;Estados Unidos;2640;Fabricação de produtos eletrônicos de consumo;34121543;26;2600;Fabricação de equipamentos de informática, produtos eletrônicos e ópticos;2610;26;C;26;FABRICACIÓN DE PRODUCTOS DE INFORMÁTICA, DE ELECTRÓNICA Y DE ÓPTICA;FABRICAÇÃO DE EQUIPAMENTOS DE INFORMÁTICA, PRODUTOS ELETRÔNICOS E ÓPTICOS;5.1648;176230945.2864
2022;Estados Unidos;0125;Cultivo de outras frutas e nozes;33630523;012;0191;Agricultura, inclusive o apoio à agricultura e a pós-colheita;0111;011;A;012;Cultivo de plantas perennes;Produção de lavouras temporárias;5.1648;173694925.19039997
2022;Estados Unidos;1050;Fabricação de produtos lácteos;32811629;105;1091;Abate e produtos de carne, inclusive os produtos do laticínio e da pesca;1051;105;C;105;Elaboración de productos lácteos;Laticínios;5.1648;169465501.4592
2022;Estados Unidos;2431;Fundição de ferro e aço;32508585;243;2492;Metalurgia de metais não ferosos e a fundição de metais;2451;245;C;243;Fundición de metales;Fundição;5.1648;167900339.808
2022;Estados Unidos;3012;Construção de barcos de recreio e desportivos;32094812;30;3000;Fabricação de outros equipamentos de transporte, exceto veículos automotores;3011;30;C;30;FABRICACIÓN DE OTRO  EQUIPO DE TRANSPORTE;FABRICAÇÃO DE OUTROS EQUIPAMENTOS DE TRANSPORTE, EXCETO VEÍCULOS AUTOMOTORES;5.1648;165763285.0176
2022;Estados Unidos;1702;Fabricação de papel e cartão canelados e de embalagens de papel e cartão;32089269;17;1700;Fabricação de celulose, papel e produtos de papel;1710;17;C;17;FABRICACIÓN DE PAPEL Y DE PRODUCTOS DE PAPEL;FABRICAÇÃO DE CELULOSE, PAPEL E PRODUTOS DE PAPEL;5.1648;165734656.5312
2022;Estados Unidos;1410;Fabricação de vestuário, exceto vestuários de peles;31784686;14;1400;Confecção de artefatos do vestuário e acessórios;1411;14;C;14;FABRICACIÓN DE PRENDAS DE VESTIR;CONFECÇÃO DE ARTIGOS DO VESTUÁRIO E ACESSÓRIOS;5.1648;164161546.2528
2022;Estados Unidos;2310;Fabricação de produtos de vidro e vidro;31777678;23;2300;Fabricação de produtos de minerais não metálicos;2311;23;C;23;FABRICACIÓN DE OTROS PRODUCTOS MINERALES NO METÁLICOS;FABRICAÇÃO DE PRODUTOS DE MINERAIS NÃO-METÁLICOS;5.1648;164125351.3344
2022;Estados Unidos;2811;Fabricação de motores e turbinas, exceto aeronaves, veículos e motores de ciclo;30495682;28;2800;Fabricação de máquinas e equipamentos mecânicos;2811;28;C;28;FABRICACIÓN DE MAQUINARIA Y EQUIPO N.C.P.;FABRICAÇÃO DE MÁQUINAS E EQUIPAMENTOS;5.1648;157504098.3936
2022;Estados Unidos;1062;Fabricação de amidos e féculas;30280351;106;1093;Outros produtos alimentares;1061;106;C;106;Elaboración de productos de molinería, almidones y productos derivados del almidón;Moagem, fabricação de produtos amiláceos e de alimentos para animais;5.1648;156391956.8448
2022;Estados Unidos;0128;Cultivo de especiarias, culturas aromáticas, medicamentosas e farmacêuticas;29533337;012;0191;Agricultura, inclusive o apoio à agricultura e a pós-colheita;0111;011;A;012;Cultivo de plantas perennes;Produção de lavouras temporárias;5.1648;152533778.9376
2022;Estados Unidos;2817;Fabricação de máquinas e equipamentos de escritório (exceto computadores e equipamentos periféricos);28482093;28;2800;Fabricação de máquinas e equipamentos mecânicos;2811;28;C;28;FABRICACIÓN DE MAQUINARIA Y EQUIPO N.C.P.;FABRICAÇÃO DE MÁQUINAS E EQUIPAMENTOS;5.1648;147104313.92639998
2022;Estados Unidos;0121;Cultivo de uvas;26806887;012;0191;Agricultura, inclusive o apoio à agricultura e a pós-colheita;0111;011;A;012;Cultivo de plantas perennes;Produção de lavouras temporárias;5.1648;138452209.97759998
2022;Estados Unidos;2660;Fabricação de equipamentos de irradiação, eletromédicos e eletroterapêuticos;26529046;26;2600;Fabricação de equipamentos de informática, produtos eletrônicos e ópticos;2610;26;C;26;FABRICACIÓN DE PRODUCTOS DE INFORMÁTICA, DE ELECTRÓNICA Y DE ÓPTICA;FABRICAÇÃO DE EQUIPAMENTOS DE INFORMÁTICA, PRODUTOS ELETRÔNICOS E ÓPTICOS;5.1648;137017216.78079998
2022;Estados Unidos;0810;Extração de pedra, areia e argila;26411785;08;0580;Extração de carvão mineral e de minerais não metálicos;0810;08;B;08;EXPLOTACIÓN DE OTRAS MINAS Y CANTERAS;EXTRAÇÃO DE MINERAIS NÃO-METÁLICOS;5.1648;136411587.16799998
2022;Estados Unidos;0729;Extração de outros minérios de metais não ferrosos;24720979;072;0792;Extração de minerais metálicos não ferrosos, inclusive beneficiamentos;0721;072;B;072;Extracción de minerales metalíferos no ferrosos;Extração de minerais metálicos não-ferrosos;5.1648;127678912.33919999
2022;Estados Unidos;2812;Fabricação de equipamentos para energia hidráulica;24155728;28;2800;Fabricação de máquinas e equipamentos mecânicos;2811;28;C;28;FABRICACIÓN DE MAQUINARIA Y EQUIPO N.C.P.;FABRICAÇÃO DE MÁQUINAS E EQUIPAMENTOS;5.1648;124759503.97439998
2022;Estados Unidos;1623;Fabricação de embalagens de madeira;23397808;16;1500;Fabricação de calçados e de artefatos de couro;1510;15;C;16;"PRODUCCIÓN DE MADERA Y FABRICACIÓN DE PRODUCTOS DE MADERA Y CORCHO, EXCEPTO MUEBLES; FABRICACIÓN DE ARTÍCULOS DE PAJA Y DE MATERIALES TRENZABLES";PREPARAÇÃO DE COUROS E FABRICAÇÃO DE ARTEFATOS DE COURO, ARTIGOS PARA VIAGEM E CALÇADOS;5.1648;120844998.7584
2022;Estados Unidos;3020;Fabricação de locomotivas e material circulante;23070407;30;3000;Fabricação de outros equipamentos de transporte, exceto veículos automotores;3011;30;C;30;FABRICACIÓN DE OTRO  EQUIPO DE TRANSPORTE;FABRICAÇÃO DE OUTROS EQUIPAMENTOS DE TRANSPORTE, EXCETO VEÍCULOS AUTOMOTORES;5.1648;119154038.0736
2022;Estados Unidos;2816;Fabricação de equipamentos de elevação e manuseio;21739706;28;2800;Fabricação de máquinas e equipamentos mecânicos;2811;28;C;28;FABRICACIÓN DE MAQUINARIA Y EQUIPO N.C.P.;FABRICAÇÃO DE MÁQUINAS E EQUIPAMENTOS;5.1648;112281233.54879999
2022;Estados Unidos;1394;Fabricação de cordéis, cordas, cordéis e redes;21103227;13;1300;Fabricação de produtos têxteis;1311;13;C;13;FABRICACIÓN DE PRODUCTOS TEXTILES;FABRICAÇÃO DE PRODUTOS TÊXTEIS;5.1648;108993946.8096
2022;Estados Unidos;0893;Extração de sal;20059489;08;0580;Extração de carvão mineral e de minerais não metálicos;0810;08;B;08;EXPLOTACIÓN DE OTRAS MINAS Y CANTERAS;EXTRAÇÃO DE MINERAIS NÃO-METÁLICOS;5.1648;103603248.78719999
2022;Estados Unidos;1080;Fabricação de alimentos para animais;18938940;108;1093;Outros produtos alimentares;1061;106;C;108;Elaboración de piensos preparados para animales;Moagem, fabricação de produtos amiláceos e de alimentos para animais;5.1648;97815837.31199999
2022;Estados Unidos;1709;Fabricação de outros artigos de papel e cartão;17506925;17;1700;Fabricação de celulose, papel e produtos de papel;1710;17;C;17;FABRICACIÓN DE PAPEL Y DE PRODUCTOS DE PAPEL;FABRICAÇÃO DE CELULOSE, PAPEL E PRODUTOS DE PAPEL;5.1648;90419766.24
2022;Estados Unidos;1399;Fabricação de outros têxteis n.e.c.;14895416;13;1300;Fabricação de produtos têxteis;1311;13;C;13;FABRICACIÓN DE PRODUCTOS TEXTILES;FABRICAÇÃO DE PRODUTOS TÊXTEIS;5.1648;76931844.5568
2022;Estados Unidos;2815;Fabricação de fornos, fornos e queimadores de fornos;13150178;28;2800;Fabricação de máquinas e equipamentos mecânicos;2811;28;C;28;FABRICACIÓN DE MAQUINARIA Y EQUIPO N.C.P.;FABRICAÇÃO DE MÁQUINAS E EQUIPAMENTOS;5.1648;67918039.3344
2022;Estados Unidos;1512;Fabricação de malas, bolsas e semelhantes, selaria e arreios;12693580;15;1500;Fabricação de calçados e de artefatos de couro;1510;15;C;15;FABRICACIÓN DE PRODUCTOS DE CUERO Y PRODUCTOS CONEXOS;PREPARAÇÃO DE COUROS E FABRICAÇÃO DE ARTEFATOS DE COURO, ARTIGOS PARA VIAGEM E CALÇADOS;5.1648;65559801.984
2022;Estados Unidos;2395;Fabricação de artigos de concreto, cimento e gesso;12038295;23;2300;Fabricação de produtos de minerais não metálicos;2311;23;C;23;FABRICACIÓN DE OTROS PRODUCTOS MINERALES NO METÁLICOS;FABRICAÇÃO DE PRODUTOS DE MINERAIS NÃO-METÁLICOS;5.1648;62175386.015999995
2022;Estados Unidos;2731;Fabricação de cabos de fibra ótica;11801924;27;2700;Fabricação de máquinas e equipamentos elétricos;2710;27;C;27;FABRICACIÓN DE EQUIPO ELÉCTRICO;FABRICAÇÃO DE MÁQUINAS, APARELHOS E MATERIAIS ELÉTRICOS;5.1648;60954577.0752
2022;Estados Unidos;2920;"Fabricação de carroçarias para veículos automotores; fabricação de reboques e semi-reboques";11335992;292;2991;Fabricação de automóveis, caminhões e ônibus, exceto peças;2930;293;C;292;"Fabricación de carrocerías para vehículos automotores; fabricación de remolques y semirremolques";Fabricação de cabines, carrocerias e reboques para veículos automotores;5.1648;58548131.481599994
2022;Estados Unidos;1101;Fabricação de aguardentes e outras bebidas destiladas;11196860;11;1100;Fabricação de bebidas;1111;11;C;11;ELABORACIÓN DE BEBIDAS;FABRICAÇÃO DE BEBIDAS;5.1648;57829542.528
2022;Estados Unidos;2512;Fabricação de tanques, reservatórios e recipientes de metal;10186325;25;2500;Fabricação de produtos de metal, exceto máquinas e equipamentos;2511;25;C;25;FABRICACIÓN DE PRODUCTOS ELABORADOS DE METAL, EXCEPTO MAQUINARIA Y EQUIPO;FABRICAÇÃO DE PRODUTOS DE METAL, EXCETO MÁQUINAS E EQUIPAMENTOS;5.1648;52610331.36
2022;Estados Unidos;2022;Fabricação de tintas, vernizes e produtos similares, tintas de impressão e mástiques;10173456;202;2092;Fabricação de defensivos, desinfestantes, tintas e químicos diversos;2051;205;C;202;Fabricación de otros productos químicos;Fabricação de defensivos agrícolas e desinfestantes domissanitários;5.1648;52543865.5488
2022;Estados Unidos;1392;Fabricação de artigos têxteis confeccionados, exceto vestuário;8326247;13;1300;Fabricação de produtos têxteis;1311;13;C;13;FABRICACIÓN DE PRODUCTOS TEXTILES;FABRICAÇÃO DE PRODUTOS TÊXTEIS;5.1648;43003400.5056
2022;Estados Unidos;2720;Fabricação de baterias e acumuladores;8068822;27;2700;Fabricação de máquinas e equipamentos elétricos;2710;27;C;27;FABRICACIÓN DE EQUIPO ELÉCTRICO;FABRICAÇÃO DE MÁQUINAS, APARELHOS E MATERIAIS ELÉTRICOS;5.1648;41673851.8656
2022;Estados Unidos;2826;Fabricação de máquinas para produção de têxteis, vestuário e couro;7967076;28;2800;Fabricação de máquinas e equipamentos mecânicos;2811;28;C;28;FABRICACIÓN DE MAQUINARIA Y EQUIPO N.C.P.;FABRICAÇÃO DE MÁQUINAS E EQUIPAMENTOS;5.1648;41148354.1248
2022;Estados Unidos;1391;Fabricação de tecidos de malha;7049760;13;1300;Fabricação de produtos têxteis;1311;13;C;13;FABRICACIÓN DE PRODUCTOS TEXTILES;FABRICAÇÃO DE PRODUTOS TÊXTEIS;5.1648;36410600.448
2022;Estados Unidos;3212;Fabricação de bijuterias e artigos relacionados;7047564;32;3180;Fabricação de móveis e de produtos de indústrias diversas;3211;32;C;32;OTRAS INDUSTRIAS MANUFACTURERAS;FABRICAÇÃO DE PRODUTOS DIVERSOS;5.1648;36399258.547199994
2022;Estados Unidos;2818;Fabricação de ferramentas manuais acionadas por motor;6809967;28;2800;Fabricação de máquinas e equipamentos mecânicos;2811;28;C;28;FABRICACIÓN DE MAQUINARIA Y EQUIPO N.C.P.;FABRICAÇÃO DE MÁQUINAS E EQUIPAMENTOS;5.1648;35172117.5616
2022;Estados Unidos;2750;Fabricação de eletrodomésticos;6649409;27;2700;Fabricação de máquinas e equipamentos elétricos;2710;27;C;27;FABRICACIÓN DE EQUIPO ELÉCTRICO;FABRICAÇÃO DE MÁQUINAS, APARELHOS E MATERIAIS ELÉTRICOS;5.1648;34342867.603199996
2022;Estados Unidos;0142;Criação de cavalos e outros equinos;6567550;014;0192;Pecuária, inclusive o apoio à pecuária;0151;015;A;014;Ganadería;Pecuária;5.1648;33920082.239999995
2022;Estados Unidos;2393;Fabricação de outros produtos de porcelana e cerâmica;6513853;23;2300;Fabricação de produtos de minerais não metálicos;2311;23;C;23;FABRICACIÓN DE OTROS PRODUCTOS MINERALES NO METÁLICOS;FABRICAÇÃO DE PRODUTOS DE MINERAIS NÃO-METÁLICOS;5.1648;33642747.9744
2022;Estados Unidos;1104;"Fabricação de refrigerantes; produção de águas minerais e outras águas engarrafadas";6443768;11;1100;Fabricação de bebidas;1111;11;C;11;ELABORACIÓN DE BEBIDAS;FABRICAÇÃO DE BEBIDAS;5.1648;33280772.966399997
2022;Estados Unidos;1311;Preparação e fiação de fibras têxteis;6442990;13;1300;Fabricação de produtos têxteis;1311;13;C;13;FABRICACIÓN DE PRODUCTOS TEXTILES;FABRICAÇÃO DE PRODUTOS TÊXTEIS;5.1648;33276754.751999997
2022;Estados Unidos;1312;Tecelagem de têxteis;6083161;13;1300;Fabricação de produtos têxteis;1311;13;C;13;FABRICACIÓN DE PRODUCTOS TEXTILES;FABRICAÇÃO DE PRODUTOS TÊXTEIS;5.1648;31418309.9328
2022;Estados Unidos;0111;Cultivo de cereais (exceto arroz), leguminosas e oleaginosas;5450111;011;0191;Agricultura, inclusive o apoio à agricultura e a pós-colheita;0111;011;A;011;Cultivo de plantas no perenes;Produção de lavouras temporárias;5.1648;28148733.292799998
2022;Estados Unidos;5811;Publicação de livros;5369639;58;5800;Edição e edição integrada à impressão;5811;58;J;58;ACTIVIDADES DE EDICIÓN;EDIÇÃO E EDIÇÃO INTEGRADA À IMPRESSÃO;5.1648;27733111.5072
2022;Estados Unidos;2740;Fabricação de equipamentos de iluminação elétrica;4399272;27;2700;Fabricação de máquinas e equipamentos elétricos;2710;27;C;27;FABRICACIÓN DE EQUIPO ELÉCTRICO;FABRICAÇÃO DE MÁQUINAS, APARELHOS E MATERIAIS ELÉTRICOS;5.1648;22721360.025599997
2022;Estados Unidos;1074;Fabricação de macarrão, talharim, cuscuz e produtos farináceos semelhantes;4025364;107;1092;Fabricação e refino de açúcar;1071;107;C;107;Elaboración de otros productos alimenticios;Fabricação e refino de açúcar;5.1648;20790199.9872
2022;Estados Unidos;2680;Fabricação de mídia magnética e óptica;3928078;26;2600;Fabricação de equipamentos de informática, produtos eletrônicos e ópticos;2610;26;C;26;FABRICACIÓN DE PRODUCTOS DE INFORMÁTICA, DE ELECTRÓNICA Y DE ÓPTICA;FABRICAÇÃO DE EQUIPAMENTOS DE INFORMÁTICA, PRODUTOS ELETRÔNICOS E ÓPTICOS;5.1648;20287737.2544
2022;Estados Unidos;2012;Fabricação de fertilizantes e compostos nitrogenados;3427724;201;1992;Fabricação de biocombustíveis;1931;193;C;201;Fabricación de sustancias químicas básicas, de abonos y compuestos de nitrógeno y de plásticos y caucho sintético en formas primarias;Fabricação de biocombustíveis;5.1648;17703508.9152
2022;Estados Unidos;3230;Fabricação de artigos esportivos;3127750;32;3180;Fabricação de móveis e de produtos de indústrias diversas;3211;32;C;32;OTRAS INDUSTRIAS MANUFACTURERAS;FABRICAÇÃO DE PRODUTOS DIVERSOS;5.1648;16154203.2
2022;Estados Unidos;1393;Fabricação de tapetes e tapetes;3000144;13;1300;Fabricação de produtos têxteis;1311;13;C;13;FABRICACIÓN DE PRODUCTOS TEXTILES;FABRICAÇÃO DE PRODUTOS TÊXTEIS;5.1648;15495143.731199998
2022;Estados Unidos;0220;Exploração madeireira;2931013;02;0280;"Produção florestal; pesca e aquicultura";0210;02;A;02;SILVICULTURA Y EXTRACCIÓN DE MADERA;PRODUÇÃO FLORESTAL;5.1648;15138095.9424
2022;Estados Unidos;3240;Fabricação de jogos e brinquedos;2801648;32;3180;Fabricação de móveis e de produtos de indústrias diversas;3211;32;C;32;OTRAS INDUSTRIAS MANUFACTURERAS;FABRICAÇÃO DE PRODUTOS DIVERSOS;5.1648;14469951.5904
2022;Estados Unidos;2511;Fabricação de produtos metálicos estruturais;2523350;25;2500;Fabricação de produtos de metal, exceto máquinas e equipamentos;2511;25;C;25;FABRICACIÓN DE PRODUCTOS ELABORADOS DE METAL, EXCEPTO MAQUINARIA Y EQUIPO;FABRICAÇÃO DE PRODUTOS DE METAL, EXCETO MÁQUINAS E EQUIPAMENTOS;5.1648;13032598.079999998
2022;Estados Unidos;1430;Fabricação de vestuário de malha;2451039;14;1400;Confecção de artefatos do vestuário e acessórios;1411;14;C;14;FABRICACIÓN DE PRENDAS DE VESTIR;CONFECÇÃO DE ARTIGOS DO VESTUÁRIO E ACESSÓRIOS;5.1648;12659126.2272
2022;Estados Unidos;1102;Fabricação de vinhos;2445243;11;1100;Fabricação de bebidas;1111;11;C;11;ELABORACIÓN DE BEBIDAS;FABRICAÇÃO DE BEBIDAS;5.1648;12629191.0464
2022;Estados Unidos;1420;Fabricação de artigos de peles;2403860;14;1400;Confecção de artefatos do vestuário e acessórios;1411;14;C;14;FABRICACIÓN DE PRENDAS DE VESTIR;CONFECÇÃO DE ARTIGOS DO VESTUÁRIO E ACESSÓRIOS;5.1648;12415456.127999999
2022;Estados Unidos;3011;Construção de navios e estruturas flutuantes;2267317;30;3000;Fabricação de outros equipamentos de transporte, exceto veículos automotores;3011;30;C;30;FABRICACIÓN DE OTRO  EQUIPO DE TRANSPORTE;FABRICAÇÃO DE OUTROS EQUIPAMENTOS DE TRANSPORTE, EXCETO VEÍCULOS AUTOMOTORES;5.1648;11710238.841599999
2022;Estados Unidos;2652;Fabricação de cronomêtros e relógios;2147514;26;2600;Fabricação de equipamentos de informática, produtos eletrônicos e ópticos;2610;26;C;26;FABRICACIÓN DE PRODUCTOS DE INFORMÁTICA, DE ELECTRÓNICA Y DE ÓPTICA;FABRICAÇÃO DE EQUIPAMENTOS DE INFORMÁTICA, PRODUTOS ELETRÔNICOS E ÓPTICOS;5.1648;11091480.3072
2022;Estados Unidos;0230;Coleta de produtos florestais não madeireiros;2006808;02;0280;"Produção florestal; pesca e aquicultura";0210;02;A;02;SILVICULTURA Y EXTRACCIÓN DE MADERA;PRODUÇÃO FLORESTAL;5.1648;10364761.9584
2022;Estados Unidos;5819;Outras atividades de publicação;1793557;58;5800;Edição e edição integrada à impressão;5811;58;J;58;ACTIVIDADES DE EDICIÓN;EDIÇÃO E EDIÇÃO INTEGRADA À IMPRESSÃO;5.1648;9263363.193599999
2022;Estados Unidos;2513;Fabricação de geradores de vapor, exceto caldeiras de aquecimento central de água quente;1766557;25;2500;Fabricação de produtos de metal, exceto máquinas e equipamentos;2511;25;C;25;FABRICACIÓN DE PRODUCTOS ELABORADOS DE METAL, EXCEPTO MAQUINARIA Y EQUIPO;FABRICAÇÃO DE PRODUTOS DE METAL, EXCETO MÁQUINAS E EQUIPAMENTOS;5.1648;9123913.5936
2022;Estados Unidos;2021;Fabricação de pesticidas e outros produtos agroquímicos;1740019;202;2092;Fabricação de defensivos, desinfestantes, tintas e químicos diversos;2051;205;C;202;Fabricación de otros productos químicos;Fabricação de defensivos agrícolas e desinfestantes domissanitários;5.1648;8986850.131199999
2022;Estados Unidos;2030;Fabricação de fibras sintéticas ou artificiais;1660627;203;2091;Fabricação de químicos orgânicos e inorgânicos, resinas e elastômeros;2040;204;C;203;Fabricación de fibras artificiales;Fabricação de fibras artificiais e sintéticas;5.1648;8576806.329599999
2022;Estados Unidos;0130;Cultivo de plantas;1438167;013;0191;Agricultura, inclusive o apoio à agricultura e a pós-colheita;0141;014;A;013;Propagación de plantas;Produção de sementes e mudas certificadas;5.1648;7427844.921599999
2022;Estados Unidos;0321;Aquicultura marinha;1380225;03;0280;"Produção florestal; pesca e aquicultura";0311;03;A;03;PESCA Y ACUICULTURA;PESCA E AQÜICULTURA;5.1648;7128586.079999999
2022;Estados Unidos;0115;Cultivo de tabaco;1277974;011;0191;Agricultura, inclusive o apoio à agricultura e a pós-colheita;0111;011;A;011;Cultivo de plantas no perenes;Produção de lavouras temporárias;5.1648;6600480.1152
2022;Estados Unidos;3220;Fabricação de instrumentos musicais;1194998;32;3180;Fabricação de móveis e de produtos de indústrias diversas;3211;32;C;32;OTRAS INDUSTRIAS MANUFACTURERAS;FABRICAÇÃO DE PRODUTOS DIVERSOS;5.1648;6171925.670399999
2022;Estados Unidos;0620;Extração de gás natural;1104554;06;0680;Extração de petróleo e gás, inclusive as atividades de apoio;0600;06;B;06;EXTRACCIÓN DE PETRÓLEO CRUDO Y GAS NATURAL;EXTRAÇÃO DE PETRÓLEO E GÁS NATURAL;5.1648;5704800.4991999995
2022;Estados Unidos;0116;Cultivo de culturas de fibra;1093344;011;0191;Agricultura, inclusive o apoio à agricultura e a pós-colheita;0111;011;A;011;Cultivo de plantas no perenes;Produção de lavouras temporárias;5.1648;5646903.0912
2022;Estados Unidos;2670;Fabricação de instrumentos ópticos e equipamento fotográfico;659802;26;2600;Fabricação de equipamentos de informática, produtos eletrônicos e ópticos;2610;26;C;26;FABRICACIÓN DE PRODUCTOS DE INFORMÁTICA, DE ELECTRÓNICA Y DE ÓPTICA;FABRICAÇÃO DE EQUIPAMENTOS DE INFORMÁTICA, PRODUTOS ELETRÔNICOS E ÓPTICOS;5.1648;3407745.3696
2022;Estados Unidos;0129;Cultivo de outras culturas perenes;603825;012;0191;Agricultura, inclusive o apoio à agricultura e a pós-colheita;0111;011;A;012;Cultivo de plantas perennes;Produção de lavouras temporárias;5.1648;3118635.36
2022;Estados Unidos;1103;Fabricação de malte e bebidas maltadas.;602751;11;1100;Fabricação de bebidas;1111;11;C;11;ELABORACIÓN DE BEBIDAS;FABRICAÇÃO DE BEBIDAS;5.1648;3113088.3647999996
2022;Estados Unidos;3099;Fabricação de outros equipamentos de transporte n.c;579850;30;3000;Fabricação de outros equipamentos de transporte, exceto veículos automotores;3011;30;C;30;FABRICACIÓN DE OTRO  EQUIPO DE TRANSPORTE;FABRICAÇÃO DE OUTROS EQUIPAMENTOS DE TRANSPORTE, EXCETO VEÍCULOS AUTOMOTORES;5.1648;2994809.28
2022;Estados Unidos;0122;Cultivo de frutas tropicais e subtropicais;459347;012;0191;Agricultura, inclusive o apoio à agricultura e a pós-colheita;0111;011;A;012;Cultivo de plantas perennes;Produção de lavouras temporárias;5.1648;2372435.3855999997
2022;Estados Unidos;0126;Cultivo de frutas oleaginosas;378005;012;0191;Agricultura, inclusive o apoio à agricultura e a pós-colheita;0111;011;A;012;Cultivo de plantas perennes;Produção de lavouras temporárias;5.1648;1952320.224
2022;Estados Unidos;3092;Fabricação de bicicletas e carruagens inválidas;227460;30;3000;Fabricação de outros equipamentos de transporte, exceto veículos automotores;3011;30;C;30;FABRICACIÓN DE OTRO  EQUIPO DE TRANSPORTE;FABRICAÇÃO DE OUTROS EQUIPAMENTOS DE TRANSPORTE, EXCETO VEÍCULOS AUTOMOTORES;5.1648;1174785.4079999998
2022;Estados Unidos;0123;Cultivo de frutas cítricas;191722;012;0191;Agricultura, inclusive o apoio à agricultura e a pós-colheita;0111;011;A;012;Cultivo de plantas perennes;Produção de lavouras temporárias;5.1648;990205.7856
2022;Estados Unidos;9102;Atividades de museus e operação de locais históricos e edifícios;152074;91;9080;Atividades artísticas, criativas e de espetáculos;9101;91;R;91;ACTIVIDADES DE BIBLIOTECAS, ARCHIVOS Y MUSEOS Y OTRAS ACTIVIDADES CULTURALES;ATIVIDADES LIGADAS AO PATRIMÔNIO CULTURAL E AMBIENTAL;5.1648;785431.7951999999
2022;Estados Unidos;2394;Fabricação de cimento, cal e gesso;149134;23;2300;Fabricação de produtos de minerais não metálicos;2311;23;C;23;FABRICACIÓN DE OTROS PRODUCTOS MINERALES NO METÁLICOS;FABRICAÇÃO DE PRODUTOS DE MINERAIS NÃO-METÁLICOS;5.1648;770247.2832
2022;Estados Unidos;5813;Publicação de jornais, revistas e periódicos;143926;58;5800;Edição e edição integrada à impressão;5811;58;J;58;ACTIVIDADES DE EDICIÓN;EDIÇÃO E EDIÇÃO INTEGRADA À IMPRESSÃO;5.1648;743349.0048
2022;Estados Unidos;0891;Extração de minerais químicos e fertilizantes;108277;08;0580;Extração de carvão mineral e de minerais não metálicos;0810;08;B;08;EXPLOTACIÓN DE OTRAS MINAS Y CANTERAS;EXTRAÇÃO DE MINERAIS NÃO-METÁLICOS;5.1648;559229.0495999999
2022;Estados Unidos;3830;Recuperação de Materiais;48656;38;3680;Água, esgoto e gestão de resíduos;3811;38;E;38;"RECOGIDA, TRATAMIENTO Y ELIMINACIÓN DE DESECHOS; RECUPERACIÓN DE MATERIALES";"COLETA, TRATAMENTO E DISPOSIÇÃO DE RESÍDUOS; RECUPERAÇÃO DE MATERIAIS";5.1648;251298.50879999998
2022;Estados Unidos;1812;Atividades de serviço relacionadas à impressão;45339;18;1800;Impressão e reprodução de gravações;1811;18;C;18;IMPRESIÓN Y REPRODUCCIÓN DE GRABACIONES;IMPRESSÃO E REPRODUÇÃO DE GRAVAÇÕES;5.1648;234166.86719999998
2022;Estados Unidos;0119;Cultivo de outras culturas não perenes;4322;011;0191;Agricultura, inclusive o apoio à agricultura e a pós-colheita;0111;011;A;011;Cultivo de plantas no perenes;Produção de lavouras temporárias;5.1648;22322.2656
2022;Estados Unidos;0124;Cultivo de frutas pome e frutas de caroço;3096;012;0191;Agricultura, inclusive o apoio à agricultura e a pós-colheita;0111;011;A;012;Cultivo de plantas perennes;Produção de lavouras temporárias;5.1648;15990.2208
2022;Estados Unidos;0510;Mineração de Carvão;268;05;0580;Extração de carvão mineral e de minerais não metálicos;0500;05;B;05;EXTRACCIÓN DE CARBÓN DE PIEDRA Y LIGNITO;EXTRAÇÃO DE CARVÃO MINERAL;5.1648;1384.1663999999998
2022;Estados Unidos;3520;"Fabricação de gás; distribuição de combustíveis gasosos através de rede";100;35;3500;Energia elétrica, gás natural e outras utilidades;3511;35;D;35;SUMINISTRO DE ELECTRICIDAD, GAS, VAPOR, Y AIRE ACONDICIONADO;ELETRICIDADE, GÁS E OUTRAS UTILIDADES;5.1648;516.48
2022;Estados Unidos;0112;Cultivo de arroz;63;011;0191;Agricultura, inclusive o apoio à agricultura e a pós-colheita;0111;011;A;011;Cultivo de plantas no perenes;Produção de lavouras temporárias;5.1648;325.38239999999996
2022;Estados Unidos;0141;Criação de gado e búfalos;48;014;0192;Pecuária, inclusive o apoio à pecuária;0151;015;A;014;Ganadería;Pecuária;5.1648;247.91039999999998
2021;Estados Unidos;2410;Fabricação de ferro e aço básicos;6280802519;241;2491;Produção de ferro-gusa/ferroligas, siderurgia e tubos de aço sem costura;2411;241;C;241;Fabricación básica de hierro y acero;Produção de ferro-gusa e de ferroligas;5.395;33884929590.004997
2021;Estados Unidos;0610;Extração de petróleo bruto;3079455819;06;0680;Extração de petróleo e gás, inclusive as atividades de apoio;0600;06;B;06;EXTRACCIÓN DE PETRÓLEO CRUDO Y GAS NATURAL;EXTRAÇÃO DE PETRÓLEO E GÁS NATURAL;5.395;16613664143.505
2021;Estados Unidos;3030;Fabricação de aviões e máquinas relacionadas;1773070838;30;3000;Fabricação de outros equipamentos de transporte, exceto veículos automotores;3011;30;C;30;FABRICACIÓN DE OTRO  EQUIPO DE TRANSPORTE;FABRICAÇÃO DE OUTROS EQUIPAMENTOS DE TRANSPORTE, EXCETO VEÍCULOS AUTOMOTORES;5.395;9565717171.009998
2021;Estados Unidos;2011;Fabricação de produtos químicos básicos;1307265131;201;1992;Fabricação de biocombustíveis;1931;193;C;201;Fabricación de sustancias químicas básicas, de abonos y compuestos de nitrógeno y de plásticos y caucho sintético en formas primarias;Fabricação de biocombustíveis;5.395;7052695381.745
2021;Estados Unidos;1701;Fabricação de polpa, papel e cartão;1231275530;17;1700;Fabricação de celulose, papel e produtos de papel;1710;17;C;17;FABRICACIÓN DE PAPEL Y DE PRODUCTOS DE PAPEL;FABRICAÇÃO DE CELULOSE, PAPEL E PRODUTOS DE PAPEL;5.395;6642731484.349999
2021;Estados Unidos;1010;Processamento e conservação de carne;1148113577;101;1091;Abate e produtos de carne, inclusive os produtos do laticínio e da pesca;1011;101;C;101;Elaboración y conservación de carne;Abate e fabricação de produtos de carne;5.395;6194072747.915
2021;Estados Unidos;0127;Cultivo de bebidas da safra;1127768304;012;0191;Agricultura, inclusive o apoio à agricultura e a pós-colheita;0111;011;A;012;Cultivo de plantas perennes;Produção de lavouras temporárias;5.395;6084310000.08
2021;Estados Unidos;2824;Fabricação de máquinas para mineração, exploração de pedreiras e construção;1057746421;28;2800;Fabricação de máquinas e equipamentos mecânicos;2811;28;C;28;FABRICACIÓN DE MAQUINARIA Y EQUIPO N.C.P.;FABRICAÇÃO DE MÁQUINAS E EQUIPAMENTOS;5.395;5706541941.294999
2021;Estados Unidos;1920;Fabricação de produtos petrolíferos refinados;944569041;192;1991;Refino de petróleo e coquerias;1921;192;C;192;Fabricación de productos de la refinación del petróleo;Fabricação de produtos derivados do petróleo;5.395;5095949976.195
2021;Estados Unidos;2420;Fabricação de metais preciosos e outros metais não ferrosos;865761298;242;2492;Metalurgia de metais não ferosos e a fundição de metais;2441;244;C;242;Fabricación de productos primarios de metales preciosos y otros metales no ferrosos;Metalurgia dos metais não-ferrosos;5.395;4670782202.71
2021;Estados Unidos;2396;Corte, moldagem e acabamento de pedra;832921239;23;2300;Fabricação de produtos de minerais não metálicos;2311;23;C;23;FABRICACIÓN DE OTROS PRODUCTOS MINERALES NO METÁLICOS;FABRICAÇÃO DE PRODUTOS DE MINERAIS NÃO-METÁLICOS;5.395;4493610084.405
2021;Estados Unidos;1610;Serração e aplainamento de madeira;824588288;16;1500;Fabricação de calçados e de artefatos de couro;1510;15;C;16;"PRODUCCIÓN DE MADERA Y FABRICACIÓN DE PRODUCTOS DE MADERA Y CORCHO, EXCEPTO MUEBLES; FABRICACIÓN DE ARTÍCULOS DE PAJA Y DE MATERIALES TRENZABLES";PREPARAÇÃO DE COUROS E FABRICAÇÃO DE ARTEFATOS DE COURO, ARTIGOS PARA VIAGEM E CALÇADOS;5.395;4448653813.759999
2021;Estados Unidos;1621;Fabricação de folheados e painéis derivados de madeira;738180678;16;1500;Fabricação de calçados e de artefatos de couro;1510;15;C;16;"PRODUCCIÓN DE MADERA Y FABRICACIÓN DE PRODUCTOS DE MADERA Y CORCHO, EXCEPTO MUEBLES; FABRICACIÓN DE ARTÍCULOS DE PAJA Y DE MATERIALES TRENZABLES";PREPARAÇÃO DE COUROS E FABRICAÇÃO DE ARTEFATOS DE COURO, ARTIGOS PARA VIAGEM E CALÇADOS;5.395;3982484757.8099995
2021;Estados Unidos;2710;Fabricação de motores elétricos, geradores, transformadores e aparelhos de distribuição e controle de energia elétrica;704317093;27;2700;Fabricação de máquinas e equipamentos elétricos;2710;27;C;27;FABRICACIÓN DE EQUIPO ELÉCTRICO;FABRICAÇÃO DE MÁQUINAS, APARELHOS E MATERIAIS ELÉTRICOS;5.395;3799790716.7349997
2021;Estados Unidos;2930;Fabricação de peças e acessórios para veículos automotores;663827637;293;2992;Fabricação de peças e acessórios para veículos automotores;2941;294;C;293;Fabricación de partes, piezas y accesorios para vehículos automotores;Fabricação de peças e acessórios para veículos automotores;5.395;3581350101.615
2021;Estados Unidos;1030;Processamento e conservação de frutas e legumes;511518463;103;1093;Outros produtos alimentares;1031;103;C;103;Elaboración y conservación de frutas, legumbres y hortalizas;Fabricação de conservas de frutas, legumes e outros vegetais;5.395;2759642107.8849998
2021;Estados Unidos;1622;Fabricação de carpintaria e marcenaria de construtores;481283177;16;1500;Fabricação de calçados e de artefatos de couro;1510;15;C;16;"PRODUCCIÓN DE MADERA Y FABRICACIÓN DE PRODUCTOS DE MADERA Y CORCHO, EXCEPTO MUEBLES; FABRICACIÓN DE ARTÍCULOS DE PAJA Y DE MATERIALES TRENZABLES";PREPARAÇÃO DE COUROS E FABRICAÇÃO DE ARTEFATOS DE COURO, ARTIGOS PARA VIAGEM E CALÇADOS;5.395;2596522739.915
2021;Estados Unidos;0710;Extração de minério de ferro;469500582;071;0791;Extração de minério de ferro, inclusive beneficiamento e a aglomeração;0710;071;B;071;Extracción de minerales de hierro;Extração de minério de ferro;5.395;2532955639.89
2021;Estados Unidos;2211;"Fabricação de pneus e tubos; recauchutagem e reconstrução de pneus de borracha";409384410;22;1500;Fabricação de calçados e de artefatos de couro;1510;15;C;22;FABRICACIÓN DE PRODUCTOS DE CAUCHO Y PLÁSTICO;PREPARAÇÃO DE COUROS E FABRICAÇÃO DE ARTEFATOS DE COURO, ARTIGOS PARA VIAGEM E CALÇADOS;5.395;2208628891.95
2021;Estados Unidos;2029;Fabricação de outros produtos químicos n.c;362854346;202;2092;Fabricação de defensivos, desinfestantes, tintas e químicos diversos;2051;205;C;202;Fabricación de otros productos químicos;Fabricação de defensivos agrícolas e desinfestantes domissanitários;5.395;1957599196.6699998
2021;Estados Unidos;3100;Fabricação de móveis;361222766;31;3180;Fabricação de móveis e de produtos de indústrias diversas;3101;31;C;31;FABRICACIÓN DE MUEBLES;FABRICAÇÃO DE MÓVEIS;5.395;1948796822.57
2021;Estados Unidos;2813;Fabricação de outras bombas, compressores, torneiras e válvulas;357882253;28;2800;Fabricação de máquinas e equipamentos mecânicos;2811;28;C;28;FABRICACIÓN DE MAQUINARIA Y EQUIPO N.C.P.;FABRICAÇÃO DE MÁQUINAS E EQUIPAMENTOS;5.395;1930774754.935
2021;Estados Unidos;1520;Fabricação de calçado;229798585;15;1500;Fabricação de calçados e de artefatos de couro;1510;15;C;15;FABRICACIÓN DE PRODUCTOS DE CUERO Y PRODUCTOS CONEXOS;PREPARAÇÃO DE COUROS E FABRICAÇÃO DE ARTEFATOS DE COURO, ARTIGOS PARA VIAGEM E CALÇADOS;5.395;1239763366.0749998
2021;Estados Unidos;2814;Fabricação de rolamentos, engrenagens, engrenagens e elementos de acionamento;221858264;28;2800;Fabricação de máquinas e equipamentos mecânicos;2811;28;C;28;FABRICACIÓN DE MAQUINARIA Y EQUIPO N.C.P.;FABRICAÇÃO DE MÁQUINAS E EQUIPAMENTOS;5.395;1196925334.28
2021;Estados Unidos;1511;Curtimento e vestuário de couro;219440764;15;1500;Fabricação de calçados e de artefatos de couro;1510;15;C;15;FABRICACIÓN DE PRODUCTOS DE CUERO Y PRODUCTOS CONEXOS;PREPARAÇÃO DE COUROS E FABRICAÇÃO DE ARTEFATOS DE COURO, ARTIGOS PARA VIAGEM E CALÇADOS;5.395;1183882921.78
2021;Estados Unidos;2599;Fabricação de outros produtos metálicos fabricados n.c;213456484;25;2500;Fabricação de produtos de metal, exceto máquinas e equipamentos;2511;25;C;25;FABRICACIÓN DE PRODUCTOS ELABORADOS DE METAL, EXCEPTO MAQUINARIA Y EQUIPO;FABRICAÇÃO DE PRODUTOS DE METAL, EXCETO MÁQUINAS E EQUIPAMENTOS;5.395;1151597731.1799998
2021;Estados Unidos;2520;Fabricação de armas e munições;211914137;25;2500;Fabricação de produtos de metal, exceto máquinas e equipamentos;2511;25;C;25;FABRICACIÓN DE PRODUCTOS ELABORADOS DE METAL, EXCEPTO MAQUINARIA Y EQUIPO;FABRICAÇÃO DE PRODUTOS DE METAL, EXCETO MÁQUINAS E EQUIPAMENTOS;5.395;1143276769.115
2021;Estados Unidos;1079;Fabricação de outros produtos alimentícios n.c;204731939;107;1092;Fabricação e refino de açúcar;1071;107;C;107;Elaboración de otros productos alimenticios;Fabricação e refino de açúcar;5.395;1104528810.905
2021;Estados Unidos;1072;Fabricação de açúcar;196893107;107;1092;Fabricação e refino de açúcar;1071;107;C;107;Elaboración de otros productos alimenticios;Fabricação e refino de açúcar;5.395;1062238312.2649999
2021;Estados Unidos;2013;Fabricação de plásticos e borracha sintética em formas primárias;191786852;201;1992;Fabricação de biocombustíveis;1931;193;C;201;Fabricación de sustancias químicas básicas, de abonos y compuestos de nitrógeno y de plásticos y caucho sintético en formas primarias;Fabricação de biocombustíveis;5.395;1034690066.54
2021;Estados Unidos;2100;Fabricação de produtos farmacêuticos, produtos químicos medicinais e botânicos;170706148;21;2100;Fabricação de produtos farmoquímicos e farmacêuticos;2110;21;C;21;FABRICACIÓN DE PRODUCTOS FARMACÉUTICOS, SUSTANCIAS QUÍMICAS MEDICINALES Y PRODUCTOS BOTÁNICOS DE USO FARMACÉUTICO;FABRICAÇÃO DE PRODUTOS FARMOQUÍMICOS E FARMACÊUTICOS;5.395;920959668.4599999
2021;Estados Unidos;1020;Processamento e conservação de peixes, crustáceos e moluscos;169298445;102;1091;Abate e produtos de carne, inclusive os produtos do laticínio e da pesca;1020;102;C;102;Elaboración y conservación de pescado, crustáceos y moluscos;Preservação do pescado e fabricação de produtos do pescado;5.395;913365110.775
2021;Estados Unidos;2220;Fabricação de produtos plásticos;167903369;22;1500;Fabricação de calçados e de artefatos de couro;1510;15;C;22;FABRICACIÓN DE PRODUCTOS DE CAUCHO Y PLÁSTICO;PREPARAÇÃO DE COUROS E FABRICAÇÃO DE ARTEFATOS DE COURO, ARTIGOS PARA VIAGEM E CALÇADOS;5.395;905838675.7549999
2021;Estados Unidos;2821;Fabricação de maquinaria agrícola e florestal;155365927;28;2800;Fabricação de máquinas e equipamentos mecânicos;2811;28;C;28;FABRICACIÓN DE MAQUINARIA Y EQUIPO N.C.P.;FABRICAÇÃO DE MÁQUINAS E EQUIPAMENTOS;5.395;838199176.165
2021;Estados Unidos;2392;Fabricação de materiais de construção de argila;135904845;23;2300;Fabricação de produtos de minerais não metálicos;2311;23;C;23;FABRICACIÓN DE OTROS PRODUCTOS MINERALES NO METÁLICOS;FABRICAÇÃO DE PRODUTOS DE MINERAIS NÃO-METÁLICOS;5.395;733206638.775
2021;Estados Unidos;1200;Fabricação de produtos de tabaco;122063612;12;1200;Fabricação de produtos do fumo;1210;12;C;12;ELABORACIÓN DE PRODUCTOS DE TABACO;FABRICAÇÃO DE PRODUTOS DO FUMO;5.395;658533186.7399999
2021;Estados Unidos;0149;Criação de outros animais;114950817;014;0192;Pecuária, inclusive o apoio à pecuária;0151;015;A;014;Ganadería;Pecuária;5.395;620159657.7149999
2021;Estados Unidos;1073;Fabricação de cacau, chocolate e produtos de confeitaria;113939038;107;1092;Fabricação e refino de açúcar;1071;107;C;107;Elaboración de otros productos alimenticios;Fabricação e refino de açúcar;5.395;614701110.01
2021;Estados Unidos;3211;Fabricação de joalharia e artigos afins;103347815;32;3180;Fabricação de móveis e de produtos de indústrias diversas;3211;32;C;32;OTRAS INDUSTRIAS MANUFACTURERAS;FABRICAÇÃO DE PRODUTOS DIVERSOS;5.395;557561461.925
2021;Estados Unidos;9000;Atividades criativas, artes e entretenimento;100728981;90;9080;Atividades artísticas, criativas e de espetáculos;9001;90;R;90;ACTIVIDADES CREATIVAS, ARTÍSTICAS Y DE ENTRETENIMIENTO;ATIVIDADES ARTÍSTICAS, CRIATIVAS E DE ESPETÁCULOS;5.395;543432852.495
2021;Estados Unidos;2651;Fabricação de equipamentos de medição, teste, navegação e controle;100142232;26;2600;Fabricação de equipamentos de informática, produtos eletrônicos e ópticos;2610;26;C;26;FABRICACIÓN DE PRODUCTOS DE INFORMÁTICA, DE ELECTRÓNICA Y DE ÓPTICA;FABRICAÇÃO DE EQUIPAMENTOS DE INFORMÁTICA, PRODUTOS ELETRÔNICOS E ÓPTICOS;5.395;540267341.64
2021;Estados Unidos;3250;Fabricação de instrumentos e suprimentos médicos e odontológicos;99617278;32;3180;Fabricação de móveis e de produtos de indústrias diversas;3211;32;C;32;OTRAS INDUSTRIAS MANUFACTURERAS;FABRICAÇÃO DE PRODUTOS DIVERSOS;5.395;537435214.81
2021;Estados Unidos;2593;Fabricação de cutelaria, ferramentas manuais e ferragens em geral;92363259;25;2500;Fabricação de produtos de metal, exceto máquinas e equipamentos;2511;25;C;25;FABRICACIÓN DE PRODUCTOS ELABORADOS DE METAL, EXCEPTO MAQUINARIA Y EQUIPO;FABRICAÇÃO DE PRODUTOS DE METAL, EXCETO MÁQUINAS E EQUIPAMENTOS;5.395;498299782.30499995
2021;Estados Unidos;0111;Cultivo de cereais (exceto arroz), leguminosas e oleaginosas;91454316;011;0191;Agricultura, inclusive o apoio à agricultura e a pós-colheita;0111;011;A;011;Cultivo de plantas no perenes;Produção de lavouras temporárias;5.395;493396034.81999993
2021;Estados Unidos;2819;Fabricação de outras máquinas para uso geral;86302381;28;2800;Fabricação de máquinas e equipamentos mecânicos;2811;28;C;28;FABRICACIÓN DE MAQUINARIA Y EQUIPO N.C.P.;FABRICAÇÃO DE MÁQUINAS E EQUIPAMENTOS;5.395;465601345.49499995
2021;Estados Unidos;1040;Fabricação de óleos e gorduras vegetais e animais;83274180;104;1093;Outros produtos alimentares;1041;104;C;104;Elaboración de aceites y grasas de origen vegetal y animal;Fabricação de óleos e gorduras vegetais e animais;5.395;449264201.09999996
2021;Estados Unidos;3290;Outras manufaturas n.c.;73920646;32;3180;Fabricação de móveis e de produtos de indústrias diversas;3211;32;C;32;OTRAS INDUSTRIAS MANUFACTURERAS;FABRICAÇÃO DE PRODUTOS DIVERSOS;5.395;398801885.16999996
2021;Estados Unidos;1629;"Fabricação de outros produtos de madeira; fabricação de artigos de cortiça, de espartaria e cestaria";72701601;16;1500;Fabricação de calçados e de artefatos de couro;1510;15;C;16;"PRODUCCIÓN DE MADERA Y FABRICACIÓN DE PRODUCTOS DE MADERA Y CORCHO, EXCEPTO MUEBLES; FABRICACIÓN DE ARTÍCULOS DE PAJA Y DE MATERIALES TRENZABLES";PREPARAÇÃO DE COUROS E FABRICAÇÃO DE ARTEFATOS DE COURO, ARTIGOS PARA VIAGEM E CALÇADOS;5.395;392225137.395
2021;Estados Unidos;0125;Cultivo de outras frutas e nozes;64207681;012;0191;Agricultura, inclusive o apoio à agricultura e a pós-colheita;0111;011;A;012;Cultivo de plantas perennes;Produção de lavouras temporárias;5.395;346400438.99499995
2021;Estados Unidos;0113;Cultivo de hortaliças e melões, raízes e tubérculos;57873209;011;0191;Agricultura, inclusive o apoio à agricultura e a pós-colheita;0111;011;A;011;Cultivo de plantas no perenes;Produção de lavouras temporárias;5.395;312225962.55499995
2021;Estados Unidos;1061;Fabricação de produtos de moagem de grãos;52531079;106;1093;Outros produtos alimentares;1061;106;C;106;Elaboración de productos de molinería, almidones y productos derivados del almidón;Moagem, fabricação de produtos amiláceos e de alimentos para animais;5.395;283405171.205
2021;Estados Unidos;0128;Cultivo de especiarias, culturas aromáticas, medicamentosas e farmacêuticas;51478705;012;0191;Agricultura, inclusive o apoio à agricultura e a pós-colheita;0111;011;A;012;Cultivo de plantas perennes;Produção de lavouras temporárias;5.395;277727613.47499996
2021;Estados Unidos;2399;Fabricação de outros produtos minerais não metálicos n.c;51091864;23;2300;Fabricação de produtos de minerais não metálicos;2311;23;C;23;FABRICACIÓN DE OTROS PRODUCTOS MINERALES NO METÁLICOS;FABRICAÇÃO DE PRODUTOS DE MINERAIS NÃO-METÁLICOS;5.395;275640606.28
2021;Estados Unidos;0311;Pesca marinha;49868713;03;0280;"Produção florestal; pesca e aquicultura";0311;03;A;03;PESCA Y ACUICULTURA;PESCA E AQÜICULTURA;5.395;269041706.635
2021;Estados Unidos;2620;Fabricação de computadores e equipamentos periféricos;46260439;26;2600;Fabricação de equipamentos de informática, produtos eletrônicos e ópticos;2610;26;C;26;FABRICACIÓN DE PRODUCTOS DE INFORMÁTICA, DE ELECTRÓNICA Y DE ÓPTICA;FABRICAÇÃO DE EQUIPAMENTOS DE INFORMÁTICA, PRODUTOS ELETRÔNICOS E ÓPTICOS;5.395;249575068.40499997
2021;Estados Unidos;2732;Fabricação de outros fios e cabos elétricos e eletrônicos;45195112;27;2700;Fabricação de máquinas e equipamentos elétricos;2710;27;C;27;FABRICACIÓN DE EQUIPO ELÉCTRICO;FABRICAÇÃO DE MÁQUINAS, APARELHOS E MATERIAIS ELÉTRICOS;5.395;243827629.23999998
2021;Estados Unidos;2790;Fabricação de outro equipamento elétrico;44916213;27;2700;Fabricação de máquinas e equipamentos elétricos;2710;27;C;27;FABRICACIÓN DE EQUIPO ELÉCTRICO;FABRICAÇÃO DE MÁQUINAS, APARELHOS E MATERIAIS ELÉTRICOS;5.395;242322969.135
2021;Estados Unidos;2630;Fabricação de equipamentos de comunicação;44264038;26;2600;Fabricação de equipamentos de informática, produtos eletrônicos e ópticos;2610;26;C;26;FABRICACIÓN DE PRODUCTOS DE INFORMÁTICA, DE ELECTRÓNICA Y DE ÓPTICA;FABRICAÇÃO DE EQUIPAMENTOS DE INFORMÁTICA, PRODUTOS ELETRÔNICOS E ÓPTICOS;5.395;238804485.01
2021;Estados Unidos;2822;Fabricação de máquinas e máquinas-ferramentas para moldagem de metais;44080524;28;2800;Fabricação de máquinas e equipamentos mecânicos;2811;28;C;28;FABRICACIÓN DE MAQUINARIA Y EQUIPO N.C.P.;FABRICAÇÃO DE MÁQUINAS E EQUIPAMENTOS;5.395;237814426.98
2021;Estados Unidos;2219;Fabricação de outros produtos de borracha;43673695;22;1500;Fabricação de calçados e de artefatos de couro;1510;15;C;22;FABRICACIÓN DE PRODUCTOS DE CAUCHO Y PLÁSTICO;PREPARAÇÃO DE COUROS E FABRICAÇÃO DE ARTEFATOS DE COURO, ARTIGOS PARA VIAGEM E CALÇADOS;5.395;235619584.52499998
2021;Estados Unidos;2829;Fabricação de outras máquinas para fins especiais;41172346;28;2800;Fabricação de máquinas e equipamentos mecânicos;2811;28;C;28;FABRICACIÓN DE MAQUINARIA Y EQUIPO N.C.P.;FABRICAÇÃO DE MÁQUINAS E EQUIPAMENTOS;5.395;222124806.67
2021;Estados Unidos;2640;Fabricação de produtos eletrônicos de consumo;39598273;26;2600;Fabricação de equipamentos de informática, produtos eletrônicos e ópticos;2610;26;C;26;FABRICACIÓN DE PRODUCTOS DE INFORMÁTICA, DE ELECTRÓNICA Y DE ÓPTICA;FABRICAÇÃO DE EQUIPAMENTOS DE INFORMÁTICA, PRODUTOS ELETRÔNICOS E ÓPTICOS;5.395;213632682.83499998
2021;Estados Unidos;2610;Fabricação de componentes eletrônicos e placas;39231560;26;2600;Fabricação de equipamentos de informática, produtos eletrônicos e ópticos;2610;26;C;26;FABRICACIÓN DE PRODUCTOS DE INFORMÁTICA, DE ELECTRÓNICA Y DE ÓPTICA;FABRICAÇÃO DE EQUIPAMENTOS DE INFORMÁTICA, PRODUTOS ELETRÔNICOS E ÓPTICOS;5.395;211654266.2
2021;Estados Unidos;0121;Cultivo de uvas;36525214;012;0191;Agricultura, inclusive o apoio à agricultura e a pós-colheita;0111;011;A;012;Cultivo de plantas perennes;Produção de lavouras temporárias;5.395;197053529.52999997
2021;Estados Unidos;0899;Outras atividades de mineração n.c;35766335;08;0580;Extração de carvão mineral e de minerais não metálicos;0810;08;B;08;EXPLOTACIÓN DE OTRAS MINAS Y CANTERAS;EXTRAÇÃO DE MINERAIS NÃO-METÁLICOS;5.395;192959377.325
2021;Estados Unidos;0729;Extração de outros minérios de metais não ferrosos;33133606;072;0792;Extração de minerais metálicos não ferrosos, inclusive beneficiamentos;0721;072;B;072;Extracción de minerales metalíferos no ferrosos;Extração de minerais metálicos não-ferrosos;5.395;178755804.36999997
2021;Estados Unidos;3091;Fabricação de motocicletas;32882461;30;3000;Fabricação de outros equipamentos de transporte, exceto veículos automotores;3011;30;C;30;FABRICACIÓN DE OTRO  EQUIPO DE TRANSPORTE;FABRICAÇÃO DE OUTROS EQUIPAMENTOS DE TRANSPORTE, EXCETO VEÍCULOS AUTOMOTORES;5.395;177400877.095
2021;Estados Unidos;2811;Fabricação de motores e turbinas, exceto aeronaves, veículos e motores de ciclo;32730313;28;2800;Fabricação de máquinas e equipamentos mecânicos;2811;28;C;28;FABRICACIÓN DE MAQUINARIA Y EQUIPO N.C.P.;FABRICAÇÃO DE MÁQUINAS E EQUIPAMENTOS;5.395;176580038.635
2021;Estados Unidos;2825;Fabricação de máquinas para processamento de alimentos, bebidas e tabaco;32594974;28;2800;Fabricação de máquinas e equipamentos mecânicos;2811;28;C;28;FABRICACIÓN DE MAQUINARIA Y EQUIPO N.C.P.;FABRICAÇÃO DE MÁQUINAS E EQUIPAMENTOS;5.395;175849884.73
2021;Estados Unidos;1071;Fabricação de produtos de panificação;31500787;107;1092;Fabricação e refino de açúcar;1071;107;C;107;Elaboración de otros productos alimenticios;Fabricação e refino de açúcar;5.395;169946745.86499998
2021;Estados Unidos;2823;Fabricação de máquinas para metalurgia;31337545;28;2800;Fabricação de máquinas e equipamentos mecânicos;2811;28;C;28;FABRICACIÓN DE MAQUINARIA Y EQUIPO N.C.P.;FABRICAÇÃO DE MÁQUINAS E EQUIPAMENTOS;5.395;169066055.27499998
2021;Estados Unidos;2910;Fabricação de veículos automotores;30301874;291;2991;Fabricação de automóveis, caminhões e ônibus, exceto peças;2910;291;C;291;Fabricación de vehículos automotores;Fabricação de automóveis, camionetas e utilitários;5.395;163478610.23
2021;Estados Unidos;2310;Fabricação de produtos de vidro e vidro;28703383;23;2300;Fabricação de produtos de minerais não metálicos;2311;23;C;23;FABRICACIÓN DE OTROS PRODUCTOS MINERALES NO METÁLICOS;FABRICAÇÃO DE PRODUTOS DE MINERAIS NÃO-METÁLICOS;5.395;154854751.285
2021;Estados Unidos;2720;Fabricação de baterias e acumuladores;26978908;27;2700;Fabricação de máquinas e equipamentos elétricos;2710;27;C;27;FABRICACIÓN DE EQUIPO ELÉCTRICO;FABRICAÇÃO DE MÁQUINAS, APARELHOS E MATERIAIS ELÉTRICOS;5.395;145551208.66
2021;Estados Unidos;1702;Fabricação de papel e cartão canelados e de embalagens de papel e cartão;26849482;17;1700;Fabricação de celulose, papel e produtos de papel;1710;17;C;17;FABRICACIÓN DE PAPEL Y DE PRODUCTOS DE PAPEL;FABRICAÇÃO DE CELULOSE, PAPEL E PRODUTOS DE PAPEL;5.395;144852955.39
2021;Estados Unidos;2023;Fabricação de sabão e detergentes, produtos de limpeza e polimento, perfumes e produtos de toilette;26018434;202;2092;Fabricação de defensivos, desinfestantes, tintas e químicos diversos;2051;205;C;202;Fabricación de otros productos químicos;Fabricação de defensivos agrícolas e desinfestantes domissanitários;5.395;140369451.42999998
2021;Estados Unidos;1410;Fabricação de vestuário, exceto vestuários de peles;24664204;14;1400;Confecção de artefatos do vestuário e acessórios;1411;14;C;14;FABRICACIÓN DE PRENDAS DE VESTIR;CONFECÇÃO DE ARTIGOS DO VESTUÁRIO E ACESSÓRIOS;5.395;133063380.57999998
2021;Estados Unidos;1080;Fabricação de alimentos para animais;24628632;108;1093;Outros produtos alimentares;1061;106;C;108;Elaboración de piensos preparados para animales;Moagem, fabricação de produtos amiláceos e de alimentos para animais;5.395;132871469.63999999
2021;Estados Unidos;1062;Fabricação de amidos e féculas;23719921;106;1093;Outros produtos alimentares;1061;106;C;106;Elaboración de productos de molinería, almidones y productos derivados del almidón;Moagem, fabricação de produtos amiláceos e de alimentos para animais;5.395;127968973.79499999
2021;Estados Unidos;0810;Extração de pedra, areia e argila;22818414;08;0580;Extração de carvão mineral e de minerais não metálicos;0810;08;B;08;EXPLOTACIÓN DE OTRAS MINAS Y CANTERAS;EXTRAÇÃO DE MINERAIS NÃO-METÁLICOS;5.395;123105343.52999999
2021;Estados Unidos;1709;Fabricação de outros artigos de papel e cartão;22598292;17;1700;Fabricação de celulose, papel e produtos de papel;1710;17;C;17;FABRICACIÓN DE PAPEL Y DE PRODUCTOS DE PAPEL;FABRICAÇÃO DE CELULOSE, PAPEL E PRODUTOS DE PAPEL;5.395;121917785.33999999
2021;Estados Unidos;2816;Fabricação de equipamentos de elevação e manuseio;19944673;28;2800;Fabricação de máquinas e equipamentos mecânicos;2811;28;C;28;FABRICACIÓN DE MAQUINARIA Y EQUIPO N.C.P.;FABRICAÇÃO DE MÁQUINAS E EQUIPAMENTOS;5.395;107601510.835
2021;Estados Unidos;1394;Fabricação de cordéis, cordas, cordéis e redes;19131152;13;1300;Fabricação de produtos têxteis;1311;13;C;13;FABRICACIÓN DE PRODUCTOS TEXTILES;FABRICAÇÃO DE PRODUTOS TÊXTEIS;5.395;103212565.03999999
2021;Estados Unidos;2812;Fabricação de equipamentos para energia hidráulica;18233317;28;2800;Fabricação de máquinas e equipamentos mecânicos;2811;28;C;28;FABRICACIÓN DE MAQUINARIA Y EQUIPO N.C.P.;FABRICAÇÃO DE MÁQUINAS E EQUIPAMENTOS;5.395;98368745.21499999
2021;Estados Unidos;3012;Construção de barcos de recreio e desportivos;17923075;30;3000;Fabricação de outros equipamentos de transporte, exceto veículos automotores;3011;30;C;30;FABRICACIÓN DE OTRO  EQUIPO DE TRANSPORTE;FABRICAÇÃO DE OUTROS EQUIPAMENTOS DE TRANSPORTE, EXCETO VEÍCULOS AUTOMOTORES;5.395;96694989.62499999
2021;Estados Unidos;1050;Fabricação de produtos lácteos;15676959;105;1091;Abate e produtos de carne, inclusive os produtos do laticínio e da pesca;1051;105;C;105;Elaboración de productos lácteos;Laticínios;5.395;84577193.80499999
2021;Estados Unidos;2660;Fabricação de equipamentos de irradiação, eletromédicos e eletroterapêuticos;15632048;26;2600;Fabricação de equipamentos de informática, produtos eletrônicos e ópticos;2610;26;C;26;FABRICACIÓN DE PRODUCTOS DE INFORMÁTICA, DE ELECTRÓNICA Y DE ÓPTICA;FABRICAÇÃO DE EQUIPAMENTOS DE INFORMÁTICA, PRODUTOS ELETRÔNICOS E ÓPTICOS;5.395;84334898.96
2021;Estados Unidos;2395;Fabricação de artigos de concreto, cimento e gesso;15432563;23;2300;Fabricação de produtos de minerais não metálicos;2311;23;C;23;FABRICACIÓN DE OTROS PRODUCTOS MINERALES NO METÁLICOS;FABRICAÇÃO DE PRODUTOS DE MINERAIS NÃO-METÁLICOS;5.395;83258677.38499999
2021;Estados Unidos;2815;Fabricação de fornos, fornos e queimadores de fornos;15077653;28;2800;Fabricação de máquinas e equipamentos mecânicos;2811;28;C;28;FABRICACIÓN DE MAQUINARIA Y EQUIPO N.C.P.;FABRICAÇÃO DE MÁQUINAS E EQUIPAMENTOS;5.395;81343937.93499999
2021;Estados Unidos;1623;Fabricação de embalagens de madeira;13408324;16;1500;Fabricação de calçados e de artefatos de couro;1510;15;C;16;"PRODUCCIÓN DE MADERA Y FABRICACIÓN DE PRODUCTOS DE MADERA Y CORCHO, EXCEPTO MUEBLES; FABRICACIÓN DE ARTÍCULOS DE PAJA Y DE MATERIALES TRENZABLES";PREPARAÇÃO DE COUROS E FABRICAÇÃO DE ARTEFATOS DE COURO, ARTIGOS PARA VIAGEM E CALÇADOS;5.395;72337907.97999999
2021;Estados Unidos;1512;Fabricação de malas, bolsas e semelhantes, selaria e arreios;11903662;15;1500;Fabricação de calçados e de artefatos de couro;1510;15;C;15;FABRICACIÓN DE PRODUCTOS DE CUERO Y PRODUCTOS CONEXOS;PREPARAÇÃO DE COUROS E FABRICAÇÃO DE ARTEFATOS DE COURO, ARTIGOS PARA VIAGEM E CALÇADOS;5.395;64220256.489999995
2021;Estados Unidos;2431;Fundição de ferro e aço;10186999;243;2492;Metalurgia de metais não ferosos e a fundição de metais;2451;245;C;243;Fundición de metales;Fundição;5.395;54958859.605
2021;Estados Unidos;3020;Fabricação de locomotivas e material circulante;9950213;30;3000;Fabricação de outros equipamentos de transporte, exceto veículos automotores;3011;30;C;30;FABRICACIÓN DE OTRO  EQUIPO DE TRANSPORTE;FABRICAÇÃO DE OUTROS EQUIPAMENTOS DE TRANSPORTE, EXCETO VEÍCULOS AUTOMOTORES;5.395;53681399.135
2021;Estados Unidos;2512;Fabricação de tanques, reservatórios e recipientes de metal;9423889;25;2500;Fabricação de produtos de metal, exceto máquinas e equipamentos;2511;25;C;25;FABRICACIÓN DE PRODUCTOS ELABORADOS DE METAL, EXCEPTO MAQUINARIA Y EQUIPO;FABRICAÇÃO DE PRODUTOS DE METAL, EXCETO MÁQUINAS E EQUIPAMENTOS;5.395;50841881.154999994
2021;Estados Unidos;1399;Fabricação de outros têxteis n.e.c.;9147566;13;1300;Fabricação de produtos têxteis;1311;13;C;13;FABRICACIÓN DE PRODUCTOS TEXTILES;FABRICAÇÃO DE PRODUTOS TÊXTEIS;5.395;49351118.56999999
2021;Estados Unidos;2818;Fabricação de ferramentas manuais acionadas por motor;8729990;28;2800;Fabricação de máquinas e equipamentos mecânicos;2811;28;C;28;FABRICACIÓN DE MAQUINARIA Y EQUIPO N.C.P.;FABRICAÇÃO DE MÁQUINAS E EQUIPAMENTOS;5.395;47098296.05
2021;Estados Unidos;2826;Fabricação de máquinas para produção de têxteis, vestuário e couro;8683909;28;2800;Fabricação de máquinas e equipamentos mecânicos;2811;28;C;28;FABRICACIÓN DE MAQUINARIA Y EQUIPO N.C.P.;FABRICAÇÃO DE MÁQUINAS E EQUIPAMENTOS;5.395;46849689.055
2021;Estados Unidos;3212;Fabricação de bijuterias e artigos relacionados;7992293;32;3180;Fabricação de móveis e de produtos de indústrias diversas;3211;32;C;32;OTRAS INDUSTRIAS MANUFACTURERAS;FABRICAÇÃO DE PRODUTOS DIVERSOS;5.395;43118420.735
2021;Estados Unidos;1311;Preparação e fiação de fibras têxteis;7907547;13;1300;Fabricação de produtos têxteis;1311;13;C;13;FABRICACIÓN DE PRODUCTOS TEXTILES;FABRICAÇÃO DE PRODUTOS TÊXTEIS;5.395;42661216.065
2021;Estados Unidos;2022;Fabricação de tintas, vernizes e produtos similares, tintas de impressão e mástiques;7294201;202;2092;Fabricação de defensivos, desinfestantes, tintas e químicos diversos;2051;205;C;202;Fabricación de otros productos químicos;Fabricação de defensivos agrícolas e desinfestantes domissanitários;5.395;39352214.394999996
2021;Estados Unidos;1391;Fabricação de tecidos de malha;7200242;13;1300;Fabricação de produtos têxteis;1311;13;C;13;FABRICACIÓN DE PRODUCTOS TEXTILES;FABRICAÇÃO DE PRODUTOS TÊXTEIS;5.395;38845305.589999996
2021;Estados Unidos;1392;Fabricação de artigos têxteis confeccionados, exceto vestuário;6871950;13;1300;Fabricação de produtos têxteis;1311;13;C;13;FABRICACIÓN DE PRODUCTOS TEXTILES;FABRICAÇÃO DE PRODUTOS TÊXTEIS;5.395;37074170.25
2021;Estados Unidos;1104;"Fabricação de refrigerantes; produção de águas minerais e outras águas engarrafadas";6685238;11;1100;Fabricação de bebidas;1111;11;C;11;ELABORACIÓN DE BEBIDAS;FABRICAÇÃO DE BEBIDAS;5.395;36066859.01
2021;Estados Unidos;0893;Extração de sal;5699523;08;0580;Extração de carvão mineral e de minerais não metálicos;0810;08;B;08;EXPLOTACIÓN DE OTRAS MINAS Y CANTERAS;EXTRAÇÃO DE MINERAIS NÃO-METÁLICOS;5.395;30748926.584999997
2021;Estados Unidos;2731;Fabricação de cabos de fibra ótica;5602703;27;2700;Fabricação de máquinas e equipamentos elétricos;2710;27;C;27;FABRICACIÓN DE EQUIPO ELÉCTRICO;FABRICAÇÃO DE MÁQUINAS, APARELHOS E MATERIAIS ELÉTRICOS;5.395;30226582.685
2021;Estados Unidos;1312;Tecelagem de têxteis;5358428;13;1300;Fabricação de produtos têxteis;1311;13;C;13;FABRICACIÓN DE PRODUCTOS TEXTILES;FABRICAÇÃO DE PRODUTOS TÊXTEIS;5.395;28908719.06
2021;Estados Unidos;2750;Fabricação de eletrodomésticos;5226421;27;2700;Fabricação de máquinas e equipamentos elétricos;2710;27;C;27;FABRICACIÓN DE EQUIPO ELÉCTRICO;FABRICAÇÃO DE MÁQUINAS, APARELHOS E MATERIAIS ELÉTRICOS;5.395;28196541.294999998
2021;Estados Unidos;2511;Fabricação de produtos metálicos estruturais;5146866;25;2500;Fabricação de produtos de metal, exceto máquinas e equipamentos;2511;25;C;25;FABRICACIÓN DE PRODUCTOS ELABORADOS DE METAL, EXCEPTO MAQUINARIA Y EQUIPO;FABRICAÇÃO DE PRODUTOS DE METAL, EXCETO MÁQUINAS E EQUIPAMENTOS;5.395;27767342.069999997
2021;Estados Unidos;0142;Criação de cavalos e outros equinos;5064694;014;0192;Pecuária, inclusive o apoio à pecuária;0151;015;A;014;Ganadería;Pecuária;5.395;27324024.13
2021;Estados Unidos;0220;Exploração madeireira;4945816;02;0280;"Produção florestal; pesca e aquicultura";0210;02;A;02;SILVICULTURA Y EXTRACCIÓN DE MADERA;PRODUÇÃO FLORESTAL;5.395;26682677.319999997
2021;Estados Unidos;2391;Fabricação de produtos refratários;4928974;23;2300;Fabricação de produtos de minerais não metálicos;2311;23;C;23;FABRICACIÓN DE OTROS PRODUCTOS MINERALES NO METÁLICOS;FABRICAÇÃO DE PRODUTOS DE MINERAIS NÃO-METÁLICOS;5.395;26591814.729999997
2021;Estados Unidos;0321;Aquicultura marinha;4638595;03;0280;"Produção florestal; pesca e aquicultura";0311;03;A;03;PESCA Y ACUICULTURA;PESCA E AQÜICULTURA;5.395;25025220.025
2021;Estados Unidos;1101;Fabricação de aguardentes e outras bebidas destiladas;4525164;11;1100;Fabricação de bebidas;1111;11;C;11;ELABORACIÓN DE BEBIDAS;FABRICAÇÃO DE BEBIDAS;5.395;24413259.779999997
2021;Estados Unidos;2393;Fabricação de outros produtos de porcelana e cerâmica;4458411;23;2300;Fabricação de produtos de minerais não metálicos;2311;23;C;23;FABRICACIÓN DE OTROS PRODUCTOS MINERALES NO METÁLICOS;FABRICAÇÃO DE PRODUTOS DE MINERAIS NÃO-METÁLICOS;5.395;24053127.345
2021;Estados Unidos;2652;Fabricação de cronomêtros e relógios;4212369;26;2600;Fabricação de equipamentos de informática, produtos eletrônicos e ópticos;2610;26;C;26;FABRICACIÓN DE PRODUCTOS DE INFORMÁTICA, DE ELECTRÓNICA Y DE ÓPTICA;FABRICAÇÃO DE EQUIPAMENTOS DE INFORMÁTICA, PRODUTOS ELETRÔNICOS E ÓPTICOS;5.395;22725730.755
2021;Estados Unidos;2740;Fabricação de equipamentos de iluminação elétrica;3406881;27;2700;Fabricação de máquinas e equipamentos elétricos;2710;27;C;27;FABRICACIÓN DE EQUIPO ELÉCTRICO;FABRICAÇÃO DE MÁQUINAS, APARELHOS E MATERIAIS ELÉTRICOS;5.395;18380122.994999997
2021;Estados Unidos;3230;Fabricação de artigos esportivos;3000081;32;3180;Fabricação de móveis e de produtos de indústrias diversas;3211;32;C;32;OTRAS INDUSTRIAS MANUFACTURERAS;FABRICAÇÃO DE PRODUTOS DIVERSOS;5.395;16185436.995
2021;Estados Unidos;2030;Fabricação de fibras sintéticas ou artificiais;2969180;203;2091;Fabricação de químicos orgânicos e inorgânicos, resinas e elastômeros;2040;204;C;203;Fabricación de fibras artificiales;Fabricação de fibras artificiais e sintéticas;5.395;16018726.1
2021;Estados Unidos;5819;Outras atividades de publicação;2893897;58;5800;Edição e edição integrada à impressão;5811;58;J;58;ACTIVIDADES DE EDICIÓN;EDIÇÃO E EDIÇÃO INTEGRADA À IMPRESSÃO;5.395;15612574.315
2021;Estados Unidos;5811;Publicação de livros;2726772;58;5800;Edição e edição integrada à impressão;5811;58;J;58;ACTIVIDADES DE EDICIÓN;EDIÇÃO E EDIÇÃO INTEGRADA À IMPRESSÃO;5.395;14710934.94
2021;Estados Unidos;2021;Fabricação de pesticidas e outros produtos agroquímicos;2646296;202;2092;Fabricação de defensivos, desinfestantes, tintas e químicos diversos;2051;205;C;202;Fabricación de otros productos químicos;Fabricação de defensivos agrícolas e desinfestantes domissanitários;5.395;14276766.919999998
2021;Estados Unidos;1420;Fabricação de artigos de peles;2538830;14;1400;Confecção de artefatos do vestuário e acessórios;1411;14;C;14;FABRICACIÓN DE PRENDAS DE VESTIR;CONFECÇÃO DE ARTIGOS DO VESTUÁRIO E ACESSÓRIOS;5.395;13696987.85
2021;Estados Unidos;3240;Fabricação de jogos e brinquedos;2394775;32;3180;Fabricação de móveis e de produtos de indústrias diversas;3211;32;C;32;OTRAS INDUSTRIAS MANUFACTURERAS;FABRICAÇÃO DE PRODUTOS DIVERSOS;5.395;12919811.124999998
2021;Estados Unidos;1102;Fabricação de vinhos;2367731;11;1100;Fabricação de bebidas;1111;11;C;11;ELABORACIÓN DE BEBIDAS;FABRICAÇÃO DE BEBIDAS;5.395;12773908.745
2021;Estados Unidos;1430;Fabricação de vestuário de malha;2161382;14;1400;Confecção de artefatos do vestuário e acessórios;1411;14;C;14;FABRICACIÓN DE PRENDAS DE VESTIR;CONFECÇÃO DE ARTIGOS DO VESTUÁRIO E ACESSÓRIOS;5.395;11660655.889999999
2021;Estados Unidos;0620;Extração de gás natural;2064806;06;0680;Extração de petróleo e gás, inclusive as atividades de apoio;0600;06;B;06;EXTRACCIÓN DE PETRÓLEO CRUDO Y GAS NATURAL;EXTRAÇÃO DE PETRÓLEO E GÁS NATURAL;5.395;11139628.37
2021;Estados Unidos;3220;Fabricação de instrumentos musicais;1973627;32;3180;Fabricação de móveis e de produtos de indústrias diversas;3211;32;C;32;OTRAS INDUSTRIAS MANUFACTURERAS;FABRICAÇÃO DE PRODUTOS DIVERSOS;5.395;10647717.665
2021;Estados Unidos;2920;"Fabricação de carroçarias para veículos automotores; fabricação de reboques e semi-reboques";1860758;292;2991;Fabricação de automóveis, caminhões e ônibus, exceto peças;2930;293;C;292;"Fabricación de carrocerías para vehículos automotores; fabricación de remolques y semirremolques";Fabricação de cabines, carrocerias e reboques para veículos automotores;5.395;10038789.409999998
2021;Estados Unidos;2012;Fabricação de fertilizantes e compostos nitrogenados;1778984;201;1992;Fabricação de biocombustíveis;1931;193;C;201;Fabricación de sustancias químicas básicas, de abonos y compuestos de nitrógeno y de plásticos y caucho sintético en formas primarias;Fabricação de biocombustíveis;5.395;9597618.68
2021;Estados Unidos;3011;Construção de navios e estruturas flutuantes;1716004;30;3000;Fabricação de outros equipamentos de transporte, exceto veículos automotores;3011;30;C;30;FABRICACIÓN DE OTRO  EQUIPO DE TRANSPORTE;FABRICAÇÃO DE OUTROS EQUIPAMENTOS DE TRANSPORTE, EXCETO VEÍCULOS AUTOMOTORES;5.395;9257841.58
2021;Estados Unidos;2670;Fabricação de instrumentos ópticos e equipamento fotográfico;1633946;26;2600;Fabricação de equipamentos de informática, produtos eletrônicos e ópticos;2610;26;C;26;FABRICACIÓN DE PRODUCTOS DE INFORMÁTICA, DE ELECTRÓNICA Y DE ÓPTICA;FABRICAÇÃO DE EQUIPAMENTOS DE INFORMÁTICA, PRODUTOS ELETRÔNICOS E ÓPTICOS;5.395;8815138.67
2021;Estados Unidos;0130;Cultivo de plantas;1551663;013;0191;Agricultura, inclusive o apoio à agricultura e a pós-colheita;0141;014;A;013;Propagación de plantas;Produção de sementes e mudas certificadas;5.395;8371221.885
2021;Estados Unidos;0129;Cultivo de outras culturas perenes;1528274;012;0191;Agricultura, inclusive o apoio à agricultura e a pós-colheita;0111;011;A;012;Cultivo de plantas perennes;Produção de lavouras temporárias;5.395;8245038.2299999995
2021;Estados Unidos;2817;Fabricação de máquinas e equipamentos de escritório (exceto computadores e equipamentos periféricos);1518921;28;2800;Fabricação de máquinas e equipamentos mecânicos;2811;28;C;28;FABRICACIÓN DE MAQUINARIA Y EQUIPO N.C.P.;FABRICAÇÃO DE MÁQUINAS E EQUIPAMENTOS;5.395;8194578.794999999
2021;Estados Unidos;0230;Coleta de produtos florestais não madeireiros;1486824;02;0280;"Produção florestal; pesca e aquicultura";0210;02;A;02;SILVICULTURA Y EXTRACCIÓN DE MADERA;PRODUÇÃO FLORESTAL;5.395;8021415.4799999995
2021;Estados Unidos;1393;Fabricação de tapetes e tapetes;1388959;13;1300;Fabricação de produtos têxteis;1311;13;C;13;FABRICACIÓN DE PRODUCTOS TEXTILES;FABRICAÇÃO DE PRODUTOS TÊXTEIS;5.395;7493433.805
2021;Estados Unidos;0115;Cultivo de tabaco;1384559;011;0191;Agricultura, inclusive o apoio à agricultura e a pós-colheita;0111;011;A;011;Cultivo de plantas no perenes;Produção de lavouras temporárias;5.395;7469695.805
2021;Estados Unidos;2513;Fabricação de geradores de vapor, exceto caldeiras de aquecimento central de água quente;1315397;25;2500;Fabricação de produtos de metal, exceto máquinas e equipamentos;2511;25;C;25;FABRICACIÓN DE PRODUCTOS ELABORADOS DE METAL, EXCEPTO MAQUINARIA Y EQUIPO;FABRICAÇÃO DE PRODUTOS DE METAL, EXCETO MÁQUINAS E EQUIPAMENTOS;5.395;7096566.8149999995
2021;Estados Unidos;1074;Fabricação de macarrão, talharim, cuscuz e produtos farináceos semelhantes;1258712;107;1092;Fabricação e refino de açúcar;1071;107;C;107;Elaboración de otros productos alimenticios;Fabricação e refino de açúcar;5.395;6790751.239999999
2021;Estados Unidos;0891;Extração de minerais químicos e fertilizantes;1179802;08;0580;Extração de carvão mineral e de minerais não metálicos;0810;08;B;08;EXPLOTACIÓN DE OTRAS MINAS Y CANTERAS;EXTRAÇÃO DE MINERAIS NÃO-METÁLICOS;5.395;6365031.789999999
2021;Estados Unidos;2680;Fabricação de mídia magnética e óptica;569168;26;2600;Fabricação de equipamentos de informática, produtos eletrônicos e ópticos;2610;26;C;26;FABRICACIÓN DE PRODUCTOS DE INFORMÁTICA, DE ELECTRÓNICA Y DE ÓPTICA;FABRICAÇÃO DE EQUIPAMENTOS DE INFORMÁTICA, PRODUTOS ELETRÔNICOS E ÓPTICOS;5.395;3070661.36
2021;Estados Unidos;0122;Cultivo de frutas tropicais e subtropicais;430424;012;0191;Agricultura, inclusive o apoio à agricultura e a pós-colheita;0111;011;A;012;Cultivo de plantas perennes;Produção de lavouras temporárias;5.395;2322137.48
2021;Estados Unidos;1103;Fabricação de malte e bebidas maltadas.;427564;11;1100;Fabricação de bebidas;1111;11;C;11;ELABORACIÓN DE BEBIDAS;FABRICAÇÃO DE BEBIDAS;5.395;2306707.78
2021;Estados Unidos;3099;Fabricação de outros equipamentos de transporte n.c;272783;30;3000;Fabricação de outros equipamentos de transporte, exceto veículos automotores;3011;30;C;30;FABRICACIÓN DE OTRO  EQUIPO DE TRANSPORTE;FABRICAÇÃO DE OUTROS EQUIPAMENTOS DE TRANSPORTE, EXCETO VEÍCULOS AUTOMOTORES;5.395;1471664.285
2021;Estados Unidos;3092;Fabricação de bicicletas e carruagens inválidas;226255;30;3000;Fabricação de outros equipamentos de transporte, exceto veículos automotores;3011;30;C;30;FABRICACIÓN DE OTRO  EQUIPO DE TRANSPORTE;FABRICAÇÃO DE OUTROS EQUIPAMENTOS DE TRANSPORTE, EXCETO VEÍCULOS AUTOMOTORES;5.395;1220645.7249999999
2021;Estados Unidos;0119;Cultivo de outras culturas não perenes;222435;011;0191;Agricultura, inclusive o apoio à agricultura e a pós-colheita;0111;011;A;011;Cultivo de plantas no perenes;Produção de lavouras temporárias;5.395;1200036.825
2021;Estados Unidos;0126;Cultivo de frutas oleaginosas;192446;012;0191;Agricultura, inclusive o apoio à agricultura e a pós-colheita;0111;011;A;012;Cultivo de plantas perennes;Produção de lavouras temporárias;5.395;1038246.1699999999
2021;Estados Unidos;1812;Atividades de serviço relacionadas à impressão;192005;18;1800;Impressão e reprodução de gravações;1811;18;C;18;IMPRESIÓN Y REPRODUCCIÓN DE GRABACIONES;IMPRESSÃO E REPRODUÇÃO DE GRAVAÇÕES;5.395;1035866.9749999999
2021;Estados Unidos;5813;Publicação de jornais, revistas e periódicos;93579;58;5800;Edição e edição integrada à impressão;5811;58;J;58;ACTIVIDADES DE EDICIÓN;EDIÇÃO E EDIÇÃO INTEGRADA À IMPRESSÃO;5.395;504858.70499999996
2021;Estados Unidos;0116;Cultivo de culturas de fibra;87435;011;0191;Agricultura, inclusive o apoio à agricultura e a pós-colheita;0111;011;A;011;Cultivo de plantas no perenes;Produção de lavouras temporárias;5.395;471711.82499999995
2021;Estados Unidos;2394;Fabricação de cimento, cal e gesso;69293;23;2300;Fabricação de produtos de minerais não metálicos;2311;23;C;23;FABRICACIÓN DE OTROS PRODUCTOS MINERALES NO METÁLICOS;FABRICAÇÃO DE PRODUTOS DE MINERAIS NÃO-METÁLICOS;5.395;373835.735
2021;Estados Unidos;0892;Extração de turfa;43296;08;0580;Extração de carvão mineral e de minerais não metálicos;0810;08;B;08;EXPLOTACIÓN DE OTRAS MINAS Y CANTERAS;EXTRAÇÃO DE MINERAIS NÃO-METÁLICOS;5.395;233581.91999999998
2021;Estados Unidos;0124;Cultivo de frutas pome e frutas de caroço;35099;012;0191;Agricultura, inclusive o apoio à agricultura e a pós-colheita;0111;011;A;012;Cultivo de plantas perennes;Produção de lavouras temporárias;5.395;189359.10499999998
2021;Estados Unidos;9102;Atividades de museus e operação de locais históricos e edifícios;32737;91;9080;Atividades artísticas, criativas e de espetáculos;9101;91;R;91;ACTIVIDADES DE BIBLIOTECAS, ARCHIVOS Y MUSEOS Y OTRAS ACTIVIDADES CULTURALES;ATIVIDADES LIGADAS AO PATRIMÔNIO CULTURAL E AMBIENTAL;5.395;176616.115
2021;Estados Unidos;0123;Cultivo de frutas cítricas;5122;012;0191;Agricultura, inclusive o apoio à agricultura e a pós-colheita;0111;011;A;012;Cultivo de plantas perennes;Produção de lavouras temporárias;5.395;27633.19
2021;Estados Unidos;0112;Cultivo de arroz;83;011;0191;Agricultura, inclusive o apoio à agricultura e a pós-colheita;0111;011;A;011;Cultivo de plantas no perenes;Produção de lavouras temporárias;5.395;447.78499999999997
2021;Estados Unidos;0510;Mineração de Carvão;48;05;0580;Extração de carvão mineral e de minerais não metálicos;0500;05;B;05;EXTRACCIÓN DE CARBÓN DE PIEDRA Y LIGNITO;EXTRAÇÃO DE CARVÃO MINERAL;5.395;258.96
2020;Estados Unidos;2410;Fabricação de ferro e aço básicos;2702589526;241;2491;Produção de ferro-gusa/ferroligas, siderurgia e tubos de aço sem costura;2411;241;C;241;Fabricación básica de hierro y acero;Produção de ferro-gusa e de ferroligas;5.1558;13934011078.1508
2020;Estados Unidos;3030;Fabricação de aviões e máquinas relacionadas;2160410454;30;3000;Fabricação de outros equipamentos de transporte, exceto veículos automotores;3011;30;C;30;FABRICACIÓN DE OTRO  EQUIPO DE TRANSPORTE;FABRICAÇÃO DE OUTROS EQUIPAMENTOS DE TRANSPORTE, EXCETO VEÍCULOS AUTOMOTORES;5.1558;11138644218.7332
2020;Estados Unidos;0610;Extração de petróleo bruto;1359496187;06;0680;Extração de petróleo e gás, inclusive as atividades de apoio;0600;06;B;06;EXTRACCIÓN DE PETRÓLEO CRUDO Y GAS NATURAL;EXTRAÇÃO DE PETRÓLEO E GÁS NATURAL;5.1558;7009290440.9346
2020;Estados Unidos;1701;Fabricação de polpa, papel e cartão;1034570246;17;1700;Fabricação de celulose, papel e produtos de papel;1710;17;C;17;FABRICACIÓN DE PAPEL Y DE PRODUCTOS DE PAPEL;FABRICAÇÃO DE CELULOSE, PAPEL E PRODUTOS DE PAPEL;5.1558;5334037274.3268
2020;Estados Unidos;2011;Fabricação de produtos químicos básicos;999061549;201;1992;Fabricação de biocombustíveis;1931;193;C;201;Fabricación de sustancias químicas básicas, de abonos y compuestos de nitrógeno y de plásticos y caucho sintético en formas primarias;Fabricação de biocombustíveis;5.1558;5150961534.3342
2020;Estados Unidos;0127;Cultivo de bebidas da safra;932177328;012;0191;Agricultura, inclusive o apoio à agricultura e a pós-colheita;0111;011;A;012;Cultivo de plantas perennes;Produção de lavouras temporárias;5.1558;4806119867.7024
2020;Estados Unidos;2824;Fabricação de máquinas para mineração, exploração de pedreiras e construção;742362047;28;2800;Fabricação de máquinas e equipamentos mecânicos;2811;28;C;28;FABRICACIÓN DE MAQUINARIA Y EQUIPO N.C.P.;FABRICAÇÃO DE MÁQUINAS E EQUIPAMENTOS;5.1558;3827470241.9226003
2020;Estados Unidos;1920;Fabricação de produtos petrolíferos refinados;711617867;192;1991;Refino de petróleo e coquerias;1921;192;C;192;Fabricación de productos de la refinación del petróleo;Fabricação de produtos derivados do petróleo;5.1558;3668959398.6786003
2020;Estados Unidos;2710;Fabricação de motores elétricos, geradores, transformadores e aparelhos de distribuição e controle de energia elétrica;683193285;27;2700;Fabricação de máquinas e equipamentos elétricos;2710;27;C;27;FABRICACIÓN DE EQUIPO ELÉCTRICO;FABRICAÇÃO DE MÁQUINAS, APARELHOS E MATERIAIS ELÉTRICOS;5.1558;3522407938.803
2020;Estados Unidos;2420;Fabricação de metais preciosos e outros metais não ferrosos;664093512;242;2492;Metalurgia de metais não ferosos e a fundição de metais;2441;244;C;242;Fabricación de productos primarios de metales preciosos y otros metales no ferrosos;Metalurgia dos metais não-ferrosos;5.1558;3423933329.1696
2020;Estados Unidos;1610;Serração e aplainamento de madeira;634982755;16;1500;Fabricação de calçados e de artefatos de couro;1510;15;C;16;"PRODUCCIÓN DE MADERA Y FABRICACIÓN DE PRODUCTOS DE MADERA Y CORCHO, EXCEPTO MUEBLES; FABRICACIÓN DE ARTÍCULOS DE PAJA Y DE MATERIALES TRENZABLES";PREPARAÇÃO DE COUROS E FABRICAÇÃO DE ARTEFATOS DE COURO, ARTIGOS PARA VIAGEM E CALÇADOS;5.1558;3273844088.229
2020;Estados Unidos;2396;Corte, moldagem e acabamento de pedra;617026839;23;2300;Fabricação de produtos de minerais não metálicos;2311;23;C;23;FABRICACIÓN DE OTROS PRODUCTOS MINERALES NO METÁLICOS;FABRICAÇÃO DE PRODUTOS DE MINERAIS NÃO-METÁLICOS;5.1558;3181266976.5162
2020;Estados Unidos;1010;Processamento e conservação de carne;556522597;101;1091;Abate e produtos de carne, inclusive os produtos do laticínio e da pesca;1011;101;C;101;Elaboración y conservación de carne;Abate e fabricação de produtos de carne;5.1558;2869319205.6126003
2020;Estados Unidos;2930;Fabricação de peças e acessórios para veículos automotores;521867041;293;2992;Fabricação de peças e acessórios para veículos automotores;2941;294;C;293;Fabricación de partes, piezas y accesorios para vehículos automotores;Fabricação de peças e acessórios para veículos automotores;5.1558;2690642089.9878
2020;Estados Unidos;1621;Fabricação de folheados e painéis derivados de madeira;394257919;16;1500;Fabricação de calçados e de artefatos de couro;1510;15;C;16;"PRODUCCIÓN DE MADERA Y FABRICACIÓN DE PRODUCTOS DE MADERA Y CORCHO, EXCEPTO MUEBLES; FABRICACIÓN DE ARTÍCULOS DE PAJA Y DE MATERIALES TRENZABLES";PREPARAÇÃO DE COUROS E FABRICAÇÃO DE ARTEFATOS DE COURO, ARTIGOS PARA VIAGEM E CALÇADOS;5.1558;2032714978.7802
2020;Estados Unidos;1030;Processamento e conservação de frutas e legumes;358476263;103;1093;Outros produtos alimentares;1031;103;C;103;Elaboración y conservación de frutas, legumbres y hortalizas;Fabricação de conservas de frutas, legumes e outros vegetais;5.1558;1848231916.7754002
2020;Estados Unidos;1622;Fabricação de carpintaria e marcenaria de construtores;348232730;16;1500;Fabricação de calçados e de artefatos de couro;1510;15;C;16;"PRODUCCIÓN DE MADERA Y FABRICACIÓN DE PRODUCTOS DE MADERA Y CORCHO, EXCEPTO MUEBLES; FABRICACIÓN DE ARTÍCULOS DE PAJA Y DE MATERIALES TRENZABLES";PREPARAÇÃO DE COUROS E FABRICAÇÃO DE ARTEFATOS DE COURO, ARTIGOS PARA VIAGEM E CALÇADOS;5.1558;1795418309.334
2020;Estados Unidos;2029;Fabricação de outros produtos químicos n.c;343376539;202;2092;Fabricação de defensivos, desinfestantes, tintas e químicos diversos;2051;205;C;202;Fabricación de otros productos químicos;Fabricação de defensivos agrícolas e desinfestantes domissanitários;5.1558;1770380759.7762
2020;Estados Unidos;2211;"Fabricação de pneus e tubos; recauchutagem e reconstrução de pneus de borracha";300326647;22;1500;Fabricação de calçados e de artefatos de couro;1510;15;C;22;FABRICACIÓN DE PRODUCTOS DE CAUCHO Y PLÁSTICO;PREPARAÇÃO DE COUROS E FABRICAÇÃO DE ARTEFATOS DE COURO, ARTIGOS PARA VIAGEM E CALÇADOS;5.1558;1548424126.6026
2020;Estados Unidos;1072;Fabricação de açúcar;296796306;107;1092;Fabricação e refino de açúcar;1071;107;C;107;Elaboración de otros productos alimenticios;Fabricação e refino de açúcar;5.1558;1530222394.4748
2020;Estados Unidos;3100;Fabricação de móveis;269590417;31;3180;Fabricação de móveis e de produtos de indústrias diversas;3101;31;C;31;FABRICACIÓN DE MUEBLES;FABRICAÇÃO DE MÓVEIS;5.1558;1389954271.9686
2020;Estados Unidos;2813;Fabricação de outras bombas, compressores, torneiras e válvulas;231697805;28;2800;Fabricação de máquinas e equipamentos mecânicos;2811;28;C;28;FABRICACIÓN DE MAQUINARIA Y EQUIPO N.C.P.;FABRICAÇÃO DE MÁQUINAS E EQUIPAMENTOS;5.1558;1194587543.019
2020;Estados Unidos;2599;Fabricação de outros produtos metálicos fabricados n.c;225229214;25;2500;Fabricação de produtos de metal, exceto máquinas e equipamentos;2511;25;C;25;FABRICACIÓN DE PRODUCTOS ELABORADOS DE METAL, EXCEPTO MAQUINARIA Y EQUIPO;FABRICAÇÃO DE PRODUTOS DE METAL, EXCETO MÁQUINAS E EQUIPAMENTOS;5.1558;1161236781.5412
2020;Estados Unidos;1079;Fabricação de outros produtos alimentícios n.c;216873168;107;1092;Fabricação e refino de açúcar;1071;107;C;107;Elaboración de otros productos alimenticios;Fabricação e refino de açúcar;5.1558;1118154679.5744
2020;Estados Unidos;2814;Fabricação de rolamentos, engrenagens, engrenagens e elementos de acionamento;208007599;28;2800;Fabricação de máquinas e equipamentos mecânicos;2811;28;C;28;FABRICACIÓN DE MAQUINARIA Y EQUIPO N.C.P.;FABRICAÇÃO DE MÁQUINAS E EQUIPAMENTOS;5.1558;1072445578.9242
2020;Estados Unidos;0710;Extração de minério de ferro;203743182;071;0791;Extração de minério de ferro, inclusive beneficiamento e a aglomeração;0710;071;B;071;Extracción de minerales de hierro;Extração de minério de ferro;5.1558;1050459097.7556
2020;Estados Unidos;1511;Curtimento e vestuário de couro;187082181;15;1500;Fabricação de calçados e de artefatos de couro;1510;15;C;15;FABRICACIÓN DE PRODUCTOS DE CUERO Y PRODUCTOS CONEXOS;PREPARAÇÃO DE COUROS E FABRICAÇÃO DE ARTEFATOS DE COURO, ARTIGOS PARA VIAGEM E CALÇADOS;5.1558;964558308.7998
2020;Estados Unidos;2520;Fabricação de armas e munições;185141508;25;2500;Fabricação de produtos de metal, exceto máquinas e equipamentos;2511;25;C;25;FABRICACIÓN DE PRODUCTOS ELABORADOS DE METAL, EXCEPTO MAQUINARIA Y EQUIPO;FABRICAÇÃO DE PRODUTOS DE METAL, EXCETO MÁQUINAS E EQUIPAMENTOS;5.1558;954552586.9464
2020;Estados Unidos;2100;Fabricação de produtos farmacêuticos, produtos químicos medicinais e botânicos;180399048;21;2100;Fabricação de produtos farmoquímicos e farmacêuticos;2110;21;C;21;FABRICACIÓN DE PRODUCTOS FARMACÉUTICOS, SUSTANCIAS QUÍMICAS MEDICINALES Y PRODUCTOS BOTÁNICOS DE USO FARMACÉUTICO;FABRICAÇÃO DE PRODUTOS FARMOQUÍMICOS E FARMACÊUTICOS;5.1558;930101411.6784
2020;Estados Unidos;3250;Fabricação de instrumentos e suprimentos médicos e odontológicos;148977745;32;3180;Fabricação de móveis e de produtos de indústrias diversas;3211;32;C;32;OTRAS INDUSTRIAS MANUFACTURERAS;FABRICAÇÃO DE PRODUTOS DIVERSOS;5.1558;768099457.671
2020;Estados Unidos;1520;Fabricação de calçado;139115622;15;1500;Fabricação de calçados e de artefatos de couro;1510;15;C;15;FABRICACIÓN DE PRODUCTOS DE CUERO Y PRODUCTOS CONEXOS;PREPARAÇÃO DE COUROS E FABRICAÇÃO DE ARTEFATOS DE COURO, ARTIGOS PARA VIAGEM E CALÇADOS;5.1558;717252323.9076
2020;Estados Unidos;2220;Fabricação de produtos plásticos;134231344;22;1500;Fabricação de calçados e de artefatos de couro;1510;15;C;22;FABRICACIÓN DE PRODUCTOS DE CAUCHO Y PLÁSTICO;PREPARAÇÃO DE COUROS E FABRICAÇÃO DE ARTEFATOS DE COURO, ARTIGOS PARA VIAGEM E CALÇADOS;5.1558;692069963.3952
2020;Estados Unidos;2013;Fabricação de plásticos e borracha sintética em formas primárias;128472343;201;1992;Fabricação de biocombustíveis;1931;193;C;201;Fabricación de sustancias químicas básicas, de abonos y compuestos de nitrógeno y de plásticos y caucho sintético en formas primarias;Fabricação de biocombustíveis;5.1558;662377706.0394
2020;Estados Unidos;2392;Fabricação de materiais de construção de argila;126411135;23;2300;Fabricação de produtos de minerais não metálicos;2311;23;C;23;FABRICACIÓN DE OTROS PRODUCTOS MINERALES NO METÁLICOS;FABRICAÇÃO DE PRODUTOS DE MINERAIS NÃO-METÁLICOS;5.1558;651750529.8330001
2020;Estados Unidos;1200;Fabricação de produtos de tabaco;120385430;12;1200;Fabricação de produtos do fumo;1210;12;C;12;ELABORACIÓN DE PRODUCTOS DE TABACO;FABRICAÇÃO DE PRODUTOS DO FUMO;5.1558;620683199.9940001
2020;Estados Unidos;1020;Processamento e conservação de peixes, crustáceos e moluscos;113806481;102;1091;Abate e produtos de carne, inclusive os produtos do laticínio e da pesca;1020;102;C;102;Elaboración y conservación de pescado, crustáceos y moluscos;Preservação do pescado e fabricação de produtos do pescado;5.1558;586763454.7398
2020;Estados Unidos;1073;Fabricação de cacau, chocolate e produtos de confeitaria;103471169;107;1092;Fabricação e refino de açúcar;1071;107;C;107;Elaboración de otros productos alimenticios;Fabricação e refino de açúcar;5.1558;533476653.1302
2020;Estados Unidos;2821;Fabricação de maquinaria agrícola e florestal;91491361;28;2800;Fabricação de máquinas e equipamentos mecânicos;2811;28;C;28;FABRICACIÓN DE MAQUINARIA Y EQUIPO N.C.P.;FABRICAÇÃO DE MÁQUINAS E EQUIPAMENTOS;5.1558;471711159.0438
2020;Estados Unidos;2651;Fabricação de equipamentos de medição, teste, navegação e controle;85645304;26;2600;Fabricação de equipamentos de informática, produtos eletrônicos e ópticos;2610;26;C;26;FABRICACIÓN DE PRODUCTOS DE INFORMÁTICA, DE ELECTRÓNICA Y DE ÓPTICA;FABRICAÇÃO DE EQUIPAMENTOS DE INFORMÁTICA, PRODUTOS ELETRÔNICOS E ÓPTICOS;5.1558;441570058.3632
2020;Estados Unidos;2819;Fabricação de outras máquinas para uso geral;79360043;28;2800;Fabricação de máquinas e equipamentos mecânicos;2811;28;C;28;FABRICACIÓN DE MAQUINARIA Y EQUIPO N.C.P.;FABRICAÇÃO DE MÁQUINAS E EQUIPAMENTOS;5.1558;409164509.6994
2020;Estados Unidos;0149;Criação de outros animais;71323149;014;0192;Pecuária, inclusive o apoio à pecuária;0151;015;A;014;Ganadería;Pecuária;5.1558;367727891.6142
2020;Estados Unidos;3290;Outras manufaturas n.c.;68873588;32;3180;Fabricação de móveis e de produtos de indústrias diversas;3211;32;C;32;OTRAS INDUSTRIAS MANUFACTURERAS;FABRICAÇÃO DE PRODUTOS DIVERSOS;5.1558;355098445.0104
2020;Estados Unidos;2593;Fabricação de cutelaria, ferramentas manuais e ferragens em geral;65156578;25;2500;Fabricação de produtos de metal, exceto máquinas e equipamentos;2511;25;C;25;FABRICACIÓN DE PRODUCTOS ELABORADOS DE METAL, EXCEPTO MAQUINARIA Y EQUIPO;FABRICAÇÃO DE PRODUTOS DE METAL, EXCETO MÁQUINAS E EQUIPAMENTOS;5.1558;335934284.8524
2020;Estados Unidos;3211;Fabricação de joalharia e artigos afins;61437796;32;3180;Fabricação de móveis e de produtos de indústrias diversas;3211;32;C;32;OTRAS INDUSTRIAS MANUFACTURERAS;FABRICAÇÃO DE PRODUTOS DIVERSOS;5.1558;316760988.6168
2020;Estados Unidos;0113;Cultivo de hortaliças e melões, raízes e tubérculos;59753447;011;0191;Agricultura, inclusive o apoio à agricultura e a pós-colheita;0111;011;A;011;Cultivo de plantas no perenes;Produção de lavouras temporárias;5.1558;308076822.04260004
2020;Estados Unidos;1061;Fabricação de produtos de moagem de grãos;57483233;106;1093;Outros produtos alimentares;1061;106;C;106;Elaboración de productos de molinería, almidones y productos derivados del almidón;Moagem, fabricação de produtos amiláceos e de alimentos para animais;5.1558;296372052.7014
2020;Estados Unidos;2829;Fabricação de outras máquinas para fins especiais;56630486;28;2800;Fabricação de máquinas e equipamentos mecânicos;2811;28;C;28;FABRICACIÓN DE MAQUINARIA Y EQUIPO N.C.P.;FABRICAÇÃO DE MÁQUINAS E EQUIPAMENTOS;5.1558;291975459.7188
2020;Estados Unidos;2630;Fabricação de equipamentos de comunicação;55155063;26;2600;Fabricação de equipamentos de informática, produtos eletrônicos e ópticos;2610;26;C;26;FABRICACIÓN DE PRODUCTOS DE INFORMÁTICA, DE ELECTRÓNICA Y DE ÓPTICA;FABRICAÇÃO DE EQUIPAMENTOS DE INFORMÁTICA, PRODUTOS ELETRÔNICOS E ÓPTICOS;5.1558;284368473.8154
2020;Estados Unidos;2822;Fabricação de máquinas e máquinas-ferramentas para moldagem de metais;51583329;28;2800;Fabricação de máquinas e equipamentos mecânicos;2811;28;C;28;FABRICACIÓN DE MAQUINARIA Y EQUIPO N.C.P.;FABRICAÇÃO DE MÁQUINAS E EQUIPAMENTOS;5.1558;265953327.6582
2020;Estados Unidos;0128;Cultivo de especiarias, culturas aromáticas, medicamentosas e farmacêuticas;50535220;012;0191;Agricultura, inclusive o apoio à agricultura e a pós-colheita;0111;011;A;012;Cultivo de plantas perennes;Produção de lavouras temporárias;5.1558;260549487.27600002
2020;Estados Unidos;1629;"Fabricação de outros produtos de madeira; fabricação de artigos de cortiça, de espartaria e cestaria";44919038;16;1500;Fabricação de calçados e de artefatos de couro;1510;15;C;16;"PRODUCCIÓN DE MADERA Y FABRICACIÓN DE PRODUCTOS DE MADERA Y CORCHO, EXCEPTO MUEBLES; FABRICACIÓN DE ARTÍCULOS DE PAJA Y DE MATERIALES TRENZABLES";PREPARAÇÃO DE COUROS E FABRICAÇÃO DE ARTEFATOS DE COURO, ARTIGOS PARA VIAGEM E CALÇADOS;5.1558;231593576.1204
2020;Estados Unidos;2790;Fabricação de outro equipamento elétrico;44788346;27;2700;Fabricação de máquinas e equipamentos elétricos;2710;27;C;27;FABRICACIÓN DE EQUIPO ELÉCTRICO;FABRICAÇÃO DE MÁQUINAS, APARELHOS E MATERIAIS ELÉTRICOS;5.1558;230919754.3068
2020;Estados Unidos;2219;Fabricação de outros produtos de borracha;43881013;22;1500;Fabricação de calçados e de artefatos de couro;1510;15;C;22;FABRICACIÓN DE PRODUCTOS DE CAUCHO Y PLÁSTICO;PREPARAÇÃO DE COUROS E FABRICAÇÃO DE ARTEFATOS DE COURO, ARTIGOS PARA VIAGEM E CALÇADOS;5.1558;226241726.8254
2020;Estados Unidos;2399;Fabricação de outros produtos minerais não metálicos n.c;43121066;23;2300;Fabricação de produtos de minerais não metálicos;2311;23;C;23;FABRICACIÓN DE OTROS PRODUCTOS MINERALES NO METÁLICOS;FABRICAÇÃO DE PRODUTOS DE MINERAIS NÃO-METÁLICOS;5.1558;222323592.0828
2020;Estados Unidos;9000;Atividades criativas, artes e entretenimento;41931342;90;9080;Atividades artísticas, criativas e de espetáculos;9001;90;R;90;ACTIVIDADES CREATIVAS, ARTÍSTICAS Y DE ENTRETENIMIENTO;ATIVIDADES ARTÍSTICAS, CRIATIVAS E DE ESPETÁCULOS;5.1558;216189613.0836
2020;Estados Unidos;2811;Fabricação de motores e turbinas, exceto aeronaves, veículos e motores de ciclo;41809498;28;2800;Fabricação de máquinas e equipamentos mecânicos;2811;28;C;28;FABRICACIÓN DE MAQUINARIA Y EQUIPO N.C.P.;FABRICAÇÃO DE MÁQUINAS E EQUIPAMENTOS;5.1558;215561409.7884
2020;Estados Unidos;2610;Fabricação de componentes eletrônicos e placas;40826410;26;2600;Fabricação de equipamentos de informática, produtos eletrônicos e ópticos;2610;26;C;26;FABRICACIÓN DE PRODUCTOS DE INFORMÁTICA, DE ELECTRÓNICA Y DE ÓPTICA;FABRICAÇÃO DE EQUIPAMENTOS DE INFORMÁTICA, PRODUTOS ELETRÔNICOS E ÓPTICOS;5.1558;210492804.678
2020;Estados Unidos;0899;Outras atividades de mineração n.c;40624505;08;0580;Extração de carvão mineral e de minerais não metálicos;0810;08;B;08;EXPLOTACIÓN DE OTRAS MINAS Y CANTERAS;EXTRAÇÃO DE MINERAIS NÃO-METÁLICOS;5.1558;209451822.879
2020;Estados Unidos;0125;Cultivo de outras frutas e nozes;40549816;012;0191;Agricultura, inclusive o apoio à agricultura e a pós-colheita;0111;011;A;012;Cultivo de plantas perennes;Produção de lavouras temporárias;5.1558;209066741.3328
2020;Estados Unidos;2732;Fabricação de outros fios e cabos elétricos e eletrônicos;39438575;27;2700;Fabricação de máquinas e equipamentos elétricos;2710;27;C;27;FABRICACIÓN DE EQUIPO ELÉCTRICO;FABRICAÇÃO DE MÁQUINAS, APARELHOS E MATERIAIS ELÉTRICOS;5.1558;203337404.985
2020;Estados Unidos;1040;Fabricação de óleos e gorduras vegetais e animais;36418794;104;1093;Outros produtos alimentares;1041;104;C;104;Elaboración de aceites y grasas de origen vegetal y animal;Fabricação de óleos e gorduras vegetais e animais;5.1558;187768018.1052
2020;Estados Unidos;2620;Fabricação de computadores e equipamentos periféricos;33227642;26;2600;Fabricação de equipamentos de informática, produtos eletrônicos e ópticos;2610;26;C;26;FABRICACIÓN DE PRODUCTOS DE INFORMÁTICA, DE ELECTRÓNICA Y DE ÓPTICA;FABRICAÇÃO DE EQUIPAMENTOS DE INFORMÁTICA, PRODUTOS ELETRÔNICOS E ÓPTICOS;5.1558;171315076.6236
2020;Estados Unidos;1071;Fabricação de produtos de panificação;32482003;107;1092;Fabricação e refino de açúcar;1071;107;C;107;Elaboración de otros productos alimenticios;Fabricação e refino de açúcar;5.1558;167470711.0674
2020;Estados Unidos;2823;Fabricação de máquinas para metalurgia;30539275;28;2800;Fabricação de máquinas e equipamentos mecânicos;2811;28;C;28;FABRICACIÓN DE MAQUINARIA Y EQUIPO N.C.P.;FABRICAÇÃO DE MÁQUINAS E EQUIPAMENTOS;5.1558;157454394.04500002
2020;Estados Unidos;0311;Pesca marinha;28441131;03;0280;"Produção florestal; pesca e aquicultura";0311;03;A;03;PESCA Y ACUICULTURA;PESCA E AQÜICULTURA;5.1558;146636783.2098
2020;Estados Unidos;2391;Fabricação de produtos refratários;28339776;23;2300;Fabricação de produtos de minerais não metálicos;2311;23;C;23;FABRICACIÓN DE OTROS PRODUCTOS MINERALES NO METÁLICOS;FABRICAÇÃO DE PRODUTOS DE MINERAIS NÃO-METÁLICOS;5.1558;146114217.1008
2020;Estados Unidos;0810;Extração de pedra, areia e argila;26701421;08;0580;Extração de carvão mineral e de minerais não metálicos;0810;08;B;08;EXPLOTACIÓN DE OTRAS MINAS Y CANTERAS;EXTRAÇÃO DE MINERAIS NÃO-METÁLICOS;5.1558;137667186.39180002
2020;Estados Unidos;1702;Fabricação de papel e cartão canelados e de embalagens de papel e cartão;23775987;17;1700;Fabricação de celulose, papel e produtos de papel;1710;17;C;17;FABRICACIÓN DE PAPEL Y DE PRODUCTOS DE PAPEL;FABRICAÇÃO DE CELULOSE, PAPEL E PRODUTOS DE PAPEL;5.1558;122584233.7746
2020;Estados Unidos;1394;Fabricação de cordéis, cordas, cordéis e redes;23382846;13;1300;Fabricação de produtos têxteis;1311;13;C;13;FABRICACIÓN DE PRODUCTOS TEXTILES;FABRICAÇÃO DE PRODUTOS TÊXTEIS;5.1558;120557277.4068
2020;Estados Unidos;0121;Cultivo de uvas;22376210;012;0191;Agricultura, inclusive o apoio à agricultura e a pós-colheita;0111;011;A;012;Cultivo de plantas perennes;Produção de lavouras temporárias;5.1558;115367263.518
2020;Estados Unidos;2640;Fabricação de produtos eletrônicos de consumo;22169471;26;2600;Fabricação de equipamentos de informática, produtos eletrônicos e ópticos;2610;26;C;26;FABRICACIÓN DE PRODUCTOS DE INFORMÁTICA, DE ELECTRÓNICA Y DE ÓPTICA;FABRICAÇÃO DE EQUIPAMENTOS DE INFORMÁTICA, PRODUTOS ELETRÔNICOS E ÓPTICOS;5.1558;114301358.5818
2020;Estados Unidos;2310;Fabricação de produtos de vidro e vidro;21646764;23;2300;Fabricação de produtos de minerais não metálicos;2311;23;C;23;FABRICACIÓN DE OTROS PRODUCTOS MINERALES NO METÁLICOS;FABRICAÇÃO DE PRODUTOS DE MINERAIS NÃO-METÁLICOS;5.1558;111606385.8312
2020;Estados Unidos;2023;Fabricação de sabão e detergentes, produtos de limpeza e polimento, perfumes e produtos de toilette;21551614;202;2092;Fabricação de defensivos, desinfestantes, tintas e químicos diversos;2051;205;C;202;Fabricación de otros productos químicos;Fabricação de defensivos agrícolas e desinfestantes domissanitários;5.1558;111115811.4612
2020;Estados Unidos;3091;Fabricação de motocicletas;18977770;30;3000;Fabricação de outros equipamentos de transporte, exceto veículos automotores;3011;30;C;30;FABRICACIÓN DE OTRO  EQUIPO DE TRANSPORTE;FABRICAÇÃO DE OUTROS EQUIPAMENTOS DE TRANSPORTE, EXCETO VEÍCULOS AUTOMOTORES;5.1558;97845586.566
2020;Estados Unidos;2825;Fabricação de máquinas para processamento de alimentos, bebidas e tabaco;18690926;28;2800;Fabricação de máquinas e equipamentos mecânicos;2811;28;C;28;FABRICACIÓN DE MAQUINARIA Y EQUIPO N.C.P.;FABRICAÇÃO DE MÁQUINAS E EQUIPAMENTOS;5.1558;96366676.27080001
2020;Estados Unidos;1709;Fabricação de outros artigos de papel e cartão;18427751;17;1700;Fabricação de celulose, papel e produtos de papel;1710;17;C;17;FABRICACIÓN DE PAPEL Y DE PRODUCTOS DE PAPEL;FABRICAÇÃO DE CELULOSE, PAPEL E PRODUTOS DE PAPEL;5.1558;95009798.6058
2020;Estados Unidos;0893;Extração de sal;17813643;08;0580;Extração de carvão mineral e de minerais não metálicos;0810;08;B;08;EXPLOTACIÓN DE OTRAS MINAS Y CANTERAS;EXTRAÇÃO DE MINERAIS NÃO-METÁLICOS;5.1558;91843580.5794
2020;Estados Unidos;2511;Fabricação de produtos metálicos estruturais;16917068;25;2500;Fabricação de produtos de metal, exceto máquinas e equipamentos;2511;25;C;25;FABRICACIÓN DE PRODUCTOS ELABORADOS DE METAL, EXCEPTO MAQUINARIA Y EQUIPO;FABRICAÇÃO DE PRODUTOS DE METAL, EXCETO MÁQUINAS E EQUIPAMENTOS;5.1558;87221019.1944
2020;Estados Unidos;2812;Fabricação de equipamentos para energia hidráulica;16711301;28;2800;Fabricação de máquinas e equipamentos mecânicos;2811;28;C;28;FABRICACIÓN DE MAQUINARIA Y EQUIPO N.C.P.;FABRICAÇÃO DE MÁQUINAS E EQUIPAMENTOS;5.1558;86160125.6958
2020;Estados Unidos;1410;Fabricação de vestuário, exceto vestuários de peles;16271284;14;1400;Confecção de artefatos do vestuário e acessórios;1411;14;C;14;FABRICACIÓN DE PRENDAS DE VESTIR;CONFECÇÃO DE ARTIGOS DO VESTUÁRIO E ACESSÓRIOS;5.1558;83891486.04720001
2020;Estados Unidos;1062;Fabricação de amidos e féculas;16042490;106;1093;Outros produtos alimentares;1061;106;C;106;Elaboración de productos de molinería, almidones y productos derivados del almidón;Moagem, fabricação de produtos amiláceos e de alimentos para animais;5.1558;82711869.942
2020;Estados Unidos;2660;Fabricação de equipamentos de irradiação, eletromédicos e eletroterapêuticos;14995913;26;2600;Fabricação de equipamentos de informática, produtos eletrônicos e ópticos;2610;26;C;26;FABRICACIÓN DE PRODUCTOS DE INFORMÁTICA, DE ELECTRÓNICA Y DE ÓPTICA;FABRICAÇÃO DE EQUIPAMENTOS DE INFORMÁTICA, PRODUTOS ELETRÔNICOS E ÓPTICOS;5.1558;77315928.2454
2020;Estados Unidos;1399;Fabricação de outros têxteis n.e.c.;14246430;13;1300;Fabricação de produtos têxteis;1311;13;C;13;FABRICACIÓN DE PRODUCTOS TEXTILES;FABRICAÇÃO DE PRODUTOS TÊXTEIS;5.1558;73451743.794
2020;Estados Unidos;2720;Fabricação de baterias e acumuladores;13315467;27;2700;Fabricação de máquinas e equipamentos elétricos;2710;27;C;27;FABRICACIÓN DE EQUIPO ELÉCTRICO;FABRICAÇÃO DE MÁQUINAS, APARELHOS E MATERIAIS ELÉTRICOS;5.1558;68651884.7586
2020;Estados Unidos;0729;Extração de outros minérios de metais não ferrosos;13261742;072;0792;Extração de minerais metálicos não ferrosos, inclusive beneficiamentos;0721;072;B;072;Extracción de minerales metalíferos no ferrosos;Extração de minerais metálicos não-ferrosos;5.1558;68374889.4036
2020;Estados Unidos;2816;Fabricação de equipamentos de elevação e manuseio;12928465;28;2800;Fabricação de máquinas e equipamentos mecânicos;2811;28;C;28;FABRICACIÓN DE MAQUINARIA Y EQUIPO N.C.P.;FABRICAÇÃO DE MÁQUINAS E EQUIPAMENTOS;5.1558;66656579.847
2020;Estados Unidos;3020;Fabricação de locomotivas e material circulante;12479038;30;3000;Fabricação de outros equipamentos de transporte, exceto veículos automotores;3011;30;C;30;FABRICACIÓN DE OTRO  EQUIPO DE TRANSPORTE;FABRICAÇÃO DE OUTROS EQUIPAMENTOS DE TRANSPORTE, EXCETO VEÍCULOS AUTOMOTORES;5.1558;64339424.120400004
2020;Estados Unidos;2030;Fabricação de fibras sintéticas ou artificiais;10462321;203;2091;Fabricação de químicos orgânicos e inorgânicos, resinas e elastômeros;2040;204;C;203;Fabricación de fibras artificiales;Fabricação de fibras artificiais e sintéticas;5.1558;53941634.6118
2020;Estados Unidos;1392;Fabricação de artigos têxteis confeccionados, exceto vestuário;10122578;13;1300;Fabricação de produtos têxteis;1311;13;C;13;FABRICACIÓN DE PRODUCTOS TEXTILES;FABRICAÇÃO DE PRODUTOS TÊXTEIS;5.1558;52189987.6524
2020;Estados Unidos;2395;Fabricação de artigos de concreto, cimento e gesso;9207150;23;2300;Fabricação de produtos de minerais não metálicos;2311;23;C;23;FABRICACIÓN DE OTROS PRODUCTOS MINERALES NO METÁLICOS;FABRICAÇÃO DE PRODUTOS DE MINERAIS NÃO-METÁLICOS;5.1558;47470223.97
2020;Estados Unidos;1050;Fabricação de produtos lácteos;8936080;105;1091;Abate e produtos de carne, inclusive os produtos do laticínio e da pesca;1051;105;C;105;Elaboración de productos lácteos;Laticínios;5.1558;46072641.264
2020;Estados Unidos;1623;Fabricação de embalagens de madeira;8777318;16;1500;Fabricação de calçados e de artefatos de couro;1510;15;C;16;"PRODUCCIÓN DE MADERA Y FABRICACIÓN DE PRODUCTOS DE MADERA Y CORCHO, EXCEPTO MUEBLES; FABRICACIÓN DE ARTÍCULOS DE PAJA Y DE MATERIALES TRENZABLES";PREPARAÇÃO DE COUROS E FABRICAÇÃO DE ARTEFATOS DE COURO, ARTIGOS PARA VIAGEM E CALÇADOS;5.1558;45254096.1444
2020;Estados Unidos;2512;Fabricação de tanques, reservatórios e recipientes de metal;8712264;25;2500;Fabricação de produtos de metal, exceto máquinas e equipamentos;2511;25;C;25;FABRICACIÓN DE PRODUCTOS ELABORADOS DE METAL, EXCEPTO MAQUINARIA Y EQUIPO;FABRICAÇÃO DE PRODUTOS DE METAL, EXCETO MÁQUINAS E EQUIPAMENTOS;5.1558;44918690.7312
2020;Estados Unidos;2022;Fabricação de tintas, vernizes e produtos similares, tintas de impressão e mástiques;7878895;202;2092;Fabricação de defensivos, desinfestantes, tintas e químicos diversos;2051;205;C;202;Fabricación de otros productos químicos;Fabricação de defensivos agrícolas e desinfestantes domissanitários;5.1558;40622006.841
2020;Estados Unidos;1311;Preparação e fiação de fibras têxteis;7670642;13;1300;Fabricação de produtos têxteis;1311;13;C;13;FABRICACIÓN DE PRODUCTOS TEXTILES;FABRICAÇÃO DE PRODUTOS TÊXTEIS;5.1558;39548296.023600005
2020;Estados Unidos;1512;Fabricação de malas, bolsas e semelhantes, selaria e arreios;7611203;15;1500;Fabricação de calçados e de artefatos de couro;1510;15;C;15;FABRICACIÓN DE PRODUCTOS DE CUERO Y PRODUCTOS CONEXOS;PREPARAÇÃO DE COUROS E FABRICAÇÃO DE ARTEFATOS DE COURO, ARTIGOS PARA VIAGEM E CALÇADOS;5.1558;39241840.4274
2020;Estados Unidos;2431;Fundição de ferro e aço;7513609;243;2492;Metalurgia de metais não ferosos e a fundição de metais;2451;245;C;243;Fundición de metales;Fundição;5.1558;38738665.2822
2020;Estados Unidos;2910;Fabricação de veículos automotores;7469389;291;2991;Fabricação de automóveis, caminhões e ônibus, exceto peças;2910;291;C;291;Fabricación de vehículos automotores;Fabricação de automóveis, camionetas e utilitários;5.1558;38510675.8062
2020;Estados Unidos;3012;Construção de barcos de recreio e desportivos;7347147;30;3000;Fabricação de outros equipamentos de transporte, exceto veículos automotores;3011;30;C;30;FABRICACIÓN DE OTRO  EQUIPO DE TRANSPORTE;FABRICAÇÃO DE OUTROS EQUIPAMENTOS DE TRANSPORTE, EXCETO VEÍCULOS AUTOMOTORES;5.1558;37880420.5026
2020;Estados Unidos;2818;Fabricação de ferramentas manuais acionadas por motor;6994683;28;2800;Fabricação de máquinas e equipamentos mecânicos;2811;28;C;28;FABRICACIÓN DE MAQUINARIA Y EQUIPO N.C.P.;FABRICAÇÃO DE MÁQUINAS E EQUIPAMENTOS;5.1558;36063186.6114
2020;Estados Unidos;0111;Cultivo de cereais (exceto arroz), leguminosas e oleaginosas;6788527;011;0191;Agricultura, inclusive o apoio à agricultura e a pós-colheita;0111;011;A;011;Cultivo de plantas no perenes;Produção de lavouras temporárias;5.1558;35000287.5066
2020;Estados Unidos;2652;Fabricação de cronomêtros e relógios;6341790;26;2600;Fabricação de equipamentos de informática, produtos eletrônicos e ópticos;2610;26;C;26;FABRICACIÓN DE PRODUCTOS DE INFORMÁTICA, DE ELECTRÓNICA Y DE ÓPTICA;FABRICAÇÃO DE EQUIPAMENTOS DE INFORMÁTICA, PRODUTOS ELETRÔNICOS E ÓPTICOS;5.1558;32697000.882
2020;Estados Unidos;3212;Fabricação de bijuterias e artigos relacionados;6024461;32;3180;Fabricação de móveis e de produtos de indústrias diversas;3211;32;C;32;OTRAS INDUSTRIAS MANUFACTURERAS;FABRICAÇÃO DE PRODUTOS DIVERSOS;5.1558;31060916.0238
2020;Estados Unidos;1391;Fabricação de tecidos de malha;5666416;13;1300;Fabricação de produtos têxteis;1311;13;C;13;FABRICACIÓN DE PRODUCTOS TEXTILES;FABRICAÇÃO DE PRODUTOS TÊXTEIS;5.1558;29214907.612800002
2020;Estados Unidos;1104;"Fabricação de refrigerantes; produção de águas minerais e outras águas engarrafadas";5108497;11;1100;Fabricação de bebidas;1111;11;C;11;ELABORACIÓN DE BEBIDAS;FABRICAÇÃO DE BEBIDAS;5.1558;26338388.8326
2020;Estados Unidos;1080;Fabricação de alimentos para animais;5072171;108;1093;Outros produtos alimentares;1061;106;C;108;Elaboración de piensos preparados para animales;Moagem, fabricação de produtos amiláceos e de alimentos para animais;5.1558;26151099.2418
2020;Estados Unidos;1312;Tecelagem de têxteis;5004254;13;1300;Fabricação de produtos têxteis;1311;13;C;13;FABRICACIÓN DE PRODUCTOS TEXTILES;FABRICAÇÃO DE PRODUTOS TÊXTEIS;5.1558;25800932.7732
2020;Estados Unidos;2826;Fabricação de máquinas para produção de têxteis, vestuário e couro;4917863;28;2800;Fabricação de máquinas e equipamentos mecânicos;2811;28;C;28;FABRICACIÓN DE MAQUINARIA Y EQUIPO N.C.P.;FABRICAÇÃO DE MÁQUINAS E EQUIPAMENTOS;5.1558;25355518.0554
2020;Estados Unidos;2393;Fabricação de outros produtos de porcelana e cerâmica;4437992;23;2300;Fabricação de produtos de minerais não metálicos;2311;23;C;23;FABRICACIÓN DE OTROS PRODUCTOS MINERALES NO METÁLICOS;FABRICAÇÃO DE PRODUTOS DE MINERAIS NÃO-METÁLICOS;5.1558;22881399.1536
2020;Estados Unidos;0220;Exploração madeireira;4402635;02;0280;"Produção florestal; pesca e aquicultura";0210;02;A;02;SILVICULTURA Y EXTRACCIÓN DE MADERA;PRODUÇÃO FLORESTAL;5.1558;22699105.533
2020;Estados Unidos;0142;Criação de cavalos e outros equinos;4161084;014;0192;Pecuária, inclusive o apoio à pecuária;0151;015;A;014;Ganadería;Pecuária;5.1558;21453716.8872
2020;Estados Unidos;2750;Fabricação de eletrodomésticos;4146457;27;2700;Fabricação de máquinas e equipamentos elétricos;2710;27;C;27;FABRICACIÓN DE EQUIPO ELÉCTRICO;FABRICAÇÃO DE MÁQUINAS, APARELHOS E MATERIAIS ELÉTRICOS;5.1558;21378303.0006
2020;Estados Unidos;1101;Fabricação de aguardentes e outras bebidas destiladas;3989271;11;1100;Fabricação de bebidas;1111;11;C;11;ELABORACIÓN DE BEBIDAS;FABRICAÇÃO DE BEBIDAS;5.1558;20567883.421800002
2020;Estados Unidos;3011;Construção de navios e estruturas flutuantes;3969475;30;3000;Fabricação de outros equipamentos de transporte, exceto veículos automotores;3011;30;C;30;FABRICACIÓN DE OTRO  EQUIPO DE TRANSPORTE;FABRICAÇÃO DE OUTROS EQUIPAMENTOS DE TRANSPORTE, EXCETO VEÍCULOS AUTOMOTORES;5.1558;20465819.205000002
2020;Estados Unidos;2815;Fabricação de fornos, fornos e queimadores de fornos;3688951;28;2800;Fabricação de máquinas e equipamentos mecânicos;2811;28;C;28;FABRICACIÓN DE MAQUINARIA Y EQUIPO N.C.P.;FABRICAÇÃO DE MÁQUINAS E EQUIPAMENTOS;5.1558;19019493.5658
2020;Estados Unidos;2021;Fabricação de pesticidas e outros produtos agroquímicos;3675590;202;2092;Fabricação de defensivos, desinfestantes, tintas e químicos diversos;2051;205;C;202;Fabricación de otros productos químicos;Fabricação de defensivos agrícolas e desinfestantes domissanitários;5.1558;18950606.922000002
2020;Estados Unidos;5811;Publicação de livros;3074793;58;5800;Edição e edição integrada à impressão;5811;58;J;58;ACTIVIDADES DE EDICIÓN;EDIÇÃO E EDIÇÃO INTEGRADA À IMPRESSÃO;5.1558;15853017.749400001
2020;Estados Unidos;1074;Fabricação de macarrão, talharim, cuscuz e produtos farináceos semelhantes;2691362;107;1092;Fabricação e refino de açúcar;1071;107;C;107;Elaboración de otros productos alimenticios;Fabricação e refino de açúcar;5.1558;13876124.1996
2020;Estados Unidos;2731;Fabricação de cabos de fibra ótica;2606751;27;2700;Fabricação de máquinas e equipamentos elétricos;2710;27;C;27;FABRICACIÓN DE EQUIPO ELÉCTRICO;FABRICAÇÃO DE MÁQUINAS, APARELHOS E MATERIAIS ELÉTRICOS;5.1558;13439886.8058
2020;Estados Unidos;2740;Fabricação de equipamentos de iluminação elétrica;2384305;27;2700;Fabricação de máquinas e equipamentos elétricos;2710;27;C;27;FABRICACIÓN DE EQUIPO ELÉCTRICO;FABRICAÇÃO DE MÁQUINAS, APARELHOS E MATERIAIS ELÉTRICOS;5.1558;12292999.719
2020;Estados Unidos;2817;Fabricação de máquinas e equipamentos de escritório (exceto computadores e equipamentos periféricos);2369398;28;2800;Fabricação de máquinas e equipamentos mecânicos;2811;28;C;28;FABRICACIÓN DE MAQUINARIA Y EQUIPO N.C.P.;FABRICAÇÃO DE MÁQUINAS E EQUIPAMENTOS;5.1558;12216142.2084
2020;Estados Unidos;1102;Fabricação de vinhos;2295657;11;1100;Fabricação de bebidas;1111;11;C;11;ELABORACIÓN DE BEBIDAS;FABRICAÇÃO DE BEBIDAS;5.1558;11835948.3606
2020;Estados Unidos;1420;Fabricação de artigos de peles;1897810;14;1400;Confecção de artefatos do vestuário e acessórios;1411;14;C;14;FABRICACIÓN DE PRENDAS DE VESTIR;CONFECÇÃO DE ARTIGOS DO VESTUÁRIO E ACESSÓRIOS;5.1558;9784728.798
2020;Estados Unidos;1430;Fabricação de vestuário de malha;1689603;14;1400;Confecção de artefatos do vestuário e acessórios;1411;14;C;14;FABRICACIÓN DE PRENDAS DE VESTIR;CONFECÇÃO DE ARTIGOS DO VESTUÁRIO E ACESSÓRIOS;5.1558;8711255.147400001
2020;Estados Unidos;2680;Fabricação de mídia magnética e óptica;1584563;26;2600;Fabricação de equipamentos de informática, produtos eletrônicos e ópticos;2610;26;C;26;FABRICACIÓN DE PRODUCTOS DE INFORMÁTICA, DE ELECTRÓNICA Y DE ÓPTICA;FABRICAÇÃO DE EQUIPAMENTOS DE INFORMÁTICA, PRODUTOS ELETRÔNICOS E ÓPTICOS;5.1558;8169689.9154
2020;Estados Unidos;3220;Fabricação de instrumentos musicais;1425711;32;3180;Fabricação de móveis e de produtos de indústrias diversas;3211;32;C;32;OTRAS INDUSTRIAS MANUFACTURERAS;FABRICAÇÃO DE PRODUTOS DIVERSOS;5.1558;7350680.773800001
2020;Estados Unidos;1393;Fabricação de tapetes e tapetes;1391734;13;1300;Fabricação de produtos têxteis;1311;13;C;13;FABRICACIÓN DE PRODUCTOS TEXTILES;FABRICAÇÃO DE PRODUTOS TÊXTEIS;5.1558;7175502.1572
2020;Estados Unidos;5819;Outras atividades de publicação;1347032;58;5800;Edição e edição integrada à impressão;5811;58;J;58;ACTIVIDADES DE EDICIÓN;EDIÇÃO E EDIÇÃO INTEGRADA À IMPRESSÃO;5.1558;6945027.5856
2020;Estados Unidos;3240;Fabricação de jogos e brinquedos;1296210;32;3180;Fabricação de móveis e de produtos de indústrias diversas;3211;32;C;32;OTRAS INDUSTRIAS MANUFACTURERAS;FABRICAÇÃO DE PRODUTOS DIVERSOS;5.1558;6682999.518
2020;Estados Unidos;3230;Fabricação de artigos esportivos;1295483;32;3180;Fabricação de móveis e de produtos de indústrias diversas;3211;32;C;32;OTRAS INDUSTRIAS MANUFACTURERAS;FABRICAÇÃO DE PRODUTOS DIVERSOS;5.1558;6679251.2514
2020;Estados Unidos;0321;Aquicultura marinha;1105396;03;0280;"Produção florestal; pesca e aquicultura";0311;03;A;03;PESCA Y ACUICULTURA;PESCA E AQÜICULTURA;5.1558;5699200.6968
2020;Estados Unidos;0115;Cultivo de tabaco;1063722;011;0191;Agricultura, inclusive o apoio à agricultura e a pós-colheita;0111;011;A;011;Cultivo de plantas no perenes;Produção de lavouras temporárias;5.1558;5484337.8876
2020;Estados Unidos;2920;"Fabricação de carroçarias para veículos automotores; fabricação de reboques e semi-reboques";1047534;292;2991;Fabricação de automóveis, caminhões e ônibus, exceto peças;2930;293;C;292;"Fabricación de carrocerías para vehículos automotores; fabricación de remolques y semirremolques";Fabricação de cabines, carrocerias e reboques para veículos automotores;5.1558;5400875.7972
2020;Estados Unidos;0230;Coleta de produtos florestais não madeireiros;1031691;02;0280;"Produção florestal; pesca e aquicultura";0210;02;A;02;SILVICULTURA Y EXTRACCIÓN DE MADERA;PRODUÇÃO FLORESTAL;5.1558;5319192.4578
2020;Estados Unidos;0116;Cultivo de culturas de fibra;924273;011;0191;Agricultura, inclusive o apoio à agricultura e a pós-colheita;0111;011;A;011;Cultivo de plantas no perenes;Produção de lavouras temporárias;5.1558;4765366.7334
2020;Estados Unidos;2012;Fabricação de fertilizantes e compostos nitrogenados;917199;201;1992;Fabricação de biocombustíveis;1931;193;C;201;Fabricación de sustancias químicas básicas, de abonos y compuestos de nitrógeno y de plásticos y caucho sintético en formas primarias;Fabricação de biocombustíveis;5.1558;4728894.6042
2020;Estados Unidos;3092;Fabricação de bicicletas e carruagens inválidas;858360;30;3000;Fabricação de outros equipamentos de transporte, exceto veículos automotores;3011;30;C;30;FABRICACIÓN DE OTRO  EQUIPO DE TRANSPORTE;FABRICAÇÃO DE OUTROS EQUIPAMENTOS DE TRANSPORTE, EXCETO VEÍCULOS AUTOMOTORES;5.1558;4425532.488
2020;Estados Unidos;2670;Fabricação de instrumentos ópticos e equipamento fotográfico;835916;26;2600;Fabricação de equipamentos de informática, produtos eletrônicos e ópticos;2610;26;C;26;FABRICACIÓN DE PRODUCTOS DE INFORMÁTICA, DE ELECTRÓNICA Y DE ÓPTICA;FABRICAÇÃO DE EQUIPAMENTOS DE INFORMÁTICA, PRODUTOS ELETRÔNICOS E ÓPTICOS;5.1558;4309815.7128
2020;Estados Unidos;2513;Fabricação de geradores de vapor, exceto caldeiras de aquecimento central de água quente;692288;25;2500;Fabricação de produtos de metal, exceto máquinas e equipamentos;2511;25;C;25;FABRICACIÓN DE PRODUCTOS ELABORADOS DE METAL, EXCEPTO MAQUINARIA Y EQUIPO;FABRICAÇÃO DE PRODUTOS DE METAL, EXCETO MÁQUINAS E EQUIPAMENTOS;5.1558;3569298.4704
2020;Estados Unidos;0130;Cultivo de plantas;652270;013;0191;Agricultura, inclusive o apoio à agricultura e a pós-colheita;0141;014;A;013;Propagación de plantas;Produção de sementes e mudas certificadas;5.1558;3362973.666
2020;Estados Unidos;3099;Fabricação de outros equipamentos de transporte n.c;599412;30;3000;Fabricação de outros equipamentos de transporte, exceto veículos automotores;3011;30;C;30;FABRICACIÓN DE OTRO  EQUIPO DE TRANSPORTE;FABRICAÇÃO DE OUTROS EQUIPAMENTOS DE TRANSPORTE, EXCETO VEÍCULOS AUTOMOTORES;5.1558;3090448.3896
2020;Estados Unidos;0129;Cultivo de outras culturas perenes;527004;012;0191;Agricultura, inclusive o apoio à agricultura e a pós-colheita;0111;011;A;012;Cultivo de plantas perennes;Produção de lavouras temporárias;5.1558;2717127.2232
2020;Estados Unidos;0119;Cultivo de outras culturas não perenes;419021;011;0191;Agricultura, inclusive o apoio à agricultura e a pós-colheita;0111;011;A;011;Cultivo de plantas no perenes;Produção de lavouras temporárias;5.1558;2160388.4718
2020;Estados Unidos;1103;Fabricação de malte e bebidas maltadas.;293720;11;1100;Fabricação de bebidas;1111;11;C;11;ELABORACIÓN DE BEBIDAS;FABRICAÇÃO DE BEBIDAS;5.1558;1514361.5760000001
2020;Estados Unidos;0122;Cultivo de frutas tropicais e subtropicais;265136;012;0191;Agricultura, inclusive o apoio à agricultura e a pós-colheita;0111;011;A;012;Cultivo de plantas perennes;Produção de lavouras temporárias;5.1558;1366988.1888000001
2020;Estados Unidos;0126;Cultivo de frutas oleaginosas;164702;012;0191;Agricultura, inclusive o apoio à agricultura e a pós-colheita;0111;011;A;012;Cultivo de plantas perennes;Produção de lavouras temporárias;5.1558;849170.5716
2020;Estados Unidos;0891;Extração de minerais químicos e fertilizantes;134635;08;0580;Extração de carvão mineral e de minerais não metálicos;0810;08;B;08;EXPLOTACIÓN DE OTRAS MINAS Y CANTERAS;EXTRAÇÃO DE MINERAIS NÃO-METÁLICOS;5.1558;694151.133
2020;Estados Unidos;2394;Fabricação de cimento, cal e gesso;126522;23;2300;Fabricação de produtos de minerais não metálicos;2311;23;C;23;FABRICACIÓN DE OTROS PRODUCTOS MINERALES NO METÁLICOS;FABRICAÇÃO DE PRODUTOS DE MINERAIS NÃO-METÁLICOS;5.1558;652322.1276
2020;Estados Unidos;5813;Publicação de jornais, revistas e periódicos;95447;58;5800;Edição e edição integrada à impressão;5811;58;J;58;ACTIVIDADES DE EDICIÓN;EDIÇÃO E EDIÇÃO INTEGRADA À IMPRESSÃO;5.1558;492105.6426
2020;Estados Unidos;9102;Atividades de museus e operação de locais históricos e edifícios;70536;91;9080;Atividades artísticas, criativas e de espetáculos;9101;91;R;91;ACTIVIDADES DE BIBLIOTECAS, ARCHIVOS Y MUSEOS Y OTRAS ACTIVIDADES CULTURALES;ATIVIDADES LIGADAS AO PATRIMÔNIO CULTURAL E AMBIENTAL;5.1558;363669.5088
2020;Estados Unidos;1812;Atividades de serviço relacionadas à impressão;46021;18;1800;Impressão e reprodução de gravações;1811;18;C;18;IMPRESIÓN Y REPRODUCCIÓN DE GRABACIONES;IMPRESSÃO E REPRODUÇÃO DE GRAVAÇÕES;5.1558;237275.0718
2020;Estados Unidos;3830;Recuperação de Materiais;21770;38;3680;Água, esgoto e gestão de resíduos;3811;38;E;38;"RECOGIDA, TRATAMIENTO Y ELIMINACIÓN DE DESECHOS; RECUPERACIÓN DE MATERIALES";"COLETA, TRATAMENTO E DISPOSIÇÃO DE RESÍDUOS; RECUPERAÇÃO DE MATERIAIS";5.1558;112241.766
2020;Estados Unidos;0123;Cultivo de frutas cítricas;18754;012;0191;Agricultura, inclusive o apoio à agricultura e a pós-colheita;0111;011;A;012;Cultivo de plantas perennes;Produção de lavouras temporárias;5.1558;96691.8732
2020;Estados Unidos;0124;Cultivo de frutas pome e frutas de caroço;1965;012;0191;Agricultura, inclusive o apoio à agricultura e a pós-colheita;0111;011;A;012;Cultivo de plantas perennes;Produção de lavouras temporárias;5.1558;10131.147
2020;Estados Unidos;0620;Extração de gás natural;800;06;0680;Extração de petróleo e gás, inclusive as atividades de apoio;0600;06;B;06;EXTRACCIÓN DE PETRÓLEO CRUDO Y GAS NATURAL;EXTRAÇÃO DE PETRÓLEO E GÁS NATURAL;5.1558;4124.64
2020;Estados Unidos;0510;Mineração de Carvão;466;05;0580;Extração de carvão mineral e de minerais não metálicos;0500;05;B;05;EXTRACCIÓN DE CARBÓN DE PIEDRA Y LIGNITO;EXTRAÇÃO DE CARVÃO MINERAL;5.1558;2402.6028
2020;Estados Unidos;1910;Fabricação de produtos de forno de coque;300;191;1991;Refino de petróleo e coquerias;1910;191;C;191;Fabricación de productos de hornos de coque;Coquerias;5.1558;1546.74
2020;Estados Unidos;0112;Cultivo de arroz;21;011;0191;Agricultura, inclusive o apoio à agricultura e a pós-colheita;0111;011;A;011;Cultivo de plantas no perenes;Produção de lavouras temporárias;5.1558;108.2718
2019;Estados Unidos;2410;Fabricação de ferro e aço básicos;4057590377;241;2491;Produção de ferro-gusa/ferroligas, siderurgia e tubos de aço sem costura;2411;241;C;241;Fabricación básica de hierro y acero;Produção de ferro-gusa e de ferroligas;3.9451;16007599796.3027
2019;Estados Unidos;3030;Fabricação de aviões e máquinas relacionadas;3529069663;30;3000;Fabricação de outros equipamentos de transporte, exceto veículos automotores;3011;30;C;30;FABRICACIÓN DE OTRO  EQUIPO DE TRANSPORTE;FABRICAÇÃO DE OUTROS EQUIPAMENTOS DE TRANSPORTE, EXCETO VEÍCULOS AUTOMOTORES;3.9451;13922532727.5013
2019;Estados Unidos;0610;Extração de petróleo bruto;3219075800;06;0680;Extração de petróleo e gás, inclusive as atividades de apoio;0600;06;B;06;EXTRACCIÓN DE PETRÓLEO CRUDO Y GAS NATURAL;EXTRAÇÃO DE PETRÓLEO E GÁS NATURAL;3.9451;12699575938.58
2019;Estados Unidos;1920;Fabricação de produtos petrolíferos refinados;1768455755;192;1991;Refino de petróleo e coquerias;1921;192;C;192;Fabricación de productos de la refinación del petróleo;Fabricação de produtos derivados do petróleo;3.9451;6976734799.0505
2019;Estados Unidos;2011;Fabricação de produtos químicos básicos;1510680004;201;1992;Fabricação de biocombustíveis;1931;193;C;201;Fabricación de sustancias químicas básicas, de abonos y compuestos de nitrógeno y de plásticos y caucho sintético en formas primarias;Fabricação de biocombustíveis;3.9451;5959783683.7804
2019;Estados Unidos;1701;Fabricação de polpa, papel e cartão;1343808899;17;1700;Fabricação de celulose, papel e produtos de papel;1710;17;C;17;FABRICACIÓN DE PAPEL Y DE PRODUCTOS DE PAPEL;FABRICAÇÃO DE CELULOSE, PAPEL E PRODUTOS DE PAPEL;3.9451;5301460487.4449005
2019;Estados Unidos;2824;Fabricação de máquinas para mineração, exploração de pedreiras e construção;1287442446;28;2800;Fabricação de máquinas e equipamentos mecânicos;2811;28;C;28;FABRICACIÓN DE MAQUINARIA Y EQUIPO N.C.P.;FABRICAÇÃO DE MÁQUINAS E EQUIPAMENTOS;3.9451;5079089193.7146
2019;Estados Unidos;0127;Cultivo de bebidas da safra;911935137;012;0191;Agricultura, inclusive o apoio à agricultura e a pós-colheita;0111;011;A;012;Cultivo de plantas perennes;Produção de lavouras temporárias;3.9451;3597675308.9787
2019;Estados Unidos;2930;Fabricação de peças e acessórios para veículos automotores;782298571;293;2992;Fabricação de peças e acessórios para veículos automotores;2941;294;C;293;Fabricación de partes, piezas y accesorios para vehículos automotores;Fabricação de peças e acessórios para veículos automotores;3.9451;3086246092.4521003
2019;Estados Unidos;2420;Fabricação de metais preciosos e outros metais não ferrosos;756925556;242;2492;Metalurgia de metais não ferosos e a fundição de metais;2441;244;C;242;Fabricación de productos primarios de metales preciosos y otros metales no ferrosos;Metalurgia dos metais não-ferrosos;3.9451;2986147010.9756002
2019;Estados Unidos;2710;Fabricação de motores elétricos, geradores, transformadores e aparelhos de distribuição e controle de energia elétrica;684802555;27;2700;Fabricação de máquinas e equipamentos elétricos;2710;27;C;27;FABRICACIÓN DE EQUIPO ELÉCTRICO;FABRICAÇÃO DE MÁQUINAS, APARELHOS E MATERIAIS ELÉTRICOS;3.9451;2701614559.7305
2019;Estados Unidos;2396;Corte, moldagem e acabamento de pedra;626508648;23;2300;Fabricação de produtos de minerais não metálicos;2311;23;C;23;FABRICACIÓN DE OTROS PRODUCTOS MINERALES NO METÁLICOS;FABRICAÇÃO DE PRODUTOS DE MINERAIS NÃO-METÁLICOS;3.9451;2471639267.2248
2019;Estados Unidos;1610;Serração e aplainamento de madeira;571679091;16;1500;Fabricação de calçados e de artefatos de couro;1510;15;C;16;"PRODUCCIÓN DE MADERA Y FABRICACIÓN DE PRODUCTOS DE MADERA Y CORCHO, EXCEPTO MUEBLES; FABRICACIÓN DE ARTÍCULOS DE PAJA Y DE MATERIALES TRENZABLES";PREPARAÇÃO DE COUROS E FABRICAÇÃO DE ARTEFATOS DE COURO, ARTIGOS PARA VIAGEM E CALÇADOS;3.9451;2255331181.9041
2019;Estados Unidos;1010;Processamento e conservação de carne;443416539;101;1091;Abate e produtos de carne, inclusive os produtos do laticínio e da pesca;1011;101;C;101;Elaboración y conservación de carne;Abate e fabricação de produtos de carne;3.9451;1749322588.0089
2019;Estados Unidos;1030;Processamento e conservação de frutas e legumes;442165390;103;1093;Outros produtos alimentares;1031;103;C;103;Elaboración y conservación de frutas, legumbres y hortalizas;Fabricação de conservas de frutas, legumes e outros vegetais;3.9451;1744386680.089
2019;Estados Unidos;2211;"Fabricação de pneus e tubos; recauchutagem e reconstrução de pneus de borracha";408710749;22;1500;Fabricação de calçados e de artefatos de couro;1510;15;C;22;FABRICACIÓN DE PRODUCTOS DE CAUCHO Y PLÁSTICO;PREPARAÇÃO DE COUROS E FABRICAÇÃO DE ARTEFATOS DE COURO, ARTIGOS PARA VIAGEM E CALÇADOS;3.9451;1612404775.8799
2019;Estados Unidos;2813;Fabricação de outras bombas, compressores, torneiras e válvulas;339842624;28;2800;Fabricação de máquinas e equipamentos mecânicos;2811;28;C;28;FABRICACIÓN DE MAQUINARIA Y EQUIPO N.C.P.;FABRICAÇÃO DE MÁQUINAS E EQUIPAMENTOS;3.9451;1340713135.9424
2019;Estados Unidos;2029;Fabricação de outros produtos químicos n.c;327991305;202;2092;Fabricação de defensivos, desinfestantes, tintas e químicos diversos;2051;205;C;202;Fabricación de otros productos químicos;Fabricação de defensivos agrícolas e desinfestantes domissanitários;3.9451;1293958497.3555
2019;Estados Unidos;2814;Fabricação de rolamentos, engrenagens, engrenagens e elementos de acionamento;315281764;28;2800;Fabricação de máquinas e equipamentos mecânicos;2811;28;C;28;FABRICACIÓN DE MAQUINARIA Y EQUIPO N.C.P.;FABRICAÇÃO DE MÁQUINAS E EQUIPAMENTOS;3.9451;1243818087.1564
2019;Estados Unidos;1621;Fabricação de folheados e painéis derivados de madeira;306884914;16;1500;Fabricação de calçados e de artefatos de couro;1510;15;C;16;"PRODUCCIÓN DE MADERA Y FABRICACIÓN DE PRODUCTOS DE MADERA Y CORCHO, EXCEPTO MUEBLES; FABRICACIÓN DE ARTÍCULOS DE PAJA Y DE MATERIALES TRENZABLES";PREPARAÇÃO DE COUROS E FABRICAÇÃO DE ARTEFATOS DE COURO, ARTIGOS PARA VIAGEM E CALÇADOS;3.9451;1210691674.2214
2019;Estados Unidos;2651;Fabricação de equipamentos de medição, teste, navegação e controle;272248508;26;2600;Fabricação de equipamentos de informática, produtos eletrônicos e ópticos;2610;26;C;26;FABRICACIÓN DE PRODUCTOS DE INFORMÁTICA, DE ELECTRÓNICA Y DE ÓPTICA;FABRICAÇÃO DE EQUIPAMENTOS DE INFORMÁTICA, PRODUTOS ELETRÔNICOS E ÓPTICOS;3.9451;1074047588.9108
2019;Estados Unidos;2013;Fabricação de plásticos e borracha sintética em formas primárias;267186038;201;1992;Fabricação de biocombustíveis;1931;193;C;201;Fabricación de sustancias químicas básicas, de abonos y compuestos de nitrógeno y de plásticos y caucho sintético en formas primarias;Fabricação de biocombustíveis;3.9451;1054075638.5138
2019;Estados Unidos;1622;Fabricação de carpintaria e marcenaria de construtores;261787329;16;1500;Fabricação de calçados e de artefatos de couro;1510;15;C;16;"PRODUCCIÓN DE MADERA Y FABRICACIÓN DE PRODUCTOS DE MADERA Y CORCHO, EXCEPTO MUEBLES; FABRICACIÓN DE ARTÍCULOS DE PAJA Y DE MATERIALES TRENZABLES";PREPARAÇÃO DE COUROS E FABRICAÇÃO DE ARTEFATOS DE COURO, ARTIGOS PARA VIAGEM E CALÇADOS;3.9451;1032777191.6379
2019;Estados Unidos;0710;Extração de minério de ferro;255075162;071;0791;Extração de minério de ferro, inclusive beneficiamento e a aglomeração;0710;071;B;071;Extracción de minerales de hierro;Extração de minério de ferro;3.9451;1006297021.6062
2019;Estados Unidos;3100;Fabricação de móveis;239898362;31;3180;Fabricação de móveis e de produtos de indústrias diversas;3101;31;C;31;FABRICACIÓN DE MUEBLES;FABRICAÇÃO DE MÓVEIS;3.9451;946423027.9262
2019;Estados Unidos;1511;Curtimento e vestuário de couro;214494956;15;1500;Fabricação de calçados e de artefatos de couro;1510;15;C;15;FABRICACIÓN DE PRODUCTOS DE CUERO Y PRODUCTOS CONEXOS;PREPARAÇÃO DE COUROS E FABRICAÇÃO DE ARTEFATOS DE COURO, ARTIGOS PARA VIAGEM E CALÇADOS;3.9451;846204050.9156001
2019;Estados Unidos;9000;Atividades criativas, artes e entretenimento;202208522;90;9080;Atividades artísticas, criativas e de espetáculos;9001;90;R;90;ACTIVIDADES CREATIVAS, ARTÍSTICAS Y DE ENTRETENIMIENTO;ATIVIDADES ARTÍSTICAS, CRIATIVAS E DE ESPETÁCULOS;3.9451;797732840.1422
2019;Estados Unidos;1079;Fabricação de outros produtos alimentícios n.c;200458135;107;1092;Fabricação e refino de açúcar;1071;107;C;107;Elaboración de otros productos alimenticios;Fabricação e refino de açúcar;3.9451;790827388.3885
2019;Estados Unidos;1520;Fabricação de calçado;200328731;15;1500;Fabricação de calçados e de artefatos de couro;1510;15;C;15;FABRICACIÓN DE PRODUCTOS DE CUERO Y PRODUCTOS CONEXOS;PREPARAÇÃO DE COUROS E FABRICAÇÃO DE ARTEFATOS DE COURO, ARTIGOS PARA VIAGEM E CALÇADOS;3.9451;790316876.6681
2019;Estados Unidos;2599;Fabricação de outros produtos metálicos fabricados n.c;196972238;25;2500;Fabricação de produtos de metal, exceto máquinas e equipamentos;2511;25;C;25;FABRICACIÓN DE PRODUCTOS ELABORADOS DE METAL, EXCEPTO MAQUINARIA Y EQUIPO;FABRICAÇÃO DE PRODUTOS DE METAL, EXCETO MÁQUINAS E EQUIPAMENTOS;3.9451;777075176.1338
2019;Estados Unidos;2100;Fabricação de produtos farmacêuticos, produtos químicos medicinais e botânicos;189609758;21;2100;Fabricação de produtos farmoquímicos e farmacêuticos;2110;21;C;21;FABRICACIÓN DE PRODUCTOS FARMACÉUTICOS, SUSTANCIAS QUÍMICAS MEDICINALES Y PRODUCTOS BOTÁNICOS DE USO FARMACÉUTICO;FABRICAÇÃO DE PRODUTOS FARMOQUÍMICOS E FARMACÊUTICOS;3.9451;748029456.2858
2019;Estados Unidos;1200;Fabricação de produtos de tabaco;184427211;12;1200;Fabricação de produtos do fumo;1210;12;C;12;ELABORACIÓN DE PRODUCTOS DE TABACO;FABRICAÇÃO DE PRODUTOS DO FUMO;3.9451;727583790.1161
2019;Estados Unidos;2819;Fabricação de outras máquinas para uso geral;181163605;28;2800;Fabricação de máquinas e equipamentos mecânicos;2811;28;C;28;FABRICACIÓN DE MAQUINARIA Y EQUIPO N.C.P.;FABRICAÇÃO DE MÁQUINAS E EQUIPAMENTOS;3.9451;714708538.0855
2019;Estados Unidos;1072;Fabricação de açúcar;168835184;107;1092;Fabricação e refino de açúcar;1071;107;C;107;Elaboración de otros productos alimenticios;Fabricação e refino de açúcar;3.9451;666071684.3984
2019;Estados Unidos;2520;Fabricação de armas e munições;165759265;25;2500;Fabricação de produtos de metal, exceto máquinas e equipamentos;2511;25;C;25;FABRICACIÓN DE PRODUCTOS ELABORADOS DE METAL, EXCEPTO MAQUINARIA Y EQUIPO;FABRICAÇÃO DE PRODUTOS DE METAL, EXCETO MÁQUINAS E EQUIPAMENTOS;3.9451;653936876.3515
2019;Estados Unidos;2220;Fabricação de produtos plásticos;139903820;22;1500;Fabricação de calçados e de artefatos de couro;1510;15;C;22;FABRICACIÓN DE PRODUCTOS DE CAUCHO Y PLÁSTICO;PREPARAÇÃO DE COUROS E FABRICAÇÃO DE ARTEFATOS DE COURO, ARTIGOS PARA VIAGEM E CALÇADOS;3.9451;551934560.2820001
2019;Estados Unidos;1020;Processamento e conservação de peixes, crustáceos e moluscos;114882860;102;1091;Abate e produtos de carne, inclusive os produtos do laticínio e da pesca;1020;102;C;102;Elaboración y conservación de pescado, crustáceos y moluscos;Preservação do pescado e fabricação de produtos do pescado;3.9451;453224370.986
2019;Estados Unidos;2630;Fabricação de equipamentos de comunicação;110313517;26;2600;Fabricação de equipamentos de informática, produtos eletrônicos e ópticos;2610;26;C;26;FABRICACIÓN DE PRODUCTOS DE INFORMÁTICA, DE ELECTRÓNICA Y DE ÓPTICA;FABRICAÇÃO DE EQUIPAMENTOS DE INFORMÁTICA, PRODUTOS ELETRÔNICOS E ÓPTICOS;3.9451;435197855.9167
2019;Estados Unidos;2821;Fabricação de maquinaria agrícola e florestal;108627790;28;2800;Fabricação de máquinas e equipamentos mecânicos;2811;28;C;28;FABRICACIÓN DE MAQUINARIA Y EQUIPO N.C.P.;FABRICAÇÃO DE MÁQUINAS E EQUIPAMENTOS;3.9451;428547494.329
2019;Estados Unidos;2392;Fabricação de materiais de construção de argila;107967729;23;2300;Fabricação de produtos de minerais não metálicos;2311;23;C;23;FABRICACIÓN DE OTROS PRODUCTOS MINERALES NO METÁLICOS;FABRICAÇÃO DE PRODUTOS DE MINERAIS NÃO-METÁLICOS;3.9451;425943487.6779
2019;Estados Unidos;1073;Fabricação de cacau, chocolate e produtos de confeitaria;105683585;107;1092;Fabricação e refino de açúcar;1071;107;C;107;Elaboración de otros productos alimenticios;Fabricação e refino de açúcar;3.9451;416932311.1835
2019;Estados Unidos;3211;Fabricação de joalharia e artigos afins;98172314;32;3180;Fabricação de móveis e de produtos de indústrias diversas;3211;32;C;32;OTRAS INDUSTRIAS MANUFACTURERAS;FABRICAÇÃO DE PRODUTOS DIVERSOS;3.9451;387299595.96140003
2019;Estados Unidos;2620;Fabricação de computadores e equipamentos periféricos;95801179;26;2600;Fabricação de equipamentos de informática, produtos eletrônicos e ópticos;2610;26;C;26;FABRICACIÓN DE PRODUCTOS DE INFORMÁTICA, DE ELECTRÓNICA Y DE ÓPTICA;FABRICAÇÃO DE EQUIPAMENTOS DE INFORMÁTICA, PRODUTOS ELETRÔNICOS E ÓPTICOS;3.9451;377945231.2729
2019;Estados Unidos;3250;Fabricação de instrumentos e suprimentos médicos e odontológicos;93454223;32;3180;Fabricação de móveis e de produtos de indústrias diversas;3211;32;C;32;OTRAS INDUSTRIAS MANUFACTURERAS;FABRICAÇÃO DE PRODUTOS DIVERSOS;3.9451;368686255.1573
2019;Estados Unidos;2593;Fabricação de cutelaria, ferramentas manuais e ferragens em geral;75826941;25;2500;Fabricação de produtos de metal, exceto máquinas e equipamentos;2511;25;C;25;FABRICACIÓN DE PRODUCTOS ELABORADOS DE METAL, EXCEPTO MAQUINARIA Y EQUIPO;FABRICAÇÃO DE PRODUTOS DE METAL, EXCETO MÁQUINAS E EQUIPAMENTOS;3.9451;299144864.9391
2019;Estados Unidos;2790;Fabricação de outro equipamento elétrico;72254267;27;2700;Fabricação de máquinas e equipamentos elétricos;2710;27;C;27;FABRICACIÓN DE EQUIPO ELÉCTRICO;FABRICAÇÃO DE MÁQUINAS, APARELHOS E MATERIAIS ELÉTRICOS;3.9451;285050308.7417
2019;Estados Unidos;2829;Fabricação de outras máquinas para fins especiais;71443499;28;2800;Fabricação de máquinas e equipamentos mecânicos;2811;28;C;28;FABRICACIÓN DE MAQUINARIA Y EQUIPO N.C.P.;FABRICAÇÃO DE MÁQUINAS E EQUIPAMENTOS;3.9451;281851747.9049
2019;Estados Unidos;2399;Fabricação de outros produtos minerais não metálicos n.c;66387882;23;2300;Fabricação de produtos de minerais não metálicos;2311;23;C;23;FABRICACIÓN DE OTROS PRODUCTOS MINERALES NO METÁLICOS;FABRICAÇÃO DE PRODUTOS DE MINERAIS NÃO-METÁLICOS;3.9451;261906833.2782
2019;Estados Unidos;2391;Fabricação de produtos refratários;62396497;23;2300;Fabricação de produtos de minerais não metálicos;2311;23;C;23;FABRICACIÓN DE OTROS PRODUCTOS MINERALES NO METÁLICOS;FABRICAÇÃO DE PRODUTOS DE MINERAIS NÃO-METÁLICOS;3.9451;246160420.3147
2019;Estados Unidos;0125;Cultivo de outras frutas e nozes;60135658;012;0191;Agricultura, inclusive o apoio à agricultura e a pós-colheita;0111;011;A;012;Cultivo de plantas perennes;Produção de lavouras temporárias;3.9451;237241184.3758
2019;Estados Unidos;2811;Fabricação de motores e turbinas, exceto aeronaves, veículos e motores de ciclo;59284938;28;2800;Fabricação de máquinas e equipamentos mecânicos;2811;28;C;28;FABRICACIÓN DE MAQUINARIA Y EQUIPO N.C.P.;FABRICAÇÃO DE MÁQUINAS E EQUIPAMENTOS;3.9451;233885008.9038
2019;Estados Unidos;3290;Outras manufaturas n.c.;57592809;32;3180;Fabricação de móveis e de produtos de indústrias diversas;3211;32;C;32;OTRAS INDUSTRIAS MANUFACTURERAS;FABRICAÇÃO DE PRODUTOS DIVERSOS;3.9451;227209390.7859
2019;Estados Unidos;1040;Fabricação de óleos e gorduras vegetais e animais;57243384;104;1093;Outros produtos alimentares;1041;104;C;104;Elaboración de aceites y grasas de origen vegetal y animal;Fabricação de óleos e gorduras vegetais e animais;3.9451;225830874.2184
2019;Estados Unidos;0111;Cultivo de cereais (exceto arroz), leguminosas e oleaginosas;56990663;011;0191;Agricultura, inclusive o apoio à agricultura e a pós-colheita;0111;011;A;011;Cultivo de plantas no perenes;Produção de lavouras temporárias;3.9451;224833864.6013
2019;Estados Unidos;2732;Fabricação de outros fios e cabos elétricos e eletrônicos;55123232;27;2700;Fabricação de máquinas e equipamentos elétricos;2710;27;C;27;FABRICACIÓN DE EQUIPO ELÉCTRICO;FABRICAÇÃO DE MÁQUINAS, APARELHOS E MATERIAIS ELÉTRICOS;3.9451;217466662.5632
2019;Estados Unidos;0149;Criação de outros animais;54283900;014;0192;Pecuária, inclusive o apoio à pecuária;0151;015;A;014;Ganadería;Pecuária;3.9451;214155413.89000002
2019;Estados Unidos;2219;Fabricação de outros produtos de borracha;53495440;22;1500;Fabricação de calçados e de artefatos de couro;1510;15;C;22;FABRICACIÓN DE PRODUCTOS DE CAUCHO Y PLÁSTICO;PREPARAÇÃO DE COUROS E FABRICAÇÃO DE ARTEFATOS DE COURO, ARTIGOS PARA VIAGEM E CALÇADOS;3.9451;211044860.344
2019;Estados Unidos;0113;Cultivo de hortaliças e melões, raízes e tubérculos;47758443;011;0191;Agricultura, inclusive o apoio à agricultura e a pós-colheita;0111;011;A;011;Cultivo de plantas no perenes;Produção de lavouras temporárias;3.9451;188411833.4793
2019;Estados Unidos;2822;Fabricação de máquinas e máquinas-ferramentas para moldagem de metais;42029876;28;2800;Fabricação de máquinas e equipamentos mecânicos;2811;28;C;28;FABRICACIÓN DE MAQUINARIA Y EQUIPO N.C.P.;FABRICAÇÃO DE MÁQUINAS E EQUIPAMENTOS;3.9451;165812063.8076
2019;Estados Unidos;0729;Extração de outros minérios de metais não ferrosos;40870686;072;0792;Extração de minerais metálicos não ferrosos, inclusive beneficiamentos;0721;072;B;072;Extracción de minerales metalíferos no ferrosos;Extração de minerais metálicos não-ferrosos;3.9451;161238943.3386
2019;Estados Unidos;0311;Pesca marinha;40055648;03;0280;"Produção florestal; pesca e aquicultura";0311;03;A;03;PESCA Y ACUICULTURA;PESCA E AQÜICULTURA;3.9451;158023536.9248
2019;Estados Unidos;1629;"Fabricação de outros produtos de madeira; fabricação de artigos de cortiça, de espartaria e cestaria";39584494;16;1500;Fabricação de calçados e de artefatos de couro;1510;15;C;16;"PRODUCCIÓN DE MADERA Y FABRICACIÓN DE PRODUCTOS DE MADERA Y CORCHO, EXCEPTO MUEBLES; FABRICACIÓN DE ARTÍCULOS DE PAJA Y DE MATERIALES TRENZABLES";PREPARAÇÃO DE COUROS E FABRICAÇÃO DE ARTEFATOS DE COURO, ARTIGOS PARA VIAGEM E CALÇADOS;3.9451;156164787.2794
2019;Estados Unidos;2812;Fabricação de equipamentos para energia hidráulica;38261892;28;2800;Fabricação de máquinas e equipamentos mecânicos;2811;28;C;28;FABRICACIÓN DE MAQUINARIA Y EQUIPO N.C.P.;FABRICAÇÃO DE MÁQUINAS E EQUIPAMENTOS;3.9451;150946990.1292
2019;Estados Unidos;1061;Fabricação de produtos de moagem de grãos;35004569;106;1093;Outros produtos alimentares;1061;106;C;106;Elaboración de productos de molinería, almidones y productos derivados del almidón;Moagem, fabricação de produtos amiláceos e de alimentos para animais;3.9451;138096525.1619
2019;Estados Unidos;2610;Fabricação de componentes eletrônicos e placas;34921236;26;2600;Fabricação de equipamentos de informática, produtos eletrônicos e ópticos;2610;26;C;26;FABRICACIÓN DE PRODUCTOS DE INFORMÁTICA, DE ELECTRÓNICA Y DE ÓPTICA;FABRICAÇÃO DE EQUIPAMENTOS DE INFORMÁTICA, PRODUTOS ELETRÔNICOS E ÓPTICOS;3.9451;137767768.1436
2019;Estados Unidos;2823;Fabricação de máquinas para metalurgia;33673068;28;2800;Fabricação de máquinas e equipamentos mecânicos;2811;28;C;28;FABRICACIÓN DE MAQUINARIA Y EQUIPO N.C.P.;FABRICAÇÃO DE MÁQUINAS E EQUIPAMENTOS;3.9451;132843620.5668
2019;Estados Unidos;2310;Fabricação de produtos de vidro e vidro;33319805;23;2300;Fabricação de produtos de minerais não metálicos;2311;23;C;23;FABRICACIÓN DE OTROS PRODUCTOS MINERALES NO METÁLICOS;FABRICAÇÃO DE PRODUTOS DE MINERAIS NÃO-METÁLICOS;3.9451;131449962.7055
2019;Estados Unidos;1071;Fabricação de produtos de panificação;33234604;107;1092;Fabricação e refino de açúcar;1071;107;C;107;Elaboración de otros productos alimenticios;Fabricação e refino de açúcar;3.9451;131113836.2404
2019;Estados Unidos;0128;Cultivo de especiarias, culturas aromáticas, medicamentosas e farmacêuticas;29173466;012;0191;Agricultura, inclusive o apoio à agricultura e a pós-colheita;0111;011;A;012;Cultivo de plantas perennes;Produção de lavouras temporárias;3.9451;115092240.7166
2019;Estados Unidos;3020;Fabricação de locomotivas e material circulante;28637985;30;3000;Fabricação de outros equipamentos de transporte, exceto veículos automotores;3011;30;C;30;FABRICACIÓN DE OTRO  EQUIPO DE TRANSPORTE;FABRICAÇÃO DE OUTROS EQUIPAMENTOS DE TRANSPORTE, EXCETO VEÍCULOS AUTOMOTORES;3.9451;112979714.6235
2019;Estados Unidos;0810;Extração de pedra, areia e argila;28224278;08;0580;Extração de carvão mineral e de minerais não metálicos;0810;08;B;08;EXPLOTACIÓN DE OTRAS MINAS Y CANTERAS;EXTRAÇÃO DE MINERAIS NÃO-METÁLICOS;3.9451;111347599.13780001
2019;Estados Unidos;0899;Outras atividades de mineração n.c;27361945;08;0580;Extração de carvão mineral e de minerais não metálicos;0810;08;B;08;EXPLOTACIÓN DE OTRAS MINAS Y CANTERAS;EXTRAÇÃO DE MINERAIS NÃO-METÁLICOS;3.9451;107945609.2195
2019;Estados Unidos;2640;Fabricação de produtos eletrônicos de consumo;26625761;26;2600;Fabricação de equipamentos de informática, produtos eletrônicos e ópticos;2610;26;C;26;FABRICACIÓN DE PRODUCTOS DE INFORMÁTICA, DE ELECTRÓNICA Y DE ÓPTICA;FABRICAÇÃO DE EQUIPAMENTOS DE INFORMÁTICA, PRODUTOS ELETRÔNICOS E ÓPTICOS;3.9451;105041289.7211
2019;Estados Unidos;2825;Fabricação de máquinas para processamento de alimentos, bebidas e tabaco;25120649;28;2800;Fabricação de máquinas e equipamentos mecânicos;2811;28;C;28;FABRICACIÓN DE MAQUINARIA Y EQUIPO N.C.P.;FABRICAÇÃO DE MÁQUINAS E EQUIPAMENTOS;3.9451;99103472.3699
2019;Estados Unidos;1709;Fabricação de outros artigos de papel e cartão;25101979;17;1700;Fabricação de celulose, papel e produtos de papel;1710;17;C;17;FABRICACIÓN DE PAPEL Y DE PRODUCTOS DE PAPEL;FABRICAÇÃO DE CELULOSE, PAPEL E PRODUTOS DE PAPEL;3.9451;99029817.3529
2019;Estados Unidos;1702;Fabricação de papel e cartão canelados e de embalagens de papel e cartão;24657105;17;1700;Fabricação de celulose, papel e produtos de papel;1710;17;C;17;FABRICACIÓN DE PAPEL Y DE PRODUCTOS DE PAPEL;FABRICAÇÃO DE CELULOSE, PAPEL E PRODUTOS DE PAPEL;3.9451;97274744.9355
2019;Estados Unidos;1394;Fabricação de cordéis, cordas, cordéis e redes;23671287;13;1300;Fabricação de produtos têxteis;1311;13;C;13;FABRICACIÓN DE PRODUCTOS TEXTILES;FABRICAÇÃO DE PRODUTOS TÊXTEIS;3.9451;93385594.3437
2019;Estados Unidos;3091;Fabricação de motocicletas;21261595;30;3000;Fabricação de outros equipamentos de transporte, exceto veículos automotores;3011;30;C;30;FABRICACIÓN DE OTRO  EQUIPO DE TRANSPORTE;FABRICAÇÃO DE OUTROS EQUIPAMENTOS DE TRANSPORTE, EXCETO VEÍCULOS AUTOMOTORES;3.9451;83879118.4345
2019;Estados Unidos;2816;Fabricação de equipamentos de elevação e manuseio;20639425;28;2800;Fabricação de máquinas e equipamentos mecânicos;2811;28;C;28;FABRICACIÓN DE MAQUINARIA Y EQUIPO N.C.P.;FABRICAÇÃO DE MÁQUINAS E EQUIPAMENTOS;3.9451;81424595.5675
2019;Estados Unidos;2815;Fabricação de fornos, fornos e queimadores de fornos;20197435;28;2800;Fabricação de máquinas e equipamentos mecânicos;2811;28;C;28;FABRICACIÓN DE MAQUINARIA Y EQUIPO N.C.P.;FABRICAÇÃO DE MÁQUINAS E EQUIPAMENTOS;3.9451;79680900.8185
2019;Estados Unidos;1410;Fabricação de vestuário, exceto vestuários de peles;19547216;14;1400;Confecção de artefatos do vestuário e acessórios;1411;14;C;14;FABRICACIÓN DE PRENDAS DE VESTIR;CONFECÇÃO DE ARTIGOS DO VESTUÁRIO E ACESSÓRIOS;3.9451;77115721.8416
2019;Estados Unidos;2023;Fabricação de sabão e detergentes, produtos de limpeza e polimento, perfumes e produtos de toilette;19284476;202;2092;Fabricação de defensivos, desinfestantes, tintas e químicos diversos;2051;205;C;202;Fabricación de otros productos químicos;Fabricação de defensivos agrícolas e desinfestantes domissanitários;3.9451;76079186.2676
2019;Estados Unidos;2660;Fabricação de equipamentos de irradiação, eletromédicos e eletroterapêuticos;17914322;26;2600;Fabricação de equipamentos de informática, produtos eletrônicos e ópticos;2610;26;C;26;FABRICACIÓN DE PRODUCTOS DE INFORMÁTICA, DE ELECTRÓNICA Y DE ÓPTICA;FABRICAÇÃO DE EQUIPAMENTOS DE INFORMÁTICA, PRODUTOS ELETRÔNICOS E ÓPTICOS;3.9451;70673791.7222
2019;Estados Unidos;0121;Cultivo de uvas;16239320;012;0191;Agricultura, inclusive o apoio à agricultura e a pós-colheita;0111;011;A;012;Cultivo de plantas perennes;Produção de lavouras temporárias;3.9451;64065741.332
2019;Estados Unidos;3012;Construção de barcos de recreio e desportivos;12466809;30;3000;Fabricação de outros equipamentos de transporte, exceto veículos automotores;3011;30;C;30;FABRICACIÓN DE OTRO  EQUIPO DE TRANSPORTE;FABRICAÇÃO DE OUTROS EQUIPAMENTOS DE TRANSPORTE, EXCETO VEÍCULOS AUTOMOTORES;3.9451;49182808.1859
2019;Estados Unidos;2431;Fundição de ferro e aço;12397949;243;2492;Metalurgia de metais não ferosos e a fundição de metais;2451;245;C;243;Fundición de metales;Fundição;3.9451;48911148.5999
2019;Estados Unidos;0893;Extração de sal;12291442;08;0580;Extração de carvão mineral e de minerais não metálicos;0810;08;B;08;EXPLOTACIÓN DE OTRAS MINAS Y CANTERAS;EXTRAÇÃO DE MINERAIS NÃO-METÁLICOS;3.9451;48490967.8342
2019;Estados Unidos;1399;Fabricação de outros têxteis n.e.c.;11311583;13;1300;Fabricação de produtos têxteis;1311;13;C;13;FABRICACIÓN DE PRODUCTOS TEXTILES;FABRICAÇÃO DE PRODUTOS TÊXTEIS;3.9451;44625326.0933
2019;Estados Unidos;1062;Fabricação de amidos e féculas;11139329;106;1093;Outros produtos alimentares;1061;106;C;106;Elaboración de productos de molinería, almidones y productos derivados del almidón;Moagem, fabricação de produtos amiláceos e de alimentos para animais;3.9451;43945766.8379
2019;Estados Unidos;2512;Fabricação de tanques, reservatórios e recipientes de metal;9279876;25;2500;Fabricação de produtos de metal, exceto máquinas e equipamentos;2511;25;C;25;FABRICACIÓN DE PRODUCTOS ELABORADOS DE METAL, EXCEPTO MAQUINARIA Y EQUIPO;FABRICAÇÃO DE PRODUTOS DE METAL, EXCETO MÁQUINAS E EQUIPAMENTOS;3.9451;36610038.8076
2019;Estados Unidos;2395;Fabricação de artigos de concreto, cimento e gesso;9233781;23;2300;Fabricação de produtos de minerais não metálicos;2311;23;C;23;FABRICACIÓN DE OTROS PRODUCTOS MINERALES NO METÁLICOS;FABRICAÇÃO DE PRODUTOS DE MINERAIS NÃO-METÁLICOS;3.9451;36428189.4231
2019;Estados Unidos;0142;Criação de cavalos e outros equinos;9142507;014;0192;Pecuária, inclusive o apoio à pecuária;0151;015;A;014;Ganadería;Pecuária;3.9451;36068104.3657
2019;Estados Unidos;2910;Fabricação de veículos automotores;8999829;291;2991;Fabricação de automóveis, caminhões e ônibus, exceto peças;2910;291;C;291;Fabricación de vehículos automotores;Fabricação de automóveis, camionetas e utilitários;3.9451;35505225.3879
2019;Estados Unidos;1311;Preparação e fiação de fibras têxteis;8736361;13;1300;Fabricação de produtos têxteis;1311;13;C;13;FABRICACIÓN DE PRODUCTOS TEXTILES;FABRICAÇÃO DE PRODUTOS TÊXTEIS;3.9451;34465817.7811
2019;Estados Unidos;1392;Fabricação de artigos têxteis confeccionados, exceto vestuário;8372287;13;1300;Fabricação de produtos têxteis;1311;13;C;13;FABRICACIÓN DE PRODUCTOS TEXTILES;FABRICAÇÃO DE PRODUTOS TÊXTEIS;3.9451;33029509.4437
2019;Estados Unidos;2818;Fabricação de ferramentas manuais acionadas por motor;8247578;28;2800;Fabricação de máquinas e equipamentos mecânicos;2811;28;C;28;FABRICACIÓN DE MAQUINARIA Y EQUIPO N.C.P.;FABRICAÇÃO DE MÁQUINAS E EQUIPAMENTOS;3.9451;32537519.9678
2019;Estados Unidos;1623;Fabricação de embalagens de madeira;8015226;16;1500;Fabricação de calçados e de artefatos de couro;1510;15;C;16;"PRODUCCIÓN DE MADERA Y FABRICACIÓN DE PRODUCTOS DE MADERA Y CORCHO, EXCEPTO MUEBLES; FABRICACIÓN DE ARTÍCULOS DE PAJA Y DE MATERIALES TRENZABLES";PREPARAÇÃO DE COUROS E FABRICAÇÃO DE ARTEFATOS DE COURO, ARTIGOS PARA VIAGEM E CALÇADOS;3.9451;31620868.0926
2019;Estados Unidos;2022;Fabricação de tintas, vernizes e produtos similares, tintas de impressão e mástiques;7267260;202;2092;Fabricação de defensivos, desinfestantes, tintas e químicos diversos;2051;205;C;202;Fabricación de otros productos químicos;Fabricação de defensivos agrícolas e desinfestantes domissanitários;3.9451;28670067.426
2019;Estados Unidos;2750;Fabricação de eletrodomésticos;6485842;27;2700;Fabricação de máquinas e equipamentos elétricos;2710;27;C;27;FABRICACIÓN DE EQUIPO ELÉCTRICO;FABRICAÇÃO DE MÁQUINAS, APARELHOS E MATERIAIS ELÉTRICOS;3.9451;25587295.2742
2019;Estados Unidos;2511;Fabricação de produtos metálicos estruturais;6035489;25;2500;Fabricação de produtos de metal, exceto máquinas e equipamentos;2511;25;C;25;FABRICACIÓN DE PRODUCTOS ELABORADOS DE METAL, EXCEPTO MAQUINARIA Y EQUIPO;FABRICAÇÃO DE PRODUTOS DE METAL, EXCETO MÁQUINAS E EQUIPAMENTOS;3.9451;23810607.6539
2019;Estados Unidos;1101;Fabricação de aguardentes e outras bebidas destiladas;5959420;11;1100;Fabricação de bebidas;1111;11;C;11;ELABORACIÓN DE BEBIDAS;FABRICAÇÃO DE BEBIDAS;3.9451;23510507.842
2019;Estados Unidos;1391;Fabricação de tecidos de malha;5613044;13;1300;Fabricação de produtos têxteis;1311;13;C;13;FABRICACIÓN DE PRODUCTOS TEXTILES;FABRICAÇÃO DE PRODUTOS TÊXTEIS;3.9451;22144019.8844
2019;Estados Unidos;3212;Fabricação de bijuterias e artigos relacionados;5556160;32;3180;Fabricação de móveis e de produtos de indústrias diversas;3211;32;C;32;OTRAS INDUSTRIAS MANUFACTURERAS;FABRICAÇÃO DE PRODUTOS DIVERSOS;3.9451;21919606.816
2019;Estados Unidos;1104;"Fabricação de refrigerantes; produção de águas minerais e outras águas engarrafadas";5315631;11;1100;Fabricação de bebidas;1111;11;C;11;ELABORACIÓN DE BEBIDAS;FABRICAÇÃO DE BEBIDAS;3.9451;20970695.8581
2019;Estados Unidos;1312;Tecelagem de têxteis;4986834;13;1300;Fabricação de produtos têxteis;1311;13;C;13;FABRICACIÓN DE PRODUCTOS TEXTILES;FABRICAÇÃO DE PRODUTOS TÊXTEIS;3.9451;19673558.8134
2019;Estados Unidos;1050;Fabricação de produtos lácteos;4726490;105;1091;Abate e produtos de carne, inclusive os produtos do laticínio e da pesca;1051;105;C;105;Elaboración de productos lácteos;Laticínios;3.9451;18646475.699
2019;Estados Unidos;2393;Fabricação de outros produtos de porcelana e cerâmica;4724699;23;2300;Fabricação de produtos de minerais não metálicos;2311;23;C;23;FABRICACIÓN DE OTROS PRODUCTOS MINERALES NO METÁLICOS;FABRICAÇÃO DE PRODUTOS DE MINERAIS NÃO-METÁLICOS;3.9451;18639410.0249
2019;Estados Unidos;1512;Fabricação de malas, bolsas e semelhantes, selaria e arreios;4534098;15;1500;Fabricação de calçados e de artefatos de couro;1510;15;C;15;FABRICACIÓN DE PRODUCTOS DE CUERO Y PRODUCTOS CONEXOS;PREPARAÇÃO DE COUROS E FABRICAÇÃO DE ARTEFATOS DE COURO, ARTIGOS PARA VIAGEM E CALÇADOS;3.9451;17887470.0198
2019;Estados Unidos;2740;Fabricação de equipamentos de iluminação elétrica;4435284;27;2700;Fabricação de máquinas e equipamentos elétricos;2710;27;C;27;FABRICACIÓN DE EQUIPO ELÉCTRICO;FABRICAÇÃO DE MÁQUINAS, APARELHOS E MATERIAIS ELÉTRICOS;3.9451;17497638.9084
2019;Estados Unidos;1080;Fabricação de alimentos para animais;4288800;108;1093;Outros produtos alimentares;1061;106;C;108;Elaboración de piensos preparados para animales;Moagem, fabricação de produtos amiláceos e de alimentos para animais;3.9451;16919744.88
2019;Estados Unidos;2826;Fabricação de máquinas para produção de têxteis, vestuário e couro;3534523;28;2800;Fabricação de máquinas e equipamentos mecânicos;2811;28;C;28;FABRICACIÓN DE MAQUINARIA Y EQUIPO N.C.P.;FABRICAÇÃO DE MÁQUINAS E EQUIPAMENTOS;3.9451;13944046.6873
2019;Estados Unidos;3011;Construção de navios e estruturas flutuantes;3506692;30;3000;Fabricação de outros equipamentos de transporte, exceto veículos automotores;3011;30;C;30;FABRICACIÓN DE OTRO  EQUIPO DE TRANSPORTE;FABRICAÇÃO DE OUTROS EQUIPAMENTOS DE TRANSPORTE, EXCETO VEÍCULOS AUTOMOTORES;3.9451;13834250.6092
2019;Estados Unidos;2012;Fabricação de fertilizantes e compostos nitrogenados;3300806;201;1992;Fabricação de biocombustíveis;1931;193;C;201;Fabricación de sustancias químicas básicas, de abonos y compuestos de nitrógeno y de plásticos y caucho sintético en formas primarias;Fabricação de biocombustíveis;3.9451;13022009.7506
2019;Estados Unidos;0321;Aquicultura marinha;3294518;03;0280;"Produção florestal; pesca e aquicultura";0311;03;A;03;PESCA Y ACUICULTURA;PESCA E AQÜICULTURA;3.9451;12997202.9618
2019;Estados Unidos;5811;Publicação de livros;3232487;58;5800;Edição e edição integrada à impressão;5811;58;J;58;ACTIVIDADES DE EDICIÓN;EDIÇÃO E EDIÇÃO INTEGRADA À IMPRESSÃO;3.9451;12752484.4637
2019;Estados Unidos;2731;Fabricação de cabos de fibra ótica;3039198;27;2700;Fabricação de máquinas e equipamentos elétricos;2710;27;C;27;FABRICACIÓN DE EQUIPO ELÉCTRICO;FABRICAÇÃO DE MÁQUINAS, APARELHOS E MATERIAIS ELÉTRICOS;3.9451;11989940.0298
2019;Estados Unidos;2817;Fabricação de máquinas e equipamentos de escritório (exceto computadores e equipamentos periféricos);3020271;28;2800;Fabricação de máquinas e equipamentos mecânicos;2811;28;C;28;FABRICACIÓN DE MAQUINARIA Y EQUIPO N.C.P.;FABRICAÇÃO DE MÁQUINAS E EQUIPAMENTOS;3.9451;11915271.1221
2019;Estados Unidos;2720;Fabricação de baterias e acumuladores;2872020;27;2700;Fabricação de máquinas e equipamentos elétricos;2710;27;C;27;FABRICACIÓN DE EQUIPO ELÉCTRICO;FABRICAÇÃO DE MÁQUINAS, APARELHOS E MATERIAIS ELÉTRICOS;3.9451;11330406.102
2019;Estados Unidos;5819;Outras atividades de publicação;2368948;58;5800;Edição e edição integrada à impressão;5811;58;J;58;ACTIVIDADES DE EDICIÓN;EDIÇÃO E EDIÇÃO INTEGRADA À IMPRESSÃO;3.9451;9345736.7548
2019;Estados Unidos;0220;Exploração madeireira;2201163;02;0280;"Produção florestal; pesca e aquicultura";0210;02;A;02;SILVICULTURA Y EXTRACCIÓN DE MADERA;PRODUÇÃO FLORESTAL;3.9451;8683808.1513
2019;Estados Unidos;2021;Fabricação de pesticidas e outros produtos agroquímicos;1938997;202;2092;Fabricação de defensivos, desinfestantes, tintas e químicos diversos;2051;205;C;202;Fabricación de otros productos químicos;Fabricação de defensivos agrícolas e desinfestantes domissanitários;3.9451;7649537.0647
2019;Estados Unidos;1430;Fabricação de vestuário de malha;1933951;14;1400;Confecção de artefatos do vestuário e acessórios;1411;14;C;14;FABRICACIÓN DE PRENDAS DE VESTIR;CONFECÇÃO DE ARTIGOS DO VESTUÁRIO E ACESSÓRIOS;3.9451;7629630.0901
2019;Estados Unidos;2030;Fabricação de fibras sintéticas ou artificiais;1920875;203;2091;Fabricação de químicos orgânicos e inorgânicos, resinas e elastômeros;2040;204;C;203;Fabricación de fibras artificiales;Fabricação de fibras artificiais e sintéticas;3.9451;7578043.9625
2019;Estados Unidos;1102;Fabricação de vinhos;1919815;11;1100;Fabricação de bebidas;1111;11;C;11;ELABORACIÓN DE BEBIDAS;FABRICAÇÃO DE BEBIDAS;3.9451;7573862.1565000005
2019;Estados Unidos;3220;Fabricação de instrumentos musicais;1879259;32;3180;Fabricação de móveis e de produtos de indústrias diversas;3211;32;C;32;OTRAS INDUSTRIAS MANUFACTURERAS;FABRICAÇÃO DE PRODUTOS DIVERSOS;3.9451;7413864.6809
2019;Estados Unidos;2670;Fabricação de instrumentos ópticos e equipamento fotográfico;1796667;26;2600;Fabricação de equipamentos de informática, produtos eletrônicos e ópticos;2610;26;C;26;FABRICACIÓN DE PRODUCTOS DE INFORMÁTICA, DE ELECTRÓNICA Y DE ÓPTICA;FABRICAÇÃO DE EQUIPAMENTOS DE INFORMÁTICA, PRODUTOS ELETRÔNICOS E ÓPTICOS;3.9451;7088030.9817
2019;Estados Unidos;1393;Fabricação de tapetes e tapetes;1654178;13;1300;Fabricação de produtos têxteis;1311;13;C;13;FABRICACIÓN DE PRODUCTOS TEXTILES;FABRICAÇÃO DE PRODUTOS TÊXTEIS;3.9451;6525897.6278
2019;Estados Unidos;3240;Fabricação de jogos e brinquedos;1476799;32;3180;Fabricação de móveis e de produtos de indústrias diversas;3211;32;C;32;OTRAS INDUSTRIAS MANUFACTURERAS;FABRICAÇÃO DE PRODUTOS DIVERSOS;3.9451;5826119.7349000005
2019;Estados Unidos;2652;Fabricação de cronomêtros e relógios;1473556;26;2600;Fabricação de equipamentos de informática, produtos eletrônicos e ópticos;2610;26;C;26;FABRICACIÓN DE PRODUCTOS DE INFORMÁTICA, DE ELECTRÓNICA Y DE ÓPTICA;FABRICAÇÃO DE EQUIPAMENTOS DE INFORMÁTICA, PRODUTOS ELETRÔNICOS E ÓPTICOS;3.9451;5813325.7756
2019;Estados Unidos;2513;Fabricação de geradores de vapor, exceto caldeiras de aquecimento central de água quente;1358810;25;2500;Fabricação de produtos de metal, exceto máquinas e equipamentos;2511;25;C;25;FABRICACIÓN DE PRODUCTOS ELABORADOS DE METAL, EXCEPTO MAQUINARIA Y EQUIPO;FABRICAÇÃO DE PRODUTOS DE METAL, EXCETO MÁQUINAS E EQUIPAMENTOS;3.9451;5360641.331
2019;Estados Unidos;1420;Fabricação de artigos de peles;1127116;14;1400;Confecção de artefatos do vestuário e acessórios;1411;14;C;14;FABRICACIÓN DE PRENDAS DE VESTIR;CONFECÇÃO DE ARTIGOS DO VESTUÁRIO E ACESSÓRIOS;3.9451;4446585.3316
2019;Estados Unidos;3230;Fabricação de artigos esportivos;1038877;32;3180;Fabricação de móveis e de produtos de indústrias diversas;3211;32;C;32;OTRAS INDUSTRIAS MANUFACTURERAS;FABRICAÇÃO DE PRODUTOS DIVERSOS;3.9451;4098473.6527
2019;Estados Unidos;1103;Fabricação de malte e bebidas maltadas.;974933;11;1100;Fabricação de bebidas;1111;11;C;11;ELABORACIÓN DE BEBIDAS;FABRICAÇÃO DE BEBIDAS;3.9451;3846208.1783000003
2019;Estados Unidos;0230;Coleta de produtos florestais não madeireiros;938495;02;0280;"Produção florestal; pesca e aquicultura";0210;02;A;02;SILVICULTURA Y EXTRACCIÓN DE MADERA;PRODUÇÃO FLORESTAL;3.9451;3702456.6245
2019;Estados Unidos;0116;Cultivo de culturas de fibra;936467;011;0191;Agricultura, inclusive o apoio à agricultura e a pós-colheita;0111;011;A;011;Cultivo de plantas no perenes;Produção de lavouras temporárias;3.9451;3694455.9617
2019;Estados Unidos;0130;Cultivo de plantas;816515;013;0191;Agricultura, inclusive o apoio à agricultura e a pós-colheita;0141;014;A;013;Propagación de plantas;Produção de sementes e mudas certificadas;3.9451;3221233.3265
2019;Estados Unidos;3099;Fabricação de outros equipamentos de transporte n.c;809778;30;3000;Fabricação de outros equipamentos de transporte, exceto veículos automotores;3011;30;C;30;FABRICACIÓN DE OTRO  EQUIPO DE TRANSPORTE;FABRICAÇÃO DE OUTROS EQUIPAMENTOS DE TRANSPORTE, EXCETO VEÍCULOS AUTOMOTORES;3.9451;3194655.1878
2019;Estados Unidos;0115;Cultivo de tabaco;807035;011;0191;Agricultura, inclusive o apoio à agricultura e a pós-colheita;0111;011;A;011;Cultivo de plantas no perenes;Produção de lavouras temporárias;3.9451;3183833.7785
2019;Estados Unidos;2920;"Fabricação de carroçarias para veículos automotores; fabricação de reboques e semi-reboques";782302;292;2991;Fabricação de automóveis, caminhões e ônibus, exceto peças;2930;293;C;292;"Fabricación de carrocerías para vehículos automotores; fabricación de remolques y semirremolques";Fabricação de cabines, carrocerias e reboques para veículos automotores;3.9451;3086259.6202000002
2019;Estados Unidos;2680;Fabricação de mídia magnética e óptica;705803;26;2600;Fabricação de equipamentos de informática, produtos eletrônicos e ópticos;2610;26;C;26;FABRICACIÓN DE PRODUCTOS DE INFORMÁTICA, DE ELECTRÓNICA Y DE ÓPTICA;FABRICAÇÃO DE EQUIPAMENTOS DE INFORMÁTICA, PRODUTOS ELETRÔNICOS E ÓPTICOS;3.9451;2784463.4153
2019;Estados Unidos;1074;Fabricação de macarrão, talharim, cuscuz e produtos farináceos semelhantes;576925;107;1092;Fabricação e refino de açúcar;1071;107;C;107;Elaboración de otros productos alimenticios;Fabricação e refino de açúcar;3.9451;2276026.8175
2019;Estados Unidos;0129;Cultivo de outras culturas perenes;502352;012;0191;Agricultura, inclusive o apoio à agricultura e a pós-colheita;0111;011;A;012;Cultivo de plantas perennes;Produção de lavouras temporárias;3.9451;1981828.8752000001
2019;Estados Unidos;0123;Cultivo de frutas cítricas;209938;012;0191;Agricultura, inclusive o apoio à agricultura e a pós-colheita;0111;011;A;012;Cultivo de plantas perennes;Produção de lavouras temporárias;3.9451;828226.4038
2019;Estados Unidos;0126;Cultivo de frutas oleaginosas;163589;012;0191;Agricultura, inclusive o apoio à agricultura e a pós-colheita;0111;011;A;012;Cultivo de plantas perennes;Produção de lavouras temporárias;3.9451;645374.9639
2019;Estados Unidos;0122;Cultivo de frutas tropicais e subtropicais;160890;012;0191;Agricultura, inclusive o apoio à agricultura e a pós-colheita;0111;011;A;012;Cultivo de plantas perennes;Produção de lavouras temporárias;3.9451;634727.139
2019;Estados Unidos;1812;Atividades de serviço relacionadas à impressão;155277;18;1800;Impressão e reprodução de gravações;1811;18;C;18;IMPRESIÓN Y REPRODUCCIÓN DE GRABACIONES;IMPRESSÃO E REPRODUÇÃO DE GRAVAÇÕES;3.9451;612583.2927
2019;Estados Unidos;0891;Extração de minerais químicos e fertilizantes;152200;08;0580;Extração de carvão mineral e de minerais não metálicos;0810;08;B;08;EXPLOTACIÓN DE OTRAS MINAS Y CANTERAS;EXTRAÇÃO DE MINERAIS NÃO-METÁLICOS;3.9451;600444.22
2019;Estados Unidos;3092;Fabricação de bicicletas e carruagens inválidas;128949;30;3000;Fabricação de outros equipamentos de transporte, exceto veículos automotores;3011;30;C;30;FABRICACIÓN DE OTRO  EQUIPO DE TRANSPORTE;FABRICAÇÃO DE OUTROS EQUIPAMENTOS DE TRANSPORTE, EXCETO VEÍCULOS AUTOMOTORES;3.9451;508716.6999
2019;Estados Unidos;5813;Publicação de jornais, revistas e periódicos;121384;58;5800;Edição e edição integrada à impressão;5811;58;J;58;ACTIVIDADES DE EDICIÓN;EDIÇÃO E EDIÇÃO INTEGRADA À IMPRESSÃO;3.9451;478872.0184
2019;Estados Unidos;9102;Atividades de museus e operação de locais históricos e edifícios;111142;91;9080;Atividades artísticas, criativas e de espetáculos;9101;91;R;91;ACTIVIDADES DE BIBLIOTECAS, ARCHIVOS Y MUSEOS Y OTRAS ACTIVIDADES CULTURALES;ATIVIDADES LIGADAS AO PATRIMÔNIO CULTURAL E AMBIENTAL;3.9451;438466.3042
2019;Estados Unidos;0119;Cultivo de outras culturas não perenes;101954;011;0191;Agricultura, inclusive o apoio à agricultura e a pós-colheita;0111;011;A;011;Cultivo de plantas no perenes;Produção de lavouras temporárias;3.9451;402218.7254
2019;Estados Unidos;2394;Fabricação de cimento, cal e gesso;61372;23;2300;Fabricação de produtos de minerais não metálicos;2311;23;C;23;FABRICACIÓN DE OTROS PRODUCTOS MINERALES NO METÁLICOS;FABRICAÇÃO DE PRODUTOS DE MINERAIS NÃO-METÁLICOS;3.9451;242118.6772
2019;Estados Unidos;0520;Mineração de lignito;22209;05;0580;Extração de carvão mineral e de minerais não metálicos;0500;05;B;05;EXTRACCIÓN DE CARBÓN DE PIEDRA Y LIGNITO;EXTRAÇÃO DE CARVÃO MINERAL;3.9451;87616.7259
2019;Estados Unidos;0510;Mineração de Carvão;11196;05;0580;Extração de carvão mineral e de minerais não metálicos;0500;05;B;05;EXTRACCIÓN DE CARBÓN DE PIEDRA Y LIGNITO;EXTRAÇÃO DE CARVÃO MINERAL;3.9451;44169.3396
2019;Estados Unidos;0124;Cultivo de frutas pome e frutas de caroço;3417;012;0191;Agricultura, inclusive o apoio à agricultura e a pós-colheita;0111;011;A;012;Cultivo de plantas perennes;Produção de lavouras temporárias;3.9451;13480.4067
2019;Estados Unidos;0112;Cultivo de arroz;73;011;0191;Agricultura, inclusive o apoio à agricultura e a pós-colheita;0111;011;A;011;Cultivo de plantas no perenes;Produção de lavouras temporárias;3.9451;287.9923
2018;Estados Unidos;3030;Fabricação de aviões e máquinas relacionadas;4195857475;30;3000;Fabricação de outros equipamentos de transporte, exceto veículos automotores;3011;30;C;30;FABRICACIÓN DE OTRO  EQUIPO DE TRANSPORTE;FABRICAÇÃO DE OUTROS EQUIPAMENTOS DE TRANSPORTE, EXCETO VEÍCULOS AUTOMOTORES;3.6542;15332502385.145
2018;Estados Unidos;2410;Fabricação de ferro e aço básicos;4168174647;241;2491;Produção de ferro-gusa/ferroligas, siderurgia e tubos de aço sem costura;2411;241;C;241;Fabricación básica de hierro y acero;Produção de ferro-gusa e de ferroligas;3.6542;15231343795.0674
2018;Estados Unidos;0610;Extração de petróleo bruto;3031647240;06;0680;Extração de petróleo e gás, inclusive as atividades de apoio;0600;06;B;06;EXTRACCIÓN DE PETRÓLEO CRUDO Y GAS NATURAL;EXTRAÇÃO DE PETRÓLEO E GÁS NATURAL;3.6542;11078245344.407999
2018;Estados Unidos;2011;Fabricação de produtos químicos básicos;1490977820;201;1992;Fabricação de biocombustíveis;1931;193;C;201;Fabricación de sustancias químicas básicas, de abonos y compuestos de nitrógeno y de plásticos y caucho sintético en formas primarias;Fabricação de biocombustíveis;3.6542;5448331149.844
2018;Estados Unidos;2824;Fabricação de máquinas para mineração, exploração de pedreiras e construção;1226341797;28;2800;Fabricação de máquinas e equipamentos mecânicos;2811;28;C;28;FABRICACIÓN DE MAQUINARIA Y EQUIPO N.C.P.;FABRICAÇÃO DE MÁQUINAS E EQUIPAMENTOS;3.6542;4481298194.5974
2018;Estados Unidos;2420;Fabricação de metais preciosos e outros metais não ferrosos;1168202273;242;2492;Metalurgia de metais não ferosos e a fundição de metais;2441;244;C;242;Fabricación de productos primarios de metales preciosos y otros metales no ferrosos;Metalurgia dos metais não-ferrosos;3.6542;4268844745.9965997
2018;Estados Unidos;1701;Fabricação de polpa, papel e cartão;1150725884;17;1700;Fabricação de celulose, papel e produtos de papel;1710;17;C;17;FABRICACIÓN DE PAPEL Y DE PRODUCTOS DE PAPEL;FABRICAÇÃO DE CELULOSE, PAPEL E PRODUTOS DE PAPEL;3.6542;4204982525.3128
2018;Estados Unidos;2930;Fabricação de peças e acessórios para veículos automotores;833140413;293;2992;Fabricação de peças e acessórios para veículos automotores;2941;294;C;293;Fabricación de partes, piezas y accesorios para vehículos automotores;Fabricação de peças e acessórios para veículos automotores;3.6542;3044461697.1846
2018;Estados Unidos;0127;Cultivo de bebidas da safra;774693445;012;0191;Agricultura, inclusive o apoio à agricultura e a pós-colheita;0111;011;A;012;Cultivo de plantas perennes;Produção de lavouras temporárias;3.6542;2830884786.719
2018;Estados Unidos;1920;Fabricação de produtos petrolíferos refinados;772053273;192;1991;Refino de petróleo e coquerias;1921;192;C;192;Fabricación de productos de la refinación del petróleo;Fabricação de produtos derivados do petróleo;3.6542;2821237070.1966
2018;Estados Unidos;1030;Processamento e conservação de frutas e legumes;645109846;103;1093;Outros produtos alimentares;1031;103;C;103;Elaboración y conservación de frutas, legumbres y hortalizas;Fabricação de conservas de frutas, legumes e outros vegetais;3.6542;2357360399.2532
2018;Estados Unidos;2396;Corte, moldagem e acabamento de pedra;591722201;23;2300;Fabricação de produtos de minerais não metálicos;2311;23;C;23;FABRICACIÓN DE OTROS PRODUCTOS MINERALES NO METÁLICOS;FABRICAÇÃO DE PRODUTOS DE MINERAIS NÃO-METÁLICOS;3.6542;2162271266.8942
2018;Estados Unidos;1610;Serração e aplainamento de madeira;568962050;16;1500;Fabricação de calçados e de artefatos de couro;1510;15;C;16;"PRODUCCIÓN DE MADERA Y FABRICACIÓN DE PRODUCTOS DE MADERA Y CORCHO, EXCEPTO MUEBLES; FABRICACIÓN DE ARTÍCULOS DE PAJA Y DE MATERIALES TRENZABLES";PREPARAÇÃO DE COUROS E FABRICAÇÃO DE ARTEFATOS DE COURO, ARTIGOS PARA VIAGEM E CALÇADOS;3.6542;2079101123.11
2018;Estados Unidos;2710;Fabricação de motores elétricos, geradores, transformadores e aparelhos de distribuição e controle de energia elétrica;436218240;27;2700;Fabricação de máquinas e equipamentos elétricos;2710;27;C;27;FABRICACIÓN DE EQUIPO ELÉCTRICO;FABRICAÇÃO DE MÁQUINAS, APARELHOS E MATERIAIS ELÉTRICOS;3.6542;1594028692.608
2018;Estados Unidos;2211;"Fabricação de pneus e tubos; recauchutagem e reconstrução de pneus de borracha";376826607;22;1500;Fabricação de calçados e de artefatos de couro;1510;15;C;22;FABRICACIÓN DE PRODUCTOS DE CAUCHO Y PLÁSTICO;PREPARAÇÃO DE COUROS E FABRICAÇÃO DE ARTEFATOS DE COURO, ARTIGOS PARA VIAGEM E CALÇADOS;3.6542;1376999787.2993999
2018;Estados Unidos;1010;Processamento e conservação de carne;359148067;101;1091;Abate e produtos de carne, inclusive os produtos do laticínio e da pesca;1011;101;C;101;Elaboración y conservación de carne;Abate e fabricação de produtos de carne;3.6542;1312398866.4314
2018;Estados Unidos;1621;Fabricação de folheados e painéis derivados de madeira;350637284;16;1500;Fabricação de calçados e de artefatos de couro;1510;15;C;16;"PRODUCCIÓN DE MADERA Y FABRICACIÓN DE PRODUCTOS DE MADERA Y CORCHO, EXCEPTO MUEBLES; FABRICACIÓN DE ARTÍCULOS DE PAJA Y DE MATERIALES TRENZABLES";PREPARAÇÃO DE COUROS E FABRICAÇÃO DE ARTEFATOS DE COURO, ARTIGOS PARA VIAGEM E CALÇADOS;3.6542;1281298763.1928
2018;Estados Unidos;2813;Fabricação de outras bombas, compressores, torneiras e válvulas;313949334;28;2800;Fabricação de máquinas e equipamentos mecânicos;2811;28;C;28;FABRICACIÓN DE MAQUINARIA Y EQUIPO N.C.P.;FABRICAÇÃO DE MÁQUINAS E EQUIPAMENTOS;3.6542;1147233656.3028
2018;Estados Unidos;2029;Fabricação de outros produtos químicos n.c;309161776;202;2092;Fabricação de defensivos, desinfestantes, tintas e químicos diversos;2051;205;C;202;Fabricación de otros productos químicos;Fabricação de defensivos agrícolas e desinfestantes domissanitários;3.6542;1129738961.8592
2018;Estados Unidos;0710;Extração de minério de ferro;308025951;071;0791;Extração de minério de ferro, inclusive beneficiamento e a aglomeração;0710;071;B;071;Extracción de minerales de hierro;Extração de minério de ferro;3.6542;1125588430.1441998
2018;Estados Unidos;2814;Fabricação de rolamentos, engrenagens, engrenagens e elementos de acionamento;293229071;28;2800;Fabricação de máquinas e equipamentos mecânicos;2811;28;C;28;FABRICACIÓN DE MAQUINARIA Y EQUIPO N.C.P.;FABRICAÇÃO DE MÁQUINAS E EQUIPAMENTOS;3.6542;1071517671.2481999
2018;Estados Unidos;1511;Curtimento e vestuário de couro;259887837;15;1500;Fabricação de calçados e de artefatos de couro;1510;15;C;15;FABRICACIÓN DE PRODUCTOS DE CUERO Y PRODUCTOS CONEXOS;PREPARAÇÃO DE COUROS E FABRICAÇÃO DE ARTEFATOS DE COURO, ARTIGOS PARA VIAGEM E CALÇADOS;3.6542;949682133.9654
2018;Estados Unidos;2651;Fabricação de equipamentos de medição, teste, navegação e controle;245155022;26;2600;Fabricação de equipamentos de informática, produtos eletrônicos e ópticos;2610;26;C;26;FABRICACIÓN DE PRODUCTOS DE INFORMÁTICA, DE ELECTRÓNICA Y DE ÓPTICA;FABRICAÇÃO DE EQUIPAMENTOS DE INFORMÁTICA, PRODUTOS ELETRÔNICOS E ÓPTICOS;3.6542;895845481.3924
2018;Estados Unidos;2013;Fabricação de plásticos e borracha sintética em formas primárias;241286243;201;1992;Fabricação de biocombustíveis;1931;193;C;201;Fabricación de sustancias químicas básicas, de abonos y compuestos de nitrógeno y de plásticos y caucho sintético en formas primarias;Fabricação de biocombustíveis;3.6542;881708189.1705999
2018;Estados Unidos;1622;Fabricação de carpintaria e marcenaria de construtores;236098103;16;1500;Fabricação de calçados e de artefatos de couro;1510;15;C;16;"PRODUCCIÓN DE MADERA Y FABRICACIÓN DE PRODUCTOS DE MADERA Y CORCHO, EXCEPTO MUEBLES; FABRICACIÓN DE ARTÍCULOS DE PAJA Y DE MATERIALES TRENZABLES";PREPARAÇÃO DE COUROS E FABRICAÇÃO DE ARTEFATOS DE COURO, ARTIGOS PARA VIAGEM E CALÇADOS;3.6542;862749687.9826
2018;Estados Unidos;3100;Fabricação de móveis;214315493;31;3180;Fabricação de móveis e de produtos de indústrias diversas;3101;31;C;31;FABRICACIÓN DE MUEBLES;FABRICAÇÃO DE MÓVEIS;3.6542;783151674.5206
2018;Estados Unidos;1079;Fabricação de outros produtos alimentícios n.c;193946088;107;1092;Fabricação e refino de açúcar;1071;107;C;107;Elaboración de otros productos alimenticios;Fabricação e refino de açúcar;3.6542;708717794.7696
2018;Estados Unidos;1200;Fabricação de produtos de tabaco;185084018;12;1200;Fabricação de produtos do fumo;1210;12;C;12;ELABORACIÓN DE PRODUCTOS DE TABACO;FABRICAÇÃO DE PRODUTOS DO FUMO;3.6542;676334018.5756
2018;Estados Unidos;2100;Fabricação de produtos farmacêuticos, produtos químicos medicinais e botânicos;181501617;21;2100;Fabricação de produtos farmoquímicos e farmacêuticos;2110;21;C;21;FABRICACIÓN DE PRODUCTOS FARMACÉUTICOS, SUSTANCIAS QUÍMICAS MEDICINALES Y PRODUCTOS BOTÁNICOS DE USO FARMACÉUTICO;FABRICAÇÃO DE PRODUTOS FARMOQUÍMICOS E FARMACÊUTICOS;3.6542;663243208.8414
2018;Estados Unidos;1072;Fabricação de açúcar;176189502;107;1092;Fabricação e refino de açúcar;1071;107;C;107;Elaboración de otros productos alimenticios;Fabricação e refino de açúcar;3.6542;643831678.2084
2018;Estados Unidos;1520;Fabricação de calçado;168186362;15;1500;Fabricação de calçados e de artefatos de couro;1510;15;C;15;FABRICACIÓN DE PRODUCTOS DE CUERO Y PRODUCTOS CONEXOS;PREPARAÇÃO DE COUROS E FABRICAÇÃO DE ARTEFATOS DE COURO, ARTIGOS PARA VIAGEM E CALÇADOS;3.6542;614586604.0203999
2018;Estados Unidos;2520;Fabricação de armas e munições;159280127;25;2500;Fabricação de produtos de metal, exceto máquinas e equipamentos;2511;25;C;25;FABRICACIÓN DE PRODUCTOS ELABORADOS DE METAL, EXCEPTO MAQUINARIA Y EQUIPO;FABRICAÇÃO DE PRODUTOS DE METAL, EXCETO MÁQUINAS E EQUIPAMENTOS;3.6542;582041440.0834
2018;Estados Unidos;2819;Fabricação de outras máquinas para uso geral;145276840;28;2800;Fabricação de máquinas e equipamentos mecânicos;2811;28;C;28;FABRICACIÓN DE MAQUINARIA Y EQUIPO N.C.P.;FABRICAÇÃO DE MÁQUINAS E EQUIPAMENTOS;3.6542;530870628.728
2018;Estados Unidos;2599;Fabricação de outros produtos metálicos fabricados n.c;138995452;25;2500;Fabricação de produtos de metal, exceto máquinas e equipamentos;2511;25;C;25;FABRICACIÓN DE PRODUCTOS ELABORADOS DE METAL, EXCEPTO MAQUINARIA Y EQUIPO;FABRICAÇÃO DE PRODUTOS DE METAL, EXCETO MÁQUINAS E EQUIPAMENTOS;3.6542;507917180.69839996
2018;Estados Unidos;2220;Fabricação de produtos plásticos;138910700;22;1500;Fabricação de calçados e de artefatos de couro;1510;15;C;22;FABRICACIÓN DE PRODUCTOS DE CAUCHO Y PLÁSTICO;PREPARAÇÃO DE COUROS E FABRICAÇÃO DE ARTEFATOS DE COURO, ARTIGOS PARA VIAGEM E CALÇADOS;3.6542;507607479.94
2018;Estados Unidos;2620;Fabricação de computadores e equipamentos periféricos;128091560;26;2600;Fabricação de equipamentos de informática, produtos eletrônicos e ópticos;2610;26;C;26;FABRICACIÓN DE PRODUCTOS DE INFORMÁTICA, DE ELECTRÓNICA Y DE ÓPTICA;FABRICAÇÃO DE EQUIPAMENTOS DE INFORMÁTICA, PRODUTOS ELETRÔNICOS E ÓPTICOS;3.6542;468072178.552
2018;Estados Unidos;9000;Atividades criativas, artes e entretenimento;117288041;90;9080;Atividades artísticas, criativas e de espetáculos;9001;90;R;90;ACTIVIDADES CREATIVAS, ARTÍSTICAS Y DE ENTRETENIMIENTO;ATIVIDADES ARTÍSTICAS, CRIATIVAS E DE ESPETÁCULOS;3.6542;428593959.42219996
2018;Estados Unidos;2219;Fabricação de outros produtos de borracha;103638554;22;1500;Fabricação de calçados e de artefatos de couro;1510;15;C;22;FABRICACIÓN DE PRODUCTOS DE CAUCHO Y PLÁSTICO;PREPARAÇÃO DE COUROS E FABRICAÇÃO DE ARTEFATOS DE COURO, ARTIGOS PARA VIAGEM E CALÇADOS;3.6542;378716004.0268
2018;Estados Unidos;1020;Processamento e conservação de peixes, crustáceos e moluscos;98107724;102;1091;Abate e produtos de carne, inclusive os produtos do laticínio e da pesca;1020;102;C;102;Elaboración y conservación de pescado, crustáceos y moluscos;Preservação do pescado e fabricação de produtos do pescado;3.6542;358505245.0408
2018;Estados Unidos;1073;Fabricação de cacau, chocolate e produtos de confeitaria;88216297;107;1092;Fabricação e refino de açúcar;1071;107;C;107;Elaboración de otros productos alimenticios;Fabricação e refino de açúcar;3.6542;322359992.4974
2018;Estados Unidos;3211;Fabricação de joalharia e artigos afins;85902812;32;3180;Fabricação de móveis e de produtos de indústrias diversas;3211;32;C;32;OTRAS INDUSTRIAS MANUFACTURERAS;FABRICAÇÃO DE PRODUTOS DIVERSOS;3.6542;313906055.61039996
2018;Estados Unidos;2392;Fabricação de materiais de construção de argila;85251941;23;2300;Fabricação de produtos de minerais não metálicos;2311;23;C;23;FABRICACIÓN DE OTROS PRODUCTOS MINERALES NO METÁLICOS;FABRICAÇÃO DE PRODUTOS DE MINERAIS NÃO-METÁLICOS;3.6542;311527642.8022
2018;Estados Unidos;2399;Fabricação de outros produtos minerais não metálicos n.c;78295223;23;2300;Fabricação de produtos de minerais não metálicos;2311;23;C;23;FABRICACIÓN DE OTROS PRODUCTOS MINERALES NO METÁLICOS;FABRICAÇÃO DE PRODUTOS DE MINERAIS NÃO-METÁLICOS;3.6542;286106403.8866
2018;Estados Unidos;2593;Fabricação de cutelaria, ferramentas manuais e ferragens em geral;76146561;25;2500;Fabricação de produtos de metal, exceto máquinas e equipamentos;2511;25;C;25;FABRICACIÓN DE PRODUCTOS ELABORADOS DE METAL, EXCEPTO MAQUINARIA Y EQUIPO;FABRICAÇÃO DE PRODUTOS DE METAL, EXCETO MÁQUINAS E EQUIPAMENTOS;3.6542;278254763.2062
2018;Estados Unidos;0125;Cultivo de outras frutas e nozes;75265110;012;0191;Agricultura, inclusive o apoio à agricultura e a pós-colheita;0111;011;A;012;Cultivo de plantas perennes;Produção de lavouras temporárias;3.6542;275033764.962
2018;Estados Unidos;0149;Criação de outros animais;73871858;014;0192;Pecuária, inclusive o apoio à pecuária;0151;015;A;014;Ganadería;Pecuária;3.6542;269942543.5036
2018;Estados Unidos;2630;Fabricação de equipamentos de comunicação;65118189;26;2600;Fabricação de equipamentos de informática, produtos eletrônicos e ópticos;2610;26;C;26;FABRICACIÓN DE PRODUCTOS DE INFORMÁTICA, DE ELECTRÓNICA Y DE ÓPTICA;FABRICAÇÃO DE EQUIPAMENTOS DE INFORMÁTICA, PRODUTOS ELETRÔNICOS E ÓPTICOS;3.6542;237954886.24379998
2018;Estados Unidos;2790;Fabricação de outro equipamento elétrico;60008008;27;2700;Fabricação de máquinas e equipamentos elétricos;2710;27;C;27;FABRICACIÓN DE EQUIPO ELÉCTRICO;FABRICAÇÃO DE MÁQUINAS, APARELHOS E MATERIAIS ELÉTRICOS;3.6542;219281262.83359998
2018;Estados Unidos;0899;Outras atividades de mineração n.c;58165889;08;0580;Extração de carvão mineral e de minerais não metálicos;0810;08;B;08;EXPLOTACIÓN DE OTRAS MINAS Y CANTERAS;EXTRAÇÃO DE MINERAIS NÃO-METÁLICOS;3.6542;212549791.5838
2018;Estados Unidos;2391;Fabricação de produtos refratários;53568858;23;2300;Fabricação de produtos de minerais não metálicos;2311;23;C;23;FABRICACIÓN DE OTROS PRODUCTOS MINERALES NO METÁLICOS;FABRICAÇÃO DE PRODUTOS DE MINERAIS NÃO-METÁLICOS;3.6542;195751320.9036
2018;Estados Unidos;2732;Fabricação de outros fios e cabos elétricos e eletrônicos;46856124;27;2700;Fabricação de máquinas e equipamentos elétricos;2710;27;C;27;FABRICACIÓN DE EQUIPO ELÉCTRICO;FABRICAÇÃO DE MÁQUINAS, APARELHOS E MATERIAIS ELÉTRICOS;3.6542;171221648.3208
2018;Estados Unidos;2812;Fabricação de equipamentos para energia hidráulica;46762884;28;2800;Fabricação de máquinas e equipamentos mecânicos;2811;28;C;28;FABRICACIÓN DE MAQUINARIA Y EQUIPO N.C.P.;FABRICAÇÃO DE MÁQUINAS E EQUIPAMENTOS;3.6542;170880930.7128
2018;Estados Unidos;3250;Fabricação de instrumentos e suprimentos médicos e odontológicos;45527072;32;3180;Fabricação de móveis e de produtos de indústrias diversas;3211;32;C;32;OTRAS INDUSTRIAS MANUFACTURERAS;FABRICAÇÃO DE PRODUTOS DIVERSOS;3.6542;166365026.50239998
2018;Estados Unidos;2822;Fabricação de máquinas e máquinas-ferramentas para moldagem de metais;45017012;28;2800;Fabricação de máquinas e equipamentos mecânicos;2811;28;C;28;FABRICACIÓN DE MAQUINARIA Y EQUIPO N.C.P.;FABRICAÇÃO DE MÁQUINAS E EQUIPAMENTOS;3.6542;164501165.2504
2018;Estados Unidos;1629;"Fabricação de outros produtos de madeira; fabricação de artigos de cortiça, de espartaria e cestaria";44763571;16;1500;Fabricação de calçados e de artefatos de couro;1510;15;C;16;"PRODUCCIÓN DE MADERA Y FABRICACIÓN DE PRODUCTOS DE MADERA Y CORCHO, EXCEPTO MUEBLES; FABRICACIÓN DE ARTÍCULOS DE PAJA Y DE MATERIALES TRENZABLES";PREPARAÇÃO DE COUROS E FABRICAÇÃO DE ARTEFATOS DE COURO, ARTIGOS PARA VIAGEM E CALÇADOS;3.6542;163575041.1482
2018;Estados Unidos;2811;Fabricação de motores e turbinas, exceto aeronaves, veículos e motores de ciclo;43928330;28;2800;Fabricação de máquinas e equipamentos mecânicos;2811;28;C;28;FABRICACIÓN DE MAQUINARIA Y EQUIPO N.C.P.;FABRICAÇÃO DE MÁQUINAS E EQUIPAMENTOS;3.6542;160522903.486
2018;Estados Unidos;2821;Fabricação de maquinaria agrícola e florestal;43753046;28;2800;Fabricação de máquinas e equipamentos mecânicos;2811;28;C;28;FABRICACIÓN DE MAQUINARIA Y EQUIPO N.C.P.;FABRICAÇÃO DE MÁQUINAS E EQUIPAMENTOS;3.6542;159882380.6932
2018;Estados Unidos;2829;Fabricação de outras máquinas para fins especiais;43685262;28;2800;Fabricação de máquinas e equipamentos mecânicos;2811;28;C;28;FABRICACIÓN DE MAQUINARIA Y EQUIPO N.C.P.;FABRICAÇÃO DE MÁQUINAS E EQUIPAMENTOS;3.6542;159634684.40039998
2018;Estados Unidos;3290;Outras manufaturas n.c.;43681150;32;3180;Fabricação de móveis e de produtos de indústrias diversas;3211;32;C;32;OTRAS INDUSTRIAS MANUFACTURERAS;FABRICAÇÃO DE PRODUTOS DIVERSOS;3.6542;159619658.32999998
2018;Estados Unidos;0128;Cultivo de especiarias, culturas aromáticas, medicamentosas e farmacêuticas;43089538;012;0191;Agricultura, inclusive o apoio à agricultura e a pós-colheita;0111;011;A;012;Cultivo de plantas perennes;Produção de lavouras temporárias;3.6542;157457789.75959998
2018;Estados Unidos;1040;Fabricação de óleos e gorduras vegetais e animais;41493682;104;1093;Outros produtos alimentares;1041;104;C;104;Elaboración de aceites y grasas de origen vegetal y animal;Fabricação de óleos e gorduras vegetais e animais;3.6542;151626212.7644
2018;Estados Unidos;0311;Pesca marinha;41291767;03;0280;"Produção florestal; pesca e aquicultura";0311;03;A;03;PESCA Y ACUICULTURA;PESCA E AQÜICULTURA;3.6542;150888374.9714
2018;Estados Unidos;0113;Cultivo de hortaliças e melões, raízes e tubérculos;40912493;011;0191;Agricultura, inclusive o apoio à agricultura e a pós-colheita;0111;011;A;011;Cultivo de plantas no perenes;Produção de lavouras temporárias;3.6542;149502431.9206
2018;Estados Unidos;2610;Fabricação de componentes eletrônicos e placas;38914098;26;2600;Fabricação de equipamentos de informática, produtos eletrônicos e ópticos;2610;26;C;26;FABRICACIÓN DE PRODUCTOS DE INFORMÁTICA, DE ELECTRÓNICA Y DE ÓPTICA;FABRICAÇÃO DE EQUIPAMENTOS DE INFORMÁTICA, PRODUTOS ELETRÔNICOS E ÓPTICOS;3.6542;142199896.9116
2018;Estados Unidos;1061;Fabricação de produtos de moagem de grãos;35762609;106;1093;Outros produtos alimentares;1061;106;C;106;Elaboración de productos de molinería, almidones y productos derivados del almidón;Moagem, fabricação de produtos amiláceos e de alimentos para animais;3.6542;130683725.8078
2018;Estados Unidos;1071;Fabricação de produtos de panificação;32563742;107;1092;Fabricação e refino de açúcar;1071;107;C;107;Elaboración de otros productos alimenticios;Fabricação e refino de açúcar;3.6542;118994426.0164
2018;Estados Unidos;0810;Extração de pedra, areia e argila;29180095;08;0580;Extração de carvão mineral e de minerais não metálicos;0810;08;B;08;EXPLOTACIÓN DE OTRAS MINAS Y CANTERAS;EXTRAÇÃO DE MINERAIS NÃO-METÁLICOS;3.6542;106629903.149
2018;Estados Unidos;2310;Fabricação de produtos de vidro e vidro;29167710;23;2300;Fabricação de produtos de minerais não metálicos;2311;23;C;23;FABRICACIÓN DE OTROS PRODUCTOS MINERALES NO METÁLICOS;FABRICAÇÃO DE PRODUTOS DE MINERAIS NÃO-METÁLICOS;3.6542;106584645.882
2018;Estados Unidos;0729;Extração de outros minérios de metais não ferrosos;25180510;072;0792;Extração de minerais metálicos não ferrosos, inclusive beneficiamentos;0721;072;B;072;Extracción de minerales metalíferos no ferrosos;Extração de minerais metálicos não-ferrosos;3.6542;92014619.642
2018;Estados Unidos;1394;Fabricação de cordéis, cordas, cordéis e redes;24041524;13;1300;Fabricação de produtos têxteis;1311;13;C;13;FABRICACIÓN DE PRODUCTOS TEXTILES;FABRICAÇÃO DE PRODUTOS TÊXTEIS;3.6542;87852537.0008
2018;Estados Unidos;2640;Fabricação de produtos eletrônicos de consumo;23526214;26;2600;Fabricação de equipamentos de informática, produtos eletrônicos e ópticos;2610;26;C;26;FABRICACIÓN DE PRODUCTOS DE INFORMÁTICA, DE ELECTRÓNICA Y DE ÓPTICA;FABRICAÇÃO DE EQUIPAMENTOS DE INFORMÁTICA, PRODUTOS ELETRÔNICOS E ÓPTICOS;3.6542;85969491.1988
2018;Estados Unidos;2823;Fabricação de máquinas para metalurgia;21979025;28;2800;Fabricação de máquinas e equipamentos mecânicos;2811;28;C;28;FABRICACIÓN DE MAQUINARIA Y EQUIPO N.C.P.;FABRICAÇÃO DE MÁQUINAS E EQUIPAMENTOS;3.6542;80315753.155
2018;Estados Unidos;2910;Fabricação de veículos automotores;21753237;291;2991;Fabricação de automóveis, caminhões e ônibus, exceto peças;2910;291;C;291;Fabricación de vehículos automotores;Fabricação de automóveis, camionetas e utilitários;3.6542;79490678.6454
2018;Estados Unidos;2816;Fabricação de equipamentos de elevação e manuseio;20452821;28;2800;Fabricação de máquinas e equipamentos mecânicos;2811;28;C;28;FABRICACIÓN DE MAQUINARIA Y EQUIPO N.C.P.;FABRICAÇÃO DE MÁQUINAS E EQUIPAMENTOS;3.6542;74738698.4982
2018;Estados Unidos;1709;Fabricação de outros artigos de papel e cartão;20264830;17;1700;Fabricação de celulose, papel e produtos de papel;1710;17;C;17;FABRICACIÓN DE PAPEL Y DE PRODUCTOS DE PAPEL;FABRICAÇÃO DE CELULOSE, PAPEL E PRODUTOS DE PAPEL;3.6542;74051741.786
2018;Estados Unidos;1702;Fabricação de papel e cartão canelados e de embalagens de papel e cartão;18717693;17;1700;Fabricação de celulose, papel e produtos de papel;1710;17;C;17;FABRICACIÓN DE PAPEL Y DE PRODUCTOS DE PAPEL;FABRICAÇÃO DE CELULOSE, PAPEL E PRODUTOS DE PAPEL;3.6542;68398193.7606
2018;Estados Unidos;0111;Cultivo de cereais (exceto arroz), leguminosas e oleaginosas;17269239;011;0191;Agricultura, inclusive o apoio à agricultura e a pós-colheita;0111;011;A;011;Cultivo de plantas no perenes;Produção de lavouras temporárias;3.6542;63105253.153799996
2018;Estados Unidos;2512;Fabricação de tanques, reservatórios e recipientes de metal;16656656;25;2500;Fabricação de produtos de metal, exceto máquinas e equipamentos;2511;25;C;25;FABRICACIÓN DE PRODUCTOS ELABORADOS DE METAL, EXCEPTO MAQUINARIA Y EQUIPO;FABRICAÇÃO DE PRODUTOS DE METAL, EXCETO MÁQUINAS E EQUIPAMENTOS;3.6542;60866752.3552
2018;Estados Unidos;3091;Fabricação de motocicletas;16467291;30;3000;Fabricação de outros equipamentos de transporte, exceto veículos automotores;3011;30;C;30;FABRICACIÓN DE OTRO  EQUIPO DE TRANSPORTE;FABRICAÇÃO DE OUTROS EQUIPAMENTOS DE TRANSPORTE, EXCETO VEÍCULOS AUTOMOTORES;3.6542;60174774.772199996
2018;Estados Unidos;2660;Fabricação de equipamentos de irradiação, eletromédicos e eletroterapêuticos;16230294;26;2600;Fabricação de equipamentos de informática, produtos eletrônicos e ópticos;2610;26;C;26;FABRICACIÓN DE PRODUCTOS DE INFORMÁTICA, DE ELECTRÓNICA Y DE ÓPTICA;FABRICAÇÃO DE EQUIPAMENTOS DE INFORMÁTICA, PRODUTOS ELETRÔNICOS E ÓPTICOS;3.6542;59308740.3348
2018;Estados Unidos;1399;Fabricação de outros têxteis n.e.c.;15542331;13;1300;Fabricação de produtos têxteis;1311;13;C;13;FABRICACIÓN DE PRODUCTOS TEXTILES;FABRICAÇÃO DE PRODUTOS TÊXTEIS;3.6542;56794785.9402
2018;Estados Unidos;2825;Fabricação de máquinas para processamento de alimentos, bebidas e tabaco;15299124;28;2800;Fabricação de máquinas e equipamentos mecânicos;2811;28;C;28;FABRICACIÓN DE MAQUINARIA Y EQUIPO N.C.P.;FABRICAÇÃO DE MÁQUINAS E EQUIPAMENTOS;3.6542;55906058.9208
2018;Estados Unidos;2023;Fabricação de sabão e detergentes, produtos de limpeza e polimento, perfumes e produtos de toilette;14680908;202;2092;Fabricação de defensivos, desinfestantes, tintas e químicos diversos;2051;205;C;202;Fabricación de otros productos químicos;Fabricação de defensivos agrícolas e desinfestantes domissanitários;3.6542;53646974.0136
2018;Estados Unidos;1410;Fabricação de vestuário, exceto vestuários de peles;13984766;14;1400;Confecção de artefatos do vestuário e acessórios;1411;14;C;14;FABRICACIÓN DE PRENDAS DE VESTIR;CONFECÇÃO DE ARTIGOS DO VESTUÁRIO E ACESSÓRIOS;3.6542;51103131.9172
2018;Estados Unidos;3012;Construção de barcos de recreio e desportivos;12985379;30;3000;Fabricação de outros equipamentos de transporte, exceto veículos automotores;3011;30;C;30;FABRICACIÓN DE OTRO  EQUIPO DE TRANSPORTE;FABRICAÇÃO DE OUTROS EQUIPAMENTOS DE TRANSPORTE, EXCETO VEÍCULOS AUTOMOTORES;3.6542;47451171.9418
2018;Estados Unidos;3020;Fabricação de locomotivas e material circulante;12890921;30;3000;Fabricação de outros equipamentos de transporte, exceto veículos automotores;3011;30;C;30;FABRICACIÓN DE OTRO  EQUIPO DE TRANSPORTE;FABRICAÇÃO DE OUTROS EQUIPAMENTOS DE TRANSPORTE, EXCETO VEÍCULOS AUTOMOTORES;3.6542;47106003.518199995
2018;Estados Unidos;1392;Fabricação de artigos têxteis confeccionados, exceto vestuário;11792888;13;1300;Fabricação de produtos têxteis;1311;13;C;13;FABRICACIÓN DE PRODUCTOS TEXTILES;FABRICAÇÃO DE PRODUTOS TÊXTEIS;3.6542;43093571.3296
2018;Estados Unidos;1062;Fabricação de amidos e féculas;10356083;106;1093;Outros produtos alimentares;1061;106;C;106;Elaboración de productos de molinería, almidones y productos derivados del almidón;Moagem, fabricação de produtos amiláceos e de alimentos para animais;3.6542;37843198.4986
2018;Estados Unidos;1311;Preparação e fiação de fibras têxteis;8669921;13;1300;Fabricação de produtos têxteis;1311;13;C;13;FABRICACIÓN DE PRODUCTOS TEXTILES;FABRICAÇÃO DE PRODUTOS TÊXTEIS;3.6542;31681625.3182
2018;Estados Unidos;0121;Cultivo de uvas;8411326;012;0191;Agricultura, inclusive o apoio à agricultura e a pós-colheita;0111;011;A;012;Cultivo de plantas perennes;Produção de lavouras temporárias;3.6542;30736667.4692
2018;Estados Unidos;2012;Fabricação de fertilizantes e compostos nitrogenados;8338259;201;1992;Fabricação de biocombustíveis;1931;193;C;201;Fabricación de sustancias químicas básicas, de abonos y compuestos de nitrógeno y de plásticos y caucho sintético en formas primarias;Fabricação de biocombustíveis;3.6542;30469666.0378
2018;Estados Unidos;2818;Fabricação de ferramentas manuais acionadas por motor;8102022;28;2800;Fabricação de máquinas e equipamentos mecânicos;2811;28;C;28;FABRICACIÓN DE MAQUINARIA Y EQUIPO N.C.P.;FABRICAÇÃO DE MÁQUINAS E EQUIPAMENTOS;3.6542;29606408.7924
2018;Estados Unidos;0893;Extração de sal;7930789;08;0580;Extração de carvão mineral e de minerais não metálicos;0810;08;B;08;EXPLOTACIÓN DE OTRAS MINAS Y CANTERAS;EXTRAÇÃO DE MINERAIS NÃO-METÁLICOS;3.6542;28980689.163799997
2018;Estados Unidos;2431;Fundição de ferro e aço;7666236;243;2492;Metalurgia de metais não ferosos e a fundição de metais;2451;245;C;243;Fundición de metales;Fundição;3.6542;28013959.591199998
2018;Estados Unidos;1623;Fabricação de embalagens de madeira;7662690;16;1500;Fabricação de calçados e de artefatos de couro;1510;15;C;16;"PRODUCCIÓN DE MADERA Y FABRICACIÓN DE PRODUCTOS DE MADERA Y CORCHO, EXCEPTO MUEBLES; FABRICACIÓN DE ARTÍCULOS DE PAJA Y DE MATERIALES TRENZABLES";PREPARAÇÃO DE COUROS E FABRICAÇÃO DE ARTEFATOS DE COURO, ARTIGOS PARA VIAGEM E CALÇADOS;3.6542;28001001.798
2018;Estados Unidos;2021;Fabricação de pesticidas e outros produtos agroquímicos;7656963;202;2092;Fabricação de defensivos, desinfestantes, tintas e químicos diversos;2051;205;C;202;Fabricación de otros productos químicos;Fabricação de defensivos agrícolas e desinfestantes domissanitários;3.6542;27980074.1946
2018;Estados Unidos;1512;Fabricação de malas, bolsas e semelhantes, selaria e arreios;6598708;15;1500;Fabricação de calçados e de artefatos de couro;1510;15;C;15;FABRICACIÓN DE PRODUCTOS DE CUERO Y PRODUCTOS CONEXOS;PREPARAÇÃO DE COUROS E FABRICAÇÃO DE ARTEFATOS DE COURO, ARTIGOS PARA VIAGEM E CALÇADOS;3.6542;24112998.7736
2018;Estados Unidos;1080;Fabricação de alimentos para animais;6522385;108;1093;Outros produtos alimentares;1061;106;C;108;Elaboración de piensos preparados para animales;Moagem, fabricação de produtos amiláceos e de alimentos para animais;3.6542;23834099.267
2018;Estados Unidos;0142;Criação de cavalos e outros equinos;6429015;014;0192;Pecuária, inclusive o apoio à pecuária;0151;015;A;014;Ganadería;Pecuária;3.6542;23492906.612999998
2018;Estados Unidos;1101;Fabricação de aguardentes e outras bebidas destiladas;5472237;11;1100;Fabricação de bebidas;1111;11;C;11;ELABORACIÓN DE BEBIDAS;FABRICAÇÃO DE BEBIDAS;3.6542;19996648.4454
2018;Estados Unidos;2826;Fabricação de máquinas para produção de têxteis, vestuário e couro;5156696;28;2800;Fabricação de máquinas e equipamentos mecânicos;2811;28;C;28;FABRICACIÓN DE MAQUINARIA Y EQUIPO N.C.P.;FABRICAÇÃO DE MÁQUINAS E EQUIPAMENTOS;3.6542;18843598.523199998
2018;Estados Unidos;2022;Fabricação de tintas, vernizes e produtos similares, tintas de impressão e mástiques;5129390;202;2092;Fabricação de defensivos, desinfestantes, tintas e químicos diversos;2051;205;C;202;Fabricación de otros productos químicos;Fabricação de defensivos agrícolas e desinfestantes domissanitários;3.6542;18743816.938
2018;Estados Unidos;2750;Fabricação de eletrodomésticos;4968453;27;2700;Fabricação de máquinas e equipamentos elétricos;2710;27;C;27;FABRICACIÓN DE EQUIPO ELÉCTRICO;FABRICAÇÃO DE MÁQUINAS, APARELHOS E MATERIAIS ELÉTRICOS;3.6542;18155720.9526
2018;Estados Unidos;1312;Tecelagem de têxteis;4868231;13;1300;Fabricação de produtos têxteis;1311;13;C;13;FABRICACIÓN DE PRODUCTOS TEXTILES;FABRICAÇÃO DE PRODUTOS TÊXTEIS;3.6542;17789489.7202
2018;Estados Unidos;2740;Fabricação de equipamentos de iluminação elétrica;4675023;27;2700;Fabricação de máquinas e equipamentos elétricos;2710;27;C;27;FABRICACIÓN DE EQUIPO ELÉCTRICO;FABRICAÇÃO DE MÁQUINAS, APARELHOS E MATERIAIS ELÉTRICOS;3.6542;17083469.0466
2018;Estados Unidos;2393;Fabricação de outros produtos de porcelana e cerâmica;4384515;23;2300;Fabricação de produtos de minerais não metálicos;2311;23;C;23;FABRICACIÓN DE OTROS PRODUCTOS MINERALES NO METÁLICOS;FABRICAÇÃO DE PRODUTOS DE MINERAIS NÃO-METÁLICOS;3.6542;16021894.713
2018;Estados Unidos;3212;Fabricação de bijuterias e artigos relacionados;4364026;32;3180;Fabricação de móveis e de produtos de indústrias diversas;3211;32;C;32;OTRAS INDUSTRIAS MANUFACTURERAS;FABRICAÇÃO DE PRODUTOS DIVERSOS;3.6542;15947023.8092
2018;Estados Unidos;5819;Outras atividades de publicação;4202056;58;5800;Edição e edição integrada à impressão;5811;58;J;58;ACTIVIDADES DE EDICIÓN;EDIÇÃO E EDIÇÃO INTEGRADA À IMPRESSÃO;3.6542;15355153.0352
2018;Estados Unidos;2720;Fabricação de baterias e acumuladores;3968116;27;2700;Fabricação de máquinas e equipamentos elétricos;2710;27;C;27;FABRICACIÓN DE EQUIPO ELÉCTRICO;FABRICAÇÃO DE MÁQUINAS, APARELHOS E MATERIAIS ELÉTRICOS;3.6542;14500289.4872
2018;Estados Unidos;1104;"Fabricação de refrigerantes; produção de águas minerais e outras águas engarrafadas";3951566;11;1100;Fabricação de bebidas;1111;11;C;11;ELABORACIÓN DE BEBIDAS;FABRICAÇÃO DE BEBIDAS;3.6542;14439812.4772
2018;Estados Unidos;1050;Fabricação de produtos lácteos;3822886;105;1091;Abate e produtos de carne, inclusive os produtos do laticínio e da pesca;1051;105;C;105;Elaboración de productos lácteos;Laticínios;3.6542;13969590.0212
2018;Estados Unidos;1391;Fabricação de tecidos de malha;3581706;13;1300;Fabricação de produtos têxteis;1311;13;C;13;FABRICACIÓN DE PRODUCTOS TEXTILES;FABRICAÇÃO DE PRODUTOS TÊXTEIS;3.6542;13088270.0652
2018;Estados Unidos;3011;Construção de navios e estruturas flutuantes;3432959;30;3000;Fabricação de outros equipamentos de transporte, exceto veículos automotores;3011;30;C;30;FABRICACIÓN DE OTRO  EQUIPO DE TRANSPORTE;FABRICAÇÃO DE OUTROS EQUIPAMENTOS DE TRANSPORTE, EXCETO VEÍCULOS AUTOMOTORES;3.6542;12544718.7778
2018;Estados Unidos;2815;Fabricação de fornos, fornos e queimadores de fornos;3389305;28;2800;Fabricação de máquinas e equipamentos mecânicos;2811;28;C;28;FABRICACIÓN DE MAQUINARIA Y EQUIPO N.C.P.;FABRICAÇÃO DE MÁQUINAS E EQUIPAMENTOS;3.6542;12385198.331
2018;Estados Unidos;1430;Fabricação de vestuário de malha;2973700;14;1400;Confecção de artefatos do vestuário e acessórios;1411;14;C;14;FABRICACIÓN DE PRENDAS DE VESTIR;CONFECÇÃO DE ARTIGOS DO VESTUÁRIO E ACESSÓRIOS;3.6542;10866494.54
2018;Estados Unidos;2680;Fabricação de mídia magnética e óptica;2703509;26;2600;Fabricação de equipamentos de informática, produtos eletrônicos e ópticos;2610;26;C;26;FABRICACIÓN DE PRODUCTOS DE INFORMÁTICA, DE ELECTRÓNICA Y DE ÓPTICA;FABRICAÇÃO DE EQUIPAMENTOS DE INFORMÁTICA, PRODUTOS ELETRÔNICOS E ÓPTICOS;3.6542;9879162.5878
2018;Estados Unidos;0122;Cultivo de frutas tropicais e subtropicais;2457109;012;0191;Agricultura, inclusive o apoio à agricultura e a pós-colheita;0111;011;A;012;Cultivo de plantas perennes;Produção de lavouras temporárias;3.6542;8978767.707799999
2018;Estados Unidos;3099;Fabricação de outros equipamentos de transporte n.c;2364317;30;3000;Fabricação de outros equipamentos de transporte, exceto veículos automotores;3011;30;C;30;FABRICACIÓN DE OTRO  EQUIPO DE TRANSPORTE;FABRICAÇÃO DE OUTROS EQUIPAMENTOS DE TRANSPORTE, EXCETO VEÍCULOS AUTOMOTORES;3.6542;8639687.1814
2018;Estados Unidos;2817;Fabricação de máquinas e equipamentos de escritório (exceto computadores e equipamentos periféricos);2245633;28;2800;Fabricação de máquinas e equipamentos mecânicos;2811;28;C;28;FABRICACIÓN DE MAQUINARIA Y EQUIPO N.C.P.;FABRICAÇÃO DE MÁQUINAS E EQUIPAMENTOS;3.6542;8205992.1086
2018;Estados Unidos;5811;Publicação de livros;2245492;58;5800;Edição e edição integrada à impressão;5811;58;J;58;ACTIVIDADES DE EDICIÓN;EDIÇÃO E EDIÇÃO INTEGRADA À IMPRESSÃO;3.6542;8205476.8664
2018;Estados Unidos;2731;Fabricação de cabos de fibra ótica;2057805;27;2700;Fabricação de máquinas e equipamentos elétricos;2710;27;C;27;FABRICACIÓN DE EQUIPO ELÉCTRICO;FABRICAÇÃO DE MÁQUINAS, APARELHOS E MATERIAIS ELÉTRICOS;3.6542;7519631.0309999995
2018;Estados Unidos;3220;Fabricação de instrumentos musicais;1936548;32;3180;Fabricação de móveis e de produtos de indústrias diversas;3211;32;C;32;OTRAS INDUSTRIAS MANUFACTURERAS;FABRICAÇÃO DE PRODUTOS DIVERSOS;3.6542;7076533.701599999
2018;Estados Unidos;2395;Fabricação de artigos de concreto, cimento e gesso;1870662;23;2300;Fabricação de produtos de minerais não metálicos;2311;23;C;23;FABRICACIÓN DE OTROS PRODUCTOS MINERALES NO METÁLICOS;FABRICAÇÃO DE PRODUTOS DE MINERAIS NÃO-METÁLICOS;3.6542;6835773.080399999
2018;Estados Unidos;2030;Fabricação de fibras sintéticas ou artificiais;1863780;203;2091;Fabricação de químicos orgânicos e inorgânicos, resinas e elastômeros;2040;204;C;203;Fabricación de fibras artificiales;Fabricação de fibras artificiais e sintéticas;3.6542;6810624.876
2018;Estados Unidos;3240;Fabricação de jogos e brinquedos;1755347;32;3180;Fabricação de móveis e de produtos de indústrias diversas;3211;32;C;32;OTRAS INDUSTRIAS MANUFACTURERAS;FABRICAÇÃO DE PRODUTOS DIVERSOS;3.6542;6414389.0074
2018;Estados Unidos;2511;Fabricação de produtos metálicos estruturais;1613849;25;2500;Fabricação de produtos de metal, exceto máquinas e equipamentos;2511;25;C;25;FABRICACIÓN DE PRODUCTOS ELABORADOS DE METAL, EXCEPTO MAQUINARIA Y EQUIPO;FABRICAÇÃO DE PRODUTOS DE METAL, EXCETO MÁQUINAS E EQUIPAMENTOS;3.6542;5897327.0158
2018;Estados Unidos;0220;Exploração madeireira;1606805;02;0280;"Produção florestal; pesca e aquicultura";0210;02;A;02;SILVICULTURA Y EXTRACCIÓN DE MADERA;PRODUÇÃO FLORESTAL;3.6542;5871586.831
2018;Estados Unidos;2920;"Fabricação de carroçarias para veículos automotores; fabricação de reboques e semi-reboques";1605188;292;2991;Fabricação de automóveis, caminhões e ônibus, exceto peças;2930;293;C;292;"Fabricación de carrocerías para vehículos automotores; fabricación de remolques y semirremolques";Fabricação de cabines, carrocerias e reboques para veículos automotores;3.6542;5865677.9896
2018;Estados Unidos;0321;Aquicultura marinha;1573257;03;0280;"Produção florestal; pesca e aquicultura";0311;03;A;03;PESCA Y ACUICULTURA;PESCA E AQÜICULTURA;3.6542;5748995.7294
2018;Estados Unidos;0130;Cultivo de plantas;1503487;013;0191;Agricultura, inclusive o apoio à agricultura e a pós-colheita;0141;014;A;013;Propagación de plantas;Produção de sementes e mudas certificadas;3.6542;5494042.1954
2018;Estados Unidos;2513;Fabricação de geradores de vapor, exceto caldeiras de aquecimento central de água quente;1438667;25;2500;Fabricação de produtos de metal, exceto máquinas e equipamentos;2511;25;C;25;FABRICACIÓN DE PRODUCTOS ELABORADOS DE METAL, EXCEPTO MAQUINARIA Y EQUIPO;FABRICAÇÃO DE PRODUTOS DE METAL, EXCETO MÁQUINAS E EQUIPAMENTOS;3.6542;5257176.9514
2018;Estados Unidos;2670;Fabricação de instrumentos ópticos e equipamento fotográfico;1245799;26;2600;Fabricação de equipamentos de informática, produtos eletrônicos e ópticos;2610;26;C;26;FABRICACIÓN DE PRODUCTOS DE INFORMÁTICA, DE ELECTRÓNICA Y DE ÓPTICA;FABRICAÇÃO DE EQUIPAMENTOS DE INFORMÁTICA, PRODUTOS ELETRÔNICOS E ÓPTICOS;3.6542;4552398.7058
2018;Estados Unidos;1393;Fabricação de tapetes e tapetes;1087700;13;1300;Fabricação de produtos têxteis;1311;13;C;13;FABRICACIÓN DE PRODUCTOS TEXTILES;FABRICAÇÃO DE PRODUTOS TÊXTEIS;3.6542;3974673.34
2018;Estados Unidos;0230;Coleta de produtos florestais não madeireiros;1064931;02;0280;"Produção florestal; pesca e aquicultura";0210;02;A;02;SILVICULTURA Y EXTRACCIÓN DE MADERA;PRODUÇÃO FLORESTAL;3.6542;3891470.8602
2018;Estados Unidos;1420;Fabricação de artigos de peles;1030137;14;1400;Confecção de artefatos do vestuário e acessórios;1411;14;C;14;FABRICACIÓN DE PRENDAS DE VESTIR;CONFECÇÃO DE ARTIGOS DO VESTUÁRIO E ACESSÓRIOS;3.6542;3764326.6254
2018;Estados Unidos;2652;Fabricação de cronomêtros e relógios;907206;26;2600;Fabricação de equipamentos de informática, produtos eletrônicos e ópticos;2610;26;C;26;FABRICACIÓN DE PRODUCTOS DE INFORMÁTICA, DE ELECTRÓNICA Y DE ÓPTICA;FABRICAÇÃO DE EQUIPAMENTOS DE INFORMÁTICA, PRODUTOS ELETRÔNICOS E ÓPTICOS;3.6542;3315112.1651999997
2018;Estados Unidos;3230;Fabricação de artigos esportivos;830668;32;3180;Fabricação de móveis e de produtos de indústrias diversas;3211;32;C;32;OTRAS INDUSTRIAS MANUFACTURERAS;FABRICAÇÃO DE PRODUTOS DIVERSOS;3.6542;3035427.0056
2018;Estados Unidos;1102;Fabricação de vinhos;686429;11;1100;Fabricação de bebidas;1111;11;C;11;ELABORACIÓN DE BEBIDAS;FABRICAÇÃO DE BEBIDAS;3.6542;2508348.8518
2018;Estados Unidos;1074;Fabricação de macarrão, talharim, cuscuz e produtos farináceos semelhantes;594153;107;1092;Fabricação e refino de açúcar;1071;107;C;107;Elaboración de otros productos alimenticios;Fabricação e refino de açúcar;3.6542;2171153.8926
2018;Estados Unidos;9102;Atividades de museus e operação de locais históricos e edifícios;540998;91;9080;Atividades artísticas, criativas e de espetáculos;9101;91;R;91;ACTIVIDADES DE BIBLIOTECAS, ARCHIVOS Y MUSEOS Y OTRAS ACTIVIDADES CULTURALES;ATIVIDADES LIGADAS AO PATRIMÔNIO CULTURAL E AMBIENTAL;3.6542;1976914.8916
2018;Estados Unidos;1103;Fabricação de malte e bebidas maltadas.;464921;11;1100;Fabricação de bebidas;1111;11;C;11;ELABORACIÓN DE BEBIDAS;FABRICAÇÃO DE BEBIDAS;3.6542;1698914.3181999999
2018;Estados Unidos;1910;Fabricação de produtos de forno de coque;304091;191;1991;Refino de petróleo e coquerias;1910;191;C;191;Fabricación de productos de hornos de coque;Coquerias;3.6542;1111209.3322
2018;Estados Unidos;3092;Fabricação de bicicletas e carruagens inválidas;227817;30;3000;Fabricação de outros equipamentos de transporte, exceto veículos automotores;3011;30;C;30;FABRICACIÓN DE OTRO  EQUIPO DE TRANSPORTE;FABRICAÇÃO DE OUTROS EQUIPAMENTOS DE TRANSPORTE, EXCETO VEÍCULOS AUTOMOTORES;3.6542;832488.8814
2018;Estados Unidos;0126;Cultivo de frutas oleaginosas;219786;012;0191;Agricultura, inclusive o apoio à agricultura e a pós-colheita;0111;011;A;012;Cultivo de plantas perennes;Produção de lavouras temporárias;3.6542;803142.0011999999
2018;Estados Unidos;0129;Cultivo de outras culturas perenes;209043;012;0191;Agricultura, inclusive o apoio à agricultura e a pós-colheita;0111;011;A;012;Cultivo de plantas perennes;Produção de lavouras temporárias;3.6542;763884.9306
2018;Estados Unidos;0891;Extração de minerais químicos e fertilizantes;171388;08;0580;Extração de carvão mineral e de minerais não metálicos;0810;08;B;08;EXPLOTACIÓN DE OTRAS MINAS Y CANTERAS;EXTRAÇÃO DE MINERAIS NÃO-METÁLICOS;3.6542;626286.0296
2018;Estados Unidos;1812;Atividades de serviço relacionadas à impressão;165353;18;1800;Impressão e reprodução de gravações;1811;18;C;18;IMPRESIÓN Y REPRODUCCIÓN DE GRABACIONES;IMPRESSÃO E REPRODUÇÃO DE GRAVAÇÕES;3.6542;604232.9326
2018;Estados Unidos;0123;Cultivo de frutas cítricas;144785;012;0191;Agricultura, inclusive o apoio à agricultura e a pós-colheita;0111;011;A;012;Cultivo de plantas perennes;Produção de lavouras temporárias;3.6542;529073.347
2018;Estados Unidos;5813;Publicação de jornais, revistas e periódicos;139008;58;5800;Edição e edição integrada à impressão;5811;58;J;58;ACTIVIDADES DE EDICIÓN;EDIÇÃO E EDIÇÃO INTEGRADA À IMPRESSÃO;3.6542;507963.03359999997
2018;Estados Unidos;0115;Cultivo de tabaco;114418;011;0191;Agricultura, inclusive o apoio à agricultura e a pós-colheita;0111;011;A;011;Cultivo de plantas no perenes;Produção de lavouras temporárias;3.6542;418106.2556
2018;Estados Unidos;2394;Fabricação de cimento, cal e gesso;85178;23;2300;Fabricação de produtos de minerais não metálicos;2311;23;C;23;FABRICACIÓN DE OTROS PRODUCTOS MINERALES NO METÁLICOS;FABRICAÇÃO DE PRODUTOS DE MINERAIS NÃO-METÁLICOS;3.6542;311257.4476
2018;Estados Unidos;0119;Cultivo de outras culturas não perenes;64456;011;0191;Agricultura, inclusive o apoio à agricultura e a pós-colheita;0111;011;A;011;Cultivo de plantas no perenes;Produção de lavouras temporárias;3.6542;235535.1152
2018;Estados Unidos;3830;Recuperação de Materiais;36548;38;3680;Água, esgoto e gestão de resíduos;3811;38;E;38;"RECOGIDA, TRATAMIENTO Y ELIMINACIÓN DE DESECHOS; RECUPERACIÓN DE MATERIALES";"COLETA, TRATAMENTO E DISPOSIÇÃO DE RESÍDUOS; RECUPERAÇÃO DE MATERIAIS";3.6542;133553.7016
2018;Estados Unidos;0124;Cultivo de frutas pome e frutas de caroço;29693;012;0191;Agricultura, inclusive o apoio à agricultura e a pós-colheita;0111;011;A;012;Cultivo de plantas perennes;Produção de lavouras temporárias;3.6542;108504.1606
2018;Estados Unidos;7420;Atividades fotográficas;1600;74;7380;Outras atividades profissionais, científicas e técnicas;7410;74;M;74;OTRAS ACTIVIDADES PROFESIONALES, CIENTÍFICAS Y TÉCNICAS;OUTRAS ATIVIDADES PROFISSIONAIS, CIENTÍFICAS E TÉCNICAS;3.6542;5846.72
2018;Estados Unidos;0116;Cultivo de culturas de fibra;768;011;0191;Agricultura, inclusive o apoio à agricultura e a pós-colheita;0111;011;A;011;Cultivo de plantas no perenes;Produção de lavouras temporárias;3.6542;2806.4256
2018;Estados Unidos;0112;Cultivo de arroz;1;011;0191;Agricultura, inclusive o apoio à agricultura e a pós-colheita;0111;011;A;011;Cultivo de plantas no perenes;Produção de lavouras temporárias;3.6542;3.6542
2017;Estados Unidos;3030;Fabricação de aviões e máquinas relacionadas;4768523402;30;3000;Fabricação de outros equipamentos de transporte, exceto veículos automotores;3011;30;C;30;FABRICACIÓN DE OTRO  EQUIPO DE TRANSPORTE;FABRICAÇÃO DE OUTROS EQUIPAMENTOS DE TRANSPORTE, EXCETO VEÍCULOS AUTOMOTORES;3.192;15221126699.184
2017;Estados Unidos;2410;Fabricação de ferro e aço básicos;3263524221;241;2491;Produção de ferro-gusa/ferroligas, siderurgia e tubos de aço sem costura;2411;241;C;241;Fabricación básica de hierro y acero;Produção de ferro-gusa e de ferroligas;3.192;10417169313.432001
2017;Estados Unidos;0610;Extração de petróleo bruto;2648443208;06;0680;Extração de petróleo e gás, inclusive as atividades de apoio;0600;06;B;06;EXTRACCIÓN DE PETRÓLEO CRUDO Y GAS NATURAL;EXTRAÇÃO DE PETRÓLEO E GÁS NATURAL;3.192;8453830719.936001
2017;Estados Unidos;2011;Fabricação de produtos químicos básicos;1583015390;201;1992;Fabricação de biocombustíveis;1931;193;C;201;Fabricación de sustancias químicas básicas, de abonos y compuestos de nitrógeno y de plásticos y caucho sintético en formas primarias;Fabricação de biocombustíveis;3.192;5052985124.88
2017;Estados Unidos;2420;Fabricação de metais preciosos e outros metais não ferrosos;1116427516;242;2492;Metalurgia de metais não ferosos e a fundição de metais;2441;244;C;242;Fabricación de productos primarios de metales preciosos y otros metales no ferrosos;Metalurgia dos metais não-ferrosos;3.192;3563636631.072
2017;Estados Unidos;1701;Fabricação de polpa, papel e cartão;1054285341;17;1700;Fabricação de celulose, papel e produtos de papel;1710;17;C;17;FABRICACIÓN DE PAPEL Y DE PRODUCTOS DE PAPEL;FABRICAÇÃO DE CELULOSE, PAPEL E PRODUTOS DE PAPEL;3.192;3365278808.472
2017;Estados Unidos;0127;Cultivo de bebidas da safra;919463541;012;0191;Agricultura, inclusive o apoio à agricultura e a pós-colheita;0111;011;A;012;Cultivo de plantas perennes;Produção de lavouras temporárias;3.192;2934927622.872
2017;Estados Unidos;2824;Fabricação de máquinas para mineração, exploração de pedreiras e construção;901702000;28;2800;Fabricação de máquinas e equipamentos mecânicos;2811;28;C;28;FABRICACIÓN DE MAQUINARIA Y EQUIPO N.C.P.;FABRICAÇÃO DE MÁQUINAS E EQUIPAMENTOS;3.192;2878232784.0
2017;Estados Unidos;2930;Fabricação de peças e acessórios para veículos automotores;743122080;293;2992;Fabricação de peças e acessórios para veículos automotores;2941;294;C;293;Fabricación de partes, piezas y accesorios para vehículos automotores;Fabricação de peças e acessórios para veículos automotores;3.192;2372045679.36
2017;Estados Unidos;2396;Corte, moldagem e acabamento de pedra;688825033;23;2300;Fabricação de produtos de minerais não metálicos;2311;23;C;23;FABRICACIÓN DE OTROS PRODUCTOS MINERALES NO METÁLICOS;FABRICAÇÃO DE PRODUTOS DE MINERAIS NÃO-METÁLICOS;3.192;2198729505.336
2017;Estados Unidos;1610;Serração e aplainamento de madeira;557858906;16;1500;Fabricação de calçados e de artefatos de couro;1510;15;C;16;"PRODUCCIÓN DE MADERA Y FABRICACIÓN DE PRODUCTOS DE MADERA Y CORCHO, EXCEPTO MUEBLES; FABRICACIÓN DE ARTÍCULOS DE PAJA Y DE MATERIALES TRENZABLES";PREPARAÇÃO DE COUROS E FABRICAÇÃO DE ARTEFATOS DE COURO, ARTIGOS PARA VIAGEM E CALÇADOS;3.192;1780685627.9520001
2017;Estados Unidos;1030;Processamento e conservação de frutas e legumes;520271916;103;1093;Outros produtos alimentares;1031;103;C;103;Elaboración y conservación de frutas, legumbres y hortalizas;Fabricação de conservas de frutas, legumes e outros vegetais;3.192;1660707955.872
2017;Estados Unidos;2013;Fabricação de plásticos e borracha sintética em formas primárias;394686171;201;1992;Fabricação de biocombustíveis;1931;193;C;201;Fabricación de sustancias químicas básicas, de abonos y compuestos de nitrógeno y de plásticos y caucho sintético en formas primarias;Fabricação de biocombustíveis;3.192;1259838257.832
2017;Estados Unidos;1010;Processamento e conservação de carne;365646964;101;1091;Abate e produtos de carne, inclusive os produtos do laticínio e da pesca;1011;101;C;101;Elaboración y conservación de carne;Abate e fabricação de produtos de carne;3.192;1167145109.088
2017;Estados Unidos;2211;"Fabricação de pneus e tubos; recauchutagem e reconstrução de pneus de borracha";329579489;22;1500;Fabricação de calçados e de artefatos de couro;1510;15;C;22;FABRICACIÓN DE PRODUCTOS DE CAUCHO Y PLÁSTICO;PREPARAÇÃO DE COUROS E FABRICAÇÃO DE ARTEFATOS DE COURO, ARTIGOS PARA VIAGEM E CALÇADOS;3.192;1052017728.888
2017;Estados Unidos;2710;Fabricação de motores elétricos, geradores, transformadores e aparelhos de distribuição e controle de energia elétrica;327398857;27;2700;Fabricação de máquinas e equipamentos elétricos;2710;27;C;27;FABRICACIÓN DE EQUIPO ELÉCTRICO;FABRICAÇÃO DE MÁQUINAS, APARELHOS E MATERIAIS ELÉTRICOS;3.192;1045057151.544
2017;Estados Unidos;1511;Curtimento e vestuário de couro;302022680;15;1500;Fabricação de calçados e de artefatos de couro;1510;15;C;15;FABRICACIÓN DE PRODUCTOS DE CUERO Y PRODUCTOS CONEXOS;PREPARAÇÃO DE COUROS E FABRICAÇÃO DE ARTEFATOS DE COURO, ARTIGOS PARA VIAGEM E CALÇADOS;3.192;964056394.5600001
2017;Estados Unidos;1920;Fabricação de produtos petrolíferos refinados;280546767;192;1991;Refino de petróleo e coquerias;1921;192;C;192;Fabricación de productos de la refinación del petróleo;Fabricação de produtos derivados do petróleo;3.192;895505280.264
2017;Estados Unidos;1621;Fabricação de folheados e painéis derivados de madeira;265097641;16;1500;Fabricação de calçados e de artefatos de couro;1510;15;C;16;"PRODUCCIÓN DE MADERA Y FABRICACIÓN DE PRODUCTOS DE MADERA Y CORCHO, EXCEPTO MUEBLES; FABRICACIÓN DE ARTÍCULOS DE PAJA Y DE MATERIALES TRENZABLES";PREPARAÇÃO DE COUROS E FABRICAÇÃO DE ARTEFATOS DE COURO, ARTIGOS PARA VIAGEM E CALÇADOS;3.192;846191670.072
2017;Estados Unidos;2029;Fabricação de outros produtos químicos n.c;259898393;202;2092;Fabricação de defensivos, desinfestantes, tintas e químicos diversos;2051;205;C;202;Fabricación de otros productos químicos;Fabricação de defensivos agrícolas e desinfestantes domissanitários;3.192;829595670.4560001
2017;Estados Unidos;0710;Extração de minério de ferro;258358363;071;0791;Extração de minério de ferro, inclusive beneficiamento e a aglomeração;0710;071;B;071;Extracción de minerales de hierro;Extração de minério de ferro;3.192;824679894.6960001
2017;Estados Unidos;2813;Fabricação de outras bombas, compressores, torneiras e válvulas;241974354;28;2800;Fabricação de máquinas e equipamentos mecânicos;2811;28;C;28;FABRICACIÓN DE MAQUINARIA Y EQUIPO N.C.P.;FABRICAÇÃO DE MÁQUINAS E EQUIPAMENTOS;3.192;772382137.968
2017;Estados Unidos;1622;Fabricação de carpintaria e marcenaria de construtores;239859394;16;1500;Fabricação de calçados e de artefatos de couro;1510;15;C;16;"PRODUCCIÓN DE MADERA Y FABRICACIÓN DE PRODUCTOS DE MADERA Y CORCHO, EXCEPTO MUEBLES; FABRICACIÓN DE ARTÍCULOS DE PAJA Y DE MATERIALES TRENZABLES";PREPARAÇÃO DE COUROS E FABRICAÇÃO DE ARTEFATOS DE COURO, ARTIGOS PARA VIAGEM E CALÇADOS;3.192;765631185.648
2017;Estados Unidos;2814;Fabricação de rolamentos, engrenagens, engrenagens e elementos de acionamento;223956428;28;2800;Fabricação de máquinas e equipamentos mecânicos;2811;28;C;28;FABRICACIÓN DE MAQUINARIA Y EQUIPO N.C.P.;FABRICAÇÃO DE MÁQUINAS E EQUIPAMENTOS;3.192;714868918.176
2017;Estados Unidos;1200;Fabricação de produtos de tabaco;192759890;12;1200;Fabricação de produtos do fumo;1210;12;C;12;ELABORACIÓN DE PRODUCTOS DE TABACO;FABRICAÇÃO DE PRODUTOS DO FUMO;3.192;615289568.88
2017;Estados Unidos;2910;Fabricação de veículos automotores;191924469;291;2991;Fabricação de automóveis, caminhões e ônibus, exceto peças;2910;291;C;291;Fabricación de vehículos automotores;Fabricação de automóveis, camionetas e utilitários;3.192;612622905.048
2017;Estados Unidos;1520;Fabricação de calçado;191305582;15;1500;Fabricação de calçados e de artefatos de couro;1510;15;C;15;FABRICACIÓN DE PRODUCTOS DE CUERO Y PRODUCTOS CONEXOS;PREPARAÇÃO DE COUROS E FABRICAÇÃO DE ARTEFATOS DE COURO, ARTIGOS PARA VIAGEM E CALÇADOS;3.192;610647417.7440001
2017;Estados Unidos;1079;Fabricação de outros produtos alimentícios n.c;187085770;107;1092;Fabricação e refino de açúcar;1071;107;C;107;Elaboración de otros productos alimenticios;Fabricação e refino de açúcar;3.192;597177777.84
2017;Estados Unidos;2100;Fabricação de produtos farmacêuticos, produtos químicos medicinais e botânicos;186828213;21;2100;Fabricação de produtos farmoquímicos e farmacêuticos;2110;21;C;21;FABRICACIÓN DE PRODUCTOS FARMACÉUTICOS, SUSTANCIAS QUÍMICAS MEDICINALES Y PRODUCTOS BOTÁNICOS DE USO FARMACÉUTICO;FABRICAÇÃO DE PRODUTOS FARMOQUÍMICOS E FARMACÊUTICOS;3.192;596355655.896
2017;Estados Unidos;2651;Fabricação de equipamentos de medição, teste, navegação e controle;184424898;26;2600;Fabricação de equipamentos de informática, produtos eletrônicos e ópticos;2610;26;C;26;FABRICACIÓN DE PRODUCTOS DE INFORMÁTICA, DE ELECTRÓNICA Y DE ÓPTICA;FABRICAÇÃO DE EQUIPAMENTOS DE INFORMÁTICA, PRODUTOS ELETRÔNICOS E ÓPTICOS;3.192;588684274.416
2017;Estados Unidos;1072;Fabricação de açúcar;179125965;107;1092;Fabricação e refino de açúcar;1071;107;C;107;Elaboración de otros productos alimenticios;Fabricação e refino de açúcar;3.192;571770080.28
2017;Estados Unidos;2520;Fabricação de armas e munições;168680655;25;2500;Fabricação de produtos de metal, exceto máquinas e equipamentos;2511;25;C;25;FABRICACIÓN DE PRODUCTOS ELABORADOS DE METAL, EXCEPTO MAQUINARIA Y EQUIPO;FABRICAÇÃO DE PRODUTOS DE METAL, EXCETO MÁQUINAS E EQUIPAMENTOS;3.192;538428650.76
2017;Estados Unidos;3100;Fabricação de móveis;168521002;31;3180;Fabricação de móveis e de produtos de indústrias diversas;3101;31;C;31;FABRICACIÓN DE MUEBLES;FABRICAÇÃO DE MÓVEIS;3.192;537919038.3840001
2017;Estados Unidos;9000;Atividades criativas, artes e entretenimento;129744668;90;9080;Atividades artísticas, criativas e de espetáculos;9001;90;R;90;ACTIVIDADES CREATIVAS, ARTÍSTICAS Y DE ENTRETENIMIENTO;ATIVIDADES ARTÍSTICAS, CRIATIVAS E DE ESPETÁCULOS;3.192;414144980.25600004
2017;Estados Unidos;1073;Fabricação de cacau, chocolate e produtos de confeitaria;129560460;107;1092;Fabricação e refino de açúcar;1071;107;C;107;Elaboración de otros productos alimenticios;Fabricação e refino de açúcar;3.192;413556988.32
2017;Estados Unidos;2220;Fabricação de produtos plásticos;119095830;22;1500;Fabricação de calçados e de artefatos de couro;1510;15;C;22;FABRICACIÓN DE PRODUCTOS DE CAUCHO Y PLÁSTICO;PREPARAÇÃO DE COUROS E FABRICAÇÃO DE ARTEFATOS DE COURO, ARTIGOS PARA VIAGEM E CALÇADOS;3.192;380153889.36
2017;Estados Unidos;2599;Fabricação de outros produtos metálicos fabricados n.c;106872593;25;2500;Fabricação de produtos de metal, exceto máquinas e equipamentos;2511;25;C;25;FABRICACIÓN DE PRODUCTOS ELABORADOS DE METAL, EXCEPTO MAQUINARIA Y EQUIPO;FABRICAÇÃO DE PRODUTOS DE METAL, EXCETO MÁQUINAS E EQUIPAMENTOS;3.192;341137316.856
2017;Estados Unidos;0149;Criação de outros animais;104212159;014;0192;Pecuária, inclusive o apoio à pecuária;0151;015;A;014;Ganadería;Pecuária;3.192;332645211.528
2017;Estados Unidos;2593;Fabricação de cutelaria, ferramentas manuais e ferragens em geral;103986774;25;2500;Fabricação de produtos de metal, exceto máquinas e equipamentos;2511;25;C;25;FABRICACIÓN DE PRODUCTOS ELABORADOS DE METAL, EXCEPTO MAQUINARIA Y EQUIPO;FABRICAÇÃO DE PRODUTOS DE METAL, EXCETO MÁQUINAS E EQUIPAMENTOS;3.192;331925782.60800004
2017;Estados Unidos;3211;Fabricação de joalharia e artigos afins;91718342;32;3180;Fabricação de móveis e de produtos de indústrias diversas;3211;32;C;32;OTRAS INDUSTRIAS MANUFACTURERAS;FABRICAÇÃO DE PRODUTOS DIVERSOS;3.192;292764947.66400003
2017;Estados Unidos;2630;Fabricação de equipamentos de comunicação;88585239;26;2600;Fabricação de equipamentos de informática, produtos eletrônicos e ópticos;2610;26;C;26;FABRICACIÓN DE PRODUCTOS DE INFORMÁTICA, DE ELECTRÓNICA Y DE ÓPTICA;FABRICAÇÃO DE EQUIPAMENTOS DE INFORMÁTICA, PRODUTOS ELETRÔNICOS E ÓPTICOS;3.192;282764082.888
2017;Estados Unidos;2819;Fabricação de outras máquinas para uso geral;86938743;28;2800;Fabricação de máquinas e equipamentos mecânicos;2811;28;C;28;FABRICACIÓN DE MAQUINARIA Y EQUIPO N.C.P.;FABRICAÇÃO DE MÁQUINAS E EQUIPAMENTOS;3.192;277508467.656
2017;Estados Unidos;2620;Fabricação de computadores e equipamentos periféricos;80311974;26;2600;Fabricação de equipamentos de informática, produtos eletrônicos e ópticos;2610;26;C;26;FABRICACIÓN DE PRODUCTOS DE INFORMÁTICA, DE ELECTRÓNICA Y DE ÓPTICA;FABRICAÇÃO DE EQUIPAMENTOS DE INFORMÁTICA, PRODUTOS ELETRÔNICOS E ÓPTICOS;3.192;256355821.00800002
2017;Estados Unidos;1020;Processamento e conservação de peixes, crustáceos e moluscos;76737511;102;1091;Abate e produtos de carne, inclusive os produtos do laticínio e da pesca;1020;102;C;102;Elaboración y conservación de pescado, crustáceos y moluscos;Preservação do pescado e fabricação de produtos do pescado;3.192;244946135.11200002
2017;Estados Unidos;2822;Fabricação de máquinas e máquinas-ferramentas para moldagem de metais;75836329;28;2800;Fabricação de máquinas e equipamentos mecânicos;2811;28;C;28;FABRICACIÓN DE MAQUINARIA Y EQUIPO N.C.P.;FABRICAÇÃO DE MÁQUINAS E EQUIPAMENTOS;3.192;242069562.168
2017;Estados Unidos;2399;Fabricação de outros produtos minerais não metálicos n.c;70603287;23;2300;Fabricação de produtos de minerais não metálicos;2311;23;C;23;FABRICACIÓN DE OTROS PRODUCTOS MINERALES NO METÁLICOS;FABRICAÇÃO DE PRODUTOS DE MINERAIS NÃO-METÁLICOS;3.192;225365692.104
2017;Estados Unidos;2392;Fabricação de materiais de construção de argila;70050235;23;2300;Fabricação de produtos de minerais não metálicos;2311;23;C;23;FABRICACIÓN DE OTROS PRODUCTOS MINERALES NO METÁLICOS;FABRICAÇÃO DE PRODUTOS DE MINERAIS NÃO-METÁLICOS;3.192;223600350.12
2017;Estados Unidos;3250;Fabricação de instrumentos e suprimentos médicos e odontológicos;64617909;32;3180;Fabricação de móveis e de produtos de indústrias diversas;3211;32;C;32;OTRAS INDUSTRIAS MANUFACTURERAS;FABRICAÇÃO DE PRODUTOS DIVERSOS;3.192;206260365.528
2017;Estados Unidos;0128;Cultivo de especiarias, culturas aromáticas, medicamentosas e farmacêuticas;64019220;012;0191;Agricultura, inclusive o apoio à agricultura e a pós-colheita;0111;011;A;012;Cultivo de plantas perennes;Produção de lavouras temporárias;3.192;204349350.24
2017;Estados Unidos;0125;Cultivo de outras frutas e nozes;59338082;012;0191;Agricultura, inclusive o apoio à agricultura e a pós-colheita;0111;011;A;012;Cultivo de plantas perennes;Produção de lavouras temporárias;3.192;189407157.74400002
2017;Estados Unidos;1629;"Fabricação de outros produtos de madeira; fabricação de artigos de cortiça, de espartaria e cestaria";54009323;16;1500;Fabricação de calçados e de artefatos de couro;1510;15;C;16;"PRODUCCIÓN DE MADERA Y FABRICACIÓN DE PRODUCTOS DE MADERA Y CORCHO, EXCEPTO MUEBLES; FABRICACIÓN DE ARTÍCULOS DE PAJA Y DE MATERIALES TRENZABLES";PREPARAÇÃO DE COUROS E FABRICAÇÃO DE ARTEFATOS DE COURO, ARTIGOS PARA VIAGEM E CALÇADOS;3.192;172397759.016
2017;Estados Unidos;0899;Outras atividades de mineração n.c;51758256;08;0580;Extração de carvão mineral e de minerais não metálicos;0810;08;B;08;EXPLOTACIÓN DE OTRAS MINAS Y CANTERAS;EXTRAÇÃO DE MINERAIS NÃO-METÁLICOS;3.192;165212353.152
2017;Estados Unidos;2219;Fabricação de outros produtos de borracha;48360081;22;1500;Fabricação de calçados e de artefatos de couro;1510;15;C;22;FABRICACIÓN DE PRODUCTOS DE CAUCHO Y PLÁSTICO;PREPARAÇÃO DE COUROS E FABRICAÇÃO DE ARTEFATOS DE COURO, ARTIGOS PARA VIAGEM E CALÇADOS;3.192;154365378.55200002
2017;Estados Unidos;2790;Fabricação de outro equipamento elétrico;48284920;27;2700;Fabricação de máquinas e equipamentos elétricos;2710;27;C;27;FABRICACIÓN DE EQUIPO ELÉCTRICO;FABRICAÇÃO DE MÁQUINAS, APARELHOS E MATERIAIS ELÉTRICOS;3.192;154125464.64000002
2017;Estados Unidos;3290;Outras manufaturas n.c.;45347450;32;3180;Fabricação de móveis e de produtos de indústrias diversas;3211;32;C;32;OTRAS INDUSTRIAS MANUFACTURERAS;FABRICAÇÃO DE PRODUTOS DIVERSOS;3.192;144749060.4
2017;Estados Unidos;2391;Fabricação de produtos refratários;44768386;23;2300;Fabricação de produtos de minerais não metálicos;2311;23;C;23;FABRICACIÓN DE OTROS PRODUCTOS MINERALES NO METÁLICOS;FABRICAÇÃO DE PRODUTOS DE MINERAIS NÃO-METÁLICOS;3.192;142900688.11200002
2017;Estados Unidos;1040;Fabricação de óleos e gorduras vegetais e animais;40199215;104;1093;Outros produtos alimentares;1041;104;C;104;Elaboración de aceites y grasas de origen vegetal y animal;Fabricação de óleos e gorduras vegetais e animais;3.192;128315894.28
2017;Estados Unidos;2811;Fabricação de motores e turbinas, exceto aeronaves, veículos e motores de ciclo;39758503;28;2800;Fabricação de máquinas e equipamentos mecânicos;2811;28;C;28;FABRICACIÓN DE MAQUINARIA Y EQUIPO N.C.P.;FABRICAÇÃO DE MÁQUINAS E EQUIPAMENTOS;3.192;126909141.576
2017;Estados Unidos;2610;Fabricação de componentes eletrônicos e placas;39387715;26;2600;Fabricação de equipamentos de informática, produtos eletrônicos e ópticos;2610;26;C;26;FABRICACIÓN DE PRODUCTOS DE INFORMÁTICA, DE ELECTRÓNICA Y DE ÓPTICA;FABRICAÇÃO DE EQUIPAMENTOS DE INFORMÁTICA, PRODUTOS ELETRÔNICOS E ÓPTICOS;3.192;125725586.28
2017;Estados Unidos;0113;Cultivo de hortaliças e melões, raízes e tubérculos;38082816;011;0191;Agricultura, inclusive o apoio à agricultura e a pós-colheita;0111;011;A;011;Cultivo de plantas no perenes;Produção de lavouras temporárias;3.192;121560348.672
2017;Estados Unidos;2821;Fabricação de maquinaria agrícola e florestal;37374710;28;2800;Fabricação de máquinas e equipamentos mecânicos;2811;28;C;28;FABRICACIÓN DE MAQUINARIA Y EQUIPO N.C.P.;FABRICAÇÃO DE MÁQUINAS E EQUIPAMENTOS;3.192;119300074.32000001
2017;Estados Unidos;2829;Fabricação de outras máquinas para fins especiais;34950016;28;2800;Fabricação de máquinas e equipamentos mecânicos;2811;28;C;28;FABRICACIÓN DE MAQUINARIA Y EQUIPO N.C.P.;FABRICAÇÃO DE MÁQUINAS E EQUIPAMENTOS;3.192;111560451.07200001
2017;Estados Unidos;1394;Fabricação de cordéis, cordas, cordéis e redes;32656217;13;1300;Fabricação de produtos têxteis;1311;13;C;13;FABRICACIÓN DE PRODUCTOS TEXTILES;FABRICAÇÃO DE PRODUTOS TÊXTEIS;3.192;104238644.664
2017;Estados Unidos;2732;Fabricação de outros fios e cabos elétricos e eletrônicos;32639535;27;2700;Fabricação de máquinas e equipamentos elétricos;2710;27;C;27;FABRICACIÓN DE EQUIPO ELÉCTRICO;FABRICAÇÃO DE MÁQUINAS, APARELHOS E MATERIAIS ELÉTRICOS;3.192;104185395.72
2017;Estados Unidos;1399;Fabricação de outros têxteis n.e.c.;32495422;13;1300;Fabricação de produtos têxteis;1311;13;C;13;FABRICACIÓN DE PRODUCTOS TEXTILES;FABRICAÇÃO DE PRODUTOS TÊXTEIS;3.192;103725387.024
2017;Estados Unidos;0311;Pesca marinha;31782246;03;0280;"Produção florestal; pesca e aquicultura";0311;03;A;03;PESCA Y ACUICULTURA;PESCA E AQÜICULTURA;3.192;101448929.23200001
2017;Estados Unidos;1071;Fabricação de produtos de panificação;30947806;107;1092;Fabricação e refino de açúcar;1071;107;C;107;Elaboración de otros productos alimenticios;Fabricação e refino de açúcar;3.192;98785396.752
2017;Estados Unidos;2812;Fabricação de equipamentos para energia hidráulica;30584333;28;2800;Fabricação de máquinas e equipamentos mecânicos;2811;28;C;28;FABRICACIÓN DE MAQUINARIA Y EQUIPO N.C.P.;FABRICAÇÃO DE MÁQUINAS E EQUIPAMENTOS;3.192;97625190.936
2017;Estados Unidos;2660;Fabricação de equipamentos de irradiação, eletromédicos e eletroterapêuticos;30541179;26;2600;Fabricação de equipamentos de informática, produtos eletrônicos e ópticos;2610;26;C;26;FABRICACIÓN DE PRODUCTOS DE INFORMÁTICA, DE ELECTRÓNICA Y DE ÓPTICA;FABRICAÇÃO DE EQUIPAMENTOS DE INFORMÁTICA, PRODUTOS ELETRÔNICOS E ÓPTICOS;3.192;97487443.368
2017;Estados Unidos;0810;Extração de pedra, areia e argila;30331336;08;0580;Extração de carvão mineral e de minerais não metálicos;0810;08;B;08;EXPLOTACIÓN DE OTRAS MINAS Y CANTERAS;EXTRAÇÃO DE MINERAIS NÃO-METÁLICOS;3.192;96817624.51200001
2017;Estados Unidos;2512;Fabricação de tanques, reservatórios e recipientes de metal;29774948;25;2500;Fabricação de produtos de metal, exceto máquinas e equipamentos;2511;25;C;25;FABRICACIÓN DE PRODUCTOS ELABORADOS DE METAL, EXCEPTO MAQUINARIA Y EQUIPO;FABRICAÇÃO DE PRODUTOS DE METAL, EXCETO MÁQUINAS E EQUIPAMENTOS;3.192;95041634.016
2017;Estados Unidos;2310;Fabricação de produtos de vidro e vidro;26109126;23;2300;Fabricação de produtos de minerais não metálicos;2311;23;C;23;FABRICACIÓN DE OTROS PRODUCTOS MINERALES NO METÁLICOS;FABRICAÇÃO DE PRODUTOS DE MINERAIS NÃO-METÁLICOS;3.192;83340330.192
2017;Estados Unidos;1061;Fabricação de produtos de moagem de grãos;25039799;106;1093;Outros produtos alimentares;1061;106;C;106;Elaboración de productos de molinería, almidones y productos derivados del almidón;Moagem, fabricação de produtos amiláceos e de alimentos para animais;3.192;79927038.408
2017;Estados Unidos;2816;Fabricação de equipamentos de elevação e manuseio;24942425;28;2800;Fabricação de máquinas e equipamentos mecânicos;2811;28;C;28;FABRICACIÓN DE MAQUINARIA Y EQUIPO N.C.P.;FABRICAÇÃO DE MÁQUINAS E EQUIPAMENTOS;3.192;79616220.60000001
2017;Estados Unidos;2823;Fabricação de máquinas para metalurgia;24140147;28;2800;Fabricação de máquinas e equipamentos mecânicos;2811;28;C;28;FABRICACIÓN DE MAQUINARIA Y EQUIPO N.C.P.;FABRICAÇÃO DE MÁQUINAS E EQUIPAMENTOS;3.192;77055349.224
2017;Estados Unidos;1709;Fabricação de outros artigos de papel e cartão;23428343;17;1700;Fabricação de celulose, papel e produtos de papel;1710;17;C;17;FABRICACIÓN DE PAPEL Y DE PRODUCTOS DE PAPEL;FABRICAÇÃO DE CELULOSE, PAPEL E PRODUTOS DE PAPEL;3.192;74783270.856
2017;Estados Unidos;0729;Extração de outros minérios de metais não ferrosos;22473163;072;0792;Extração de minerais metálicos não ferrosos, inclusive beneficiamentos;0721;072;B;072;Extracción de minerales metalíferos no ferrosos;Extração de minerais metálicos não-ferrosos;3.192;71734336.296
2017;Estados Unidos;2023;Fabricação de sabão e detergentes, produtos de limpeza e polimento, perfumes e produtos de toilette;20785977;202;2092;Fabricação de defensivos, desinfestantes, tintas e químicos diversos;2051;205;C;202;Fabricación de otros productos químicos;Fabricação de defensivos agrícolas e desinfestantes domissanitários;3.192;66348838.58400001
2017;Estados Unidos;0111;Cultivo de cereais (exceto arroz), leguminosas e oleaginosas;19758500;011;0191;Agricultura, inclusive o apoio à agricultura e a pós-colheita;0111;011;A;011;Cultivo de plantas no perenes;Produção de lavouras temporárias;3.192;63069132.0
2017;Estados Unidos;2640;Fabricação de produtos eletrônicos de consumo;19063340;26;2600;Fabricação de equipamentos de informática, produtos eletrônicos e ópticos;2610;26;C;26;FABRICACIÓN DE PRODUCTOS DE INFORMÁTICA, DE ELECTRÓNICA Y DE ÓPTICA;FABRICAÇÃO DE EQUIPAMENTOS DE INFORMÁTICA, PRODUTOS ELETRÔNICOS E ÓPTICOS;3.192;60850181.28
2017;Estados Unidos;1410;Fabricação de vestuário, exceto vestuários de peles;17923466;14;1400;Confecção de artefatos do vestuário e acessórios;1411;14;C;14;FABRICACIÓN DE PRENDAS DE VESTIR;CONFECÇÃO DE ARTIGOS DO VESTUÁRIO E ACESSÓRIOS;3.192;57211703.472
2017;Estados Unidos;1702;Fabricação de papel e cartão canelados e de embalagens de papel e cartão;15690266;17;1700;Fabricação de celulose, papel e produtos de papel;1710;17;C;17;FABRICACIÓN DE PAPEL Y DE PRODUCTOS DE PAPEL;FABRICAÇÃO DE CELULOSE, PAPEL E PRODUTOS DE PAPEL;3.192;50083329.072000004
2017;Estados Unidos;3091;Fabricação de motocicletas;13823943;30;3000;Fabricação de outros equipamentos de transporte, exceto veículos automotores;3011;30;C;30;FABRICACIÓN DE OTRO  EQUIPO DE TRANSPORTE;FABRICAÇÃO DE OUTROS EQUIPAMENTOS DE TRANSPORTE, EXCETO VEÍCULOS AUTOMOTORES;3.192;44126026.056
2017;Estados Unidos;2825;Fabricação de máquinas para processamento de alimentos, bebidas e tabaco;13516810;28;2800;Fabricação de máquinas e equipamentos mecânicos;2811;28;C;28;FABRICACIÓN DE MAQUINARIA Y EQUIPO N.C.P.;FABRICAÇÃO DE MÁQUINAS E EQUIPAMENTOS;3.192;43145657.52
2017;Estados Unidos;1512;Fabricação de malas, bolsas e semelhantes, selaria e arreios;12629412;15;1500;Fabricação de calçados e de artefatos de couro;1510;15;C;15;FABRICACIÓN DE PRODUCTOS DE CUERO Y PRODUCTOS CONEXOS;PREPARAÇÃO DE COUROS E FABRICAÇÃO DE ARTEFATOS DE COURO, ARTIGOS PARA VIAGEM E CALÇADOS;3.192;40313083.104
2017;Estados Unidos;1062;Fabricação de amidos e féculas;12082994;106;1093;Outros produtos alimentares;1061;106;C;106;Elaboración de productos de molinería, almidones y productos derivados del almidón;Moagem, fabricação de produtos amiláceos e de alimentos para animais;3.192;38568916.848000005
2017;Estados Unidos;1392;Fabricação de artigos têxteis confeccionados, exceto vestuário;11668498;13;1300;Fabricação de produtos têxteis;1311;13;C;13;FABRICACIÓN DE PRODUCTOS TEXTILES;FABRICAÇÃO DE PRODUTOS TÊXTEIS;3.192;37245845.616000004
2017;Estados Unidos;3012;Construção de barcos de recreio e desportivos;10342737;30;3000;Fabricação de outros equipamentos de transporte, exceto veículos automotores;3011;30;C;30;FABRICACIÓN DE OTRO  EQUIPO DE TRANSPORTE;FABRICAÇÃO DE OUTROS EQUIPAMENTOS DE TRANSPORTE, EXCETO VEÍCULOS AUTOMOTORES;3.192;33014016.504
2017;Estados Unidos;0893;Extração de sal;9754641;08;0580;Extração de carvão mineral e de minerais não metálicos;0810;08;B;08;EXPLOTACIÓN DE OTRAS MINAS Y CANTERAS;EXTRAÇÃO DE MINERAIS NÃO-METÁLICOS;3.192;31136814.072
2017;Estados Unidos;1311;Preparação e fiação de fibras têxteis;8409536;13;1300;Fabricação de produtos têxteis;1311;13;C;13;FABRICACIÓN DE PRODUCTOS TEXTILES;FABRICAÇÃO DE PRODUTOS TÊXTEIS;3.192;26843238.912
2017;Estados Unidos;1080;Fabricação de alimentos para animais;8276936;108;1093;Outros produtos alimentares;1061;106;C;108;Elaboración de piensos preparados para animales;Moagem, fabricação de produtos amiláceos e de alimentos para animais;3.192;26419979.712
2017;Estados Unidos;2021;Fabricação de pesticidas e outros produtos agroquímicos;8207571;202;2092;Fabricação de defensivos, desinfestantes, tintas e químicos diversos;2051;205;C;202;Fabricación de otros productos químicos;Fabricação de defensivos agrícolas e desinfestantes domissanitários;3.192;26198566.632000003
2017;Estados Unidos;3020;Fabricação de locomotivas e material circulante;8076822;30;3000;Fabricação de outros equipamentos de transporte, exceto veículos automotores;3011;30;C;30;FABRICACIÓN DE OTRO  EQUIPO DE TRANSPORTE;FABRICAÇÃO DE OUTROS EQUIPAMENTOS DE TRANSPORTE, EXCETO VEÍCULOS AUTOMOTORES;3.192;25781215.824
2017;Estados Unidos;1050;Fabricação de produtos lácteos;8042449;105;1091;Abate e produtos de carne, inclusive os produtos do laticínio e da pesca;1051;105;C;105;Elaboración de productos lácteos;Laticínios;3.192;25671497.208
2017;Estados Unidos;2012;Fabricação de fertilizantes e compostos nitrogenados;7974733;201;1992;Fabricação de biocombustíveis;1931;193;C;201;Fabricación de sustancias químicas básicas, de abonos y compuestos de nitrógeno y de plásticos y caucho sintético en formas primarias;Fabricação de biocombustíveis;3.192;25455347.736
2017;Estados Unidos;2740;Fabricação de equipamentos de iluminação elétrica;6895812;27;2700;Fabricação de máquinas e equipamentos elétricos;2710;27;C;27;FABRICACIÓN DE EQUIPO ELÉCTRICO;FABRICAÇÃO DE MÁQUINAS, APARELHOS E MATERIAIS ELÉTRICOS;3.192;22011431.904000003
2017;Estados Unidos;2818;Fabricação de ferramentas manuais acionadas por motor;6426859;28;2800;Fabricação de máquinas e equipamentos mecânicos;2811;28;C;28;FABRICACIÓN DE MAQUINARIA Y EQUIPO N.C.P.;FABRICAÇÃO DE MÁQUINAS E EQUIPAMENTOS;3.192;20514533.928
2017;Estados Unidos;2431;Fundição de ferro e aço;6357698;243;2492;Metalurgia de metais não ferosos e a fundição de metais;2451;245;C;243;Fundición de metales;Fundição;3.192;20293772.016000003
2017;Estados Unidos;2720;Fabricação de baterias e acumuladores;5977141;27;2700;Fabricação de máquinas e equipamentos elétricos;2710;27;C;27;FABRICACIÓN DE EQUIPO ELÉCTRICO;FABRICAÇÃO DE MÁQUINAS, APARELHOS E MATERIAIS ELÉTRICOS;3.192;19079034.072
2017;Estados Unidos;0142;Criação de cavalos e outros equinos;5335398;014;0192;Pecuária, inclusive o apoio à pecuária;0151;015;A;014;Ganadería;Pecuária;3.192;17030590.416
2017;Estados Unidos;0121;Cultivo de uvas;5180801;012;0191;Agricultura, inclusive o apoio à agricultura e a pós-colheita;0111;011;A;012;Cultivo de plantas perennes;Produção de lavouras temporárias;3.192;16537116.792000001
2017;Estados Unidos;5819;Outras atividades de publicação;5128249;58;5800;Edição e edição integrada à impressão;5811;58;J;58;ACTIVIDADES DE EDICIÓN;EDIÇÃO E EDIÇÃO INTEGRADA À IMPRESSÃO;3.192;16369370.808
2017;Estados Unidos;2815;Fabricação de fornos, fornos e queimadores de fornos;5067449;28;2800;Fabricação de máquinas e equipamentos mecânicos;2811;28;C;28;FABRICACIÓN DE MAQUINARIA Y EQUIPO N.C.P.;FABRICAÇÃO DE MÁQUINAS E EQUIPAMENTOS;3.192;16175297.208
2017;Estados Unidos;2826;Fabricação de máquinas para produção de têxteis, vestuário e couro;5032785;28;2800;Fabricação de máquinas e equipamentos mecânicos;2811;28;C;28;FABRICACIÓN DE MAQUINARIA Y EQUIPO N.C.P.;FABRICAÇÃO DE MÁQUINAS E EQUIPAMENTOS;3.192;16064649.72
2017;Estados Unidos;1312;Tecelagem de têxteis;4992427;13;1300;Fabricação de produtos têxteis;1311;13;C;13;FABRICACIÓN DE PRODUCTOS TEXTILES;FABRICAÇÃO DE PRODUTOS TÊXTEIS;3.192;15935826.984000001
2017;Estados Unidos;2393;Fabricação de outros produtos de porcelana e cerâmica;4922951;23;2300;Fabricação de produtos de minerais não metálicos;2311;23;C;23;FABRICACIÓN DE OTROS PRODUCTOS MINERALES NO METÁLICOS;FABRICAÇÃO DE PRODUTOS DE MINERAIS NÃO-METÁLICOS;3.192;15714059.592
2017;Estados Unidos;3011;Construção de navios e estruturas flutuantes;4652955;30;3000;Fabricação de outros equipamentos de transporte, exceto veículos automotores;3011;30;C;30;FABRICACIÓN DE OTRO  EQUIPO DE TRANSPORTE;FABRICAÇÃO DE OUTROS EQUIPAMENTOS DE TRANSPORTE, EXCETO VEÍCULOS AUTOMOTORES;3.192;14852232.360000001
2017;Estados Unidos;2022;Fabricação de tintas, vernizes e produtos similares, tintas de impressão e mástiques;4523459;202;2092;Fabricação de defensivos, desinfestantes, tintas e químicos diversos;2051;205;C;202;Fabricación de otros productos químicos;Fabricação de defensivos agrícolas e desinfestantes domissanitários;3.192;14438881.128
2017;Estados Unidos;3212;Fabricação de bijuterias e artigos relacionados;4446757;32;3180;Fabricação de móveis e de produtos de indústrias diversas;3211;32;C;32;OTRAS INDUSTRIAS MANUFACTURERAS;FABRICAÇÃO DE PRODUTOS DIVERSOS;3.192;14194048.344
2017;Estados Unidos;2750;Fabricação de eletrodomésticos;4083864;27;2700;Fabricação de máquinas e equipamentos elétricos;2710;27;C;27;FABRICACIÓN DE EQUIPO ELÉCTRICO;FABRICAÇÃO DE MÁQUINAS, APARELHOS E MATERIAIS ELÉTRICOS;3.192;13035693.888
2017;Estados Unidos;2731;Fabricação de cabos de fibra ótica;4041549;27;2700;Fabricação de máquinas e equipamentos elétricos;2710;27;C;27;FABRICACIÓN DE EQUIPO ELÉCTRICO;FABRICAÇÃO DE MÁQUINAS, APARELHOS E MATERIAIS ELÉTRICOS;3.192;12900624.408
2017;Estados Unidos;3099;Fabricação de outros equipamentos de transporte n.c;3978977;30;3000;Fabricação de outros equipamentos de transporte, exceto veículos automotores;3011;30;C;30;FABRICACIÓN DE OTRO  EQUIPO DE TRANSPORTE;FABRICAÇÃO DE OUTROS EQUIPAMENTOS DE TRANSPORTE, EXCETO VEÍCULOS AUTOMOTORES;3.192;12700894.584
2017;Estados Unidos;1101;Fabricação de aguardentes e outras bebidas destiladas;3671772;11;1100;Fabricação de bebidas;1111;11;C;11;ELABORACIÓN DE BEBIDAS;FABRICAÇÃO DE BEBIDAS;3.192;11720296.224000001
2017;Estados Unidos;1104;"Fabricação de refrigerantes; produção de águas minerais e outras águas engarrafadas";3186273;11;1100;Fabricação de bebidas;1111;11;C;11;ELABORACIÓN DE BEBIDAS;FABRICAÇÃO DE BEBIDAS;3.192;10170583.416000001
2017;Estados Unidos;1391;Fabricação de tecidos de malha;2852282;13;1300;Fabricação de produtos têxteis;1311;13;C;13;FABRICACIÓN DE PRODUCTOS TEXTILES;FABRICAÇÃO DE PRODUTOS TÊXTEIS;3.192;9104484.144000001
2017;Estados Unidos;5811;Publicação de livros;2389561;58;5800;Edição e edição integrada à impressão;5811;58;J;58;ACTIVIDADES DE EDICIÓN;EDIÇÃO E EDIÇÃO INTEGRADA À IMPRESSÃO;3.192;7627478.712
2017;Estados Unidos;2920;"Fabricação de carroçarias para veículos automotores; fabricação de reboques e semi-reboques";2228334;292;2991;Fabricação de automóveis, caminhões e ônibus, exceto peças;2930;293;C;292;"Fabricación de carrocerías para vehículos automotores; fabricación de remolques y semirremolques";Fabricação de cabines, carrocerias e reboques para veículos automotores;3.192;7112842.1280000005
2017;Estados Unidos;1430;Fabricação de vestuário de malha;2004854;14;1400;Confecção de artefatos do vestuário e acessórios;1411;14;C;14;FABRICACIÓN DE PRENDAS DE VESTIR;CONFECÇÃO DE ARTIGOS DO VESTUÁRIO E ACESSÓRIOS;3.192;6399493.968
2017;Estados Unidos;1102;Fabricação de vinhos;1894750;11;1100;Fabricação de bebidas;1111;11;C;11;ELABORACIÓN DE BEBIDAS;FABRICAÇÃO DE BEBIDAS;3.192;6048042.0
2017;Estados Unidos;2817;Fabricação de máquinas e equipamentos de escritório (exceto computadores e equipamentos periféricos);1835559;28;2800;Fabricação de máquinas e equipamentos mecânicos;2811;28;C;28;FABRICACIÓN DE MAQUINARIA Y EQUIPO N.C.P.;FABRICAÇÃO DE MÁQUINAS E EQUIPAMENTOS;3.192;5859104.328000001
2017;Estados Unidos;0130;Cultivo de plantas;1688839;013;0191;Agricultura, inclusive o apoio à agricultura e a pós-colheita;0141;014;A;013;Propagación de plantas;Produção de sementes e mudas certificadas;3.192;5390774.088
2017;Estados Unidos;0220;Exploração madeireira;1647262;02;0280;"Produção florestal; pesca e aquicultura";0210;02;A;02;SILVICULTURA Y EXTRACCIÓN DE MADERA;PRODUÇÃO FLORESTAL;3.192;5258060.3040000005
2017;Estados Unidos;1420;Fabricação de artigos de peles;1644352;14;1400;Confecção de artefatos do vestuário e acessórios;1411;14;C;14;FABRICACIÓN DE PRENDAS DE VESTIR;CONFECÇÃO DE ARTIGOS DO VESTUÁRIO E ACESSÓRIOS;3.192;5248771.584000001
2017;Estados Unidos;1623;Fabricação de embalagens de madeira;1527758;16;1500;Fabricação de calçados e de artefatos de couro;1510;15;C;16;"PRODUCCIÓN DE MADERA Y FABRICACIÓN DE PRODUCTOS DE MADERA Y CORCHO, EXCEPTO MUEBLES; FABRICACIÓN DE ARTÍCULOS DE PAJA Y DE MATERIALES TRENZABLES";PREPARAÇÃO DE COUROS E FABRICAÇÃO DE ARTEFATOS DE COURO, ARTIGOS PARA VIAGEM E CALÇADOS;3.192;4876603.536
2017;Estados Unidos;2670;Fabricação de instrumentos ópticos e equipamento fotográfico;1486041;26;2600;Fabricação de equipamentos de informática, produtos eletrônicos e ópticos;2610;26;C;26;FABRICACIÓN DE PRODUCTOS DE INFORMÁTICA, DE ELECTRÓNICA Y DE ÓPTICA;FABRICAÇÃO DE EQUIPAMENTOS DE INFORMÁTICA, PRODUTOS ELETRÔNICOS E ÓPTICOS;3.192;4743442.872
2017;Estados Unidos;3220;Fabricação de instrumentos musicais;1425055;32;3180;Fabricação de móveis e de produtos de indústrias diversas;3211;32;C;32;OTRAS INDUSTRIAS MANUFACTURERAS;FABRICAÇÃO DE PRODUTOS DIVERSOS;3.192;4548775.5600000005
2017;Estados Unidos;2511;Fabricação de produtos metálicos estruturais;1409310;25;2500;Fabricação de produtos de metal, exceto máquinas e equipamentos;2511;25;C;25;FABRICACIÓN DE PRODUCTOS ELABORADOS DE METAL, EXCEPTO MAQUINARIA Y EQUIPO;FABRICAÇÃO DE PRODUTOS DE METAL, EXCETO MÁQUINAS E EQUIPAMENTOS;3.192;4498517.5200000005
2017;Estados Unidos;2513;Fabricação de geradores de vapor, exceto caldeiras de aquecimento central de água quente;1283181;25;2500;Fabricação de produtos de metal, exceto máquinas e equipamentos;2511;25;C;25;FABRICACIÓN DE PRODUCTOS ELABORADOS DE METAL, EXCEPTO MAQUINARIA Y EQUIPO;FABRICAÇÃO DE PRODUTOS DE METAL, EXCETO MÁQUINAS E EQUIPAMENTOS;3.192;4095913.7520000003
2017;Estados Unidos;2030;Fabricação de fibras sintéticas ou artificiais;1147830;203;2091;Fabricação de químicos orgânicos e inorgânicos, resinas e elastômeros;2040;204;C;203;Fabricación de fibras artificiales;Fabricação de fibras artificiais e sintéticas;3.192;3663873.3600000003
2017;Estados Unidos;0115;Cultivo de tabaco;874523;011;0191;Agricultura, inclusive o apoio à agricultura e a pós-colheita;0111;011;A;011;Cultivo de plantas no perenes;Produção de lavouras temporárias;3.192;2791477.416
2017;Estados Unidos;3240;Fabricação de jogos e brinquedos;812959;32;3180;Fabricação de móveis e de produtos de indústrias diversas;3211;32;C;32;OTRAS INDUSTRIAS MANUFACTURERAS;FABRICAÇÃO DE PRODUTOS DIVERSOS;3.192;2594965.128
2017;Estados Unidos;2395;Fabricação de artigos de concreto, cimento e gesso;696249;23;2300;Fabricação de produtos de minerais não metálicos;2311;23;C;23;FABRICACIÓN DE OTROS PRODUCTOS MINERALES NO METÁLICOS;FABRICAÇÃO DE PRODUTOS DE MINERAIS NÃO-METÁLICOS;3.192;2222426.808
2017;Estados Unidos;1074;Fabricação de macarrão, talharim, cuscuz e produtos farináceos semelhantes;610975;107;1092;Fabricação e refino de açúcar;1071;107;C;107;Elaboración de otros productos alimenticios;Fabricação e refino de açúcar;3.192;1950232.2000000002
2017;Estados Unidos;2652;Fabricação de cronomêtros e relógios;601924;26;2600;Fabricação de equipamentos de informática, produtos eletrônicos e ópticos;2610;26;C;26;FABRICACIÓN DE PRODUCTOS DE INFORMÁTICA, DE ELECTRÓNICA Y DE ÓPTICA;FABRICAÇÃO DE EQUIPAMENTOS DE INFORMÁTICA, PRODUTOS ELETRÔNICOS E ÓPTICOS;3.192;1921341.408
2017;Estados Unidos;0230;Coleta de produtos florestais não madeireiros;577740;02;0280;"Produção florestal; pesca e aquicultura";0210;02;A;02;SILVICULTURA Y EXTRACCIÓN DE MADERA;PRODUÇÃO FLORESTAL;3.192;1844146.08
2017;Estados Unidos;2680;Fabricação de mídia magnética e óptica;551482;26;2600;Fabricação de equipamentos de informática, produtos eletrônicos e ópticos;2610;26;C;26;FABRICACIÓN DE PRODUCTOS DE INFORMÁTICA, DE ELECTRÓNICA Y DE ÓPTICA;FABRICAÇÃO DE EQUIPAMENTOS DE INFORMÁTICA, PRODUTOS ELETRÔNICOS E ÓPTICOS;3.192;1760330.544
2017;Estados Unidos;1393;Fabricação de tapetes e tapetes;519560;13;1300;Fabricação de produtos têxteis;1311;13;C;13;FABRICACIÓN DE PRODUCTOS TEXTILES;FABRICAÇÃO DE PRODUTOS TÊXTEIS;3.192;1658435.52
2017;Estados Unidos;1103;Fabricação de malte e bebidas maltadas.;408417;11;1100;Fabricação de bebidas;1111;11;C;11;ELABORACIÓN DE BEBIDAS;FABRICAÇÃO DE BEBIDAS;3.192;1303667.064
2017;Estados Unidos;3230;Fabricação de artigos esportivos;364239;32;3180;Fabricação de móveis e de produtos de indústrias diversas;3211;32;C;32;OTRAS INDUSTRIAS MANUFACTURERAS;FABRICAÇÃO DE PRODUTOS DIVERSOS;3.192;1162650.888
2017;Estados Unidos;1812;Atividades de serviço relacionadas à impressão;231695;18;1800;Impressão e reprodução de gravações;1811;18;C;18;IMPRESIÓN Y REPRODUCCIÓN DE GRABACIONES;IMPRESSÃO E REPRODUÇÃO DE GRAVAÇÕES;3.192;739570.4400000001
2017;Estados Unidos;0126;Cultivo de frutas oleaginosas;188311;012;0191;Agricultura, inclusive o apoio à agricultura e a pós-colheita;0111;011;A;012;Cultivo de plantas perennes;Produção de lavouras temporárias;3.192;601088.712
2017;Estados Unidos;5813;Publicação de jornais, revistas e periódicos;146424;58;5800;Edição e edição integrada à impressão;5811;58;J;58;ACTIVIDADES DE EDICIÓN;EDIÇÃO E EDIÇÃO INTEGRADA À IMPRESSÃO;3.192;467385.40800000005
2017;Estados Unidos;0321;Aquicultura marinha;119034;03;0280;"Produção florestal; pesca e aquicultura";0311;03;A;03;PESCA Y ACUICULTURA;PESCA E AQÜICULTURA;3.192;379956.52800000005
2017;Estados Unidos;9102;Atividades de museus e operação de locais históricos e edifícios;108668;91;9080;Atividades artísticas, criativas e de espetáculos;9101;91;R;91;ACTIVIDADES DE BIBLIOTECAS, ARCHIVOS Y MUSEOS Y OTRAS ACTIVIDADES CULTURALES;ATIVIDADES LIGADAS AO PATRIMÔNIO CULTURAL E AMBIENTAL;3.192;346868.256
2017;Estados Unidos;0891;Extração de minerais químicos e fertilizantes;90899;08;0580;Extração de carvão mineral e de minerais não metálicos;0810;08;B;08;EXPLOTACIÓN DE OTRAS MINAS Y CANTERAS;EXTRAÇÃO DE MINERAIS NÃO-METÁLICOS;3.192;290149.608
2017;Estados Unidos;1910;Fabricação de produtos de forno de coque;61030;191;1991;Refino de petróleo e coquerias;1910;191;C;191;Fabricación de productos de hornos de coque;Coquerias;3.192;194807.76
2017;Estados Unidos;0122;Cultivo de frutas tropicais e subtropicais;43751;012;0191;Agricultura, inclusive o apoio à agricultura e a pós-colheita;0111;011;A;012;Cultivo de plantas perennes;Produção de lavouras temporárias;3.192;139653.192
2017;Estados Unidos;0119;Cultivo de outras culturas não perenes;38735;011;0191;Agricultura, inclusive o apoio à agricultura e a pós-colheita;0111;011;A;011;Cultivo de plantas no perenes;Produção de lavouras temporárias;3.192;123642.12000000001
2017;Estados Unidos;0123;Cultivo de frutas cítricas;36000;012;0191;Agricultura, inclusive o apoio à agricultura e a pós-colheita;0111;011;A;012;Cultivo de plantas perennes;Produção de lavouras temporárias;3.192;114912.0
2017;Estados Unidos;3092;Fabricação de bicicletas e carruagens inválidas;29388;30;3000;Fabricação de outros equipamentos de transporte, exceto veículos automotores;3011;30;C;30;FABRICACIÓN DE OTRO  EQUIPO DE TRANSPORTE;FABRICAÇÃO DE OUTROS EQUIPAMENTOS DE TRANSPORTE, EXCETO VEÍCULOS AUTOMOTORES;3.192;93806.496
2017;Estados Unidos;0129;Cultivo de outras culturas perenes;22930;012;0191;Agricultura, inclusive o apoio à agricultura e a pós-colheita;0111;011;A;012;Cultivo de plantas perennes;Produção de lavouras temporárias;3.192;73192.56
2017;Estados Unidos;2394;Fabricação de cimento, cal e gesso;8510;23;2300;Fabricação de produtos de minerais não metálicos;2311;23;C;23;FABRICACIÓN DE OTROS PRODUCTOS MINERALES NO METÁLICOS;FABRICAÇÃO DE PRODUTOS DE MINERAIS NÃO-METÁLICOS;3.192;27163.920000000002
2017;Estados Unidos;3830;Recuperação de Materiais;5980;38;3680;Água, esgoto e gestão de resíduos;3811;38;E;38;"RECOGIDA, TRATAMIENTO Y ELIMINACIÓN DE DESECHOS; RECUPERACIÓN DE MATERIALES";"COLETA, TRATAMENTO E DISPOSIÇÃO DE RESÍDUOS; RECUPERAÇÃO DE MATERIAIS";3.192;19088.16
2017;Estados Unidos;0144;Criação de ovelhas e cabras;201;014;0192;Pecuária, inclusive o apoio à pecuária;0151;015;A;014;Ganadería;Pecuária;3.192;641.592
2016;Estados Unidos;3030;Fabricação de aviões e máquinas relacionadas;5174272216;30;3000;Fabricação de outros equipamentos de transporte, exceto veículos automotores;3011;30;C;30;FABRICACIÓN DE OTRO  EQUIPO DE TRANSPORTE;FABRICAÇÃO DE OUTROS EQUIPAMENTOS DE TRANSPORTE, EXCETO VEÍCULOS AUTOMOTORES;3.4901;18058727461.0616
2016;Estados Unidos;2410;Fabricação de ferro e aço básicos;2246192728;241;2491;Produção de ferro-gusa/ferroligas, siderurgia e tubos de aço sem costura;2411;241;C;241;Fabricación básica de hierro y acero;Produção de ferro-gusa e de ferroligas;3.4901;7839437239.9928
2016;Estados Unidos;2011;Fabricação de produtos químicos básicos;1255849181;201;1992;Fabricação de biocombustíveis;1931;193;C;201;Fabricación de sustancias químicas básicas, de abonos y compuestos de nitrógeno y de plásticos y caucho sintético en formas primarias;Fabricação de biocombustíveis;3.4901;4383039226.6081
2016;Estados Unidos;0610;Extração de petróleo bruto;1120847853;06;0680;Extração de petróleo e gás, inclusive as atividades de apoio;0600;06;B;06;EXTRACCIÓN DE PETRÓLEO CRUDO Y GAS NATURAL;EXTRAÇÃO DE PETRÓLEO E GÁS NATURAL;3.4901;3911871091.7553
2016;Estados Unidos;1701;Fabricação de polpa, papel e cartão;998088309;17;1700;Fabricação de celulose, papel e produtos de papel;1710;17;C;17;FABRICACIÓN DE PAPEL Y DE PRODUCTOS DE PAPEL;FABRICAÇÃO DE CELULOSE, PAPEL E PRODUTOS DE PAPEL;3.4901;3483428007.2409
2016;Estados Unidos;0127;Cultivo de bebidas da safra;942170398;012;0191;Agricultura, inclusive o apoio à agricultura e a pós-colheita;0111;011;A;012;Cultivo de plantas perennes;Produção de lavouras temporárias;3.4901;3288268906.0598
2016;Estados Unidos;2420;Fabricação de metais preciosos e outros metais não ferrosos;806024943;242;2492;Metalurgia de metais não ferosos e a fundição de metais;2441;244;C;242;Fabricación de productos primarios de metales preciosos y otros metales no ferrosos;Metalurgia dos metais não-ferrosos;3.4901;2813107653.5643
2016;Estados Unidos;2396;Corte, moldagem e acabamento de pedra;710538500;23;2300;Fabricação de produtos de minerais não metálicos;2311;23;C;23;FABRICACIÓN DE OTROS PRODUCTOS MINERALES NO METÁLICOS;FABRICAÇÃO DE PRODUTOS DE MINERAIS NÃO-METÁLICOS;3.4901;2479850418.85
2016;Estados Unidos;2930;Fabricação de peças e acessórios para veículos automotores;636785417;293;2992;Fabricação de peças e acessórios para veículos automotores;2941;294;C;293;Fabricación de partes, piezas y accesorios para vehículos automotores;Fabricação de peças e acessórios para veículos automotores;3.4901;2222444783.8717
2016;Estados Unidos;2824;Fabricação de máquinas para mineração, exploração de pedreiras e construção;493576636;28;2800;Fabricação de máquinas e equipamentos mecânicos;2811;28;C;28;FABRICACIÓN DE MAQUINARIA Y EQUIPO N.C.P.;FABRICAÇÃO DE MÁQUINAS E EQUIPAMENTOS;3.4901;1722631817.3036
2016;Estados Unidos;1030;Processamento e conservação de frutas e legumes;482519294;103;1093;Outros produtos alimentares;1031;103;C;103;Elaboración y conservación de frutas, legumbres y hortalizas;Fabricação de conservas de frutas, legumes e outros vegetais;3.4901;1684040587.9894
2016;Estados Unidos;1610;Serração e aplainamento de madeira;476401834;16;1500;Fabricação de calçados e de artefatos de couro;1510;15;C;16;"PRODUCCIÓN DE MADERA Y FABRICACIÓN DE PRODUCTOS DE MADERA Y CORCHO, EXCEPTO MUEBLES; FABRICACIÓN DE ARTÍCULOS DE PAJA Y DE MATERIALES TRENZABLES";PREPARAÇÃO DE COUROS E FABRICAÇÃO DE ARTEFATOS DE COURO, ARTIGOS PARA VIAGEM E CALÇADOS;3.4901;1662690040.8434
2016;Estados Unidos;2710;Fabricação de motores elétricos, geradores, transformadores e aparelhos de distribuição e controle de energia elétrica;425635953;27;2700;Fabricação de máquinas e equipamentos elétricos;2710;27;C;27;FABRICACIÓN DE EQUIPO ELÉCTRICO;FABRICAÇÃO DE MÁQUINAS, APARELHOS E MATERIAIS ELÉTRICOS;3.4901;1485512039.5653
2016;Estados Unidos;2013;Fabricação de plásticos e borracha sintética em formas primárias;386577228;201;1992;Fabricação de biocombustíveis;1931;193;C;201;Fabricación de sustancias químicas básicas, de abonos y compuestos de nitrógeno y de plásticos y caucho sintético en formas primarias;Fabricação de biocombustíveis;3.4901;1349193183.4428
2016;Estados Unidos;1010;Processamento e conservação de carne;329292852;101;1091;Abate e produtos de carne, inclusive os produtos do laticínio e da pesca;1011;101;C;101;Elaboración y conservación de carne;Abate e fabricação de produtos de carne;3.4901;1149264982.7652
2016;Estados Unidos;2211;"Fabricação de pneus e tubos; recauchutagem e reconstrução de pneus de borracha";287168591;22;1500;Fabricação de calçados e de artefatos de couro;1510;15;C;22;FABRICACIÓN DE PRODUCTOS DE CAUCHO Y PLÁSTICO;PREPARAÇÃO DE COUROS E FABRICAÇÃO DE ARTEFATOS DE COURO, ARTIGOS PARA VIAGEM E CALÇADOS;3.4901;1002247099.4491
2016;Estados Unidos;1920;Fabricação de produtos petrolíferos refinados;284109117;192;1991;Refino de petróleo e coquerias;1921;192;C;192;Fabricación de productos de la refinación del petróleo;Fabricação de produtos derivados do petróleo;3.4901;991569229.2417
2016;Estados Unidos;1511;Curtimento e vestuário de couro;257379042;15;1500;Fabricação de calçados e de artefatos de couro;1510;15;C;15;FABRICACIÓN DE PRODUCTOS DE CUERO Y PRODUCTOS CONEXOS;PREPARAÇÃO DE COUROS E FABRICAÇÃO DE ARTEFATOS DE COURO, ARTIGOS PARA VIAGEM E CALÇADOS;3.4901;898278594.4842
2016;Estados Unidos;2910;Fabricação de veículos automotores;250049993;291;2991;Fabricação de automóveis, caminhões e ônibus, exceto peças;2910;291;C;291;Fabricación de vehículos automotores;Fabricação de automóveis, camionetas e utilitários;3.4901;872699480.5692999
2016;Estados Unidos;1200;Fabricação de produtos de tabaco;243371910;12;1200;Fabricação de produtos do fumo;1210;12;C;12;ELABORACIÓN DE PRODUCTOS DE TABACO;FABRICAÇÃO DE PRODUTOS DO FUMO;3.4901;849392303.091
2016;Estados Unidos;2029;Fabricação de outros produtos químicos n.c;230492734;202;2092;Fabricação de defensivos, desinfestantes, tintas e químicos diversos;2051;205;C;202;Fabricación de otros productos químicos;Fabricação de defensivos agrícolas e desinfestantes domissanitários;3.4901;804442690.9334
2016;Estados Unidos;1520;Fabricação de calçado;223263202;15;1500;Fabricação de calçados e de artefatos de couro;1510;15;C;15;FABRICACIÓN DE PRODUCTOS DE CUERO Y PRODUCTOS CONEXOS;PREPARAÇÃO DE COUROS E FABRICAÇÃO DE ARTEFATOS DE COURO, ARTIGOS PARA VIAGEM E CALÇADOS;3.4901;779210901.3002
2016;Estados Unidos;2813;Fabricação de outras bombas, compressores, torneiras e válvulas;211932484;28;2800;Fabricação de máquinas e equipamentos mecânicos;2811;28;C;28;FABRICACIÓN DE MAQUINARIA Y EQUIPO N.C.P.;FABRICAÇÃO DE MÁQUINAS E EQUIPAMENTOS;3.4901;739665562.4083999
2016;Estados Unidos;2100;Fabricação de produtos farmacêuticos, produtos químicos medicinais e botânicos;210835327;21;2100;Fabricação de produtos farmoquímicos e farmacêuticos;2110;21;C;21;FABRICACIÓN DE PRODUCTOS FARMACÉUTICOS, SUSTANCIAS QUÍMICAS MEDICINALES Y PRODUCTOS BOTÁNICOS DE USO FARMACÉUTICO;FABRICAÇÃO DE PRODUTOS FARMOQUÍMICOS E FARMACÊUTICOS;3.4901;735836374.7627
2016;Estados Unidos;1621;Fabricação de folheados e painéis derivados de madeira;210664085;16;1500;Fabricação de calçados e de artefatos de couro;1510;15;C;16;"PRODUCCIÓN DE MADERA Y FABRICACIÓN DE PRODUCTOS DE MADERA Y CORCHO, EXCEPTO MUEBLES; FABRICACIÓN DE ARTÍCULOS DE PAJA Y DE MATERIALES TRENZABLES";PREPARAÇÃO DE COUROS E FABRICAÇÃO DE ARTEFATOS DE COURO, ARTIGOS PARA VIAGEM E CALÇADOS;3.4901;735238723.0585
2016;Estados Unidos;1622;Fabricação de carpintaria e marcenaria de construtores;203667725;16;1500;Fabricação de calçados e de artefatos de couro;1510;15;C;16;"PRODUCCIÓN DE MADERA Y FABRICACIÓN DE PRODUCTOS DE MADERA Y CORCHO, EXCEPTO MUEBLES; FABRICACIÓN DE ARTÍCULOS DE PAJA Y DE MATERIALES TRENZABLES";PREPARAÇÃO DE COUROS E FABRICAÇÃO DE ARTEFATOS DE COURO, ARTIGOS PARA VIAGEM E CALÇADOS;3.4901;710820727.0225
2016;Estados Unidos;2814;Fabricação de rolamentos, engrenagens, engrenagens e elementos de acionamento;190143473;28;2800;Fabricação de máquinas e equipamentos mecânicos;2811;28;C;28;FABRICACIÓN DE MAQUINARIA Y EQUIPO N.C.P.;FABRICAÇÃO DE MÁQUINAS E EQUIPAMENTOS;3.4901;663619735.1173
2016;Estados Unidos;1072;Fabricação de açúcar;170243115;107;1092;Fabricação e refino de açúcar;1071;107;C;107;Elaboración de otros productos alimenticios;Fabricação e refino de açúcar;3.4901;594165495.6615
2016;Estados Unidos;1079;Fabricação de outros produtos alimentícios n.c;166140435;107;1092;Fabricação e refino de açúcar;1071;107;C;107;Elaboración de otros productos alimenticios;Fabricação e refino de açúcar;3.4901;579846732.1935
2016;Estados Unidos;0710;Extração de minério de ferro;153209878;071;0791;Extração de minério de ferro, inclusive beneficiamento e a aglomeração;0710;071;B;071;Extracción de minerales de hierro;Extração de minério de ferro;3.4901;534717795.2078
2016;Estados Unidos;1073;Fabricação de cacau, chocolate e produtos de confeitaria;147783040;107;1092;Fabricação e refino de açúcar;1071;107;C;107;Elaboración de otros productos alimenticios;Fabricação e refino de açúcar;3.4901;515777587.904
2016;Estados Unidos;2520;Fabricação de armas e munições;147034923;25;2500;Fabricação de produtos de metal, exceto máquinas e equipamentos;2511;25;C;25;FABRICACIÓN DE PRODUCTOS ELABORADOS DE METAL, EXCEPTO MAQUINARIA Y EQUIPO;FABRICAÇÃO DE PRODUTOS DE METAL, EXCETO MÁQUINAS E EQUIPAMENTOS;3.4901;513166584.7623
2016;Estados Unidos;2651;Fabricação de equipamentos de medição, teste, navegação e controle;137987480;26;2600;Fabricação de equipamentos de informática, produtos eletrônicos e ópticos;2610;26;C;26;FABRICACIÓN DE PRODUCTOS DE INFORMÁTICA, DE ELECTRÓNICA Y DE ÓPTICA;FABRICAÇÃO DE EQUIPAMENTOS DE INFORMÁTICA, PRODUTOS ELETRÔNICOS E ÓPTICOS;3.4901;481590103.948
2016;Estados Unidos;3100;Fabricação de móveis;137582324;31;3180;Fabricação de móveis e de produtos de indústrias diversas;3101;31;C;31;FABRICACIÓN DE MUEBLES;FABRICAÇÃO DE MÓVEIS;3.4901;480176068.9924
2016;Estados Unidos;2599;Fabricação de outros produtos metálicos fabricados n.c;122025540;25;2500;Fabricação de produtos de metal, exceto máquinas e equipamentos;2511;25;C;25;FABRICACIÓN DE PRODUCTOS ELABORADOS DE METAL, EXCEPTO MAQUINARIA Y EQUIPO;FABRICAÇÃO DE PRODUTOS DE METAL, EXCETO MÁQUINAS E EQUIPAMENTOS;3.4901;425881337.154
2016;Estados Unidos;2220;Fabricação de produtos plásticos;97582063;22;1500;Fabricação de calçados e de artefatos de couro;1510;15;C;22;FABRICACIÓN DE PRODUCTOS DE CAUCHO Y PLÁSTICO;PREPARAÇÃO DE COUROS E FABRICAÇÃO DE ARTEFATOS DE COURO, ARTIGOS PARA VIAGEM E CALÇADOS;3.4901;340571158.0763
2016;Estados Unidos;9000;Atividades criativas, artes e entretenimento;97165005;90;9080;Atividades artísticas, criativas e de espetáculos;9001;90;R;90;ACTIVIDADES CREATIVAS, ARTÍSTICAS Y DE ENTRETENIMIENTO;ATIVIDADES ARTÍSTICAS, CRIATIVAS E DE ESPETÁCULOS;3.4901;339115583.9505
2016;Estados Unidos;2620;Fabricação de computadores e equipamentos periféricos;90544519;26;2600;Fabricação de equipamentos de informática, produtos eletrônicos e ópticos;2610;26;C;26;FABRICACIÓN DE PRODUCTOS DE INFORMÁTICA, DE ELECTRÓNICA Y DE ÓPTICA;FABRICAÇÃO DE EQUIPAMENTOS DE INFORMÁTICA, PRODUTOS ELETRÔNICOS E ÓPTICOS;3.4901;316009425.7619
2016;Estados Unidos;3211;Fabricação de joalharia e artigos afins;87615537;32;3180;Fabricação de móveis e de produtos de indústrias diversas;3211;32;C;32;OTRAS INDUSTRIAS MANUFACTURERAS;FABRICAÇÃO DE PRODUTOS DIVERSOS;3.4901;305786985.6837
2016;Estados Unidos;2593;Fabricação de cutelaria, ferramentas manuais e ferragens em geral;87145305;25;2500;Fabricação de produtos de metal, exceto máquinas e equipamentos;2511;25;C;25;FABRICACIÓN DE PRODUCTOS ELABORADOS DE METAL, EXCEPTO MAQUINARIA Y EQUIPO;FABRICAÇÃO DE PRODUTOS DE METAL, EXCETO MÁQUINAS E EQUIPAMENTOS;3.4901;304145828.9805
2016;Estados Unidos;2822;Fabricação de máquinas e máquinas-ferramentas para moldagem de metais;81967221;28;2800;Fabricação de máquinas e equipamentos mecânicos;2811;28;C;28;FABRICACIÓN DE MAQUINARIA Y EQUIPO N.C.P.;FABRICAÇÃO DE MÁQUINAS E EQUIPAMENTOS;3.4901;286073798.0121
2016;Estados Unidos;2819;Fabricação de outras máquinas para uso geral;78655174;28;2800;Fabricação de máquinas e equipamentos mecânicos;2811;28;C;28;FABRICACIÓN DE MAQUINARIA Y EQUIPO N.C.P.;FABRICAÇÃO DE MÁQUINAS E EQUIPAMENTOS;3.4901;274514422.7774
2016;Estados Unidos;0149;Criação de outros animais;75676517;014;0192;Pecuária, inclusive o apoio à pecuária;0151;015;A;014;Ganadería;Pecuária;3.4901;264118611.9817
2016;Estados Unidos;0125;Cultivo de outras frutas e nozes;74202040;012;0191;Agricultura, inclusive o apoio à agricultura e a pós-colheita;0111;011;A;012;Cultivo de plantas perennes;Produção de lavouras temporárias;3.4901;258972539.804
2016;Estados Unidos;3290;Outras manufaturas n.c.;68989462;32;3180;Fabricação de móveis e de produtos de indústrias diversas;3211;32;C;32;OTRAS INDUSTRIAS MANUFACTURERAS;FABRICAÇÃO DE PRODUTOS DIVERSOS;3.4901;240780121.3262
2016;Estados Unidos;0729;Extração de outros minérios de metais não ferrosos;68832449;072;0792;Extração de minerais metálicos não ferrosos, inclusive beneficiamentos;0721;072;B;072;Extracción de minerales metalíferos no ferrosos;Extração de minerais metálicos não-ferrosos;3.4901;240232130.2549
2016;Estados Unidos;2399;Fabricação de outros produtos minerais não metálicos n.c;68787138;23;2300;Fabricação de produtos de minerais não metálicos;2311;23;C;23;FABRICACIÓN DE OTROS PRODUCTOS MINERALES NO METÁLICOS;FABRICAÇÃO DE PRODUTOS DE MINERAIS NÃO-METÁLICOS;3.4901;240073990.3338
2016;Estados Unidos;0128;Cultivo de especiarias, culturas aromáticas, medicamentosas e farmacêuticas;67145602;012;0191;Agricultura, inclusive o apoio à agricultura e a pós-colheita;0111;011;A;012;Cultivo de plantas perennes;Produção de lavouras temporárias;3.4901;234344865.5402
2016;Estados Unidos;1020;Processamento e conservação de peixes, crustáceos e moluscos;62927008;102;1091;Abate e produtos de carne, inclusive os produtos do laticínio e da pesca;1020;102;C;102;Elaboración y conservación de pescado, crustáceos y moluscos;Preservação do pescado e fabricação de produtos do pescado;3.4901;219621550.6208
2016;Estados Unidos;2630;Fabricação de equipamentos de comunicação;62038868;26;2600;Fabricação de equipamentos de informática, produtos eletrônicos e ópticos;2610;26;C;26;FABRICACIÓN DE PRODUCTOS DE INFORMÁTICA, DE ELECTRÓNICA Y DE ÓPTICA;FABRICAÇÃO DE EQUIPAMENTOS DE INFORMÁTICA, PRODUTOS ELETRÔNICOS E ÓPTICOS;3.4901;216521853.20679998
2016;Estados Unidos;2391;Fabricação de produtos refratários;49693433;23;2300;Fabricação de produtos de minerais não metálicos;2311;23;C;23;FABRICACIÓN DE OTROS PRODUCTOS MINERALES NO METÁLICOS;FABRICAÇÃO DE PRODUTOS DE MINERAIS NÃO-METÁLICOS;3.4901;173435050.5133
2016;Estados Unidos;2392;Fabricação de materiais de construção de argila;49655455;23;2300;Fabricação de produtos de minerais não metálicos;2311;23;C;23;FABRICACIÓN DE OTROS PRODUCTOS MINERALES NO METÁLICOS;FABRICAÇÃO DE PRODUTOS DE MINERAIS NÃO-METÁLICOS;3.4901;173302503.4955
2016;Estados Unidos;1629;"Fabricação de outros produtos de madeira; fabricação de artigos de cortiça, de espartaria e cestaria";49402202;16;1500;Fabricação de calçados e de artefatos de couro;1510;15;C;16;"PRODUCCIÓN DE MADERA Y FABRICACIÓN DE PRODUCTOS DE MADERA Y CORCHO, EXCEPTO MUEBLES; FABRICACIÓN DE ARTÍCULOS DE PAJA Y DE MATERIALES TRENZABLES";PREPARAÇÃO DE COUROS E FABRICAÇÃO DE ARTEFATOS DE COURO, ARTIGOS PARA VIAGEM E CALÇADOS;3.4901;172418625.2002
2016;Estados Unidos;3250;Fabricação de instrumentos e suprimentos médicos e odontológicos;45483303;32;3180;Fabricação de móveis e de produtos de indústrias diversas;3211;32;C;32;OTRAS INDUSTRIAS MANUFACTURERAS;FABRICAÇÃO DE PRODUTOS DIVERSOS;3.4901;158741275.8003
2016;Estados Unidos;2219;Fabricação de outros produtos de borracha;44848466;22;1500;Fabricação de calçados e de artefatos de couro;1510;15;C;22;FABRICACIÓN DE PRODUCTOS DE CAUCHO Y PLÁSTICO;PREPARAÇÃO DE COUROS E FABRICAÇÃO DE ARTEFATOS DE COURO, ARTIGOS PARA VIAGEM E CALÇADOS;3.4901;156525631.1866
2016;Estados Unidos;2512;Fabricação de tanques, reservatórios e recipientes de metal;42879122;25;2500;Fabricação de produtos de metal, exceto máquinas e equipamentos;2511;25;C;25;FABRICACIÓN DE PRODUCTOS ELABORADOS DE METAL, EXCEPTO MAQUINARIA Y EQUIPO;FABRICAÇÃO DE PRODUTOS DE METAL, EXCETO MÁQUINAS E EQUIPAMENTOS;3.4901;149652423.6922
2016;Estados Unidos;2816;Fabricação de equipamentos de elevação e manuseio;41680884;28;2800;Fabricação de máquinas e equipamentos mecânicos;2811;28;C;28;FABRICACIÓN DE MAQUINARIA Y EQUIPO N.C.P.;FABRICAÇÃO DE MÁQUINAS E EQUIPAMENTOS;3.4901;145470453.2484
2016;Estados Unidos;1040;Fabricação de óleos e gorduras vegetais e animais;41338600;104;1093;Outros produtos alimentares;1041;104;C;104;Elaboración de aceites y grasas de origen vegetal y animal;Fabricação de óleos e gorduras vegetais e animais;3.4901;144275847.85999998
2016;Estados Unidos;0113;Cultivo de hortaliças e melões, raízes e tubérculos;40610918;011;0191;Agricultura, inclusive o apoio à agricultura e a pós-colheita;0111;011;A;011;Cultivo de plantas no perenes;Produção de lavouras temporárias;3.4901;141736164.9118
2016;Estados Unidos;2310;Fabricação de produtos de vidro e vidro;39311455;23;2300;Fabricação de produtos de minerais não metálicos;2311;23;C;23;FABRICACIÓN DE OTROS PRODUCTOS MINERALES NO METÁLICOS;FABRICAÇÃO DE PRODUTOS DE MINERAIS NÃO-METÁLICOS;3.4901;137200909.0955
2016;Estados Unidos;2790;Fabricação de outro equipamento elétrico;38807906;27;2700;Fabricação de máquinas e equipamentos elétricos;2710;27;C;27;FABRICACIÓN DE EQUIPO ELÉCTRICO;FABRICAÇÃO DE MÁQUINAS, APARELHOS E MATERIAIS ELÉTRICOS;3.4901;135443472.7306
2016;Estados Unidos;2829;Fabricação de outras máquinas para fins especiais;38093953;28;2800;Fabricação de máquinas e equipamentos mecânicos;2811;28;C;28;FABRICACIÓN DE MAQUINARIA Y EQUIPO N.C.P.;FABRICAÇÃO DE MÁQUINAS E EQUIPAMENTOS;3.4901;132951705.3653
2016;Estados Unidos;0810;Extração de pedra, areia e argila;36631721;08;0580;Extração de carvão mineral e de minerais não metálicos;0810;08;B;08;EXPLOTACIÓN DE OTRAS MINAS Y CANTERAS;EXTRAÇÃO DE MINERAIS NÃO-METÁLICOS;3.4901;127848369.4621
2016;Estados Unidos;0311;Pesca marinha;36231889;03;0280;"Produção florestal; pesca e aquicultura";0311;03;A;03;PESCA Y ACUICULTURA;PESCA E AQÜICULTURA;3.4901;126452915.7989
2016;Estados Unidos;0111;Cultivo de cereais (exceto arroz), leguminosas e oleaginosas;35651468;011;0191;Agricultura, inclusive o apoio à agricultura e a pós-colheita;0111;011;A;011;Cultivo de plantas no perenes;Produção de lavouras temporárias;3.4901;124427188.4668
2016;Estados Unidos;0899;Outras atividades de mineração n.c;34286042;08;0580;Extração de carvão mineral e de minerais não metálicos;0810;08;B;08;EXPLOTACIÓN DE OTRAS MINAS Y CANTERAS;EXTRAÇÃO DE MINERAIS NÃO-METÁLICOS;3.4901;119661715.1842
2016;Estados Unidos;2811;Fabricação de motores e turbinas, exceto aeronaves, veículos e motores de ciclo;33628604;28;2800;Fabricação de máquinas e equipamentos mecânicos;2811;28;C;28;FABRICACIÓN DE MAQUINARIA Y EQUIPO N.C.P.;FABRICAÇÃO DE MÁQUINAS E EQUIPAMENTOS;3.4901;117367190.8204
2016;Estados Unidos;1394;Fabricação de cordéis, cordas, cordéis e redes;32817042;13;1300;Fabricação de produtos têxteis;1311;13;C;13;FABRICACIÓN DE PRODUCTOS TEXTILES;FABRICAÇÃO DE PRODUTOS TÊXTEIS;3.4901;114534758.2842
2016;Estados Unidos;1399;Fabricação de outros têxteis n.e.c.;30109417;13;1300;Fabricação de produtos têxteis;1311;13;C;13;FABRICACIÓN DE PRODUCTOS TEXTILES;FABRICAÇÃO DE PRODUTOS TÊXTEIS;3.4901;105084876.2717
2016;Estados Unidos;2610;Fabricação de componentes eletrônicos e placas;28769933;26;2600;Fabricação de equipamentos de informática, produtos eletrônicos e ópticos;2610;26;C;26;FABRICACIÓN DE PRODUCTOS DE INFORMÁTICA, DE ELECTRÓNICA Y DE ÓPTICA;FABRICAÇÃO DE EQUIPAMENTOS DE INFORMÁTICA, PRODUTOS ELETRÔNICOS E ÓPTICOS;3.4901;100409943.1633
2016;Estados Unidos;2821;Fabricação de maquinaria agrícola e florestal;28340896;28;2800;Fabricação de máquinas e equipamentos mecânicos;2811;28;C;28;FABRICACIÓN DE MAQUINARIA Y EQUIPO N.C.P.;FABRICAÇÃO DE MÁQUINAS E EQUIPAMENTOS;3.4901;98912561.1296
2016;Estados Unidos;1709;Fabricação de outros artigos de papel e cartão;28214058;17;1700;Fabricação de celulose, papel e produtos de papel;1710;17;C;17;FABRICACIÓN DE PAPEL Y DE PRODUCTOS DE PAPEL;FABRICAÇÃO DE CELULOSE, PAPEL E PRODUTOS DE PAPEL;3.4901;98469883.8258
2016;Estados Unidos;2732;Fabricação de outros fios e cabos elétricos e eletrônicos;27475321;27;2700;Fabricação de máquinas e equipamentos elétricos;2710;27;C;27;FABRICACIÓN DE EQUIPO ELÉCTRICO;FABRICAÇÃO DE MÁQUINAS, APARELHOS E MATERIAIS ELÉTRICOS;3.4901;95891617.8221
2016;Estados Unidos;2812;Fabricação de equipamentos para energia hidráulica;26372175;28;2800;Fabricação de máquinas e equipamentos mecânicos;2811;28;C;28;FABRICACIÓN DE MAQUINARIA Y EQUIPO N.C.P.;FABRICAÇÃO DE MÁQUINAS E EQUIPAMENTOS;3.4901;92041527.9675
2016;Estados Unidos;1071;Fabricação de produtos de panificação;24734831;107;1092;Fabricação e refino de açúcar;1071;107;C;107;Elaboración de otros productos alimenticios;Fabricação e refino de açúcar;3.4901;86327033.6731
2016;Estados Unidos;1061;Fabricação de produtos de moagem de grãos;24404370;106;1093;Outros produtos alimentares;1061;106;C;106;Elaboración de productos de molinería, almidones y productos derivados del almidón;Moagem, fabricação de produtos amiláceos e de alimentos para animais;3.4901;85173691.737
2016;Estados Unidos;2640;Fabricação de produtos eletrônicos de consumo;20212254;26;2600;Fabricação de equipamentos de informática, produtos eletrônicos e ópticos;2610;26;C;26;FABRICACIÓN DE PRODUCTOS DE INFORMÁTICA, DE ELECTRÓNICA Y DE ÓPTICA;FABRICAÇÃO DE EQUIPAMENTOS DE INFORMÁTICA, PRODUTOS ELETRÔNICOS E ÓPTICOS;3.4901;70542787.6854
2016;Estados Unidos;2660;Fabricação de equipamentos de irradiação, eletromédicos e eletroterapêuticos;20052267;26;2600;Fabricação de equipamentos de informática, produtos eletrônicos e ópticos;2610;26;C;26;FABRICACIÓN DE PRODUCTOS DE INFORMÁTICA, DE ELECTRÓNICA Y DE ÓPTICA;FABRICAÇÃO DE EQUIPAMENTOS DE INFORMÁTICA, PRODUTOS ELETRÔNICOS E ÓPTICOS;3.4901;69984417.0567
2016;Estados Unidos;3091;Fabricação de motocicletas;18933460;30;3000;Fabricação de outros equipamentos de transporte, exceto veículos automotores;3011;30;C;30;FABRICACIÓN DE OTRO  EQUIPO DE TRANSPORTE;FABRICAÇÃO DE OUTROS EQUIPAMENTOS DE TRANSPORTE, EXCETO VEÍCULOS AUTOMOTORES;3.4901;66079668.746
2016;Estados Unidos;1410;Fabricação de vestuário, exceto vestuários de peles;18640972;14;1400;Confecção de artefatos do vestuário e acessórios;1411;14;C;14;FABRICACIÓN DE PRENDAS DE VESTIR;CONFECÇÃO DE ARTIGOS DO VESTUÁRIO E ACESSÓRIOS;3.4901;65058856.3772
2016;Estados Unidos;2823;Fabricação de máquinas para metalurgia;17794507;28;2800;Fabricação de máquinas e equipamentos mecânicos;2811;28;C;28;FABRICACIÓN DE MAQUINARIA Y EQUIPO N.C.P.;FABRICAÇÃO DE MÁQUINAS E EQUIPAMENTOS;3.4901;62104608.8807
2016;Estados Unidos;1512;Fabricação de malas, bolsas e semelhantes, selaria e arreios;16864259;15;1500;Fabricação de calçados e de artefatos de couro;1510;15;C;15;FABRICACIÓN DE PRODUCTOS DE CUERO Y PRODUCTOS CONEXOS;PREPARAÇÃO DE COUROS E FABRICAÇÃO DE ARTEFATOS DE COURO, ARTIGOS PARA VIAGEM E CALÇADOS;3.4901;58857950.3359
2016;Estados Unidos;2825;Fabricação de máquinas para processamento de alimentos, bebidas e tabaco;15788246;28;2800;Fabricação de máquinas e equipamentos mecânicos;2811;28;C;28;FABRICACIÓN DE MAQUINARIA Y EQUIPO N.C.P.;FABRICAÇÃO DE MÁQUINAS E EQUIPAMENTOS;3.4901;55102557.3646
2016;Estados Unidos;2511;Fabricação de produtos metálicos estruturais;15781732;25;2500;Fabricação de produtos de metal, exceto máquinas e equipamentos;2511;25;C;25;FABRICACIÓN DE PRODUCTOS ELABORADOS DE METAL, EXCEPTO MAQUINARIA Y EQUIPO;FABRICAÇÃO DE PRODUTOS DE METAL, EXCETO MÁQUINAS E EQUIPAMENTOS;3.4901;55079822.853199996
2016;Estados Unidos;0893;Extração de sal;15240438;08;0580;Extração de carvão mineral e de minerais não metálicos;0810;08;B;08;EXPLOTACIÓN DE OTRAS MINAS Y CANTERAS;EXTRAÇÃO DE MINERAIS NÃO-METÁLICOS;3.4901;53190652.6638
2016;Estados Unidos;1080;Fabricação de alimentos para animais;13295127;108;1093;Outros produtos alimentares;1061;106;C;108;Elaboración de piensos preparados para animales;Moagem, fabricação de produtos amiláceos e de alimentos para animais;3.4901;46401322.7427
2016;Estados Unidos;2023;Fabricação de sabão e detergentes, produtos de limpeza e polimento, perfumes e produtos de toilette;13135731;202;2092;Fabricação de defensivos, desinfestantes, tintas e químicos diversos;2051;205;C;202;Fabricación de otros productos químicos;Fabricação de defensivos agrícolas e desinfestantes domissanitários;3.4901;45845014.7631
2016;Estados Unidos;1702;Fabricação de papel e cartão canelados e de embalagens de papel e cartão;12135155;17;1700;Fabricação de celulose, papel e produtos de papel;1710;17;C;17;FABRICACIÓN DE PAPEL Y DE PRODUCTOS DE PAPEL;FABRICAÇÃO DE CELULOSE, PAPEL E PRODUTOS DE PAPEL;3.4901;42352904.4655
2016;Estados Unidos;1062;Fabricação de amidos e féculas;11679258;106;1093;Outros produtos alimentares;1061;106;C;106;Elaboración de productos de molinería, almidones y productos derivados del almidón;Moagem, fabricação de produtos amiláceos e de alimentos para animais;3.4901;40761778.3458
2016;Estados Unidos;2720;Fabricação de baterias e acumuladores;11573907;27;2700;Fabricação de máquinas e equipamentos elétricos;2710;27;C;27;FABRICACIÓN DE EQUIPO ELÉCTRICO;FABRICAÇÃO DE MÁQUINAS, APARELHOS E MATERIAIS ELÉTRICOS;3.4901;40394092.8207
2016;Estados Unidos;3012;Construção de barcos de recreio e desportivos;11532654;30;3000;Fabricação de outros equipamentos de transporte, exceto veículos automotores;3011;30;C;30;FABRICACIÓN DE OTRO  EQUIPO DE TRANSPORTE;FABRICAÇÃO DE OUTROS EQUIPAMENTOS DE TRANSPORTE, EXCETO VEÍCULOS AUTOMOTORES;3.4901;40250115.7254
2016;Estados Unidos;3020;Fabricação de locomotivas e material circulante;10376745;30;3000;Fabricação de outros equipamentos de transporte, exceto veículos automotores;3011;30;C;30;FABRICACIÓN DE OTRO  EQUIPO DE TRANSPORTE;FABRICAÇÃO DE OUTROS EQUIPAMENTOS DE TRANSPORTE, EXCETO VEÍCULOS AUTOMOTORES;3.4901;36215877.7245
2016;Estados Unidos;1311;Preparação e fiação de fibras têxteis;9955268;13;1300;Fabricação de produtos têxteis;1311;13;C;13;FABRICACIÓN DE PRODUCTOS TEXTILES;FABRICAÇÃO DE PRODUTOS TÊXTEIS;3.4901;34744880.8468
2016;Estados Unidos;2817;Fabricação de máquinas e equipamentos de escritório (exceto computadores e equipamentos periféricos);9574126;28;2800;Fabricação de máquinas e equipamentos mecânicos;2811;28;C;28;FABRICACIÓN DE MAQUINARIA Y EQUIPO N.C.P.;FABRICAÇÃO DE MÁQUINAS E EQUIPAMENTOS;3.4901;33414657.1526
2016;Estados Unidos;1050;Fabricação de produtos lácteos;9069039;105;1091;Abate e produtos de carne, inclusive os produtos do laticínio e da pesca;1051;105;C;105;Elaboración de productos lácteos;Laticínios;3.4901;31651853.0139
2016;Estados Unidos;0116;Cultivo de culturas de fibra;8779142;011;0191;Agricultura, inclusive o apoio à agricultura e a pós-colheita;0111;011;A;011;Cultivo de plantas no perenes;Produção de lavouras temporárias;3.4901;30640083.4942
2016;Estados Unidos;1392;Fabricação de artigos têxteis confeccionados, exceto vestuário;8778747;13;1300;Fabricação de produtos têxteis;1311;13;C;13;FABRICACIÓN DE PRODUCTOS TEXTILES;FABRICAÇÃO DE PRODUTOS TÊXTEIS;3.4901;30638704.9047
2016;Estados Unidos;5819;Outras atividades de publicação;7299352;58;5800;Edição e edição integrada à impressão;5811;58;J;58;ACTIVIDADES DE EDICIÓN;EDIÇÃO E EDIÇÃO INTEGRADA À IMPRESSÃO;3.4901;25475468.4152
2016;Estados Unidos;2431;Fundição de ferro e aço;7127313;243;2492;Metalurgia de metais não ferosos e a fundição de metais;2451;245;C;243;Fundición de metales;Fundição;3.4901;24875035.1013
2016;Estados Unidos;2022;Fabricação de tintas, vernizes e produtos similares, tintas de impressão e mástiques;6035975;202;2092;Fabricação de defensivos, desinfestantes, tintas e químicos diversos;2051;205;C;202;Fabricación de otros productos químicos;Fabricação de defensivos agrícolas e desinfestantes domissanitários;3.4901;21066156.3475
2016;Estados Unidos;2393;Fabricação de outros produtos de porcelana e cerâmica;5860328;23;2300;Fabricação de produtos de minerais não metálicos;2311;23;C;23;FABRICACIÓN DE OTROS PRODUCTOS MINERALES NO METÁLICOS;FABRICAÇÃO DE PRODUTOS DE MINERAIS NÃO-METÁLICOS;3.4901;20453130.7528
2016;Estados Unidos;2021;Fabricação de pesticidas e outros produtos agroquímicos;5844773;202;2092;Fabricação de defensivos, desinfestantes, tintas e químicos diversos;2051;205;C;202;Fabricación de otros productos químicos;Fabricação de defensivos agrícolas e desinfestantes domissanitários;3.4901;20398842.2473
2016;Estados Unidos;3212;Fabricação de bijuterias e artigos relacionados;5370209;32;3180;Fabricação de móveis e de produtos de indústrias diversas;3211;32;C;32;OTRAS INDUSTRIAS MANUFACTURERAS;FABRICAÇÃO DE PRODUTOS DIVERSOS;3.4901;18742566.4309
2016;Estados Unidos;1312;Tecelagem de têxteis;5231974;13;1300;Fabricação de produtos têxteis;1311;13;C;13;FABRICACIÓN DE PRODUCTOS TEXTILES;FABRICAÇÃO DE PRODUTOS TÊXTEIS;3.4901;18260112.4574
2016;Estados Unidos;1623;Fabricação de embalagens de madeira;4631865;16;1500;Fabricação de calçados e de artefatos de couro;1510;15;C;16;"PRODUCCIÓN DE MADERA Y FABRICACIÓN DE PRODUCTOS DE MADERA Y CORCHO, EXCEPTO MUEBLES; FABRICACIÓN DE ARTÍCULOS DE PAJA Y DE MATERIALES TRENZABLES";PREPARAÇÃO DE COUROS E FABRICAÇÃO DE ARTEFATOS DE COURO, ARTIGOS PARA VIAGEM E CALÇADOS;3.4901;16165672.0365
2016;Estados Unidos;0142;Criação de cavalos e outros equinos;4576527;014;0192;Pecuária, inclusive o apoio à pecuária;0151;015;A;014;Ganadería;Pecuária;3.4901;15972536.8827
2016;Estados Unidos;2826;Fabricação de máquinas para produção de têxteis, vestuário e couro;4065404;28;2800;Fabricação de máquinas e equipamentos mecânicos;2811;28;C;28;FABRICACIÓN DE MAQUINARIA Y EQUIPO N.C.P.;FABRICAÇÃO DE MÁQUINAS E EQUIPAMENTOS;3.4901;14188666.5004
2016;Estados Unidos;1391;Fabricação de tecidos de malha;3981472;13;1300;Fabricação de produtos têxteis;1311;13;C;13;FABRICACIÓN DE PRODUCTOS TEXTILES;FABRICAÇÃO DE PRODUTOS TÊXTEIS;3.4901;13895735.4272
2016;Estados Unidos;3099;Fabricação de outros equipamentos de transporte n.c;3920220;30;3000;Fabricação de outros equipamentos de transporte, exceto veículos automotores;3011;30;C;30;FABRICACIÓN DE OTRO  EQUIPO DE TRANSPORTE;FABRICAÇÃO DE OUTROS EQUIPAMENTOS DE TRANSPORTE, EXCETO VEÍCULOS AUTOMOTORES;3.4901;13681959.822
2016;Estados Unidos;1104;"Fabricação de refrigerantes; produção de águas minerais e outras águas engarrafadas";3879795;11;1100;Fabricação de bebidas;1111;11;C;11;ELABORACIÓN DE BEBIDAS;FABRICAÇÃO DE BEBIDAS;3.4901;13540872.5295
2016;Estados Unidos;2920;"Fabricação de carroçarias para veículos automotores; fabricação de reboques e semi-reboques";3630117;292;2991;Fabricação de automóveis, caminhões e ônibus, exceto peças;2930;293;C;292;"Fabricación de carrocerías para vehículos automotores; fabricación de remolques y semirremolques";Fabricação de cabines, carrocerias e reboques para veículos automotores;3.4901;12669471.3417
2016;Estados Unidos;5811;Publicação de livros;3566932;58;5800;Edição e edição integrada à impressão;5811;58;J;58;ACTIVIDADES DE EDICIÓN;EDIÇÃO E EDIÇÃO INTEGRADA À IMPRESSÃO;3.4901;12448949.3732
2016;Estados Unidos;3011;Construção de navios e estruturas flutuantes;3480237;30;3000;Fabricação de outros equipamentos de transporte, exceto veículos automotores;3011;30;C;30;FABRICACIÓN DE OTRO  EQUIPO DE TRANSPORTE;FABRICAÇÃO DE OUTROS EQUIPAMENTOS DE TRANSPORTE, EXCETO VEÍCULOS AUTOMOTORES;3.4901;12146375.1537
2016;Estados Unidos;2740;Fabricação de equipamentos de iluminação elétrica;3414783;27;2700;Fabricação de máquinas e equipamentos elétricos;2710;27;C;27;FABRICACIÓN DE EQUIPO ELÉCTRICO;FABRICAÇÃO DE MÁQUINAS, APARELHOS E MATERIAIS ELÉTRICOS;3.4901;11917934.1483
2016;Estados Unidos;2818;Fabricação de ferramentas manuais acionadas por motor;2712278;28;2800;Fabricação de máquinas e equipamentos mecânicos;2811;28;C;28;FABRICACIÓN DE MAQUINARIA Y EQUIPO N.C.P.;FABRICAÇÃO DE MÁQUINAS E EQUIPAMENTOS;3.4901;9466121.4478
2016;Estados Unidos;2680;Fabricação de mídia magnética e óptica;2557712;26;2600;Fabricação de equipamentos de informática, produtos eletrônicos e ópticos;2610;26;C;26;FABRICACIÓN DE PRODUCTOS DE INFORMÁTICA, DE ELECTRÓNICA Y DE ÓPTICA;FABRICAÇÃO DE EQUIPAMENTOS DE INFORMÁTICA, PRODUTOS ELETRÔNICOS E ÓPTICOS;3.4901;8926670.6512
2016;Estados Unidos;2750;Fabricação de eletrodomésticos;2324076;27;2700;Fabricação de máquinas e equipamentos elétricos;2710;27;C;27;FABRICACIÓN DE EQUIPO ELÉCTRICO;FABRICAÇÃO DE MÁQUINAS, APARELHOS E MATERIAIS ELÉTRICOS;3.4901;8111257.6476
2016;Estados Unidos;2815;Fabricação de fornos, fornos e queimadores de fornos;2316729;28;2800;Fabricação de máquinas e equipamentos mecânicos;2811;28;C;28;FABRICACIÓN DE MAQUINARIA Y EQUIPO N.C.P.;FABRICAÇÃO DE MÁQUINAS E EQUIPAMENTOS;3.4901;8085615.8829
2016;Estados Unidos;1101;Fabricação de aguardentes e outras bebidas destiladas;2298705;11;1100;Fabricação de bebidas;1111;11;C;11;ELABORACIÓN DE BEBIDAS;FABRICAÇÃO DE BEBIDAS;3.4901;8022710.3205
2016;Estados Unidos;0130;Cultivo de plantas;2210557;013;0191;Agricultura, inclusive o apoio à agricultura e a pós-colheita;0141;014;A;013;Propagación de plantas;Produção de sementes e mudas certificadas;3.4901;7715064.9857
2016;Estados Unidos;1430;Fabricação de vestuário de malha;2207881;14;1400;Confecção de artefatos do vestuário e acessórios;1411;14;C;14;FABRICACIÓN DE PRENDAS DE VESTIR;CONFECÇÃO DE ARTIGOS DO VESTUÁRIO E ACESSÓRIOS;3.4901;7705725.4781
2016;Estados Unidos;2030;Fabricação de fibras sintéticas ou artificiais;2104708;203;2091;Fabricação de químicos orgânicos e inorgânicos, resinas e elastômeros;2040;204;C;203;Fabricación de fibras artificiales;Fabricação de fibras artificiais e sintéticas;3.4901;7345641.3908
2016;Estados Unidos;2731;Fabricação de cabos de fibra ótica;2103011;27;2700;Fabricação de máquinas e equipamentos elétricos;2710;27;C;27;FABRICACIÓN DE EQUIPO ELÉCTRICO;FABRICAÇÃO DE MÁQUINAS, APARELHOS E MATERIAIS ELÉTRICOS;3.4901;7339718.6911
2016;Estados Unidos;1420;Fabricação de artigos de peles;1970592;14;1400;Confecção de artefatos do vestuário e acessórios;1411;14;C;14;FABRICACIÓN DE PRENDAS DE VESTIR;CONFECÇÃO DE ARTIGOS DO VESTUÁRIO E ACESSÓRIOS;3.4901;6877563.1392
2016;Estados Unidos;2395;Fabricação de artigos de concreto, cimento e gesso;1842922;23;2300;Fabricação de produtos de minerais não metálicos;2311;23;C;23;FABRICACIÓN DE OTROS PRODUCTOS MINERALES NO METÁLICOS;FABRICAÇÃO DE PRODUTOS DE MINERAIS NÃO-METÁLICOS;3.4901;6431982.0722
2016;Estados Unidos;3220;Fabricação de instrumentos musicais;1711921;32;3180;Fabricação de móveis e de produtos de indústrias diversas;3211;32;C;32;OTRAS INDUSTRIAS MANUFACTURERAS;FABRICAÇÃO DE PRODUTOS DIVERSOS;3.4901;5974775.4821
2016;Estados Unidos;2670;Fabricação de instrumentos ópticos e equipamento fotográfico;1435816;26;2600;Fabricação de equipamentos de informática, produtos eletrônicos e ópticos;2610;26;C;26;FABRICACIÓN DE PRODUCTOS DE INFORMÁTICA, DE ELECTRÓNICA Y DE ÓPTICA;FABRICAÇÃO DE EQUIPAMENTOS DE INFORMÁTICA, PRODUTOS ELETRÔNICOS E ÓPTICOS;3.4901;5011141.4216
2016;Estados Unidos;0121;Cultivo de uvas;1321045;012;0191;Agricultura, inclusive o apoio à agricultura e a pós-colheita;0111;011;A;012;Cultivo de plantas perennes;Produção de lavouras temporárias;3.4901;4610579.1545
2016;Estados Unidos;3240;Fabricação de jogos e brinquedos;1252760;32;3180;Fabricação de móveis e de produtos de indústrias diversas;3211;32;C;32;OTRAS INDUSTRIAS MANUFACTURERAS;FABRICAÇÃO DE PRODUTOS DIVERSOS;3.4901;4372257.676
2016;Estados Unidos;1074;Fabricação de macarrão, talharim, cuscuz e produtos farináceos semelhantes;1107734;107;1092;Fabricação e refino de açúcar;1071;107;C;107;Elaboración de otros productos alimenticios;Fabricação e refino de açúcar;3.4901;3866102.4334
2016;Estados Unidos;2652;Fabricação de cronomêtros e relógios;1076194;26;2600;Fabricação de equipamentos de informática, produtos eletrônicos e ópticos;2610;26;C;26;FABRICACIÓN DE PRODUCTOS DE INFORMÁTICA, DE ELECTRÓNICA Y DE ÓPTICA;FABRICAÇÃO DE EQUIPAMENTOS DE INFORMÁTICA, PRODUTOS ELETRÔNICOS E ÓPTICOS;3.4901;3756024.6794
2016;Estados Unidos;0220;Exploração madeireira;1046586;02;0280;"Produção florestal; pesca e aquicultura";0210;02;A;02;SILVICULTURA Y EXTRACCIÓN DE MADERA;PRODUÇÃO FLORESTAL;3.4901;3652689.7986
2016;Estados Unidos;0115;Cultivo de tabaco;969721;011;0191;Agricultura, inclusive o apoio à agricultura e a pós-colheita;0111;011;A;011;Cultivo de plantas no perenes;Produção de lavouras temporárias;3.4901;3384423.2621
2016;Estados Unidos;3230;Fabricação de artigos esportivos;908185;32;3180;Fabricação de móveis e de produtos de indústrias diversas;3211;32;C;32;OTRAS INDUSTRIAS MANUFACTURERAS;FABRICAÇÃO DE PRODUTOS DIVERSOS;3.4901;3169656.4685
2016;Estados Unidos;1102;Fabricação de vinhos;830716;11;1100;Fabricação de bebidas;1111;11;C;11;ELABORACIÓN DE BEBIDAS;FABRICAÇÃO DE BEBIDAS;3.4901;2899281.9115999998
2016;Estados Unidos;2513;Fabricação de geradores de vapor, exceto caldeiras de aquecimento central de água quente;701297;25;2500;Fabricação de produtos de metal, exceto máquinas e equipamentos;2511;25;C;25;FABRICACIÓN DE PRODUCTOS ELABORADOS DE METAL, EXCEPTO MAQUINARIA Y EQUIPO;FABRICAÇÃO DE PRODUTOS DE METAL, EXCETO MÁQUINAS E EQUIPAMENTOS;3.4901;2447596.6597
2016;Estados Unidos;2012;Fabricação de fertilizantes e compostos nitrogenados;697504;201;1992;Fabricação de biocombustíveis;1931;193;C;201;Fabricación de sustancias químicas básicas, de abonos y compuestos de nitrógeno y de plásticos y caucho sintético en formas primarias;Fabricação de biocombustíveis;3.4901;2434358.7104
2016;Estados Unidos;1393;Fabricação de tapetes e tapetes;538803;13;1300;Fabricação de produtos têxteis;1311;13;C;13;FABRICACIÓN DE PRODUCTOS TEXTILES;FABRICAÇÃO DE PRODUTOS TÊXTEIS;3.4901;1880476.3503
2016;Estados Unidos;1103;Fabricação de malte e bebidas maltadas.;465631;11;1100;Fabricação de bebidas;1111;11;C;11;ELABORACIÓN DE BEBIDAS;FABRICAÇÃO DE BEBIDAS;3.4901;1625098.7531
2016;Estados Unidos;0230;Coleta de produtos florestais não madeireiros;306570;02;0280;"Produção florestal; pesca e aquicultura";0210;02;A;02;SILVICULTURA Y EXTRACCIÓN DE MADERA;PRODUÇÃO FLORESTAL;3.4901;1069959.957
2016;Estados Unidos;0119;Cultivo de outras culturas não perenes;271913;011;0191;Agricultura, inclusive o apoio à agricultura e a pós-colheita;0111;011;A;011;Cultivo de plantas no perenes;Produção de lavouras temporárias;3.4901;949003.5613
2016;Estados Unidos;0891;Extração de minerais químicos e fertilizantes;210984;08;0580;Extração de carvão mineral e de minerais não metálicos;0810;08;B;08;EXPLOTACIÓN DE OTRAS MINAS Y CANTERAS;EXTRAÇÃO DE MINERAIS NÃO-METÁLICOS;3.4901;736355.2584
2016;Estados Unidos;5813;Publicação de jornais, revistas e periódicos;173531;58;5800;Edição e edição integrada à impressão;5811;58;J;58;ACTIVIDADES DE EDICIÓN;EDIÇÃO E EDIÇÃO INTEGRADA À IMPRESSÃO;3.4901;605640.5431
2016;Estados Unidos;1812;Atividades de serviço relacionadas à impressão;131575;18;1800;Impressão e reprodução de gravações;1811;18;C;18;IMPRESIÓN Y REPRODUCCIÓN DE GRABACIONES;IMPRESSÃO E REPRODUÇÃO DE GRAVAÇÕES;3.4901;459209.9075
2016;Estados Unidos;9102;Atividades de museus e operação de locais históricos e edifícios;118547;91;9080;Atividades artísticas, criativas e de espetáculos;9101;91;R;91;ACTIVIDADES DE BIBLIOTECAS, ARCHIVOS Y MUSEOS Y OTRAS ACTIVIDADES CULTURALES;ATIVIDADES LIGADAS AO PATRIMÔNIO CULTURAL E AMBIENTAL;3.4901;413740.8847
2016;Estados Unidos;0126;Cultivo de frutas oleaginosas;76475;012;0191;Agricultura, inclusive o apoio à agricultura e a pós-colheita;0111;011;A;012;Cultivo de plantas perennes;Produção de lavouras temporárias;3.4901;266905.3975
2016;Estados Unidos;0122;Cultivo de frutas tropicais e subtropicais;76236;012;0191;Agricultura, inclusive o apoio à agricultura e a pós-colheita;0111;011;A;012;Cultivo de plantas perennes;Produção de lavouras temporárias;3.4901;266071.2636
2016;Estados Unidos;0129;Cultivo de outras culturas perenes;23206;012;0191;Agricultura, inclusive o apoio à agricultura e a pós-colheita;0111;011;A;012;Cultivo de plantas perennes;Produção de lavouras temporárias;3.4901;80991.2606
2016;Estados Unidos;3092;Fabricação de bicicletas e carruagens inválidas;10980;30;3000;Fabricação de outros equipamentos de transporte, exceto veículos automotores;3011;30;C;30;FABRICACIÓN DE OTRO  EQUIPO DE TRANSPORTE;FABRICAÇÃO DE OUTROS EQUIPAMENTOS DE TRANSPORTE, EXCETO VEÍCULOS AUTOMOTORES;3.4901;38321.298
2016;Estados Unidos;0145;Criação de suínos;3382;014;0192;Pecuária, inclusive o apoio à pecuária;0151;015;A;014;Ganadería;Pecuária;3.4901;11803.5182
2016;Estados Unidos;5310;Atividades postais;2686;53;5280;Armazenamento, atividades auxiliares dos transportes e correio;5211;53;H;53;ALMACENAMIENTO Y ACTIVIDADES DE APOYO AL TRANSPORTE;ARMAZENAMENTO E ATIVIDADES AUXILIARES DOS TRANSPORTES;3.4901;9374.4086
2016;Estados Unidos;0144;Criação de ovelhas e cabras;343;014;0192;Pecuária, inclusive o apoio à pecuária;0151;015;A;014;Ganadería;Pecuária;3.4901;1197.1043
2016;Estados Unidos;7420;Atividades fotográficas;166;74;7380;Outras atividades profissionais, científicas e técnicas;7410;74;M;74;OTRAS ACTIVIDADES PROFESIONALES, CIENTÍFICAS Y TÉCNICAS;OUTRAS ATIVIDADES PROFISSIONAIS, CIENTÍFICAS E TÉCNICAS;3.4901;579.3566
2015;Estados Unidos;3030;Fabricação de aviões e máquinas relacionadas;4731999085;30;3000;Fabricação de outros equipamentos de transporte, exceto veículos automotores;3011;30;C;30;FABRICACIÓN DE OTRO  EQUIPO DE TRANSPORTE;FABRICAÇÃO DE OUTROS EQUIPAMENTOS DE TRANSPORTE, EXCETO VEÍCULOS AUTOMOTORES;3.3315;15764654951.6775
2015;Estados Unidos;2410;Fabricação de ferro e aço básicos;3172903472;241;2491;Produção de ferro-gusa/ferroligas, siderurgia e tubos de aço sem costura;2411;241;C;241;Fabricación básica de hierro y acero;Produção de ferro-gusa e de ferroligas;3.3315;10570527916.968
2015;Estados Unidos;0610;Extração de petróleo bruto;1923922283;06;0680;Extração de petróleo e gás, inclusive as atividades de apoio;0600;06;B;06;EXTRACCIÓN DE PETRÓLEO CRUDO Y GAS NATURAL;EXTRAÇÃO DE PETRÓLEO E GÁS NATURAL;3.3315;6409547085.8145
2015;Estados Unidos;2011;Fabricação de produtos químicos básicos;1185085661;201;1992;Fabricação de biocombustíveis;1931;193;C;201;Fabricación de sustancias químicas básicas, de abonos y compuestos de nitrógeno y de plásticos y caucho sintético en formas primarias;Fabricação de biocombustíveis;3.3315;3948112879.6215
2015;Estados Unidos;0127;Cultivo de bebidas da safra;1183155248;012;0191;Agricultura, inclusive o apoio à agricultura e a pós-colheita;0111;011;A;012;Cultivo de plantas perennes;Produção de lavouras temporárias;3.3315;3941681708.7120004
2015;Estados Unidos;1701;Fabricação de polpa, papel e cartão;1180515920;17;1700;Fabricação de celulose, papel e produtos de papel;1710;17;C;17;FABRICACIÓN DE PAPEL Y DE PRODUCTOS DE PAPEL;FABRICAÇÃO DE CELULOSE, PAPEL E PRODUTOS DE PAPEL;3.3315;3932888787.48
2015;Estados Unidos;2396;Corte, moldagem e acabamento de pedra;791035476;23;2300;Fabricação de produtos de minerais não metálicos;2311;23;C;23;FABRICACIÓN DE OTROS PRODUCTOS MINERALES NO METÁLICOS;FABRICAÇÃO DE PRODUTOS DE MINERAIS NÃO-METÁLICOS;3.3315;2635334688.294
2015;Estados Unidos;2930;Fabricação de peças e acessórios para veículos automotores;750615219;293;2992;Fabricação de peças e acessórios para veículos automotores;2941;294;C;293;Fabricación de partes, piezas y accesorios para vehículos automotores;Fabricação de peças e acessórios para veículos automotores;3.3315;2500674602.0985003
2015;Estados Unidos;2420;Fabricação de metais preciosos e outros metais não ferrosos;592392631;242;2492;Metalurgia de metais não ferosos e a fundição de metais;2441;244;C;242;Fabricación de productos primarios de metales preciosos y otros metales no ferrosos;Metalurgia dos metais não-ferrosos;3.3315;1973556050.1765
2015;Estados Unidos;2824;Fabricação de máquinas para mineração, exploração de pedreiras e construção;487432791;28;2800;Fabricação de máquinas e equipamentos mecânicos;2811;28;C;28;FABRICACIÓN DE MAQUINARIA Y EQUIPO N.C.P.;FABRICAÇÃO DE MÁQUINAS E EQUIPAMENTOS;3.3315;1623882343.2165
2015;Estados Unidos;1030;Processamento e conservação de frutas e legumes;464105316;103;1093;Outros produtos alimentares;1031;103;C;103;Elaboración y conservación de frutas, legumbres y hortalizas;Fabricação de conservas de frutas, legumes e outros vegetais;3.3315;1546166860.254
2015;Estados Unidos;2710;Fabricação de motores elétricos, geradores, transformadores e aparelhos de distribuição e controle de energia elétrica;462100396;27;2700;Fabricação de máquinas e equipamentos elétricos;2710;27;C;27;FABRICACIÓN DE EQUIPO ELÉCTRICO;FABRICAÇÃO DE MÁQUINAS, APARELHOS E MATERIAIS ELÉTRICOS;3.3315;1539487469.2740002
2015;Estados Unidos;1610;Serração e aplainamento de madeira;451580729;16;1500;Fabricação de calçados e de artefatos de couro;1510;15;C;16;"PRODUCCIÓN DE MADERA Y FABRICACIÓN DE PRODUCTOS DE MADERA Y CORCHO, EXCEPTO MUEBLES; FABRICACIÓN DE ARTÍCULOS DE PAJA Y DE MATERIALES TRENZABLES";PREPARAÇÃO DE COUROS E FABRICAÇÃO DE ARTEFATOS DE COURO, ARTIGOS PARA VIAGEM E CALÇADOS;3.3315;1504441198.6635
2015;Estados Unidos;1010;Processamento e conservação de carne;325569504;101;1091;Abate e produtos de carne, inclusive os produtos do laticínio e da pesca;1011;101;C;101;Elaboración y conservación de carne;Abate e fabricação de produtos de carne;3.3315;1084634802.576
2015;Estados Unidos;1511;Curtimento e vestuário de couro;249813411;15;1500;Fabricação de calçados e de artefatos de couro;1510;15;C;15;FABRICACIÓN DE PRODUCTOS DE CUERO Y PRODUCTOS CONEXOS;PREPARAÇÃO DE COUROS E FABRICAÇÃO DE ARTEFATOS DE COURO, ARTIGOS PARA VIAGEM E CALÇADOS;3.3315;832253378.7465
2015;Estados Unidos;1920;Fabricação de produtos petrolíferos refinados;243810792;192;1991;Refino de petróleo e coquerias;1921;192;C;192;Fabricación de productos de la refinación del petróleo;Fabricação de produtos derivados do petróleo;3.3315;812255653.548
2015;Estados Unidos;2211;"Fabricação de pneus e tubos; recauchutagem e reconstrução de pneus de borracha";230856969;22;1500;Fabricação de calçados e de artefatos de couro;1510;15;C;22;FABRICACIÓN DE PRODUCTOS DE CAUCHO Y PLÁSTICO;PREPARAÇÃO DE COUROS E FABRICAÇÃO DE ARTEFATOS DE COURO, ARTIGOS PARA VIAGEM E CALÇADOS;3.3315;769099992.2235
2015;Estados Unidos;2100;Fabricação de produtos farmacêuticos, produtos químicos medicinais e botânicos;222424345;21;2100;Fabricação de produtos farmoquímicos e farmacêuticos;2110;21;C;21;FABRICACIÓN DE PRODUCTOS FARMACÉUTICOS, SUSTANCIAS QUÍMICAS MEDICINALES Y PRODUCTOS BOTÁNICOS DE USO FARMACÉUTICO;FABRICAÇÃO DE PRODUTOS FARMOQUÍMICOS E FARMACÊUTICOS;3.3315;741006705.3675001
2015;Estados Unidos;1200;Fabricação de produtos de tabaco;219929731;12;1200;Fabricação de produtos do fumo;1210;12;C;12;ELABORACIÓN DE PRODUCTOS DE TABACO;FABRICAÇÃO DE PRODUTOS DO FUMO;3.3315;732695898.8265
2015;Estados Unidos;2013;Fabricação de plásticos e borracha sintética em formas primárias;215837437;201;1992;Fabricação de biocombustíveis;1931;193;C;201;Fabricación de sustancias químicas básicas, de abonos y compuestos de nitrógeno y de plásticos y caucho sintético en formas primarias;Fabricação de biocombustíveis;3.3315;719062421.3655
2015;Estados Unidos;2814;Fabricação de rolamentos, engrenagens, engrenagens e elementos de acionamento;213021088;28;2800;Fabricação de máquinas e equipamentos mecânicos;2811;28;C;28;FABRICACIÓN DE MAQUINARIA Y EQUIPO N.C.P.;FABRICAÇÃO DE MÁQUINAS E EQUIPAMENTOS;3.3315;709679754.672
2015;Estados Unidos;2813;Fabricação de outras bombas, compressores, torneiras e válvulas;209744012;28;2800;Fabricação de máquinas e equipamentos mecânicos;2811;28;C;28;FABRICACIÓN DE MAQUINARIA Y EQUIPO N.C.P.;FABRICAÇÃO DE MÁQUINAS E EQUIPAMENTOS;3.3315;698762175.978
2015;Estados Unidos;2029;Fabricação de outros produtos químicos n.c;194857040;202;2092;Fabricação de defensivos, desinfestantes, tintas e químicos diversos;2051;205;C;202;Fabricación de otros productos químicos;Fabricação de defensivos agrícolas e desinfestantes domissanitários;3.3315;649166228.76
2015;Estados Unidos;1520;Fabricação de calçado;194141868;15;1500;Fabricação de calçados e de artefatos de couro;1510;15;C;15;FABRICACIÓN DE PRODUCTOS DE CUERO Y PRODUCTOS CONEXOS;PREPARAÇÃO DE COUROS E FABRICAÇÃO DE ARTEFATOS DE COURO, ARTIGOS PARA VIAGEM E CALÇADOS;3.3315;646783633.242
2015;Estados Unidos;1622;Fabricação de carpintaria e marcenaria de construtores;189279528;16;1500;Fabricação de calçados e de artefatos de couro;1510;15;C;16;"PRODUCCIÓN DE MADERA Y FABRICACIÓN DE PRODUCTOS DE MADERA Y CORCHO, EXCEPTO MUEBLES; FABRICACIÓN DE ARTÍCULOS DE PAJA Y DE MATERIALES TRENZABLES";PREPARAÇÃO DE COUROS E FABRICAÇÃO DE ARTEFATOS DE COURO, ARTIGOS PARA VIAGEM E CALÇADOS;3.3315;630584747.5320001
2015;Estados Unidos;1079;Fabricação de outros produtos alimentícios n.c;164472801;107;1092;Fabricação e refino de açúcar;1071;107;C;107;Elaboración de otros productos alimenticios;Fabricação e refino de açúcar;3.3315;547941136.5315
2015;Estados Unidos;2599;Fabricação de outros produtos metálicos fabricados n.c;160344510;25;2500;Fabricação de produtos de metal, exceto máquinas e equipamentos;2511;25;C;25;FABRICACIÓN DE PRODUCTOS ELABORADOS DE METAL, EXCEPTO MAQUINARIA Y EQUIPO;FABRICAÇÃO DE PRODUTOS DE METAL, EXCETO MÁQUINAS E EQUIPAMENTOS;3.3315;534187735.065
2015;Estados Unidos;2520;Fabricação de armas e munições;143149008;25;2500;Fabricação de produtos de metal, exceto máquinas e equipamentos;2511;25;C;25;FABRICACIÓN DE PRODUCTOS ELABORADOS DE METAL, EXCEPTO MAQUINARIA Y EQUIPO;FABRICAÇÃO DE PRODUTOS DE METAL, EXCETO MÁQUINAS E EQUIPAMENTOS;3.3315;476900920.152
2015;Estados Unidos;0710;Extração de minério de ferro;142126490;071;0791;Extração de minério de ferro, inclusive beneficiamento e a aglomeração;0710;071;B;071;Extracción de minerales de hierro;Extração de minério de ferro;3.3315;473494401.435
2015;Estados Unidos;1621;Fabricação de folheados e painéis derivados de madeira;137347757;16;1500;Fabricação de calçados e de artefatos de couro;1510;15;C;16;"PRODUCCIÓN DE MADERA Y FABRICACIÓN DE PRODUCTOS DE MADERA Y CORCHO, EXCEPTO MUEBLES; FABRICACIÓN DE ARTÍCULOS DE PAJA Y DE MATERIALES TRENZABLES";PREPARAÇÃO DE COUROS E FABRICAÇÃO DE ARTEFATOS DE COURO, ARTIGOS PARA VIAGEM E CALÇADOS;3.3315;457574052.4455
2015;Estados Unidos;0729;Extração de outros minérios de metais não ferrosos;132126960;072;0792;Extração de minerais metálicos não ferrosos, inclusive beneficiamentos;0721;072;B;072;Extracción de minerales metalíferos no ferrosos;Extração de minerais metálicos não-ferrosos;3.3315;440180967.24
2015;Estados Unidos;1072;Fabricação de açúcar;129825773;107;1092;Fabricação e refino de açúcar;1071;107;C;107;Elaboración de otros productos alimenticios;Fabricação e refino de açúcar;3.3315;432514562.74950004
2015;Estados Unidos;3100;Fabricação de móveis;126394980;31;3180;Fabricação de móveis e de produtos de indústrias diversas;3101;31;C;31;FABRICACIÓN DE MUEBLES;FABRICAÇÃO DE MÓVEIS;3.3315;421084875.87
2015;Estados Unidos;0128;Cultivo de especiarias, culturas aromáticas, medicamentosas e farmacêuticas;125220437;012;0191;Agricultura, inclusive o apoio à agricultura e a pós-colheita;0111;011;A;012;Cultivo de plantas perennes;Produção de lavouras temporárias;3.3315;417171885.86550003
2015;Estados Unidos;1073;Fabricação de cacau, chocolate e produtos de confeitaria;118483558;107;1092;Fabricação e refino de açúcar;1071;107;C;107;Elaboración de otros productos alimenticios;Fabricação e refino de açúcar;3.3315;394727973.477
2015;Estados Unidos;2651;Fabricação de equipamentos de medição, teste, navegação e controle;111373049;26;2600;Fabricação de equipamentos de informática, produtos eletrônicos e ópticos;2610;26;C;26;FABRICACIÓN DE PRODUCTOS DE INFORMÁTICA, DE ELECTRÓNICA Y DE ÓPTICA;FABRICAÇÃO DE EQUIPAMENTOS DE INFORMÁTICA, PRODUTOS ELETRÔNICOS E ÓPTICOS;3.3315;371039312.7435
2015;Estados Unidos;2593;Fabricação de cutelaria, ferramentas manuais e ferragens em geral;97072862;25;2500;Fabricação de produtos de metal, exceto máquinas e equipamentos;2511;25;C;25;FABRICACIÓN DE PRODUCTOS ELABORADOS DE METAL, EXCEPTO MAQUINARIA Y EQUIPO;FABRICAÇÃO DE PRODUTOS DE METAL, EXCETO MÁQUINAS E EQUIPAMENTOS;3.3315;323398239.753
2015;Estados Unidos;2220;Fabricação de produtos plásticos;91026246;22;1500;Fabricação de calçados e de artefatos de couro;1510;15;C;22;FABRICACIÓN DE PRODUCTOS DE CAUCHO Y PLÁSTICO;PREPARAÇÃO DE COUROS E FABRICAÇÃO DE ARTEFATOS DE COURO, ARTIGOS PARA VIAGEM E CALÇADOS;3.3315;303253938.549
2015;Estados Unidos;3211;Fabricação de joalharia e artigos afins;81405022;32;3180;Fabricação de móveis e de produtos de indústrias diversas;3211;32;C;32;OTRAS INDUSTRIAS MANUFACTURERAS;FABRICAÇÃO DE PRODUTOS DIVERSOS;3.3315;271200830.793
2015;Estados Unidos;1020;Processamento e conservação de peixes, crustáceos e moluscos;76983734;102;1091;Abate e produtos de carne, inclusive os produtos do laticínio e da pesca;1020;102;C;102;Elaboración y conservación de pescado, crustáceos y moluscos;Preservação do pescado e fabricação de produtos do pescado;3.3315;256471309.821
2015;Estados Unidos;2399;Fabricação de outros produtos minerais não metálicos n.c;69710512;23;2300;Fabricação de produtos de minerais não metálicos;2311;23;C;23;FABRICACIÓN DE OTROS PRODUCTOS MINERALES NO METÁLICOS;FABRICAÇÃO DE PRODUTOS DE MINERAIS NÃO-METÁLICOS;3.3315;232240570.72800002
2015;Estados Unidos;1629;"Fabricação de outros produtos de madeira; fabricação de artigos de cortiça, de espartaria e cestaria";66648661;16;1500;Fabricação de calçados e de artefatos de couro;1510;15;C;16;"PRODUCCIÓN DE MADERA Y FABRICACIÓN DE PRODUCTOS DE MADERA Y CORCHO, EXCEPTO MUEBLES; FABRICACIÓN DE ARTÍCULOS DE PAJA Y DE MATERIALES TRENZABLES";PREPARAÇÃO DE COUROS E FABRICAÇÃO DE ARTEFATOS DE COURO, ARTIGOS PARA VIAGEM E CALÇADOS;3.3315;222040014.12150002
2015;Estados Unidos;2819;Fabricação de outras máquinas para uso geral;65726573;28;2800;Fabricação de máquinas e equipamentos mecânicos;2811;28;C;28;FABRICACIÓN DE MAQUINARIA Y EQUIPO N.C.P.;FABRICAÇÃO DE MÁQUINAS E EQUIPAMENTOS;3.3315;218968077.9495
2015;Estados Unidos;0125;Cultivo de outras frutas e nozes;64791663;012;0191;Agricultura, inclusive o apoio à agricultura e a pós-colheita;0111;011;A;012;Cultivo de plantas perennes;Produção de lavouras temporárias;3.3315;215853425.2845
2015;Estados Unidos;0149;Criação de outros animais;57433555;014;0192;Pecuária, inclusive o apoio à pecuária;0151;015;A;014;Ganadería;Pecuária;3.3315;191339888.48250002
2015;Estados Unidos;2620;Fabricação de computadores e equipamentos periféricos;57301585;26;2600;Fabricação de equipamentos de informática, produtos eletrônicos e ópticos;2610;26;C;26;FABRICACIÓN DE PRODUCTOS DE INFORMÁTICA, DE ELECTRÓNICA Y DE ÓPTICA;FABRICAÇÃO DE EQUIPAMENTOS DE INFORMÁTICA, PRODUTOS ELETRÔNICOS E ÓPTICOS;3.3315;190900230.4275
2015;Estados Unidos;2630;Fabricação de equipamentos de comunicação;55964173;26;2600;Fabricação de equipamentos de informática, produtos eletrônicos e ópticos;2610;26;C;26;FABRICACIÓN DE PRODUCTOS DE INFORMÁTICA, DE ELECTRÓNICA Y DE ÓPTICA;FABRICAÇÃO DE EQUIPAMENTOS DE INFORMÁTICA, PRODUTOS ELETRÔNICOS E ÓPTICOS;3.3315;186444642.3495
2015;Estados Unidos;3250;Fabricação de instrumentos e suprimentos médicos e odontológicos;55802386;32;3180;Fabricação de móveis e de produtos de indústrias diversas;3211;32;C;32;OTRAS INDUSTRIAS MANUFACTURERAS;FABRICAÇÃO DE PRODUTOS DIVERSOS;3.3315;185905648.95900002
2015;Estados Unidos;9000;Atividades criativas, artes e entretenimento;54977587;90;9080;Atividades artísticas, criativas e de espetáculos;9001;90;R;90;ACTIVIDADES CREATIVAS, ARTÍSTICAS Y DE ENTRETENIMIENTO;ATIVIDADES ARTÍSTICAS, CRIATIVAS E DE ESPETÁCULOS;3.3315;183157831.0905
2015;Estados Unidos;0899;Outras atividades de mineração n.c;51649927;08;0580;Extração de carvão mineral e de minerais não metálicos;0810;08;B;08;EXPLOTACIÓN DE OTRAS MINAS Y CANTERAS;EXTRAÇÃO DE MINERAIS NÃO-METÁLICOS;3.3315;172071731.8005
2015;Estados Unidos;2219;Fabricação de outros produtos de borracha;51540482;22;1500;Fabricação de calçados e de artefatos de couro;1510;15;C;22;FABRICACIÓN DE PRODUCTOS DE CAUCHO Y PLÁSTICO;PREPARAÇÃO DE COUROS E FABRICAÇÃO DE ARTEFATOS DE COURO, ARTIGOS PARA VIAGEM E CALÇADOS;3.3315;171707115.783
2015;Estados Unidos;1040;Fabricação de óleos e gorduras vegetais e animais;51085193;104;1093;Outros produtos alimentares;1041;104;C;104;Elaboración de aceites y grasas de origen vegetal y animal;Fabricação de óleos e gorduras vegetais e animais;3.3315;170190320.4795
2015;Estados Unidos;3290;Outras manufaturas n.c.;50075732;32;3180;Fabricação de móveis e de produtos de indústrias diversas;3211;32;C;32;OTRAS INDUSTRIAS MANUFACTURERAS;FABRICAÇÃO DE PRODUTOS DIVERSOS;3.3315;166827301.158
2015;Estados Unidos;2790;Fabricação de outro equipamento elétrico;49331881;27;2700;Fabricação de máquinas e equipamentos elétricos;2710;27;C;27;FABRICACIÓN DE EQUIPO ELÉCTRICO;FABRICAÇÃO DE MÁQUINAS, APARELHOS E MATERIAIS ELÉTRICOS;3.3315;164349161.5515
2015;Estados Unidos;2392;Fabricação de materiais de construção de argila;45750248;23;2300;Fabricação de produtos de minerais não metálicos;2311;23;C;23;FABRICACIÓN DE OTROS PRODUCTOS MINERALES NO METÁLICOS;FABRICAÇÃO DE PRODUTOS DE MINERAIS NÃO-METÁLICOS;3.3315;152416951.212
2015;Estados Unidos;1394;Fabricação de cordéis, cordas, cordéis e redes;44512206;13;1300;Fabricação de produtos têxteis;1311;13;C;13;FABRICACIÓN DE PRODUCTOS TEXTILES;FABRICAÇÃO DE PRODUTOS TÊXTEIS;3.3315;148292414.289
2015;Estados Unidos;0113;Cultivo de hortaliças e melões, raízes e tubérculos;43946749;011;0191;Agricultura, inclusive o apoio à agricultura e a pós-colheita;0111;011;A;011;Cultivo de plantas no perenes;Produção de lavouras temporárias;3.3315;146408594.2935
2015;Estados Unidos;2640;Fabricação de produtos eletrônicos de consumo;43871568;26;2600;Fabricação de equipamentos de informática, produtos eletrônicos e ópticos;2610;26;C;26;FABRICACIÓN DE PRODUCTOS DE INFORMÁTICA, DE ELECTRÓNICA Y DE ÓPTICA;FABRICAÇÃO DE EQUIPAMENTOS DE INFORMÁTICA, PRODUTOS ELETRÔNICOS E ÓPTICOS;3.3315;146158128.792
2015;Estados Unidos;0111;Cultivo de cereais (exceto arroz), leguminosas e oleaginosas;42762330;011;0191;Agricultura, inclusive o apoio à agricultura e a pós-colheita;0111;011;A;011;Cultivo de plantas no perenes;Produção de lavouras temporárias;3.3315;142462702.395
2015;Estados Unidos;2512;Fabricação de tanques, reservatórios e recipientes de metal;37359546;25;2500;Fabricação de produtos de metal, exceto máquinas e equipamentos;2511;25;C;25;FABRICACIÓN DE PRODUCTOS ELABORADOS DE METAL, EXCEPTO MAQUINARIA Y EQUIPO;FABRICAÇÃO DE PRODUTOS DE METAL, EXCETO MÁQUINAS E EQUIPAMENTOS;3.3315;124463327.499
2015;Estados Unidos;2391;Fabricação de produtos refratários;36527962;23;2300;Fabricação de produtos de minerais não metálicos;2311;23;C;23;FABRICACIÓN DE OTROS PRODUCTOS MINERALES NO METÁLICOS;FABRICAÇÃO DE PRODUTOS DE MINERAIS NÃO-METÁLICOS;3.3315;121692905.40300001
2015;Estados Unidos;0810;Extração de pedra, areia e argila;35970774;08;0580;Extração de carvão mineral e de minerais não metálicos;0810;08;B;08;EXPLOTACIÓN DE OTRAS MINAS Y CANTERAS;EXTRAÇÃO DE MINERAIS NÃO-METÁLICOS;3.3315;119836633.581
2015;Estados Unidos;1709;Fabricação de outros artigos de papel e cartão;32538691;17;1700;Fabricação de celulose, papel e produtos de papel;1710;17;C;17;FABRICACIÓN DE PAPEL Y DE PRODUCTOS DE PAPEL;FABRICAÇÃO DE CELULOSE, PAPEL E PRODUTOS DE PAPEL;3.3315;108402649.06650001
2015;Estados Unidos;1399;Fabricação de outros têxteis n.e.c.;30856604;13;1300;Fabricação de produtos têxteis;1311;13;C;13;FABRICACIÓN DE PRODUCTOS TEXTILES;FABRICAÇÃO DE PRODUTOS TÊXTEIS;3.3315;102798776.22600001
2015;Estados Unidos;2821;Fabricação de maquinaria agrícola e florestal;30268656;28;2800;Fabricação de máquinas e equipamentos mecânicos;2811;28;C;28;FABRICACIÓN DE MAQUINARIA Y EQUIPO N.C.P.;FABRICAÇÃO DE MÁQUINAS E EQUIPAMENTOS;3.3315;100840027.464
2015;Estados Unidos;2822;Fabricação de máquinas e máquinas-ferramentas para moldagem de metais;29582751;28;2800;Fabricação de máquinas e equipamentos mecânicos;2811;28;C;28;FABRICACIÓN DE MAQUINARIA Y EQUIPO N.C.P.;FABRICAÇÃO DE MÁQUINAS E EQUIPAMENTOS;3.3315;98554934.95650001
2015;Estados Unidos;2610;Fabricação de componentes eletrônicos e placas;27470847;26;2600;Fabricação de equipamentos de informática, produtos eletrônicos e ópticos;2610;26;C;26;FABRICACIÓN DE PRODUCTOS DE INFORMÁTICA, DE ELECTRÓNICA Y DE ÓPTICA;FABRICAÇÃO DE EQUIPAMENTOS DE INFORMÁTICA, PRODUTOS ELETRÔNICOS E ÓPTICOS;3.3315;91519126.78050001
2015;Estados Unidos;1071;Fabricação de produtos de panificação;25566847;107;1092;Fabricação e refino de açúcar;1071;107;C;107;Elaboración de otros productos alimenticios;Fabricação e refino de açúcar;3.3315;85175950.78050001
2015;Estados Unidos;0311;Pesca marinha;25247253;03;0280;"Produção florestal; pesca e aquicultura";0311;03;A;03;PESCA Y ACUICULTURA;PESCA E AQÜICULTURA;3.3315;84111223.3695
2015;Estados Unidos;2829;Fabricação de outras máquinas para fins especiais;24165177;28;2800;Fabricação de máquinas e equipamentos mecânicos;2811;28;C;28;FABRICACIÓN DE MAQUINARIA Y EQUIPO N.C.P.;FABRICAÇÃO DE MÁQUINAS E EQUIPAMENTOS;3.3315;80506287.1755
2015;Estados Unidos;2823;Fabricação de máquinas para metalurgia;23023759;28;2800;Fabricação de máquinas e equipamentos mecânicos;2811;28;C;28;FABRICACIÓN DE MAQUINARIA Y EQUIPO N.C.P.;FABRICAÇÃO DE MÁQUINAS E EQUIPAMENTOS;3.3315;76703653.1085
2015;Estados Unidos;2910;Fabricação de veículos automotores;22743411;291;2991;Fabricação de automóveis, caminhões e ônibus, exceto peças;2910;291;C;291;Fabricación de vehículos automotores;Fabricação de automóveis, camionetas e utilitários;3.3315;75769673.7465
2015;Estados Unidos;2310;Fabricação de produtos de vidro e vidro;22678872;23;2300;Fabricação de produtos de minerais não metálicos;2311;23;C;23;FABRICACIÓN DE OTROS PRODUCTOS MINERALES NO METÁLICOS;FABRICAÇÃO DE PRODUTOS DE MINERAIS NÃO-METÁLICOS;3.3315;75554662.068
2015;Estados Unidos;2732;Fabricação de outros fios e cabos elétricos e eletrônicos;22510204;27;2700;Fabricação de máquinas e equipamentos elétricos;2710;27;C;27;FABRICACIÓN DE EQUIPO ELÉCTRICO;FABRICAÇÃO DE MÁQUINAS, APARELHOS E MATERIAIS ELÉTRICOS;3.3315;74992744.626
2015;Estados Unidos;2812;Fabricação de equipamentos para energia hidráulica;22328692;28;2800;Fabricação de máquinas e equipamentos mecânicos;2811;28;C;28;FABRICACIÓN DE MAQUINARIA Y EQUIPO N.C.P.;FABRICAÇÃO DE MÁQUINAS E EQUIPAMENTOS;3.3315;74388037.398
2015;Estados Unidos;1512;Fabricação de malas, bolsas e semelhantes, selaria e arreios;21282969;15;1500;Fabricação de calçados e de artefatos de couro;1510;15;C;15;FABRICACIÓN DE PRODUCTOS DE CUERO Y PRODUCTOS CONEXOS;PREPARAÇÃO DE COUROS E FABRICAÇÃO DE ARTEFATOS DE COURO, ARTIGOS PARA VIAGEM E CALÇADOS;3.3315;70904211.2235
2015;Estados Unidos;3020;Fabricação de locomotivas e material circulante;21230378;30;3000;Fabricação de outros equipamentos de transporte, exceto veículos automotores;3011;30;C;30;FABRICACIÓN DE OTRO  EQUIPO DE TRANSPORTE;FABRICAÇÃO DE OUTROS EQUIPAMENTOS DE TRANSPORTE, EXCETO VEÍCULOS AUTOMOTORES;3.3315;70729004.307
2015;Estados Unidos;2660;Fabricação de equipamentos de irradiação, eletromédicos e eletroterapêuticos;20034133;26;2600;Fabricação de equipamentos de informática, produtos eletrônicos e ópticos;2610;26;C;26;FABRICACIÓN DE PRODUCTOS DE INFORMÁTICA, DE ELECTRÓNICA Y DE ÓPTICA;FABRICAÇÃO DE EQUIPAMENTOS DE INFORMÁTICA, PRODUTOS ELETRÔNICOS E ÓPTICOS;3.3315;66743714.0895
2015;Estados Unidos;2811;Fabricação de motores e turbinas, exceto aeronaves, veículos e motores de ciclo;19835826;28;2800;Fabricação de máquinas e equipamentos mecânicos;2811;28;C;28;FABRICACIÓN DE MAQUINARIA Y EQUIPO N.C.P.;FABRICAÇÃO DE MÁQUINAS E EQUIPAMENTOS;3.3315;66083054.319000006
2015;Estados Unidos;1410;Fabricação de vestuário, exceto vestuários de peles;17986176;14;1400;Confecção de artefatos do vestuário e acessórios;1411;14;C;14;FABRICACIÓN DE PRENDAS DE VESTIR;CONFECÇÃO DE ARTIGOS DO VESTUÁRIO E ACESSÓRIOS;3.3315;59920945.344000004
2015;Estados Unidos;3091;Fabricação de motocicletas;16212668;30;3000;Fabricação de outros equipamentos de transporte, exceto veículos automotores;3011;30;C;30;FABRICACIÓN DE OTRO  EQUIPO DE TRANSPORTE;FABRICAÇÃO DE OUTROS EQUIPAMENTOS DE TRANSPORTE, EXCETO VEÍCULOS AUTOMOTORES;3.3315;54012503.442
2015;Estados Unidos;0893;Extração de sal;14918916;08;0580;Extração de carvão mineral e de minerais não metálicos;0810;08;B;08;EXPLOTACIÓN DE OTRAS MINAS Y CANTERAS;EXTRAÇÃO DE MINERAIS NÃO-METÁLICOS;3.3315;49702368.654
2015;Estados Unidos;1061;Fabricação de produtos de moagem de grãos;14622791;106;1093;Outros produtos alimentares;1061;106;C;106;Elaboración de productos de molinería, almidones y productos derivados del almidón;Moagem, fabricação de produtos amiláceos e de alimentos para animais;3.3315;48715828.2165
2015;Estados Unidos;1311;Preparação e fiação de fibras têxteis;12411412;13;1300;Fabricação de produtos têxteis;1311;13;C;13;FABRICACIÓN DE PRODUCTOS TEXTILES;FABRICAÇÃO DE PRODUTOS TÊXTEIS;3.3315;41348619.078
2015;Estados Unidos;2021;Fabricação de pesticidas e outros produtos agroquímicos;11173188;202;2092;Fabricação de defensivos, desinfestantes, tintas e químicos diversos;2051;205;C;202;Fabricación de otros productos químicos;Fabricação de defensivos agrícolas e desinfestantes domissanitários;3.3315;37223475.822000004
2015;Estados Unidos;2825;Fabricação de máquinas para processamento de alimentos, bebidas e tabaco;11123634;28;2800;Fabricação de máquinas e equipamentos mecânicos;2811;28;C;28;FABRICACIÓN DE MAQUINARIA Y EQUIPO N.C.P.;FABRICAÇÃO DE MÁQUINAS E EQUIPAMENTOS;3.3315;37058386.671000004
2015;Estados Unidos;1702;Fabricação de papel e cartão canelados e de embalagens de papel e cartão;10052854;17;1700;Fabricação de celulose, papel e produtos de papel;1710;17;C;17;FABRICACIÓN DE PAPEL Y DE PRODUCTOS DE PAPEL;FABRICAÇÃO DE CELULOSE, PAPEL E PRODUTOS DE PAPEL;3.3315;33491083.101
2015;Estados Unidos;2023;Fabricação de sabão e detergentes, produtos de limpeza e polimento, perfumes e produtos de toilette;9488593;202;2092;Fabricação de defensivos, desinfestantes, tintas e químicos diversos;2051;205;C;202;Fabricación de otros productos químicos;Fabricação de defensivos agrícolas e desinfestantes domissanitários;3.3315;31611247.5795
2015;Estados Unidos;2815;Fabricação de fornos, fornos e queimadores de fornos;8858077;28;2800;Fabricação de máquinas e equipamentos mecânicos;2811;28;C;28;FABRICACIÓN DE MAQUINARIA Y EQUIPO N.C.P.;FABRICAÇÃO DE MÁQUINAS E EQUIPAMENTOS;3.3315;29510683.5255
2015;Estados Unidos;2826;Fabricação de máquinas para produção de têxteis, vestuário e couro;8470131;28;2800;Fabricação de máquinas e equipamentos mecânicos;2811;28;C;28;FABRICACIÓN DE MAQUINARIA Y EQUIPO N.C.P.;FABRICAÇÃO DE MÁQUINAS E EQUIPAMENTOS;3.3315;28218241.4265
2015;Estados Unidos;2431;Fundição de ferro e aço;7859898;243;2492;Metalurgia de metais não ferosos e a fundição de metais;2451;245;C;243;Fundición de metales;Fundição;3.3315;26185250.187000003
2015;Estados Unidos;5819;Outras atividades de publicação;7730909;58;5800;Edição e edição integrada à impressão;5811;58;J;58;ACTIVIDADES DE EDICIÓN;EDIÇÃO E EDIÇÃO INTEGRADA À IMPRESSÃO;3.3315;25755523.3335
2015;Estados Unidos;1392;Fabricação de artigos têxteis confeccionados, exceto vestuário;6892325;13;1300;Fabricação de produtos têxteis;1311;13;C;13;FABRICACIÓN DE PRODUCTOS TEXTILES;FABRICAÇÃO DE PRODUTOS TÊXTEIS;3.3315;22961780.7375
2015;Estados Unidos;1062;Fabricação de amidos e féculas;6815360;106;1093;Outros produtos alimentares;1061;106;C;106;Elaboración de productos de molinería, almidones y productos derivados del almidón;Moagem, fabricação de produtos amiláceos e de alimentos para animais;3.3315;22705371.84
2015;Estados Unidos;3012;Construção de barcos de recreio e desportivos;6635558;30;3000;Fabricação de outros equipamentos de transporte, exceto veículos automotores;3011;30;C;30;FABRICACIÓN DE OTRO  EQUIPO DE TRANSPORTE;FABRICAÇÃO DE OUTROS EQUIPAMENTOS DE TRANSPORTE, EXCETO VEÍCULOS AUTOMOTORES;3.3315;22106361.477
2015;Estados Unidos;2816;Fabricação de equipamentos de elevação e manuseio;6631875;28;2800;Fabricação de máquinas e equipamentos mecânicos;2811;28;C;28;FABRICACIÓN DE MAQUINARIA Y EQUIPO N.C.P.;FABRICAÇÃO DE MÁQUINAS E EQUIPAMENTOS;3.3315;22094091.5625
2015;Estados Unidos;2920;"Fabricação de carroçarias para veículos automotores; fabricação de reboques e semi-reboques";6357488;292;2991;Fabricação de automóveis, caminhões e ônibus, exceto peças;2930;293;C;292;"Fabricación de carrocerías para vehículos automotores; fabricación de remolques y semirremolques";Fabricação de cabines, carrocerias e reboques para veículos automotores;3.3315;21179971.272
2015;Estados Unidos;3011;Construção de navios e estruturas flutuantes;6302628;30;3000;Fabricação de outros equipamentos de transporte, exceto veículos automotores;3011;30;C;30;FABRICACIÓN DE OTRO  EQUIPO DE TRANSPORTE;FABRICAÇÃO DE OUTROS EQUIPAMENTOS DE TRANSPORTE, EXCETO VEÍCULOS AUTOMOTORES;3.3315;20997205.182
2015;Estados Unidos;1623;Fabricação de embalagens de madeira;6081395;16;1500;Fabricação de calçados e de artefatos de couro;1510;15;C;16;"PRODUCCIÓN DE MADERA Y FABRICACIÓN DE PRODUCTOS DE MADERA Y CORCHO, EXCEPTO MUEBLES; FABRICACIÓN DE ARTÍCULOS DE PAJA Y DE MATERIALES TRENZABLES";PREPARAÇÃO DE COUROS E FABRICAÇÃO DE ARTEFATOS DE COURO, ARTIGOS PARA VIAGEM E CALÇADOS;3.3315;20260167.4425
2015;Estados Unidos;1312;Tecelagem de têxteis;5885941;13;1300;Fabricação de produtos têxteis;1311;13;C;13;FABRICACIÓN DE PRODUCTOS TEXTILES;FABRICAÇÃO DE PRODUTOS TÊXTEIS;3.3315;19609012.4415
2015;Estados Unidos;2022;Fabricação de tintas, vernizes e produtos similares, tintas de impressão e mástiques;5881735;202;2092;Fabricação de defensivos, desinfestantes, tintas e químicos diversos;2051;205;C;202;Fabricación de otros productos químicos;Fabricação de defensivos agrícolas e desinfestantes domissanitários;3.3315;19595000.1525
2015;Estados Unidos;2720;Fabricação de baterias e acumuladores;5521574;27;2700;Fabricação de máquinas e equipamentos elétricos;2710;27;C;27;FABRICACIÓN DE EQUIPO ELÉCTRICO;FABRICAÇÃO DE MÁQUINAS, APARELHOS E MATERIAIS ELÉTRICOS;3.3315;18395123.781
2015;Estados Unidos;1080;Fabricação de alimentos para animais;5510638;108;1093;Outros produtos alimentares;1061;106;C;108;Elaboración de piensos preparados para animales;Moagem, fabricação de produtos amiláceos e de alimentos para animais;3.3315;18358690.497
2015;Estados Unidos;3212;Fabricação de bijuterias e artigos relacionados;5469330;32;3180;Fabricação de móveis e de produtos de indústrias diversas;3211;32;C;32;OTRAS INDUSTRIAS MANUFACTURERAS;FABRICAÇÃO DE PRODUTOS DIVERSOS;3.3315;18221072.895
2015;Estados Unidos;2818;Fabricação de ferramentas manuais acionadas por motor;5345466;28;2800;Fabricação de máquinas e equipamentos mecânicos;2811;28;C;28;FABRICACIÓN DE MAQUINARIA Y EQUIPO N.C.P.;FABRICAÇÃO DE MÁQUINAS E EQUIPAMENTOS;3.3315;17808419.979000002
2015;Estados Unidos;2012;Fabricação de fertilizantes e compostos nitrogenados;4907622;201;1992;Fabricação de biocombustíveis;1931;193;C;201;Fabricación de sustancias químicas básicas, de abonos y compuestos de nitrógeno y de plásticos y caucho sintético en formas primarias;Fabricação de biocombustíveis;3.3315;16349742.693
2015;Estados Unidos;1104;"Fabricação de refrigerantes; produção de águas minerais e outras águas engarrafadas";4047944;11;1100;Fabricação de bebidas;1111;11;C;11;ELABORACIÓN DE BEBIDAS;FABRICAÇÃO DE BEBIDAS;3.3315;13485725.436
2015;Estados Unidos;0116;Cultivo de culturas de fibra;3788634;011;0191;Agricultura, inclusive o apoio à agricultura e a pós-colheita;0111;011;A;011;Cultivo de plantas no perenes;Produção de lavouras temporárias;3.3315;12621834.171
2015;Estados Unidos;2393;Fabricação de outros produtos de porcelana e cerâmica;3698523;23;2300;Fabricação de produtos de minerais não metálicos;2311;23;C;23;FABRICACIÓN DE OTROS PRODUCTOS MINERALES NO METÁLICOS;FABRICAÇÃO DE PRODUTOS DE MINERAIS NÃO-METÁLICOS;3.3315;12321629.3745
2015;Estados Unidos;1391;Fabricação de tecidos de malha;3592421;13;1300;Fabricação de produtos têxteis;1311;13;C;13;FABRICACIÓN DE PRODUCTOS TEXTILES;FABRICAÇÃO DE PRODUTOS TÊXTEIS;3.3315;11968150.5615
2015;Estados Unidos;0130;Cultivo de plantas;3495880;013;0191;Agricultura, inclusive o apoio à agricultura e a pós-colheita;0141;014;A;013;Propagación de plantas;Produção de sementes e mudas certificadas;3.3315;11646524.22
2015;Estados Unidos;2740;Fabricação de equipamentos de iluminação elétrica;3368965;27;2700;Fabricação de máquinas e equipamentos elétricos;2710;27;C;27;FABRICACIÓN DE EQUIPO ELÉCTRICO;FABRICAÇÃO DE MÁQUINAS, APARELHOS E MATERIAIS ELÉTRICOS;3.3315;11223706.8975
2015;Estados Unidos;3099;Fabricação de outros equipamentos de transporte n.c;3215858;30;3000;Fabricação de outros equipamentos de transporte, exceto veículos automotores;3011;30;C;30;FABRICACIÓN DE OTRO  EQUIPO DE TRANSPORTE;FABRICAÇÃO DE OUTROS EQUIPAMENTOS DE TRANSPORTE, EXCETO VEÍCULOS AUTOMOTORES;3.3315;10713630.927000001
2015;Estados Unidos;2817;Fabricação de máquinas e equipamentos de escritório (exceto computadores e equipamentos periféricos);2721806;28;2800;Fabricação de máquinas e equipamentos mecânicos;2811;28;C;28;FABRICACIÓN DE MAQUINARIA Y EQUIPO N.C.P.;FABRICAÇÃO DE MÁQUINAS E EQUIPAMENTOS;3.3315;9067696.689000001
2015;Estados Unidos;2750;Fabricação de eletrodomésticos;2495370;27;2700;Fabricação de máquinas e equipamentos elétricos;2710;27;C;27;FABRICACIÓN DE EQUIPO ELÉCTRICO;FABRICAÇÃO DE MÁQUINAS, APARELHOS E MATERIAIS ELÉTRICOS;3.3315;8313325.155
2015;Estados Unidos;1430;Fabricação de vestuário de malha;2306554;14;1400;Confecção de artefatos do vestuário e acessórios;1411;14;C;14;FABRICACIÓN DE PRENDAS DE VESTIR;CONFECÇÃO DE ARTIGOS DO VESTUÁRIO E ACESSÓRIOS;3.3315;7684284.651000001
2015;Estados Unidos;1074;Fabricação de macarrão, talharim, cuscuz e produtos farináceos semelhantes;2257405;107;1092;Fabricação e refino de açúcar;1071;107;C;107;Elaboración de otros productos alimenticios;Fabricação e refino de açúcar;3.3315;7520544.7575
2015;Estados Unidos;0142;Criação de cavalos e outros equinos;2244878;014;0192;Pecuária, inclusive o apoio à pecuária;0151;015;A;014;Ganadería;Pecuária;3.3315;7478811.057
2015;Estados Unidos;5811;Publicação de livros;2195280;58;5800;Edição e edição integrada à impressão;5811;58;J;58;ACTIVIDADES DE EDICIÓN;EDIÇÃO E EDIÇÃO INTEGRADA À IMPRESSÃO;3.3315;7313575.32
2015;Estados Unidos;1101;Fabricação de aguardentes e outras bebidas destiladas;2011432;11;1100;Fabricação de bebidas;1111;11;C;11;ELABORACIÓN DE BEBIDAS;FABRICAÇÃO DE BEBIDAS;3.3315;6701085.708000001
2015;Estados Unidos;1420;Fabricação de artigos de peles;1929089;14;1400;Confecção de artefatos do vestuário e acessórios;1411;14;C;14;FABRICACIÓN DE PRENDAS DE VESTIR;CONFECÇÃO DE ARTIGOS DO VESTUÁRIO E ACESSÓRIOS;3.3315;6426760.003500001
2015;Estados Unidos;1050;Fabricação de produtos lácteos;1767199;105;1091;Abate e produtos de carne, inclusive os produtos do laticínio e da pesca;1051;105;C;105;Elaboración de productos lácteos;Laticínios;3.3315;5887423.4685
2015;Estados Unidos;0121;Cultivo de uvas;1643930;012;0191;Agricultura, inclusive o apoio à agricultura e a pós-colheita;0111;011;A;012;Cultivo de plantas perennes;Produção de lavouras temporárias;3.3315;5476752.795
2015;Estados Unidos;2680;Fabricação de mídia magnética e óptica;1528218;26;2600;Fabricação de equipamentos de informática, produtos eletrônicos e ópticos;2610;26;C;26;FABRICACIÓN DE PRODUCTOS DE INFORMÁTICA, DE ELECTRÓNICA Y DE ÓPTICA;FABRICAÇÃO DE EQUIPAMENTOS DE INFORMÁTICA, PRODUTOS ELETRÔNICOS E ÓPTICOS;3.3315;5091258.267
2015;Estados Unidos;3220;Fabricação de instrumentos musicais;1484600;32;3180;Fabricação de móveis e de produtos de indústrias diversas;3211;32;C;32;OTRAS INDUSTRIAS MANUFACTURERAS;FABRICAÇÃO DE PRODUTOS DIVERSOS;3.3315;4945944.9
2015;Estados Unidos;0115;Cultivo de tabaco;1168555;011;0191;Agricultura, inclusive o apoio à agricultura e a pós-colheita;0111;011;A;011;Cultivo de plantas no perenes;Produção de lavouras temporárias;3.3315;3893040.9825
2015;Estados Unidos;2670;Fabricação de instrumentos ópticos e equipamento fotográfico;1039920;26;2600;Fabricação de equipamentos de informática, produtos eletrônicos e ópticos;2610;26;C;26;FABRICACIÓN DE PRODUCTOS DE INFORMÁTICA, DE ELECTRÓNICA Y DE ÓPTICA;FABRICAÇÃO DE EQUIPAMENTOS DE INFORMÁTICA, PRODUTOS ELETRÔNICOS E ÓPTICOS;3.3315;3464493.48
2015;Estados Unidos;3240;Fabricação de jogos e brinquedos;902346;32;3180;Fabricação de móveis e de produtos de indústrias diversas;3211;32;C;32;OTRAS INDUSTRIAS MANUFACTURERAS;FABRICAÇÃO DE PRODUTOS DIVERSOS;3.3315;3006165.699
2015;Estados Unidos;2731;Fabricação de cabos de fibra ótica;838584;27;2700;Fabricação de máquinas e equipamentos elétricos;2710;27;C;27;FABRICACIÓN DE EQUIPO ELÉCTRICO;FABRICAÇÃO DE MÁQUINAS, APARELHOS E MATERIAIS ELÉTRICOS;3.3315;2793742.596
2015;Estados Unidos;1102;Fabricação de vinhos;815368;11;1100;Fabricação de bebidas;1111;11;C;11;ELABORACIÓN DE BEBIDAS;FABRICAÇÃO DE BEBIDAS;3.3315;2716398.492
2015;Estados Unidos;0230;Coleta de produtos florestais não madeireiros;764702;02;0280;"Produção florestal; pesca e aquicultura";0210;02;A;02;SILVICULTURA Y EXTRACCIÓN DE MADERA;PRODUÇÃO FLORESTAL;3.3315;2547604.713
2015;Estados Unidos;2513;Fabricação de geradores de vapor, exceto caldeiras de aquecimento central de água quente;671025;25;2500;Fabricação de produtos de metal, exceto máquinas e equipamentos;2511;25;C;25;FABRICACIÓN DE PRODUCTOS ELABORADOS DE METAL, EXCEPTO MAQUINARIA Y EQUIPO;FABRICAÇÃO DE PRODUTOS DE METAL, EXCETO MÁQUINAS E EQUIPAMENTOS;3.3315;2235519.7875
2015;Estados Unidos;2652;Fabricação de cronomêtros e relógios;606122;26;2600;Fabricação de equipamentos de informática, produtos eletrônicos e ópticos;2610;26;C;26;FABRICACIÓN DE PRODUCTOS DE INFORMÁTICA, DE ELECTRÓNICA Y DE ÓPTICA;FABRICAÇÃO DE EQUIPAMENTOS DE INFORMÁTICA, PRODUTOS ELETRÔNICOS E ÓPTICOS;3.3315;2019295.443
2015;Estados Unidos;3230;Fabricação de artigos esportivos;591902;32;3180;Fabricação de móveis e de produtos de indústrias diversas;3211;32;C;32;OTRAS INDUSTRIAS MANUFACTURERAS;FABRICAÇÃO DE PRODUTOS DIVERSOS;3.3315;1971921.513
2015;Estados Unidos;0220;Exploração madeireira;589526;02;0280;"Produção florestal; pesca e aquicultura";0210;02;A;02;SILVICULTURA Y EXTRACCIÓN DE MADERA;PRODUÇÃO FLORESTAL;3.3315;1964005.8690000002
2015;Estados Unidos;9102;Atividades de museus e operação de locais históricos e edifícios;550749;91;9080;Atividades artísticas, criativas e de espetáculos;9101;91;R;91;ACTIVIDADES DE BIBLIOTECAS, ARCHIVOS Y MUSEOS Y OTRAS ACTIVIDADES CULTURALES;ATIVIDADES LIGADAS AO PATRIMÔNIO CULTURAL E AMBIENTAL;3.3315;1834820.2935000001
2015;Estados Unidos;2030;Fabricação de fibras sintéticas ou artificiais;546652;203;2091;Fabricação de químicos orgânicos e inorgânicos, resinas e elastômeros;2040;204;C;203;Fabricación de fibras artificiales;Fabricação de fibras artificiais e sintéticas;3.3315;1821171.138
2015;Estados Unidos;1812;Atividades de serviço relacionadas à impressão;505657;18;1800;Impressão e reprodução de gravações;1811;18;C;18;IMPRESIÓN Y REPRODUCCIÓN DE GRABACIONES;IMPRESSÃO E REPRODUÇÃO DE GRAVAÇÕES;3.3315;1684596.2955
2015;Estados Unidos;2511;Fabricação de produtos metálicos estruturais;460457;25;2500;Fabricação de produtos de metal, exceto máquinas e equipamentos;2511;25;C;25;FABRICACIÓN DE PRODUCTOS ELABORADOS DE METAL, EXCEPTO MAQUINARIA Y EQUIPO;FABRICAÇÃO DE PRODUTOS DE METAL, EXCETO MÁQUINAS E EQUIPAMENTOS;3.3315;1534012.4955
2015;Estados Unidos;1393;Fabricação de tapetes e tapetes;428398;13;1300;Fabricação de produtos têxteis;1311;13;C;13;FABRICACIÓN DE PRODUCTOS TEXTILES;FABRICAÇÃO DE PRODUTOS TÊXTEIS;3.3315;1427207.9370000002
2015;Estados Unidos;1103;Fabricação de malte e bebidas maltadas.;398461;11;1100;Fabricação de bebidas;1111;11;C;11;ELABORACIÓN DE BEBIDAS;FABRICAÇÃO DE BEBIDAS;3.3315;1327472.8215
2015;Estados Unidos;2395;Fabricação de artigos de concreto, cimento e gesso;386065;23;2300;Fabricação de produtos de minerais não metálicos;2311;23;C;23;FABRICACIÓN DE OTROS PRODUCTOS MINERALES NO METÁLICOS;FABRICAÇÃO DE PRODUTOS DE MINERAIS NÃO-METÁLICOS;3.3315;1286175.5475
2015;Estados Unidos;0891;Extração de minerais químicos e fertilizantes;193819;08;0580;Extração de carvão mineral e de minerais não metálicos;0810;08;B;08;EXPLOTACIÓN DE OTRAS MINAS Y CANTERAS;EXTRAÇÃO DE MINERAIS NÃO-METÁLICOS;3.3315;645707.9985
2015;Estados Unidos;5813;Publicação de jornais, revistas e periódicos;168296;58;5800;Edição e edição integrada à impressão;5811;58;J;58;ACTIVIDADES DE EDICIÓN;EDIÇÃO E EDIÇÃO INTEGRADA À IMPRESSÃO;3.3315;560678.1240000001
2015;Estados Unidos;0126;Cultivo de frutas oleaginosas;117846;012;0191;Agricultura, inclusive o apoio à agricultura e a pós-colheita;0111;011;A;012;Cultivo de plantas perennes;Produção de lavouras temporárias;3.3315;392603.949
2015;Estados Unidos;0119;Cultivo de outras culturas não perenes;54846;011;0191;Agricultura, inclusive o apoio à agricultura e a pós-colheita;0111;011;A;011;Cultivo de plantas no perenes;Produção de lavouras temporárias;3.3315;182719.449
2015;Estados Unidos;3092;Fabricação de bicicletas e carruagens inválidas;13644;30;3000;Fabricação de outros equipamentos de transporte, exceto veículos automotores;3011;30;C;30;FABRICACIÓN DE OTRO  EQUIPO DE TRANSPORTE;FABRICAÇÃO DE OUTROS EQUIPAMENTOS DE TRANSPORTE, EXCETO VEÍCULOS AUTOMOTORES;3.3315;45454.986000000004
2015;Estados Unidos;0129;Cultivo de outras culturas perenes;10712;012;0191;Agricultura, inclusive o apoio à agricultura e a pós-colheita;0111;011;A;012;Cultivo de plantas perennes;Produção de lavouras temporárias;3.3315;35687.028
2015;Estados Unidos;0321;Aquicultura marinha;8416;03;0280;"Produção florestal; pesca e aquicultura";0311;03;A;03;PESCA Y ACUICULTURA;PESCA E AQÜICULTURA;3.3315;28037.904000000002
2015;Estados Unidos;0123;Cultivo de frutas cítricas;6713;012;0191;Agricultura, inclusive o apoio à agricultura e a pós-colheita;0111;011;A;012;Cultivo de plantas perennes;Produção de lavouras temporárias;3.3315;22364.359500000002
2015;Estados Unidos;0122;Cultivo de frutas tropicais e subtropicais;4929;012;0191;Agricultura, inclusive o apoio à agricultura e a pós-colheita;0111;011;A;012;Cultivo de plantas perennes;Produção de lavouras temporárias;3.3315;16420.9635
2015;Estados Unidos;5911;Atividades de produção de filmes, vídeos e programas de televisão;401;59;5980;Atividades de televisão, rádio, cinema e gravação/edição de som e imagem;5911;59;J;59;ACTIVIDADES DE PRODUCCIÓN DE PELÍCULAS CINEMATOGRÁFICAS, VÍDEOS Y PROGRAMAS DE TELEVISIÓN, GRABACIÓN SONORA Y EDICIÓN DE MÚSICA;"ATIVIDADES CINEMATOGRÁFICAS, PRODUÇÃO DE VÍDEOS E DE PROGRAMAS DE TELEVISÃO; GRAVAÇÃO DE SOM E EDIÇÃO DE MÚSICA";3.3315;1335.9315000000001
2015;Estados Unidos;5310;Atividades postais;141;53;5280;Armazenamento, atividades auxiliares dos transportes e correio;5211;53;H;53;ALMACENAMIENTO Y ACTIVIDADES DE APOYO AL TRANSPORTE;ARMAZENAMENTO E ATIVIDADES AUXILIARES DOS TRANSPORTES;3.3315;469.74150000000003
2015;Estados Unidos;2394;Fabricação de cimento, cal e gesso;40;23;2300;Fabricação de produtos de minerais não metálicos;2311;23;C;23;FABRICACIÓN DE OTROS PRODUCTOS MINERALES NO METÁLICOS;FABRICAÇÃO DE PRODUTOS DE MINERAIS NÃO-METÁLICOS;3.3315;133.26
2015;Estados Unidos;0510;Mineração de Carvão;21;05;0580;Extração de carvão mineral e de minerais não metálicos;0500;05;B;05;EXTRACCIÓN DE CARBÓN DE PIEDRA Y LIGNITO;EXTRAÇÃO DE CARVÃO MINERAL;3.3315;69.9615
2014;Estados Unidos;2410;Fabricação de ferro e aço básicos;4060651844;241;2491;Produção de ferro-gusa/ferroligas, siderurgia e tubos de aço sem costura;2411;241;C;241;Fabricación básica de hierro y acero;Produção de ferro-gusa e de ferroligas;2.3534;9556338049.669601
2014;Estados Unidos;3030;Fabricação de aviões e máquinas relacionadas;3789832874;30;3000;Fabricação de outros equipamentos de transporte, exceto veículos automotores;3011;30;C;30;FABRICACIÓN DE OTRO  EQUIPO DE TRANSPORTE;FABRICAÇÃO DE OUTROS EQUIPAMENTOS DE TRANSPORTE, EXCETO VEÍCULOS AUTOMOTORES;2.3534;8918992685.6716
2014;Estados Unidos;0610;Extração de petróleo bruto;3407143867;06;0680;Extração de petróleo e gás, inclusive as atividades de apoio;0600;06;B;06;EXTRACCIÓN DE PETRÓLEO CRUDO Y GAS NATURAL;EXTRAÇÃO DE PETRÓLEO E GÁS NATURAL;2.3534;8018372376.5978
2014;Estados Unidos;2011;Fabricação de produtos químicos básicos;1654726410;201;1992;Fabricação de biocombustíveis;1931;193;C;201;Fabricación de sustancias químicas básicas, de abonos y compuestos de nitrógeno y de plásticos y caucho sintético en formas primarias;Fabricação de biocombustíveis;2.3534;3894233133.294
2014;Estados Unidos;0127;Cultivo de bebidas da safra;1198235574;012;0191;Agricultura, inclusive o apoio à agricultura e a pós-colheita;0111;011;A;012;Cultivo de plantas perennes;Produção de lavouras temporárias;2.3534;2819927599.8516
2014;Estados Unidos;1701;Fabricação de polpa, papel e cartão;1191330496;17;1700;Fabricação de celulose, papel e produtos de papel;1710;17;C;17;FABRICACIÓN DE PAPEL Y DE PRODUCTOS DE PAPEL;FABRICAÇÃO DE CELULOSE, PAPEL E PRODUTOS DE PAPEL;2.3534;2803677189.2864003
2014;Estados Unidos;2930;Fabricação de peças e acessórios para veículos automotores;799231788;293;2992;Fabricação de peças e acessórios para veículos automotores;2941;294;C;293;Fabricación de partes, piezas y accesorios para vehículos automotores;Fabricação de peças e acessórios para veículos automotores;2.3534;1880912089.8792002
2014;Estados Unidos;2396;Corte, moldagem e acabamento de pedra;788957081;23;2300;Fabricação de produtos de minerais não metálicos;2311;23;C;23;FABRICACIÓN DE OTROS PRODUCTOS MINERALES NO METÁLICOS;FABRICAÇÃO DE PRODUTOS DE MINERAIS NÃO-METÁLICOS;2.3534;1856731594.4254
2014;Estados Unidos;2824;Fabricação de máquinas para mineração, exploração de pedreiras e construção;695824869;28;2800;Fabricação de máquinas e equipamentos mecânicos;2811;28;C;28;FABRICACIÓN DE MAQUINARIA Y EQUIPO N.C.P.;FABRICAÇÃO DE MÁQUINAS E EQUIPAMENTOS;2.3534;1637554246.7046
2014;Estados Unidos;2420;Fabricação de metais preciosos e outros metais não ferrosos;576653200;242;2492;Metalurgia de metais não ferosos e a fundição de metais;2441;244;C;242;Fabricación de productos primarios de metales preciosos y otros metales no ferrosos;Metalurgia dos metais não-ferrosos;2.3534;1357095640.88
2014;Estados Unidos;2710;Fabricação de motores elétricos, geradores, transformadores e aparelhos de distribuição e controle de energia elétrica;575455823;27;2700;Fabricação de máquinas e equipamentos elétricos;2710;27;C;27;FABRICACIÓN DE EQUIPO ELÉCTRICO;FABRICAÇÃO DE MÁQUINAS, APARELHOS E MATERIAIS ELÉTRICOS;2.3534;1354277733.8482
2014;Estados Unidos;0111;Cultivo de cereais (exceto arroz), leguminosas e oleaginosas;543161035;011;0191;Agricultura, inclusive o apoio à agricultura e a pós-colheita;0111;011;A;011;Cultivo de plantas no perenes;Produção de lavouras temporárias;2.3534;1278275179.769
2014;Estados Unidos;1610;Serração e aplainamento de madeira;484196883;16;1500;Fabricação de calçados e de artefatos de couro;1510;15;C;16;"PRODUCCIÓN DE MADERA Y FABRICACIÓN DE PRODUCTOS DE MADERA Y CORCHO, EXCEPTO MUEBLES; FABRICACIÓN DE ARTÍCULOS DE PAJA Y DE MATERIALES TRENZABLES";PREPARAÇÃO DE COUROS E FABRICAÇÃO DE ARTEFATOS DE COURO, ARTIGOS PARA VIAGEM E CALÇADOS;2.3534;1139508944.4522002
2014;Estados Unidos;1030;Processamento e conservação de frutas e legumes;478185032;103;1093;Outros produtos alimentares;1031;103;C;103;Elaboración y conservación de frutas, legumbres y hortalizas;Fabricação de conservas de frutas, legumes e outros vegetais;2.3534;1125360654.3088
2014;Estados Unidos;1511;Curtimento e vestuário de couro;313814390;15;1500;Fabricação de calçados e de artefatos de couro;1510;15;C;15;FABRICACIÓN DE PRODUCTOS DE CUERO Y PRODUCTOS CONEXOS;PREPARAÇÃO DE COUROS E FABRICAÇÃO DE ARTEFATOS DE COURO, ARTIGOS PARA VIAGEM E CALÇADOS;2.3534;738530785.426
2014;Estados Unidos;1010;Processamento e conservação de carne;269158246;101;1091;Abate e produtos de carne, inclusive os produtos do laticínio e da pesca;1011;101;C;101;Elaboración y conservación de carne;Abate e fabricação de produtos de carne;2.3534;633437016.1364
2014;Estados Unidos;2813;Fabricação de outras bombas, compressores, torneiras e válvulas;264091047;28;2800;Fabricação de máquinas e equipamentos mecânicos;2811;28;C;28;FABRICACIÓN DE MAQUINARIA Y EQUIPO N.C.P.;FABRICAÇÃO DE MÁQUINAS E EQUIPAMENTOS;2.3534;621511870.0098001
2014;Estados Unidos;2211;"Fabricação de pneus e tubos; recauchutagem e reconstrução de pneus de borracha";243744386;22;1500;Fabricação de calçados e de artefatos de couro;1510;15;C;22;FABRICACIÓN DE PRODUCTOS DE CAUCHO Y PLÁSTICO;PREPARAÇÃO DE COUROS E FABRICAÇÃO DE ARTEFATOS DE COURO, ARTIGOS PARA VIAGEM E CALÇADOS;2.3534;573628038.0124
2014;Estados Unidos;2814;Fabricação de rolamentos, engrenagens, engrenagens e elementos de acionamento;235036891;28;2800;Fabricação de máquinas e equipamentos mecânicos;2811;28;C;28;FABRICACIÓN DE MAQUINARIA Y EQUIPO N.C.P.;FABRICAÇÃO DE MÁQUINAS E EQUIPAMENTOS;2.3534;553135819.2794
2014;Estados Unidos;1200;Fabricação de produtos de tabaco;225832500;12;1200;Fabricação de produtos do fumo;1210;12;C;12;ELABORACIÓN DE PRODUCTOS DE TABACO;FABRICAÇÃO DE PRODUTOS DO FUMO;2.3534;531474205.50000006
2014;Estados Unidos;2013;Fabricação de plásticos e borracha sintética em formas primárias;202392923;201;1992;Fabricação de biocombustíveis;1931;193;C;201;Fabricación de sustancias químicas básicas, de abonos y compuestos de nitrógeno y de plásticos y caucho sintético en formas primarias;Fabricação de biocombustíveis;2.3534;476311504.9882
2014;Estados Unidos;0710;Extração de minério de ferro;200994688;071;0791;Extração de minério de ferro, inclusive beneficiamento e a aglomeração;0710;071;B;071;Extracción de minerales de hierro;Extração de minério de ferro;2.3534;473020898.73920006
2014;Estados Unidos;2100;Fabricação de produtos farmacêuticos, produtos químicos medicinais e botânicos;199278821;21;2100;Fabricação de produtos farmoquímicos e farmacêuticos;2110;21;C;21;FABRICACIÓN DE PRODUCTOS FARMACÉUTICOS, SUSTANCIAS QUÍMICAS MEDICINALES Y PRODUCTOS BOTÁNICOS DE USO FARMACÉUTICO;FABRICAÇÃO DE PRODUTOS FARMOQUÍMICOS E FARMACÊUTICOS;2.3534;468982777.3414
2014;Estados Unidos;1520;Fabricação de calçado;196907032;15;1500;Fabricação de calçados e de artefatos de couro;1510;15;C;15;FABRICACIÓN DE PRODUCTOS DE CUERO Y PRODUCTOS CONEXOS;PREPARAÇÃO DE COUROS E FABRICAÇÃO DE ARTEFATOS DE COURO, ARTIGOS PARA VIAGEM E CALÇADOS;2.3534;463401009.10880005
2014;Estados Unidos;1079;Fabricação de outros produtos alimentícios n.c;183789940;107;1092;Fabricação e refino de açúcar;1071;107;C;107;Elaboración de otros productos alimenticios;Fabricação e refino de açúcar;2.3534;432531244.796
2014;Estados Unidos;1072;Fabricação de açúcar;177368495;107;1092;Fabricação e refino de açúcar;1071;107;C;107;Elaboración de otros productos alimenticios;Fabricação e refino de açúcar;2.3534;417419016.133
2014;Estados Unidos;2029;Fabricação de outros produtos químicos n.c;172605577;202;2092;Fabricação de defensivos, desinfestantes, tintas e químicos diversos;2051;205;C;202;Fabricación de otros productos químicos;Fabricação de defensivos agrícolas e desinfestantes domissanitários;2.3534;406209964.9118
2014;Estados Unidos;1622;Fabricação de carpintaria e marcenaria de construtores;170985101;16;1500;Fabricação de calçados e de artefatos de couro;1510;15;C;16;"PRODUCCIÓN DE MADERA Y FABRICACIÓN DE PRODUCTOS DE MADERA Y CORCHO, EXCEPTO MUEBLES; FABRICACIÓN DE ARTÍCULOS DE PAJA Y DE MATERIALES TRENZABLES";PREPARAÇÃO DE COUROS E FABRICAÇÃO DE ARTEFATOS DE COURO, ARTIGOS PARA VIAGEM E CALÇADOS;2.3534;402396336.6934
2014;Estados Unidos;0729;Extração de outros minérios de metais não ferrosos;161150997;072;0792;Extração de minerais metálicos não ferrosos, inclusive beneficiamentos;0721;072;B;072;Extracción de minerales metalíferos no ferrosos;Extração de minerais metálicos não-ferrosos;2.3534;379252756.3398
2014;Estados Unidos;2599;Fabricação de outros produtos metálicos fabricados n.c;158143325;25;2500;Fabricação de produtos de metal, exceto máquinas e equipamentos;2511;25;C;25;FABRICACIÓN DE PRODUCTOS ELABORADOS DE METAL, EXCEPTO MAQUINARIA Y EQUIPO;FABRICAÇÃO DE PRODUTOS DE METAL, EXCETO MÁQUINAS E EQUIPAMENTOS;2.3534;372174501.055
2014;Estados Unidos;1920;Fabricação de produtos petrolíferos refinados;150928670;192;1991;Refino de petróleo e coquerias;1921;192;C;192;Fabricación de productos de la refinación del petróleo;Fabricação de produtos derivados do petróleo;2.3534;355195531.97800004
2014;Estados Unidos;2593;Fabricação de cutelaria, ferramentas manuais e ferragens em geral;116449809;25;2500;Fabricação de produtos de metal, exceto máquinas e equipamentos;2511;25;C;25;FABRICACIÓN DE PRODUCTOS ELABORADOS DE METAL, EXCEPTO MAQUINARIA Y EQUIPO;FABRICAÇÃO DE PRODUTOS DE METAL, EXCETO MÁQUINAS E EQUIPAMENTOS;2.3534;274052980.50060004
2014;Estados Unidos;3100;Fabricação de móveis;114318809;31;3180;Fabricação de móveis e de produtos de indústrias diversas;3101;31;C;31;FABRICACIÓN DE MUEBLES;FABRICAÇÃO DE MÓVEIS;2.3534;269037885.1006
2014;Estados Unidos;0128;Cultivo de especiarias, culturas aromáticas, medicamentosas e farmacêuticas;111594287;012;0191;Agricultura, inclusive o apoio à agricultura e a pós-colheita;0111;011;A;012;Cultivo de plantas perennes;Produção de lavouras temporárias;2.3534;262625995.02580002
2014;Estados Unidos;2651;Fabricação de equipamentos de medição, teste, navegação e controle;111058955;26;2600;Fabricação de equipamentos de informática, produtos eletrônicos e ópticos;2610;26;C;26;FABRICACIÓN DE PRODUCTOS DE INFORMÁTICA, DE ELECTRÓNICA Y DE ÓPTICA;FABRICAÇÃO DE EQUIPAMENTOS DE INFORMÁTICA, PRODUTOS ELETRÔNICOS E ÓPTICOS;2.3534;261366144.69700003
2014;Estados Unidos;2399;Fabricação de outros produtos minerais não metálicos n.c;110043864;23;2300;Fabricação de produtos de minerais não metálicos;2311;23;C;23;FABRICACIÓN DE OTROS PRODUCTOS MINERALES NO METÁLICOS;FABRICAÇÃO DE PRODUTOS DE MINERAIS NÃO-METÁLICOS;2.3534;258977229.5376
2014;Estados Unidos;2819;Fabricação de outras máquinas para uso geral;100665766;28;2800;Fabricação de máquinas e equipamentos mecânicos;2811;28;C;28;FABRICACIÓN DE MAQUINARIA Y EQUIPO N.C.P.;FABRICAÇÃO DE MÁQUINAS E EQUIPAMENTOS;2.3534;236906813.7044
2014;Estados Unidos;2220;Fabricação de produtos plásticos;100406815;22;1500;Fabricação de calçados e de artefatos de couro;1510;15;C;22;FABRICACIÓN DE PRODUCTOS DE CAUCHO Y PLÁSTICO;PREPARAÇÃO DE COUROS E FABRICAÇÃO DE ARTEFATOS DE COURO, ARTIGOS PARA VIAGEM E CALÇADOS;2.3534;236297398.421
2014;Estados Unidos;2520;Fabricação de armas e munições;94319977;25;2500;Fabricação de produtos de metal, exceto máquinas e equipamentos;2511;25;C;25;FABRICACIÓN DE PRODUCTOS ELABORADOS DE METAL, EXCEPTO MAQUINARIA Y EQUIPO;FABRICAÇÃO DE PRODUTOS DE METAL, EXCETO MÁQUINAS E EQUIPAMENTOS;2.3534;221972633.8718
2014;Estados Unidos;1073;Fabricação de cacau, chocolate e produtos de confeitaria;81634186;107;1092;Fabricação e refino de açúcar;1071;107;C;107;Elaboración de otros productos alimenticios;Fabricação e refino de açúcar;2.3534;192117893.33240002
2014;Estados Unidos;1621;Fabricação de folheados e painéis derivados de madeira;79942396;16;1500;Fabricação de calçados e de artefatos de couro;1510;15;C;16;"PRODUCCIÓN DE MADERA Y FABRICACIÓN DE PRODUCTOS DE MADERA Y CORCHO, EXCEPTO MUEBLES; FABRICACIÓN DE ARTÍCULOS DE PAJA Y DE MATERIALES TRENZABLES";PREPARAÇÃO DE COUROS E FABRICAÇÃO DE ARTEFATOS DE COURO, ARTIGOS PARA VIAGEM E CALÇADOS;2.3534;188136434.7464
2014;Estados Unidos;1629;"Fabricação de outros produtos de madeira; fabricação de artigos de cortiça, de espartaria e cestaria";78873305;16;1500;Fabricação de calçados e de artefatos de couro;1510;15;C;16;"PRODUCCIÓN DE MADERA Y FABRICACIÓN DE PRODUCTOS DE MADERA Y CORCHO, EXCEPTO MUEBLES; FABRICACIÓN DE ARTÍCULOS DE PAJA Y DE MATERIALES TRENZABLES";PREPARAÇÃO DE COUROS E FABRICAÇÃO DE ARTEFATOS DE COURO, ARTIGOS PARA VIAGEM E CALÇADOS;2.3534;185620435.98700002
2014;Estados Unidos;0149;Criação de outros animais;74402997;014;0192;Pecuária, inclusive o apoio à pecuária;0151;015;A;014;Ganadería;Pecuária;2.3534;175100013.1398
2014;Estados Unidos;1020;Processamento e conservação de peixes, crustáceos e moluscos;73921602;102;1091;Abate e produtos de carne, inclusive os produtos do laticínio e da pesca;1020;102;C;102;Elaboración y conservación de pescado, crustáceos y moluscos;Preservação do pescado e fabricação de produtos do pescado;2.3534;173967098.1468
2014;Estados Unidos;2219;Fabricação de outros produtos de borracha;67101728;22;1500;Fabricação de calçados e de artefatos de couro;1510;15;C;22;FABRICACIÓN DE PRODUCTOS DE CAUCHO Y PLÁSTICO;PREPARAÇÃO DE COUROS E FABRICAÇÃO DE ARTEFATOS DE COURO, ARTIGOS PARA VIAGEM E CALÇADOS;2.3534;157917206.67520002
2014;Estados Unidos;2829;Fabricação de outras máquinas para fins especiais;66754512;28;2800;Fabricação de máquinas e equipamentos mecânicos;2811;28;C;28;FABRICACIÓN DE MAQUINARIA Y EQUIPO N.C.P.;FABRICAÇÃO DE MÁQUINAS E EQUIPAMENTOS;2.3534;157100068.5408
2014;Estados Unidos;3211;Fabricação de joalharia e artigos afins;66647330;32;3180;Fabricação de móveis e de produtos de indústrias diversas;3211;32;C;32;OTRAS INDUSTRIAS MANUFACTURERAS;FABRICAÇÃO DE PRODUTOS DIVERSOS;2.3534;156847826.42200002
2014;Estados Unidos;2620;Fabricação de computadores e equipamentos periféricos;64331697;26;2600;Fabricação de equipamentos de informática, produtos eletrônicos e ópticos;2610;26;C;26;FABRICACIÓN DE PRODUCTOS DE INFORMÁTICA, DE ELECTRÓNICA Y DE ÓPTICA;FABRICAÇÃO DE EQUIPAMENTOS DE INFORMÁTICA, PRODUTOS ELETRÔNICOS E ÓPTICOS;2.3534;151398215.7198
2014;Estados Unidos;2630;Fabricação de equipamentos de comunicação;56760252;26;2600;Fabricação de equipamentos de informática, produtos eletrônicos e ópticos;2610;26;C;26;FABRICACIÓN DE PRODUCTOS DE INFORMÁTICA, DE ELECTRÓNICA Y DE ÓPTICA;FABRICAÇÃO DE EQUIPAMENTOS DE INFORMÁTICA, PRODUTOS ELETRÔNICOS E ÓPTICOS;2.3534;133579577.05680001
2014;Estados Unidos;1040;Fabricação de óleos e gorduras vegetais e animais;52998791;104;1093;Outros produtos alimentares;1041;104;C;104;Elaboración de aceites y grasas de origen vegetal y animal;Fabricação de óleos e gorduras vegetais e animais;2.3534;124727354.73940001
2014;Estados Unidos;0899;Outras atividades de mineração n.c;50162504;08;0580;Extração de carvão mineral e de minerais não metálicos;0810;08;B;08;EXPLOTACIÓN DE OTRAS MINAS Y CANTERAS;EXTRAÇÃO DE MINERAIS NÃO-METÁLICOS;2.3534;118052436.91360001
2014;Estados Unidos;2790;Fabricação de outro equipamento elétrico;50138801;27;2700;Fabricação de máquinas e equipamentos elétricos;2710;27;C;27;FABRICACIÓN DE EQUIPO ELÉCTRICO;FABRICAÇÃO DE MÁQUINAS, APARELHOS E MATERIAIS ELÉTRICOS;2.3534;117996654.27340001
2014;Estados Unidos;0125;Cultivo de outras frutas e nozes;48750701;012;0191;Agricultura, inclusive o apoio à agricultura e a pós-colheita;0111;011;A;012;Cultivo de plantas perennes;Produção de lavouras temporárias;2.3534;114729899.7334
2014;Estados Unidos;0810;Extração de pedra, areia e argila;47829470;08;0580;Extração de carvão mineral e de minerais não metálicos;0810;08;B;08;EXPLOTACIÓN DE OTRAS MINAS Y CANTERAS;EXTRAÇÃO DE MINERAIS NÃO-METÁLICOS;2.3534;112561874.69800001
2014;Estados Unidos;3250;Fabricação de instrumentos e suprimentos médicos e odontológicos;46840758;32;3180;Fabricação de móveis e de produtos de indústrias diversas;3211;32;C;32;OTRAS INDUSTRIAS MANUFACTURERAS;FABRICAÇÃO DE PRODUTOS DIVERSOS;2.3534;110235039.8772
2014;Estados Unidos;3290;Outras manufaturas n.c.;44572407;32;3180;Fabricação de móveis e de produtos de indústrias diversas;3211;32;C;32;OTRAS INDUSTRIAS MANUFACTURERAS;FABRICAÇÃO DE PRODUTOS DIVERSOS;2.3534;104896702.6338
2014;Estados Unidos;2512;Fabricação de tanques, reservatórios e recipientes de metal;43174303;25;2500;Fabricação de produtos de metal, exceto máquinas e equipamentos;2511;25;C;25;FABRICACIÓN DE PRODUCTOS ELABORADOS DE METAL, EXCEPTO MAQUINARIA Y EQUIPO;FABRICAÇÃO DE PRODUTOS DE METAL, EXCETO MÁQUINAS E EQUIPAMENTOS;2.3534;101606404.68020001
2014;Estados Unidos;9000;Atividades criativas, artes e entretenimento;39059232;90;9080;Atividades artísticas, criativas e de espetáculos;9001;90;R;90;ACTIVIDADES CREATIVAS, ARTÍSTICAS Y DE ENTRETENIMIENTO;ATIVIDADES ARTÍSTICAS, CRIATIVAS E DE ESPETÁCULOS;2.3534;91921996.58880001
2014;Estados Unidos;2821;Fabricação de maquinaria agrícola e florestal;37608066;28;2800;Fabricação de máquinas e equipamentos mecânicos;2811;28;C;28;FABRICACIÓN DE MAQUINARIA Y EQUIPO N.C.P.;FABRICAÇÃO DE MÁQUINAS E EQUIPAMENTOS;2.3534;88506822.52440001
2014;Estados Unidos;1394;Fabricação de cordéis, cordas, cordéis e redes;37516895;13;1300;Fabricação de produtos têxteis;1311;13;C;13;FABRICACIÓN DE PRODUCTOS TEXTILES;FABRICAÇÃO DE PRODUTOS TÊXTEIS;2.3534;88292260.693
2014;Estados Unidos;1399;Fabricação de outros têxteis n.e.c.;37394968;13;1300;Fabricação de produtos têxteis;1311;13;C;13;FABRICACIÓN DE PRODUCTOS TEXTILES;FABRICAÇÃO DE PRODUTOS TÊXTEIS;2.3534;88005317.6912
2014;Estados Unidos;2391;Fabricação de produtos refratários;37215831;23;2300;Fabricação de produtos de minerais não metálicos;2311;23;C;23;FABRICACIÓN DE OTROS PRODUCTOS MINERALES NO METÁLICOS;FABRICAÇÃO DE PRODUTOS DE MINERAIS NÃO-METÁLICOS;2.3534;87583736.6754
2014;Estados Unidos;2392;Fabricação de materiais de construção de argila;36837900;23;2300;Fabricação de produtos de minerais não metálicos;2311;23;C;23;FABRICACIÓN DE OTROS PRODUCTOS MINERALES NO METÁLICOS;FABRICAÇÃO DE PRODUTOS DE MINERAIS NÃO-METÁLICOS;2.3534;86694313.86
2014;Estados Unidos;1709;Fabricação de outros artigos de papel e cartão;35253743;17;1700;Fabricação de celulose, papel e produtos de papel;1710;17;C;17;FABRICACIÓN DE PAPEL Y DE PRODUCTOS DE PAPEL;FABRICAÇÃO DE CELULOSE, PAPEL E PRODUTOS DE PAPEL;2.3534;82966158.77620001
2014;Estados Unidos;0113;Cultivo de hortaliças e melões, raízes e tubérculos;34335657;011;0191;Agricultura, inclusive o apoio à agricultura e a pós-colheita;0111;011;A;011;Cultivo de plantas no perenes;Produção de lavouras temporárias;2.3534;80805535.18380001
2014;Estados Unidos;2610;Fabricação de componentes eletrônicos e placas;33484676;26;2600;Fabricação de equipamentos de informática, produtos eletrônicos e ópticos;2610;26;C;26;FABRICACIÓN DE PRODUCTOS DE INFORMÁTICA, DE ELECTRÓNICA Y DE ÓPTICA;FABRICAÇÃO DE EQUIPAMENTOS DE INFORMÁTICA, PRODUTOS ELETRÔNICOS E ÓPTICOS;2.3534;78802836.4984
2014;Estados Unidos;2822;Fabricação de máquinas e máquinas-ferramentas para moldagem de metais;29017579;28;2800;Fabricação de máquinas e equipamentos mecânicos;2811;28;C;28;FABRICACIÓN DE MAQUINARIA Y EQUIPO N.C.P.;FABRICAÇÃO DE MÁQUINAS E EQUIPAMENTOS;2.3534;68289970.41860001
2014;Estados Unidos;2732;Fabricação de outros fios e cabos elétricos e eletrônicos;25973380;27;2700;Fabricação de máquinas e equipamentos elétricos;2710;27;C;27;FABRICACIÓN DE EQUIPO ELÉCTRICO;FABRICAÇÃO DE MÁQUINAS, APARELHOS E MATERIAIS ELÉTRICOS;2.3534;61125752.492000006
2014;Estados Unidos;1071;Fabricação de produtos de panificação;25889831;107;1092;Fabricação e refino de açúcar;1071;107;C;107;Elaboración de otros productos alimenticios;Fabricação e refino de açúcar;2.3534;60929128.275400005
2014;Estados Unidos;2823;Fabricação de máquinas para metalurgia;20880232;28;2800;Fabricação de máquinas e equipamentos mecânicos;2811;28;C;28;FABRICACIÓN DE MAQUINARIA Y EQUIPO N.C.P.;FABRICAÇÃO DE MÁQUINAS E EQUIPAMENTOS;2.3534;49139537.988800004
2014;Estados Unidos;1410;Fabricação de vestuário, exceto vestuários de peles;20606938;14;1400;Confecção de artefatos do vestuário e acessórios;1411;14;C;14;FABRICACIÓN DE PRENDAS DE VESTIR;CONFECÇÃO DE ARTIGOS DO VESTUÁRIO E ACESSÓRIOS;2.3534;48496367.8892
2014;Estados Unidos;2812;Fabricação de equipamentos para energia hidráulica;19998713;28;2800;Fabricação de máquinas e equipamentos mecânicos;2811;28;C;28;FABRICACIÓN DE MAQUINARIA Y EQUIPO N.C.P.;FABRICAÇÃO DE MÁQUINAS E EQUIPAMENTOS;2.3534;47064971.174200006
2014;Estados Unidos;2310;Fabricação de produtos de vidro e vidro;19826063;23;2300;Fabricação de produtos de minerais não metálicos;2311;23;C;23;FABRICACIÓN DE OTROS PRODUCTOS MINERALES NO METÁLICOS;FABRICAÇÃO DE PRODUTOS DE MINERAIS NÃO-METÁLICOS;2.3534;46658656.6642
2014;Estados Unidos;1512;Fabricação de malas, bolsas e semelhantes, selaria e arreios;19043421;15;1500;Fabricação de calçados e de artefatos de couro;1510;15;C;15;FABRICACIÓN DE PRODUCTOS DE CUERO Y PRODUCTOS CONEXOS;PREPARAÇÃO DE COUROS E FABRICAÇÃO DE ARTEFATOS DE COURO, ARTIGOS PARA VIAGEM E CALÇADOS;2.3534;44816786.981400006
2014;Estados Unidos;2660;Fabricação de equipamentos de irradiação, eletromédicos e eletroterapêuticos;18669202;26;2600;Fabricação de equipamentos de informática, produtos eletrônicos e ópticos;2610;26;C;26;FABRICACIÓN DE PRODUCTOS DE INFORMÁTICA, DE ELECTRÓNICA Y DE ÓPTICA;FABRICAÇÃO DE EQUIPAMENTOS DE INFORMÁTICA, PRODUTOS ELETRÔNICOS E ÓPTICOS;2.3534;43936099.9868
2014;Estados Unidos;3091;Fabricação de motocicletas;18013035;30;3000;Fabricação de outros equipamentos de transporte, exceto veículos automotores;3011;30;C;30;FABRICACIÓN DE OTRO  EQUIPO DE TRANSPORTE;FABRICAÇÃO DE OUTROS EQUIPAMENTOS DE TRANSPORTE, EXCETO VEÍCULOS AUTOMOTORES;2.3534;42391876.569000006
2014;Estados Unidos;2811;Fabricação de motores e turbinas, exceto aeronaves, veículos e motores de ciclo;17322966;28;2800;Fabricação de máquinas e equipamentos mecânicos;2811;28;C;28;FABRICACIÓN DE MAQUINARIA Y EQUIPO N.C.P.;FABRICAÇÃO DE MÁQUINAS E EQUIPAMENTOS;2.3534;40767868.1844
2014;Estados Unidos;3020;Fabricação de locomotivas e material circulante;15161580;30;3000;Fabricação de outros equipamentos de transporte, exceto veículos automotores;3011;30;C;30;FABRICACIÓN DE OTRO  EQUIPO DE TRANSPORTE;FABRICAÇÃO DE OUTROS EQUIPAMENTOS DE TRANSPORTE, EXCETO VEÍCULOS AUTOMOTORES;2.3534;35681262.372
2014;Estados Unidos;2910;Fabricação de veículos automotores;13688381;291;2991;Fabricação de automóveis, caminhões e ônibus, exceto peças;2910;291;C;291;Fabricación de vehículos automotores;Fabricação de automóveis, camionetas e utilitários;2.3534;32214235.8454
2014;Estados Unidos;0311;Pesca marinha;13593812;03;0280;"Produção florestal; pesca e aquicultura";0311;03;A;03;PESCA Y ACUICULTURA;PESCA E AQÜICULTURA;2.3534;31991677.160800003
2014;Estados Unidos;2030;Fabricação de fibras sintéticas ou artificiais;13464768;203;2091;Fabricação de químicos orgânicos e inorgânicos, resinas e elastômeros;2040;204;C;203;Fabricación de fibras artificiales;Fabricação de fibras artificiais e sintéticas;2.3534;31687985.011200003
2014;Estados Unidos;1061;Fabricação de produtos de moagem de grãos;12790457;106;1093;Outros produtos alimentares;1061;106;C;106;Elaboración de productos de molinería, almidones y productos derivados del almidón;Moagem, fabricação de produtos amiláceos e de alimentos para animais;2.3534;30101061.5038
2014;Estados Unidos;2023;Fabricação de sabão e detergentes, produtos de limpeza e polimento, perfumes e produtos de toilette;12287672;202;2092;Fabricação de defensivos, desinfestantes, tintas e químicos diversos;2051;205;C;202;Fabricación de otros productos químicos;Fabricação de defensivos agrícolas e desinfestantes domissanitários;2.3534;28917807.2848
2014;Estados Unidos;1311;Preparação e fiação de fibras têxteis;11267391;13;1300;Fabricação de produtos têxteis;1311;13;C;13;FABRICACIÓN DE PRODUCTOS TEXTILES;FABRICAÇÃO DE PRODUTOS TÊXTEIS;2.3534;26516677.9794
2014;Estados Unidos;2021;Fabricação de pesticidas e outros produtos agroquímicos;10915323;202;2092;Fabricação de defensivos, desinfestantes, tintas e químicos diversos;2051;205;C;202;Fabricación de otros productos químicos;Fabricação de defensivos agrícolas e desinfestantes domissanitários;2.3534;25688121.1482
2014;Estados Unidos;2816;Fabricação de equipamentos de elevação e manuseio;10794075;28;2800;Fabricação de máquinas e equipamentos mecânicos;2811;28;C;28;FABRICACIÓN DE MAQUINARIA Y EQUIPO N.C.P.;FABRICAÇÃO DE MÁQUINAS E EQUIPAMENTOS;2.3534;25402776.105
2014;Estados Unidos;2640;Fabricação de produtos eletrônicos de consumo;10761369;26;2600;Fabricação de equipamentos de informática, produtos eletrônicos e ópticos;2610;26;C;26;FABRICACIÓN DE PRODUCTOS DE INFORMÁTICA, DE ELECTRÓNICA Y DE ÓPTICA;FABRICAÇÃO DE EQUIPAMENTOS DE INFORMÁTICA, PRODUTOS ELETRÔNICOS E ÓPTICOS;2.3534;25325805.8046
2014;Estados Unidos;2825;Fabricação de máquinas para processamento de alimentos, bebidas e tabaco;10620874;28;2800;Fabricação de máquinas e equipamentos mecânicos;2811;28;C;28;FABRICACIÓN DE MAQUINARIA Y EQUIPO N.C.P.;FABRICAÇÃO DE MÁQUINAS E EQUIPAMENTOS;2.3534;24995164.871600002
2014;Estados Unidos;1062;Fabricação de amidos e féculas;10435076;106;1093;Outros produtos alimentares;1061;106;C;106;Elaboración de productos de molinería, almidones y productos derivados del almidón;Moagem, fabricação de produtos amiláceos e de alimentos para animais;2.3534;24557907.858400002
2014;Estados Unidos;2022;Fabricação de tintas, vernizes e produtos similares, tintas de impressão e mástiques;10399879;202;2092;Fabricação de defensivos, desinfestantes, tintas e químicos diversos;2051;205;C;202;Fabricación de otros productos químicos;Fabricação de defensivos agrícolas e desinfestantes domissanitários;2.3534;24475075.2386
2014;Estados Unidos;0893;Extração de sal;8475736;08;0580;Extração de carvão mineral e de minerais não metálicos;0810;08;B;08;EXPLOTACIÓN DE OTRAS MINAS Y CANTERAS;EXTRAÇÃO DE MINERAIS NÃO-METÁLICOS;2.3534;19946797.1024
2014;Estados Unidos;2431;Fundição de ferro e aço;7951825;243;2492;Metalurgia de metais não ferosos e a fundição de metais;2451;245;C;243;Fundición de metales;Fundição;2.3534;18713824.955000002
2014;Estados Unidos;1702;Fabricação de papel e cartão canelados e de embalagens de papel e cartão;7309013;17;1700;Fabricação de celulose, papel e produtos de papel;1710;17;C;17;FABRICACIÓN DE PAPEL Y DE PRODUCTOS DE PAPEL;FABRICAÇÃO DE CELULOSE, PAPEL E PRODUTOS DE PAPEL;2.3534;17201031.1942
2014;Estados Unidos;2826;Fabricação de máquinas para produção de têxteis, vestuário e couro;6186881;28;2800;Fabricação de máquinas e equipamentos mecânicos;2811;28;C;28;FABRICACIÓN DE MAQUINARIA Y EQUIPO N.C.P.;FABRICAÇÃO DE MÁQUINAS E EQUIPAMENTOS;2.3534;14560205.7454
2014;Estados Unidos;1392;Fabricação de artigos têxteis confeccionados, exceto vestuário;5978456;13;1300;Fabricação de produtos têxteis;1311;13;C;13;FABRICACIÓN DE PRODUCTOS TEXTILES;FABRICAÇÃO DE PRODUTOS TÊXTEIS;2.3534;14069698.3504
2014;Estados Unidos;2815;Fabricação de fornos, fornos e queimadores de fornos;5655664;28;2800;Fabricação de máquinas e equipamentos mecânicos;2811;28;C;28;FABRICACIÓN DE MAQUINARIA Y EQUIPO N.C.P.;FABRICAÇÃO DE MÁQUINAS E EQUIPAMENTOS;2.3534;13310039.6576
2014;Estados Unidos;3011;Construção de navios e estruturas flutuantes;5136973;30;3000;Fabricação de outros equipamentos de transporte, exceto veículos automotores;3011;30;C;30;FABRICACIÓN DE OTRO  EQUIPO DE TRANSPORTE;FABRICAÇÃO DE OUTROS EQUIPAMENTOS DE TRANSPORTE, EXCETO VEÍCULOS AUTOMOTORES;2.3534;12089352.258200001
2014;Estados Unidos;3212;Fabricação de bijuterias e artigos relacionados;5006281;32;3180;Fabricação de móveis e de produtos de indústrias diversas;3211;32;C;32;OTRAS INDUSTRIAS MANUFACTURERAS;FABRICAÇÃO DE PRODUTOS DIVERSOS;2.3534;11781781.705400001
2014;Estados Unidos;1080;Fabricação de alimentos para animais;4889669;108;1093;Outros produtos alimentares;1061;106;C;108;Elaboración de piensos preparados para animales;Moagem, fabricação de produtos amiláceos e de alimentos para animais;2.3534;11507347.024600001
2014;Estados Unidos;2920;"Fabricação de carroçarias para veículos automotores; fabricação de reboques e semi-reboques";4871652;292;2991;Fabricação de automóveis, caminhões e ônibus, exceto peças;2930;293;C;292;"Fabricación de carrocerías para vehículos automotores; fabricación de remolques y semirremolques";Fabricação de cabines, carrocerias e reboques para veículos automotores;2.3534;11464945.8168
2014;Estados Unidos;0130;Cultivo de plantas;4770206;013;0191;Agricultura, inclusive o apoio à agricultura e a pós-colheita;0141;014;A;013;Propagación de plantas;Produção de sementes e mudas certificadas;2.3534;11226202.8004
2014;Estados Unidos;1104;"Fabricação de refrigerantes; produção de águas minerais e outras águas engarrafadas";4749080;11;1100;Fabricação de bebidas;1111;11;C;11;ELABORACIÓN DE BEBIDAS;FABRICAÇÃO DE BEBIDAS;2.3534;11176484.872000001
2014;Estados Unidos;2511;Fabricação de produtos metálicos estruturais;4614032;25;2500;Fabricação de produtos de metal, exceto máquinas e equipamentos;2511;25;C;25;FABRICACIÓN DE PRODUCTOS ELABORADOS DE METAL, EXCEPTO MAQUINARIA Y EQUIPO;FABRICAÇÃO DE PRODUTOS DE METAL, EXCETO MÁQUINAS E EQUIPAMENTOS;2.3534;10858662.9088
2014;Estados Unidos;1391;Fabricação de tecidos de malha;4160888;13;1300;Fabricação de produtos têxteis;1311;13;C;13;FABRICACIÓN DE PRODUCTOS TEXTILES;FABRICAÇÃO DE PRODUTOS TÊXTEIS;2.3534;9792233.8192
2014;Estados Unidos;1312;Tecelagem de têxteis;4146633;13;1300;Fabricação de produtos têxteis;1311;13;C;13;FABRICACIÓN DE PRODUCTOS TEXTILES;FABRICAÇÃO DE PRODUTOS TÊXTEIS;2.3534;9758686.102200001
2014;Estados Unidos;2750;Fabricação de eletrodomésticos;4135683;27;2700;Fabricação de máquinas e equipamentos elétricos;2710;27;C;27;FABRICACIÓN DE EQUIPO ELÉCTRICO;FABRICAÇÃO DE MÁQUINAS, APARELHOS E MATERIAIS ELÉTRICOS;2.3534;9732916.372200001
2014;Estados Unidos;1623;Fabricação de embalagens de madeira;4120007;16;1500;Fabricação de calçados e de artefatos de couro;1510;15;C;16;"PRODUCCIÓN DE MADERA Y FABRICACIÓN DE PRODUCTOS DE MADERA Y CORCHO, EXCEPTO MUEBLES; FABRICACIÓN DE ARTÍCULOS DE PAJA Y DE MATERIALES TRENZABLES";PREPARAÇÃO DE COUROS E FABRICAÇÃO DE ARTEFATOS DE COURO, ARTIGOS PARA VIAGEM E CALÇADOS;2.3534;9696024.4738
2014;Estados Unidos;1050;Fabricação de produtos lácteos;3655837;105;1091;Abate e produtos de carne, inclusive os produtos do laticínio e da pesca;1051;105;C;105;Elaboración de productos lácteos;Laticínios;2.3534;8603646.7958
2014;Estados Unidos;2012;Fabricação de fertilizantes e compostos nitrogenados;3363239;201;1992;Fabricação de biocombustíveis;1931;193;C;201;Fabricación de sustancias químicas básicas, de abonos y compuestos de nitrógeno y de plásticos y caucho sintético en formas primarias;Fabricação de biocombustíveis;2.3534;7915046.6626
2014;Estados Unidos;5819;Outras atividades de publicação;2880685;58;5800;Edição e edição integrada à impressão;5811;58;J;58;ACTIVIDADES DE EDICIÓN;EDIÇÃO E EDIÇÃO INTEGRADA À IMPRESSÃO;2.3534;6779404.079000001
2014;Estados Unidos;2393;Fabricação de outros produtos de porcelana e cerâmica;2819705;23;2300;Fabricação de produtos de minerais não metálicos;2311;23;C;23;FABRICACIÓN DE OTROS PRODUCTOS MINERALES NO METÁLICOS;FABRICAÇÃO DE PRODUTOS DE MINERAIS NÃO-METÁLICOS;2.3534;6635893.747
2014;Estados Unidos;3099;Fabricação de outros equipamentos de transporte n.c;2687972;30;3000;Fabricação de outros equipamentos de transporte, exceto veículos automotores;3011;30;C;30;FABRICACIÓN DE OTRO  EQUIPO DE TRANSPORTE;FABRICAÇÃO DE OUTROS EQUIPAMENTOS DE TRANSPORTE, EXCETO VEÍCULOS AUTOMOTORES;2.3534;6325873.3048
2014;Estados Unidos;2817;Fabricação de máquinas e equipamentos de escritório (exceto computadores e equipamentos periféricos);2637350;28;2800;Fabricação de máquinas e equipamentos mecânicos;2811;28;C;28;FABRICACIÓN DE MAQUINARIA Y EQUIPO N.C.P.;FABRICAÇÃO DE MÁQUINAS E EQUIPAMENTOS;2.3534;6206739.49
2014;Estados Unidos;2740;Fabricação de equipamentos de iluminação elétrica;2632517;27;2700;Fabricação de máquinas e equipamentos elétricos;2710;27;C;27;FABRICACIÓN DE EQUIPO ELÉCTRICO;FABRICAÇÃO DE MÁQUINAS, APARELHOS E MATERIAIS ELÉTRICOS;2.3534;6195365.507800001
2014;Estados Unidos;1101;Fabricação de aguardentes e outras bebidas destiladas;2518655;11;1100;Fabricação de bebidas;1111;11;C;11;ELABORACIÓN DE BEBIDAS;FABRICAÇÃO DE BEBIDAS;2.3534;5927402.677
2014;Estados Unidos;0115;Cultivo de tabaco;2495004;011;0191;Agricultura, inclusive o apoio à agricultura e a pós-colheita;0111;011;A;011;Cultivo de plantas no perenes;Produção de lavouras temporárias;2.3534;5871742.413600001
2014;Estados Unidos;0142;Criação de cavalos e outros equinos;2420558;014;0192;Pecuária, inclusive o apoio à pecuária;0151;015;A;014;Ganadería;Pecuária;2.3534;5696541.1972
2014;Estados Unidos;1430;Fabricação de vestuário de malha;2212419;14;1400;Confecção de artefatos do vestuário e acessórios;1411;14;C;14;FABRICACIÓN DE PRENDAS DE VESTIR;CONFECÇÃO DE ARTIGOS DO VESTUÁRIO E ACESSÓRIOS;2.3534;5206706.874600001
2014;Estados Unidos;2670;Fabricação de instrumentos ópticos e equipamento fotográfico;2057743;26;2600;Fabricação de equipamentos de informática, produtos eletrônicos e ópticos;2610;26;C;26;FABRICACIÓN DE PRODUCTOS DE INFORMÁTICA, DE ELECTRÓNICA Y DE ÓPTICA;FABRICAÇÃO DE EQUIPAMENTOS DE INFORMÁTICA, PRODUTOS ELETRÔNICOS E ÓPTICOS;2.3534;4842692.376200001
2014;Estados Unidos;1074;Fabricação de macarrão, talharim, cuscuz e produtos farináceos semelhantes;2052899;107;1092;Fabricação e refino de açúcar;1071;107;C;107;Elaboración de otros productos alimenticios;Fabricação e refino de açúcar;2.3534;4831292.5066
2014;Estados Unidos;5811;Publicação de livros;1634734;58;5800;Edição e edição integrada à impressão;5811;58;J;58;ACTIVIDADES DE EDICIÓN;EDIÇÃO E EDIÇÃO INTEGRADA À IMPRESSÃO;2.3534;3847182.9956000005
2014;Estados Unidos;2818;Fabricação de ferramentas manuais acionadas por motor;1633378;28;2800;Fabricação de máquinas e equipamentos mecânicos;2811;28;C;28;FABRICACIÓN DE MAQUINARIA Y EQUIPO N.C.P.;FABRICAÇÃO DE MÁQUINAS E EQUIPAMENTOS;2.3534;3843991.7852000003
2014;Estados Unidos;1420;Fabricação de artigos de peles;1439732;14;1400;Confecção de artefatos do vestuário e acessórios;1411;14;C;14;FABRICACIÓN DE PRENDAS DE VESTIR;CONFECÇÃO DE ARTIGOS DO VESTUÁRIO E ACESSÓRIOS;2.3534;3388265.2888
2014;Estados Unidos;0620;Extração de gás natural;1425868;06;0680;Extração de petróleo e gás, inclusive as atividades de apoio;0600;06;B;06;EXTRACCIÓN DE PETRÓLEO CRUDO Y GAS NATURAL;EXTRAÇÃO DE PETRÓLEO E GÁS NATURAL;2.3534;3355637.7512000003
2014;Estados Unidos;3240;Fabricação de jogos e brinquedos;1403509;32;3180;Fabricação de móveis e de produtos de indústrias diversas;3211;32;C;32;OTRAS INDUSTRIAS MANUFACTURERAS;FABRICAÇÃO DE PRODUTOS DIVERSOS;2.3534;3303018.0806000005
2014;Estados Unidos;2720;Fabricação de baterias e acumuladores;1196362;27;2700;Fabricação de máquinas e equipamentos elétricos;2710;27;C;27;FABRICACIÓN DE EQUIPO ELÉCTRICO;FABRICAÇÃO DE MÁQUINAS, APARELHOS E MATERIAIS ELÉTRICOS;2.3534;2815518.3308
2014;Estados Unidos;2680;Fabricação de mídia magnética e óptica;1188603;26;2600;Fabricação de equipamentos de informática, produtos eletrônicos e ópticos;2610;26;C;26;FABRICACIÓN DE PRODUCTOS DE INFORMÁTICA, DE ELECTRÓNICA Y DE ÓPTICA;FABRICAÇÃO DE EQUIPAMENTOS DE INFORMÁTICA, PRODUTOS ELETRÔNICOS E ÓPTICOS;2.3534;2797258.3002000004
2014;Estados Unidos;1393;Fabricação de tapetes e tapetes;1154813;13;1300;Fabricação de produtos têxteis;1311;13;C;13;FABRICACIÓN DE PRODUCTOS TEXTILES;FABRICAÇÃO DE PRODUTOS TÊXTEIS;2.3534;2717736.9142
2014;Estados Unidos;3220;Fabricação de instrumentos musicais;1104235;32;3180;Fabricação de móveis e de produtos de indústrias diversas;3211;32;C;32;OTRAS INDUSTRIAS MANUFACTURERAS;FABRICAÇÃO DE PRODUTOS DIVERSOS;2.3534;2598706.649
2014;Estados Unidos;3012;Construção de barcos de recreio e desportivos;955048;30;3000;Fabricação de outros equipamentos de transporte, exceto veículos automotores;3011;30;C;30;FABRICACIÓN DE OTRO  EQUIPO DE TRANSPORTE;FABRICAÇÃO DE OUTROS EQUIPAMENTOS DE TRANSPORTE, EXCETO VEÍCULOS AUTOMOTORES;2.3534;2247609.9632
2014;Estados Unidos;2731;Fabricação de cabos de fibra ótica;803634;27;2700;Fabricação de máquinas e equipamentos elétricos;2710;27;C;27;FABRICACIÓN DE EQUIPO ELÉCTRICO;FABRICAÇÃO DE MÁQUINAS, APARELHOS E MATERIAIS ELÉTRICOS;2.3534;1891272.2556
2014;Estados Unidos;1103;Fabricação de malte e bebidas maltadas.;744524;11;1100;Fabricação de bebidas;1111;11;C;11;ELABORACIÓN DE BEBIDAS;FABRICAÇÃO DE BEBIDAS;2.3534;1752162.7816
2014;Estados Unidos;0220;Exploração madeireira;742104;02;0280;"Produção florestal; pesca e aquicultura";0210;02;A;02;SILVICULTURA Y EXTRACCIÓN DE MADERA;PRODUÇÃO FLORESTAL;2.3534;1746467.5536000002
2014;Estados Unidos;3230;Fabricação de artigos esportivos;648133;32;3180;Fabricação de móveis e de produtos de indústrias diversas;3211;32;C;32;OTRAS INDUSTRIAS MANUFACTURERAS;FABRICAÇÃO DE PRODUTOS DIVERSOS;2.3534;1525316.2022000002
2014;Estados Unidos;1102;Fabricação de vinhos;630749;11;1100;Fabricação de bebidas;1111;11;C;11;ELABORACIÓN DE BEBIDAS;FABRICAÇÃO DE BEBIDAS;2.3534;1484404.6966000001
2014;Estados Unidos;0230;Coleta de produtos florestais não madeireiros;497170;02;0280;"Produção florestal; pesca e aquicultura";0210;02;A;02;SILVICULTURA Y EXTRACCIÓN DE MADERA;PRODUÇÃO FLORESTAL;2.3534;1170039.878
2014;Estados Unidos;1812;Atividades de serviço relacionadas à impressão;491299;18;1800;Impressão e reprodução de gravações;1811;18;C;18;IMPRESIÓN Y REPRODUCCIÓN DE GRABACIONES;IMPRESSÃO E REPRODUÇÃO DE GRAVAÇÕES;2.3534;1156223.0666
2014;Estados Unidos;2513;Fabricação de geradores de vapor, exceto caldeiras de aquecimento central de água quente;236734;25;2500;Fabricação de produtos de metal, exceto máquinas e equipamentos;2511;25;C;25;FABRICACIÓN DE PRODUCTOS ELABORADOS DE METAL, EXCEPTO MAQUINARIA Y EQUIPO;FABRICAÇÃO DE PRODUTOS DE METAL, EXCETO MÁQUINAS E EQUIPAMENTOS;2.3534;557129.7956000001
2014;Estados Unidos;0891;Extração de minerais químicos e fertilizantes;234375;08;0580;Extração de carvão mineral e de minerais não metálicos;0810;08;B;08;EXPLOTACIÓN DE OTRAS MINAS Y CANTERAS;EXTRAÇÃO DE MINERAIS NÃO-METÁLICOS;2.3534;551578.125
2014;Estados Unidos;5911;Atividades de produção de filmes, vídeos e programas de televisão;218341;59;5980;Atividades de televisão, rádio, cinema e gravação/edição de som e imagem;5911;59;J;59;ACTIVIDADES DE PRODUCCIÓN DE PELÍCULAS CINEMATOGRÁFICAS, VÍDEOS Y PROGRAMAS DE TELEVISIÓN, GRABACIÓN SONORA Y EDICIÓN DE MÚSICA;"ATIVIDADES CINEMATOGRÁFICAS, PRODUÇÃO DE VÍDEOS E DE PROGRAMAS DE TELEVISÃO; GRAVAÇÃO DE SOM E EDIÇÃO DE MÚSICA";2.3534;513843.70940000005
2014;Estados Unidos;5813;Publicação de jornais, revistas e periódicos;183947;58;5800;Edição e edição integrada à impressão;5811;58;J;58;ACTIVIDADES DE EDICIÓN;EDIÇÃO E EDIÇÃO INTEGRADA À IMPRESSÃO;2.3534;432900.86980000004
2014;Estados Unidos;0121;Cultivo de uvas;175546;012;0191;Agricultura, inclusive o apoio à agricultura e a pós-colheita;0111;011;A;012;Cultivo de plantas perennes;Produção de lavouras temporárias;2.3534;413129.9564
2014;Estados Unidos;2652;Fabricação de cronomêtros e relógios;113047;26;2600;Fabricação de equipamentos de informática, produtos eletrônicos e ópticos;2610;26;C;26;FABRICACIÓN DE PRODUCTOS DE INFORMÁTICA, DE ELECTRÓNICA Y DE ÓPTICA;FABRICAÇÃO DE EQUIPAMENTOS DE INFORMÁTICA, PRODUTOS ELETRÔNICOS E ÓPTICOS;2.3534;266044.80980000005
2014;Estados Unidos;0119;Cultivo de outras culturas não perenes;95848;011;0191;Agricultura, inclusive o apoio à agricultura e a pós-colheita;0111;011;A;011;Cultivo de plantas no perenes;Produção de lavouras temporárias;2.3534;225568.68320000003
2014;Estados Unidos;0126;Cultivo de frutas oleaginosas;65180;012;0191;Agricultura, inclusive o apoio à agricultura e a pós-colheita;0111;011;A;012;Cultivo de plantas perennes;Produção de lavouras temporárias;2.3534;153394.61200000002
2014;Estados Unidos;9102;Atividades de museus e operação de locais históricos e edifícios;46897;91;9080;Atividades artísticas, criativas e de espetáculos;9101;91;R;91;ACTIVIDADES DE BIBLIOTECAS, ARCHIVOS Y MUSEOS Y OTRAS ACTIVIDADES CULTURALES;ATIVIDADES LIGADAS AO PATRIMÔNIO CULTURAL E AMBIENTAL;2.3534;110367.39980000001
2014;Estados Unidos;7420;Atividades fotográficas;23130;74;7380;Outras atividades profissionais, científicas e técnicas;7410;74;M;74;OTRAS ACTIVIDADES PROFESIONALES, CIENTÍFICAS Y TÉCNICAS;OUTRAS ATIVIDADES PROFISSIONAIS, CIENTÍFICAS E TÉCNICAS;2.3534;54434.14200000001
2014;Estados Unidos;0122;Cultivo de frutas tropicais e subtropicais;21354;012;0191;Agricultura, inclusive o apoio à agricultura e a pós-colheita;0111;011;A;012;Cultivo de plantas perennes;Produção de lavouras temporárias;2.3534;50254.503600000004
2014;Estados Unidos;2394;Fabricação de cimento, cal e gesso;17010;23;2300;Fabricação de produtos de minerais não metálicos;2311;23;C;23;FABRICACIÓN DE OTROS PRODUCTOS MINERALES NO METÁLICOS;FABRICAÇÃO DE PRODUTOS DE MINERAIS NÃO-METÁLICOS;2.3534;40031.334
2014;Estados Unidos;0112;Cultivo de arroz;16263;011;0191;Agricultura, inclusive o apoio à agricultura e a pós-colheita;0111;011;A;011;Cultivo de plantas no perenes;Produção de lavouras temporárias;2.3534;38273.3442
2014;Estados Unidos;0123;Cultivo de frutas cítricas;14918;012;0191;Agricultura, inclusive o apoio à agricultura e a pós-colheita;0111;011;A;012;Cultivo de plantas perennes;Produção de lavouras temporárias;2.3534;35108.0212
2014;Estados Unidos;3092;Fabricação de bicicletas e carruagens inválidas;11104;30;3000;Fabricação de outros equipamentos de transporte, exceto veículos automotores;3011;30;C;30;FABRICACIÓN DE OTRO  EQUIPO DE TRANSPORTE;FABRICAÇÃO DE OUTROS EQUIPAMENTOS DE TRANSPORTE, EXCETO VEÍCULOS AUTOMOTORES;2.3534;26132.1536
2014;Estados Unidos;2395;Fabricação de artigos de concreto, cimento e gesso;9915;23;2300;Fabricação de produtos de minerais não metálicos;2311;23;C;23;FABRICACIÓN DE OTROS PRODUCTOS MINERALES NO METÁLICOS;FABRICAÇÃO DE PRODUTOS DE MINERAIS NÃO-METÁLICOS;2.3534;23333.961000000003
2014;Estados Unidos;0129;Cultivo de outras culturas perenes;6787;012;0191;Agricultura, inclusive o apoio à agricultura e a pós-colheita;0111;011;A;012;Cultivo de plantas perennes;Produção de lavouras temporárias;2.3534;15972.525800000001
2014;Estados Unidos;0116;Cultivo de culturas de fibra;141;011;0191;Agricultura, inclusive o apoio à agricultura e a pós-colheita;0111;011;A;011;Cultivo de plantas no perenes;Produção de lavouras temporárias;2.3534;331.8294
2013;Estados Unidos;0610;Extração de petróleo bruto;3481274447;06;0680;Extração de petróleo e gás, inclusive as atividades de apoio;0600;06;B;06;EXTRACCIÓN DE PETRÓLEO CRUDO Y GAS NATURAL;EXTRAÇÃO DE PETRÓLEO E GÁS NATURAL;2.1576;7511197746.847199
2013;Estados Unidos;2410;Fabricação de ferro e aço básicos;3315826118;241;2491;Produção de ferro-gusa/ferroligas, siderurgia e tubos de aço sem costura;2411;241;C;241;Fabricación básica de hierro y acero;Produção de ferro-gusa e de ferroligas;2.1576;7154226432.1968
2013;Estados Unidos;3030;Fabricação de aviões e máquinas relacionadas;2409017647;30;3000;Fabricação de outros equipamentos de transporte, exceto veículos automotores;3011;30;C;30;FABRICACIÓN DE OTRO  EQUIPO DE TRANSPORTE;FABRICAÇÃO DE OUTROS EQUIPAMENTOS DE TRANSPORTE, EXCETO VEÍCULOS AUTOMOTORES;2.1576;5197696475.1672
2013;Estados Unidos;2011;Fabricação de produtos químicos básicos;2321911130;201;1992;Fabricação de biocombustíveis;1931;193;C;201;Fabricación de sustancias químicas básicas, de abonos y compuestos de nitrógeno y de plásticos y caucho sintético en formas primarias;Fabricação de biocombustíveis;2.1576;5009755454.088
2013;Estados Unidos;1701;Fabricação de polpa, papel e cartão;1250566336;17;1700;Fabricação de celulose, papel e produtos de papel;1710;17;C;17;FABRICACIÓN DE PAPEL Y DE PRODUCTOS DE PAPEL;FABRICAÇÃO DE CELULOSE, PAPEL E PRODUTOS DE PAPEL;2.1576;2698221926.5536
2013;Estados Unidos;0127;Cultivo de bebidas da safra;886576624;012;0191;Agricultura, inclusive o apoio à agricultura e a pós-colheita;0111;011;A;012;Cultivo de plantas perennes;Produção de lavouras temporárias;2.1576;1912877723.9424
2013;Estados Unidos;2930;Fabricação de peças e acessórios para veículos automotores;825638869;293;2992;Fabricação de peças e acessórios para veículos automotores;2941;294;C;293;Fabricación de partes, piezas y accesorios para vehículos automotores;Fabricação de peças e acessórios para veículos automotores;2.1576;1781398423.7544
2013;Estados Unidos;2396;Corte, moldagem e acabamento de pedra;770069371;23;2300;Fabricação de produtos de minerais não metálicos;2311;23;C;23;FABRICACIÓN DE OTROS PRODUCTOS MINERALES NO METÁLICOS;FABRICAÇÃO DE PRODUTOS DE MINERAIS NÃO-METÁLICOS;2.1576;1661501674.8696
2013;Estados Unidos;2710;Fabricação de motores elétricos, geradores, transformadores e aparelhos de distribuição e controle de energia elétrica;572774478;27;2700;Fabricação de máquinas e equipamentos elétricos;2710;27;C;27;FABRICACIÓN DE EQUIPO ELÉCTRICO;FABRICAÇÃO DE MÁQUINAS, APARELHOS E MATERIAIS ELÉTRICOS;2.1576;1235818213.7328
2013;Estados Unidos;2420;Fabricação de metais preciosos e outros metais não ferrosos;511004482;242;2492;Metalurgia de metais não ferosos e a fundição de metais;2441;244;C;242;Fabricación de productos primarios de metales preciosos y otros metales no ferrosos;Metalurgia dos metais não-ferrosos;2.1576;1102543270.3632
2013;Estados Unidos;2824;Fabricação de máquinas para mineração, exploração de pedreiras e construção;489866809;28;2800;Fabricação de máquinas e equipamentos mecânicos;2811;28;C;28;FABRICACIÓN DE MAQUINARIA Y EQUIPO N.C.P.;FABRICAÇÃO DE MÁQUINAS E EQUIPAMENTOS;2.1576;1056936627.0984
2013;Estados Unidos;0111;Cultivo de cereais (exceto arroz), leguminosas e oleaginosas;474542823;011;0191;Agricultura, inclusive o apoio à agricultura e a pós-colheita;0111;011;A;011;Cultivo de plantas no perenes;Produção de lavouras temporárias;2.1576;1023873594.9047999
2013;Estados Unidos;1030;Processamento e conservação de frutas e legumes;459524038;103;1093;Outros produtos alimentares;1031;103;C;103;Elaboración y conservación de frutas, legumbres y hortalizas;Fabricação de conservas de frutas, legumes e outros vegetais;2.1576;991469064.3888
2013;Estados Unidos;1610;Serração e aplainamento de madeira;425689631;16;1500;Fabricação de calçados e de artefatos de couro;1510;15;C;16;"PRODUCCIÓN DE MADERA Y FABRICACIÓN DE PRODUCTOS DE MADERA Y CORCHO, EXCEPTO MUEBLES; FABRICACIÓN DE ARTÍCULOS DE PAJA Y DE MATERIALES TRENZABLES";PREPARAÇÃO DE COUROS E FABRICAÇÃO DE ARTEFATOS DE COURO, ARTIGOS PARA VIAGEM E CALÇADOS;2.1576;918467947.8456
2013;Estados Unidos;1200;Fabricação de produtos de tabaco;397146018;12;1200;Fabricação de produtos do fumo;1210;12;C;12;ELABORACIÓN DE PRODUCTOS DE TABACO;FABRICAÇÃO DE PRODUTOS DO FUMO;2.1576;856882248.4368
2013;Estados Unidos;2211;"Fabricação de pneus e tubos; recauchutagem e reconstrução de pneus de borracha";290066095;22;1500;Fabricação de calçados e de artefatos de couro;1510;15;C;22;FABRICACIÓN DE PRODUCTOS DE CAUCHO Y PLÁSTICO;PREPARAÇÃO DE COUROS E FABRICAÇÃO DE ARTEFATOS DE COURO, ARTIGOS PARA VIAGEM E CALÇADOS;2.1576;625846606.572
2013;Estados Unidos;2813;Fabricação de outras bombas, compressores, torneiras e válvulas;271581399;28;2800;Fabricação de máquinas e equipamentos mecânicos;2811;28;C;28;FABRICACIÓN DE MAQUINARIA Y EQUIPO N.C.P.;FABRICAÇÃO DE MÁQUINAS E EQUIPAMENTOS;2.1576;585964026.4824
2013;Estados Unidos;1511;Curtimento e vestuário de couro;261437839;15;1500;Fabricação de calçados e de artefatos de couro;1510;15;C;15;FABRICACIÓN DE PRODUCTOS DE CUERO Y PRODUCTOS CONEXOS;PREPARAÇÃO DE COUROS E FABRICAÇÃO DE ARTEFATOS DE COURO, ARTIGOS PARA VIAGEM E CALÇADOS;2.1576;564078281.4264
2013;Estados Unidos;1010;Processamento e conservação de carne;254250519;101;1091;Abate e produtos de carne, inclusive os produtos do laticínio e da pesca;1011;101;C;101;Elaboración y conservación de carne;Abate e fabricação de produtos de carne;2.1576;548570919.7944
2013;Estados Unidos;2814;Fabricação de rolamentos, engrenagens, engrenagens e elementos de acionamento;213238013;28;2800;Fabricação de máquinas e equipamentos mecânicos;2811;28;C;28;FABRICACIÓN DE MAQUINARIA Y EQUIPO N.C.P.;FABRICAÇÃO DE MÁQUINAS E EQUIPAMENTOS;2.1576;460082336.8488
2013;Estados Unidos;0729;Extração de outros minérios de metais não ferrosos;195807451;072;0792;Extração de minerais metálicos não ferrosos, inclusive beneficiamentos;0721;072;B;072;Extracción de minerales metalíferos no ferrosos;Extração de minerais metálicos não-ferrosos;2.1576;422474156.2776
2013;Estados Unidos;1079;Fabricação de outros produtos alimentícios n.c;193267511;107;1092;Fabricação e refino de açúcar;1071;107;C;107;Elaboración de otros productos alimenticios;Fabricação e refino de açúcar;2.1576;416993981.7336
2013;Estados Unidos;1520;Fabricação de calçado;192270255;15;1500;Fabricação de calçados e de artefatos de couro;1510;15;C;15;FABRICACIÓN DE PRODUCTOS DE CUERO Y PRODUCTOS CONEXOS;PREPARAÇÃO DE COUROS E FABRICAÇÃO DE ARTEFATOS DE COURO, ARTIGOS PARA VIAGEM E CALÇADOS;2.1576;414842302.18799996
2013;Estados Unidos;2520;Fabricação de armas e munições;185753491;25;2500;Fabricação de produtos de metal, exceto máquinas e equipamentos;2511;25;C;25;FABRICACIÓN DE PRODUCTOS ELABORADOS DE METAL, EXCEPTO MAQUINARIA Y EQUIPO;FABRICAÇÃO DE PRODUTOS DE METAL, EXCETO MÁQUINAS E EQUIPAMENTOS;2.1576;400781732.1816
2013;Estados Unidos;2100;Fabricação de produtos farmacêuticos, produtos químicos medicinais e botânicos;177519333;21;2100;Fabricação de produtos farmoquímicos e farmacêuticos;2110;21;C;21;FABRICACIÓN DE PRODUCTOS FARMACÉUTICOS, SUSTANCIAS QUÍMICAS MEDICINALES Y PRODUCTOS BOTÁNICOS DE USO FARMACÉUTICO;FABRICAÇÃO DE PRODUTOS FARMOQUÍMICOS E FARMACÊUTICOS;2.1576;383015712.8808
2013;Estados Unidos;2013;Fabricação de plásticos e borracha sintética em formas primárias;163882098;201;1992;Fabricação de biocombustíveis;1931;193;C;201;Fabricación de sustancias químicas básicas, de abonos y compuestos de nitrógeno y de plásticos y caucho sintético en formas primarias;Fabricação de biocombustíveis;2.1576;353592014.6448
2013;Estados Unidos;1622;Fabricação de carpintaria e marcenaria de construtores;158466454;16;1500;Fabricação de calçados e de artefatos de couro;1510;15;C;16;"PRODUCCIÓN DE MADERA Y FABRICACIÓN DE PRODUCTOS DE MADERA Y CORCHO, EXCEPTO MUEBLES; FABRICACIÓN DE ARTÍCULOS DE PAJA Y DE MATERIALES TRENZABLES";PREPARAÇÃO DE COUROS E FABRICAÇÃO DE ARTEFATOS DE COURO, ARTIGOS PARA VIAGEM E CALÇADOS;2.1576;341907221.1504
2013;Estados Unidos;2599;Fabricação de outros produtos metálicos fabricados n.c;151485351;25;2500;Fabricação de produtos de metal, exceto máquinas e equipamentos;2511;25;C;25;FABRICACIÓN DE PRODUCTOS ELABORADOS DE METAL, EXCEPTO MAQUINARIA Y EQUIPO;FABRICAÇÃO DE PRODUTOS DE METAL, EXCETO MÁQUINAS E EQUIPAMENTOS;2.1576;326844793.3176
2013;Estados Unidos;2029;Fabricação de outros produtos químicos n.c;148494562;202;2092;Fabricação de defensivos, desinfestantes, tintas e químicos diversos;2051;205;C;202;Fabricación de otros productos químicos;Fabricação de defensivos agrícolas e desinfestantes domissanitários;2.1576;320391866.9712
2013;Estados Unidos;1920;Fabricação de produtos petrolíferos refinados;141048336;192;1991;Refino de petróleo e coquerias;1921;192;C;192;Fabricación de productos de la refinación del petróleo;Fabricação de produtos derivados do petróleo;2.1576;304325889.7536
2013;Estados Unidos;2593;Fabricação de cutelaria, ferramentas manuais e ferragens em geral;109099324;25;2500;Fabricação de produtos de metal, exceto máquinas e equipamentos;2511;25;C;25;FABRICACIÓN DE PRODUCTOS ELABORADOS DE METAL, EXCEPTO MAQUINARIA Y EQUIPO;FABRICAÇÃO DE PRODUTOS DE METAL, EXCETO MÁQUINAS E EQUIPAMENTOS;2.1576;235392701.4624
2013;Estados Unidos;2651;Fabricação de equipamentos de medição, teste, navegação e controle;99665411;26;2600;Fabricação de equipamentos de informática, produtos eletrônicos e ópticos;2610;26;C;26;FABRICACIÓN DE PRODUCTOS DE INFORMÁTICA, DE ELECTRÓNICA Y DE ÓPTICA;FABRICAÇÃO DE EQUIPAMENTOS DE INFORMÁTICA, PRODUTOS ELETRÔNICOS E ÓPTICOS;2.1576;215038090.77359998
2013;Estados Unidos;3100;Fabricação de móveis;98190687;31;3180;Fabricação de móveis e de produtos de indústrias diversas;3101;31;C;31;FABRICACIÓN DE MUEBLES;FABRICAÇÃO DE MÓVEIS;2.1576;211856226.2712
2013;Estados Unidos;2829;Fabricação de outras máquinas para fins especiais;90743489;28;2800;Fabricação de máquinas e equipamentos mecânicos;2811;28;C;28;FABRICACIÓN DE MAQUINARIA Y EQUIPO N.C.P.;FABRICAÇÃO DE MÁQUINAS E EQUIPAMENTOS;2.1576;195788151.8664
2013;Estados Unidos;1072;Fabricação de açúcar;86630245;107;1092;Fabricação e refino de açúcar;1071;107;C;107;Elaboración de otros productos alimenticios;Fabricação e refino de açúcar;2.1576;186913416.612
2013;Estados Unidos;2220;Fabricação de produtos plásticos;85041178;22;1500;Fabricação de calçados e de artefatos de couro;1510;15;C;22;FABRICACIÓN DE PRODUCTOS DE CAUCHO Y PLÁSTICO;PREPARAÇÃO DE COUROS E FABRICAÇÃO DE ARTEFATOS DE COURO, ARTIGOS PARA VIAGEM E CALÇADOS;2.1576;183484845.6528
2013;Estados Unidos;0128;Cultivo de especiarias, culturas aromáticas, medicamentosas e farmacêuticas;84980565;012;0191;Agricultura, inclusive o apoio à agricultura e a pós-colheita;0111;011;A;012;Cultivo de plantas perennes;Produção de lavouras temporárias;2.1576;183354067.044
2013;Estados Unidos;3211;Fabricação de joalharia e artigos afins;84906621;32;3180;Fabricação de móveis e de produtos de indústrias diversas;3211;32;C;32;OTRAS INDUSTRIAS MANUFACTURERAS;FABRICAÇÃO DE PRODUTOS DIVERSOS;2.1576;183194525.4696
2013;Estados Unidos;2819;Fabricação de outras máquinas para uso geral;83006192;28;2800;Fabricação de máquinas e equipamentos mecânicos;2811;28;C;28;FABRICACIÓN DE MAQUINARIA Y EQUIPO N.C.P.;FABRICAÇÃO DE MÁQUINAS E EQUIPAMENTOS;2.1576;179094159.8592
2013;Estados Unidos;2630;Fabricação de equipamentos de comunicação;78955961;26;2600;Fabricação de equipamentos de informática, produtos eletrônicos e ópticos;2610;26;C;26;FABRICACIÓN DE PRODUCTOS DE INFORMÁTICA, DE ELECTRÓNICA Y DE ÓPTICA;FABRICAÇÃO DE EQUIPAMENTOS DE INFORMÁTICA, PRODUTOS ELETRÔNICOS E ÓPTICOS;2.1576;170355381.4536
2013;Estados Unidos;1621;Fabricação de folheados e painéis derivados de madeira;78903858;16;1500;Fabricação de calçados e de artefatos de couro;1510;15;C;16;"PRODUCCIÓN DE MADERA Y FABRICACIÓN DE PRODUCTOS DE MADERA Y CORCHO, EXCEPTO MUEBLES; FABRICACIÓN DE ARTÍCULOS DE PAJA Y DE MATERIALES TRENZABLES";PREPARAÇÃO DE COUROS E FABRICAÇÃO DE ARTEFATOS DE COURO, ARTIGOS PARA VIAGEM E CALÇADOS;2.1576;170242964.0208
2013;Estados Unidos;1020;Processamento e conservação de peixes, crustáceos e moluscos;75683654;102;1091;Abate e produtos de carne, inclusive os produtos do laticínio e da pesca;1020;102;C;102;Elaboración y conservación de pescado, crustáceos y moluscos;Preservação do pescado e fabricação de produtos do pescado;2.1576;163295051.8704
2013;Estados Unidos;0125;Cultivo de outras frutas e nozes;70461220;012;0191;Agricultura, inclusive o apoio à agricultura e a pós-colheita;0111;011;A;012;Cultivo de plantas perennes;Produção de lavouras temporárias;2.1576;152027128.27199998
2013;Estados Unidos;2399;Fabricação de outros produtos minerais não metálicos n.c;69521961;23;2300;Fabricação de produtos de minerais não metálicos;2311;23;C;23;FABRICACIÓN DE OTROS PRODUCTOS MINERALES NO METÁLICOS;FABRICAÇÃO DE PRODUTOS DE MINERAIS NÃO-METÁLICOS;2.1576;150000583.05359998
2013;Estados Unidos;1073;Fabricação de cacau, chocolate e produtos de confeitaria;65157475;107;1092;Fabricação e refino de açúcar;1071;107;C;107;Elaboración de otros productos alimenticios;Fabricação e refino de açúcar;2.1576;140583768.06
2013;Estados Unidos;2219;Fabricação de outros produtos de borracha;61219800;22;1500;Fabricação de calçados e de artefatos de couro;1510;15;C;22;FABRICACIÓN DE PRODUCTOS DE CAUCHO Y PLÁSTICO;PREPARAÇÃO DE COUROS E FABRICAÇÃO DE ARTEFATOS DE COURO, ARTIGOS PARA VIAGEM E CALÇADOS;2.1576;132087840.48
2013;Estados Unidos;1629;"Fabricação de outros produtos de madeira; fabricação de artigos de cortiça, de espartaria e cestaria";57824950;16;1500;Fabricação de calçados e de artefatos de couro;1510;15;C;16;"PRODUCCIÓN DE MADERA Y FABRICACIÓN DE PRODUCTOS DE MADERA Y CORCHO, EXCEPTO MUEBLES; FABRICACIÓN DE ARTÍCULOS DE PAJA Y DE MATERIALES TRENZABLES";PREPARAÇÃO DE COUROS E FABRICAÇÃO DE ARTEFATOS DE COURO, ARTIGOS PARA VIAGEM E CALÇADOS;2.1576;124763112.12
2013;Estados Unidos;9000;Atividades criativas, artes e entretenimento;55199068;90;9080;Atividades artísticas, criativas e de espetáculos;9001;90;R;90;ACTIVIDADES CREATIVAS, ARTÍSTICAS Y DE ENTRETENIMIENTO;ATIVIDADES ARTÍSTICAS, CRIATIVAS E DE ESPETÁCULOS;2.1576;119097509.1168
2013;Estados Unidos;2620;Fabricação de computadores e equipamentos periféricos;54835543;26;2600;Fabricação de equipamentos de informática, produtos eletrônicos e ópticos;2610;26;C;26;FABRICACIÓN DE PRODUCTOS DE INFORMÁTICA, DE ELECTRÓNICA Y DE ÓPTICA;FABRICAÇÃO DE EQUIPAMENTOS DE INFORMÁTICA, PRODUTOS ELETRÔNICOS E ÓPTICOS;2.1576;118313167.5768
2013;Estados Unidos;3250;Fabricação de instrumentos e suprimentos médicos e odontológicos;51929773;32;3180;Fabricação de móveis e de produtos de indústrias diversas;3211;32;C;32;OTRAS INDUSTRIAS MANUFACTURERAS;FABRICAÇÃO DE PRODUTOS DIVERSOS;2.1576;112043678.22479999
2013;Estados Unidos;0899;Outras atividades de mineração n.c;51123277;08;0580;Extração de carvão mineral e de minerais não metálicos;0810;08;B;08;EXPLOTACIÓN DE OTRAS MINAS Y CANTERAS;EXTRAÇÃO DE MINERAIS NÃO-METÁLICOS;2.1576;110303582.4552
2013;Estados Unidos;0810;Extração de pedra, areia e argila;50146923;08;0580;Extração de carvão mineral e de minerais não metálicos;0810;08;B;08;EXPLOTACIÓN DE OTRAS MINAS Y CANTERAS;EXTRAÇÃO DE MINERAIS NÃO-METÁLICOS;2.1576;108197001.0648
2013;Estados Unidos;3290;Outras manufaturas n.c.;49047904;32;3180;Fabricação de móveis e de produtos de indústrias diversas;3211;32;C;32;OTRAS INDUSTRIAS MANUFACTURERAS;FABRICAÇÃO DE PRODUTOS DIVERSOS;2.1576;105825757.6704
2013;Estados Unidos;2822;Fabricação de máquinas e máquinas-ferramentas para moldagem de metais;47474170;28;2800;Fabricação de máquinas e equipamentos mecânicos;2811;28;C;28;FABRICACIÓN DE MAQUINARIA Y EQUIPO N.C.P.;FABRICAÇÃO DE MÁQUINAS E EQUIPAMENTOS;2.1576;102430269.192
2013;Estados Unidos;2790;Fabricação de outro equipamento elétrico;46921292;27;2700;Fabricação de máquinas e equipamentos elétricos;2710;27;C;27;FABRICACIÓN DE EQUIPO ELÉCTRICO;FABRICAÇÃO DE MÁQUINAS, APARELHOS E MATERIAIS ELÉTRICOS;2.1576;101237379.61919999
2013;Estados Unidos;2821;Fabricação de maquinaria agrícola e florestal;43431611;28;2800;Fabricação de máquinas e equipamentos mecânicos;2811;28;C;28;FABRICACIÓN DE MAQUINARIA Y EQUIPO N.C.P.;FABRICAÇÃO DE MÁQUINAS E EQUIPAMENTOS;2.1576;93708043.8936
2013;Estados Unidos;0149;Criação de outros animais;39820403;014;0192;Pecuária, inclusive o apoio à pecuária;0151;015;A;014;Ganadería;Pecuária;2.1576;85916501.5128
2013;Estados Unidos;2392;Fabricação de materiais de construção de argila;38491113;23;2300;Fabricação de produtos de minerais não metálicos;2311;23;C;23;FABRICACIÓN DE OTROS PRODUCTOS MINERALES NO METÁLICOS;FABRICAÇÃO DE PRODUTOS DE MINERAIS NÃO-METÁLICOS;2.1576;83048425.4088
2013;Estados Unidos;1040;Fabricação de óleos e gorduras vegetais e animais;37819658;104;1093;Outros produtos alimentares;1041;104;C;104;Elaboración de aceites y grasas de origen vegetal y animal;Fabricação de óleos e gorduras vegetais e animais;2.1576;81599694.1008
2013;Estados Unidos;1709;Fabricação de outros artigos de papel e cartão;33981199;17;1700;Fabricação de celulose, papel e produtos de papel;1710;17;C;17;FABRICACIÓN DE PAPEL Y DE PRODUCTOS DE PAPEL;FABRICAÇÃO DE CELULOSE, PAPEL E PRODUTOS DE PAPEL;2.1576;73317834.9624
2013;Estados Unidos;1399;Fabricação de outros têxteis n.e.c.;33368612;13;1300;Fabricação de produtos têxteis;1311;13;C;13;FABRICACIÓN DE PRODUCTOS TEXTILES;FABRICAÇÃO DE PRODUTOS TÊXTEIS;2.1576;71996117.2512
2013;Estados Unidos;2732;Fabricação de outros fios e cabos elétricos e eletrônicos;32781250;27;2700;Fabricação de máquinas e equipamentos elétricos;2710;27;C;27;FABRICACIÓN DE EQUIPO ELÉCTRICO;FABRICAÇÃO DE MÁQUINAS, APARELHOS E MATERIAIS ELÉTRICOS;2.1576;70728825.0
2013;Estados Unidos;2512;Fabricação de tanques, reservatórios e recipientes de metal;31859294;25;2500;Fabricação de produtos de metal, exceto máquinas e equipamentos;2511;25;C;25;FABRICACIÓN DE PRODUCTOS ELABORADOS DE METAL, EXCEPTO MAQUINARIA Y EQUIPO;FABRICAÇÃO DE PRODUTOS DE METAL, EXCETO MÁQUINAS E EQUIPAMENTOS;2.1576;68739612.7344
2013;Estados Unidos;0710;Extração de minério de ferro;31219061;071;0791;Extração de minério de ferro, inclusive beneficiamento e a aglomeração;0710;071;B;071;Extracción de minerales de hierro;Extração de minério de ferro;2.1576;67358246.01359999
2013;Estados Unidos;0113;Cultivo de hortaliças e melões, raízes e tubérculos;30387919;011;0191;Agricultura, inclusive o apoio à agricultura e a pós-colheita;0111;011;A;011;Cultivo de plantas no perenes;Produção de lavouras temporárias;2.1576;65564974.0344
2013;Estados Unidos;1394;Fabricação de cordéis, cordas, cordéis e redes;30383304;13;1300;Fabricação de produtos têxteis;1311;13;C;13;FABRICACIÓN DE PRODUCTOS TEXTILES;FABRICAÇÃO DE PRODUTOS TÊXTEIS;2.1576;65555016.7104
2013;Estados Unidos;2610;Fabricação de componentes eletrônicos e placas;28966012;26;2600;Fabricação de equipamentos de informática, produtos eletrônicos e ópticos;2610;26;C;26;FABRICACIÓN DE PRODUCTOS DE INFORMÁTICA, DE ELECTRÓNICA Y DE ÓPTICA;FABRICAÇÃO DE EQUIPAMENTOS DE INFORMÁTICA, PRODUTOS ELETRÔNICOS E ÓPTICOS;2.1576;62497067.4912
2013;Estados Unidos;1071;Fabricação de produtos de panificação;25636518;107;1092;Fabricação e refino de açúcar;1071;107;C;107;Elaboración de otros productos alimenticios;Fabricação e refino de açúcar;2.1576;55313351.2368
2013;Estados Unidos;3011;Construção de navios e estruturas flutuantes;24063678;30;3000;Fabricação de outros equipamentos de transporte, exceto veículos automotores;3011;30;C;30;FABRICACIÓN DE OTRO  EQUIPO DE TRANSPORTE;FABRICAÇÃO DE OUTROS EQUIPAMENTOS DE TRANSPORTE, EXCETO VEÍCULOS AUTOMOTORES;2.1576;51919791.6528
2013;Estados Unidos;2391;Fabricação de produtos refratários;23825739;23;2300;Fabricação de produtos de minerais não metálicos;2311;23;C;23;FABRICACIÓN DE OTROS PRODUCTOS MINERALES NO METÁLICOS;FABRICAÇÃO DE PRODUTOS DE MINERAIS NÃO-METÁLICOS;2.1576;51406414.4664
2013;Estados Unidos;2310;Fabricação de produtos de vidro e vidro;23003962;23;2300;Fabricação de produtos de minerais não metálicos;2311;23;C;23;FABRICACIÓN DE OTROS PRODUCTOS MINERALES NO METÁLICOS;FABRICAÇÃO DE PRODUTOS DE MINERAIS NÃO-METÁLICOS;2.1576;49633348.4112
2013;Estados Unidos;2811;Fabricação de motores e turbinas, exceto aeronaves, veículos e motores de ciclo;22113208;28;2800;Fabricação de máquinas e equipamentos mecânicos;2811;28;C;28;FABRICACIÓN DE MAQUINARIA Y EQUIPO N.C.P.;FABRICAÇÃO DE MÁQUINAS E EQUIPAMENTOS;2.1576;47711457.5808
2013;Estados Unidos;1410;Fabricação de vestuário, exceto vestuários de peles;20303886;14;1400;Confecção de artefatos do vestuário e acessórios;1411;14;C;14;FABRICACIÓN DE PRENDAS DE VESTIR;CONFECÇÃO DE ARTIGOS DO VESTUÁRIO E ACESSÓRIOS;2.1576;43807664.4336
2013;Estados Unidos;2812;Fabricação de equipamentos para energia hidráulica;19985874;28;2800;Fabricação de máquinas e equipamentos mecânicos;2811;28;C;28;FABRICACIÓN DE MAQUINARIA Y EQUIPO N.C.P.;FABRICAÇÃO DE MÁQUINAS E EQUIPAMENTOS;2.1576;43121521.7424
2013;Estados Unidos;2823;Fabricação de máquinas para metalurgia;19920668;28;2800;Fabricação de máquinas e equipamentos mecânicos;2811;28;C;28;FABRICACIÓN DE MAQUINARIA Y EQUIPO N.C.P.;FABRICAÇÃO DE MÁQUINAS E EQUIPAMENTOS;2.1576;42980833.2768
2013;Estados Unidos;3091;Fabricação de motocicletas;19688422;30;3000;Fabricação de outros equipamentos de transporte, exceto veículos automotores;3011;30;C;30;FABRICACIÓN DE OTRO  EQUIPO DE TRANSPORTE;FABRICAÇÃO DE OUTROS EQUIPAMENTOS DE TRANSPORTE, EXCETO VEÍCULOS AUTOMOTORES;2.1576;42479739.3072
2013;Estados Unidos;2023;Fabricação de sabão e detergentes, produtos de limpeza e polimento, perfumes e produtos de toilette;19070785;202;2092;Fabricação de defensivos, desinfestantes, tintas e químicos diversos;2051;205;C;202;Fabricación de otros productos químicos;Fabricação de defensivos agrícolas e desinfestantes domissanitários;2.1576;41147125.716
2013;Estados Unidos;1512;Fabricação de malas, bolsas e semelhantes, selaria e arreios;17771192;15;1500;Fabricação de calçados e de artefatos de couro;1510;15;C;15;FABRICACIÓN DE PRODUCTOS DE CUERO Y PRODUCTOS CONEXOS;PREPARAÇÃO DE COUROS E FABRICAÇÃO DE ARTEFATOS DE COURO, ARTIGOS PARA VIAGEM E CALÇADOS;2.1576;38343123.8592
2013;Estados Unidos;2660;Fabricação de equipamentos de irradiação, eletromédicos e eletroterapêuticos;17763417;26;2600;Fabricação de equipamentos de informática, produtos eletrônicos e ópticos;2610;26;C;26;FABRICACIÓN DE PRODUCTOS DE INFORMÁTICA, DE ELECTRÓNICA Y DE ÓPTICA;FABRICAÇÃO DE EQUIPAMENTOS DE INFORMÁTICA, PRODUTOS ELETRÔNICOS E ÓPTICOS;2.1576;38326348.5192
2013;Estados Unidos;2910;Fabricação de veículos automotores;16994262;291;2991;Fabricação de automóveis, caminhões e ônibus, exceto peças;2910;291;C;291;Fabricación de vehículos automotores;Fabricação de automóveis, camionetas e utilitários;2.1576;36666819.6912
2013;Estados Unidos;0311;Pesca marinha;13476083;03;0280;"Produção florestal; pesca e aquicultura";0311;03;A;03;PESCA Y ACUICULTURA;PESCA E AQÜICULTURA;2.1576;29075996.6808
2013;Estados Unidos;3020;Fabricação de locomotivas e material circulante;11955242;30;3000;Fabricação de outros equipamentos de transporte, exceto veículos automotores;3011;30;C;30;FABRICACIÓN DE OTRO  EQUIPO DE TRANSPORTE;FABRICAÇÃO DE OUTROS EQUIPAMENTOS DE TRANSPORTE, EXCETO VEÍCULOS AUTOMOTORES;2.1576;25794630.1392
2013;Estados Unidos;2431;Fundição de ferro e aço;11057901;243;2492;Metalurgia de metais não ferosos e a fundição de metais;2451;245;C;243;Fundición de metales;Fundição;2.1576;23858527.1976
2013;Estados Unidos;1062;Fabricação de amidos e féculas;10668452;106;1093;Outros produtos alimentares;1061;106;C;106;Elaboración de productos de molinería, almidones y productos derivados del almidón;Moagem, fabricação de produtos amiláceos e de alimentos para animais;2.1576;23018252.0352
2013;Estados Unidos;2012;Fabricação de fertilizantes e compostos nitrogenados;9901926;201;1992;Fabricação de biocombustíveis;1931;193;C;201;Fabricación de sustancias químicas básicas, de abonos y compuestos de nitrógeno y de plásticos y caucho sintético en formas primarias;Fabricação de biocombustíveis;2.1576;21364395.5376
2013;Estados Unidos;2021;Fabricação de pesticidas e outros produtos agroquímicos;9444544;202;2092;Fabricação de defensivos, desinfestantes, tintas e químicos diversos;2051;205;C;202;Fabricación de otros productos químicos;Fabricação de defensivos agrícolas e desinfestantes domissanitários;2.1576;20377548.1344
2013;Estados Unidos;2640;Fabricação de produtos eletrônicos de consumo;9283504;26;2600;Fabricação de equipamentos de informática, produtos eletrônicos e ópticos;2610;26;C;26;FABRICACIÓN DE PRODUCTOS DE INFORMÁTICA, DE ELECTRÓNICA Y DE ÓPTICA;FABRICAÇÃO DE EQUIPAMENTOS DE INFORMÁTICA, PRODUTOS ELETRÔNICOS E ÓPTICOS;2.1576;20030088.2304
2013;Estados Unidos;2022;Fabricação de tintas, vernizes e produtos similares, tintas de impressão e mástiques;9184515;202;2092;Fabricação de defensivos, desinfestantes, tintas e químicos diversos;2051;205;C;202;Fabricación de otros productos químicos;Fabricação de defensivos agrícolas e desinfestantes domissanitários;2.1576;19816509.564
2013;Estados Unidos;2816;Fabricação de equipamentos de elevação e manuseio;9017707;28;2800;Fabricação de máquinas e equipamentos mecânicos;2811;28;C;28;FABRICACIÓN DE MAQUINARIA Y EQUIPO N.C.P.;FABRICAÇÃO DE MÁQUINAS E EQUIPAMENTOS;2.1576;19456604.6232
2013;Estados Unidos;2825;Fabricação de máquinas para processamento de alimentos, bebidas e tabaco;8332073;28;2800;Fabricação de máquinas e equipamentos mecânicos;2811;28;C;28;FABRICACIÓN DE MAQUINARIA Y EQUIPO N.C.P.;FABRICAÇÃO DE MÁQUINAS E EQUIPAMENTOS;2.1576;17977280.7048
2013;Estados Unidos;1311;Preparação e fiação de fibras têxteis;8140723;13;1300;Fabricação de produtos têxteis;1311;13;C;13;FABRICACIÓN DE PRODUCTOS TEXTILES;FABRICAÇÃO DE PRODUTOS TÊXTEIS;2.1576;17564423.9448
2013;Estados Unidos;1061;Fabricação de produtos de moagem de grãos;7782886;106;1093;Outros produtos alimentares;1061;106;C;106;Elaboración de productos de molinería, almidones y productos derivados del almidón;Moagem, fabricação de produtos amiláceos e de alimentos para animais;2.1576;16792354.8336
2013;Estados Unidos;2826;Fabricação de máquinas para produção de têxteis, vestuário e couro;7252086;28;2800;Fabricação de máquinas e equipamentos mecânicos;2811;28;C;28;FABRICACIÓN DE MAQUINARIA Y EQUIPO N.C.P.;FABRICAÇÃO DE MÁQUINAS E EQUIPAMENTOS;2.1576;15647100.7536
2013;Estados Unidos;1312;Tecelagem de têxteis;6837693;13;1300;Fabricação de produtos têxteis;1311;13;C;13;FABRICACIÓN DE PRODUCTOS TEXTILES;FABRICAÇÃO DE PRODUTOS TÊXTEIS;2.1576;14753006.4168
2013;Estados Unidos;1702;Fabricação de papel e cartão canelados e de embalagens de papel e cartão;6252559;17;1700;Fabricação de celulose, papel e produtos de papel;1710;17;C;17;FABRICACIÓN DE PAPEL Y DE PRODUCTOS DE PAPEL;FABRICAÇÃO DE CELULOSE, PAPEL E PRODUTOS DE PAPEL;2.1576;13490521.2984
2013;Estados Unidos;2920;"Fabricação de carroçarias para veículos automotores; fabricação de reboques e semi-reboques";5952552;292;2991;Fabricação de automóveis, caminhões e ônibus, exceto peças;2930;293;C;292;"Fabricación de carrocerías para vehículos automotores; fabricación de remolques y semirremolques";Fabricação de cabines, carrocerias e reboques para veículos automotores;2.1576;12843226.1952
2013;Estados Unidos;2750;Fabricação de eletrodomésticos;5947100;27;2700;Fabricação de máquinas e equipamentos elétricos;2710;27;C;27;FABRICACIÓN DE EQUIPO ELÉCTRICO;FABRICAÇÃO DE MÁQUINAS, APARELHOS E MATERIAIS ELÉTRICOS;2.1576;12831462.959999999
2013;Estados Unidos;1392;Fabricação de artigos têxteis confeccionados, exceto vestuário;5945665;13;1300;Fabricação de produtos têxteis;1311;13;C;13;FABRICACIÓN DE PRODUCTOS TEXTILES;FABRICAÇÃO DE PRODUTOS TÊXTEIS;2.1576;12828366.804
2013;Estados Unidos;0121;Cultivo de uvas;5673245;012;0191;Agricultura, inclusive o apoio à agricultura e a pós-colheita;0111;011;A;012;Cultivo de plantas perennes;Produção de lavouras temporárias;2.1576;12240593.412
2013;Estados Unidos;0130;Cultivo de plantas;5155388;013;0191;Agricultura, inclusive o apoio à agricultura e a pós-colheita;0141;014;A;013;Propagación de plantas;Produção de sementes e mudas certificadas;2.1576;11123265.1488
2013;Estados Unidos;1391;Fabricação de tecidos de malha;4834121;13;1300;Fabricação de produtos têxteis;1311;13;C;13;FABRICACIÓN DE PRODUCTOS TEXTILES;FABRICAÇÃO DE PRODUTOS TÊXTEIS;2.1576;10430099.4696
2013;Estados Unidos;2815;Fabricação de fornos, fornos e queimadores de fornos;4811084;28;2800;Fabricação de máquinas e equipamentos mecânicos;2811;28;C;28;FABRICACIÓN DE MAQUINARIA Y EQUIPO N.C.P.;FABRICAÇÃO DE MÁQUINAS E EQUIPAMENTOS;2.1576;10380394.8384
2013;Estados Unidos;2740;Fabricação de equipamentos de iluminação elétrica;4391891;27;2700;Fabricação de máquinas e equipamentos elétricos;2710;27;C;27;FABRICACIÓN DE EQUIPO ELÉCTRICO;FABRICAÇÃO DE MÁQUINAS, APARELHOS E MATERIAIS ELÉTRICOS;2.1576;9475944.0216
2013;Estados Unidos;1104;"Fabricação de refrigerantes; produção de águas minerais e outras águas engarrafadas";3977141;11;1100;Fabricação de bebidas;1111;11;C;11;ELABORACIÓN DE BEBIDAS;FABRICAÇÃO DE BEBIDAS;2.1576;8581079.4216
2013;Estados Unidos;3212;Fabricação de bijuterias e artigos relacionados;3491163;32;3180;Fabricação de móveis e de produtos de indústrias diversas;3211;32;C;32;OTRAS INDUSTRIAS MANUFACTURERAS;FABRICAÇÃO DE PRODUTOS DIVERSOS;2.1576;7532533.2888
2013;Estados Unidos;3099;Fabricação de outros equipamentos de transporte n.c;3362028;30;3000;Fabricação de outros equipamentos de transporte, exceto veículos automotores;3011;30;C;30;FABRICACIÓN DE OTRO  EQUIPO DE TRANSPORTE;FABRICAÇÃO DE OUTROS EQUIPAMENTOS DE TRANSPORTE, EXCETO VEÍCULOS AUTOMOTORES;2.1576;7253911.6128
2013;Estados Unidos;1080;Fabricação de alimentos para animais;3361052;108;1093;Outros produtos alimentares;1061;106;C;108;Elaboración de piensos preparados para animales;Moagem, fabricação de produtos amiláceos e de alimentos para animais;2.1576;7251805.7952
2013;Estados Unidos;2817;Fabricação de máquinas e equipamentos de escritório (exceto computadores e equipamentos periféricos);3055818;28;2800;Fabricação de máquinas e equipamentos mecânicos;2811;28;C;28;FABRICACIÓN DE MAQUINARIA Y EQUIPO N.C.P.;FABRICAÇÃO DE MÁQUINAS E EQUIPAMENTOS;2.1576;6593232.9168
2013;Estados Unidos;1623;Fabricação de embalagens de madeira;2582307;16;1500;Fabricação de calçados e de artefatos de couro;1510;15;C;16;"PRODUCCIÓN DE MADERA Y FABRICACIÓN DE PRODUCTOS DE MADERA Y CORCHO, EXCEPTO MUEBLES; FABRICACIÓN DE ARTÍCULOS DE PAJA Y DE MATERIALES TRENZABLES";PREPARAÇÃO DE COUROS E FABRICAÇÃO DE ARTEFATOS DE COURO, ARTIGOS PARA VIAGEM E CALÇADOS;2.1576;5571585.5832
2013;Estados Unidos;5819;Outras atividades de publicação;2154396;58;5800;Edição e edição integrada à impressão;5811;58;J;58;ACTIVIDADES DE EDICIÓN;EDIÇÃO E EDIÇÃO INTEGRADA À IMPRESSÃO;2.1576;4648324.8096
2013;Estados Unidos;2393;Fabricação de outros produtos de porcelana e cerâmica;2023503;23;2300;Fabricação de produtos de minerais não metálicos;2311;23;C;23;FABRICACIÓN DE OTROS PRODUCTOS MINERALES NO METÁLICOS;FABRICAÇÃO DE PRODUTOS DE MINERAIS NÃO-METÁLICOS;2.1576;4365910.0728
2013;Estados Unidos;1430;Fabricação de vestuário de malha;1991157;14;1400;Confecção de artefatos do vestuário e acessórios;1411;14;C;14;FABRICACIÓN DE PRENDAS DE VESTIR;CONFECÇÃO DE ARTIGOS DO VESTUÁRIO E ACESSÓRIOS;2.1576;4296120.3432
2013;Estados Unidos;1101;Fabricação de aguardentes e outras bebidas destiladas;1903010;11;1100;Fabricação de bebidas;1111;11;C;11;ELABORACIÓN DE BEBIDAS;FABRICAÇÃO DE BEBIDAS;2.1576;4105934.3759999997
2013;Estados Unidos;1074;Fabricação de macarrão, talharim, cuscuz e produtos farináceos semelhantes;1823218;107;1092;Fabricação e refino de açúcar;1071;107;C;107;Elaboración de otros productos alimenticios;Fabricação e refino de açúcar;2.1576;3933775.1568
2013;Estados Unidos;0142;Criação de cavalos e outros equinos;1725483;014;0192;Pecuária, inclusive o apoio à pecuária;0151;015;A;014;Ganadería;Pecuária;2.1576;3722902.1208
2013;Estados Unidos;1420;Fabricação de artigos de peles;1670222;14;1400;Confecção de artefatos do vestuário e acessórios;1411;14;C;14;FABRICACIÓN DE PRENDAS DE VESTIR;CONFECÇÃO DE ARTIGOS DO VESTUÁRIO E ACESSÓRIOS;2.1576;3603670.9872
2013;Estados Unidos;2513;Fabricação de geradores de vapor, exceto caldeiras de aquecimento central de água quente;1640294;25;2500;Fabricação de produtos de metal, exceto máquinas e equipamentos;2511;25;C;25;FABRICACIÓN DE PRODUCTOS ELABORADOS DE METAL, EXCEPTO MAQUINARIA Y EQUIPO;FABRICAÇÃO DE PRODUTOS DE METAL, EXCETO MÁQUINAS E EQUIPAMENTOS;2.1576;3539098.3344
2013;Estados Unidos;2818;Fabricação de ferramentas manuais acionadas por motor;1580366;28;2800;Fabricação de máquinas e equipamentos mecânicos;2811;28;C;28;FABRICACIÓN DE MAQUINARIA Y EQUIPO N.C.P.;FABRICAÇÃO DE MÁQUINAS E EQUIPAMENTOS;2.1576;3409797.6816
2013;Estados Unidos;5811;Publicação de livros;1571082;58;5800;Edição e edição integrada à impressão;5811;58;J;58;ACTIVIDADES DE EDICIÓN;EDIÇÃO E EDIÇÃO INTEGRADA À IMPRESSÃO;2.1576;3389766.5232
2013;Estados Unidos;2670;Fabricação de instrumentos ópticos e equipamento fotográfico;1394513;26;2600;Fabricação de equipamentos de informática, produtos eletrônicos e ópticos;2610;26;C;26;FABRICACIÓN DE PRODUCTOS DE INFORMÁTICA, DE ELECTRÓNICA Y DE ÓPTICA;FABRICAÇÃO DE EQUIPAMENTOS DE INFORMÁTICA, PRODUTOS ELETRÔNICOS E ÓPTICOS;2.1576;3008801.2488
2013;Estados Unidos;2731;Fabricação de cabos de fibra ótica;1353223;27;2700;Fabricação de máquinas e equipamentos elétricos;2710;27;C;27;FABRICACIÓN DE EQUIPO ELÉCTRICO;FABRICAÇÃO DE MÁQUINAS, APARELHOS E MATERIAIS ELÉTRICOS;2.1576;2919713.9448
2013;Estados Unidos;1102;Fabricação de vinhos;1345723;11;1100;Fabricação de bebidas;1111;11;C;11;ELABORACIÓN DE BEBIDAS;FABRICAÇÃO DE BEBIDAS;2.1576;2903531.9448
2013;Estados Unidos;1393;Fabricação de tapetes e tapetes;1297877;13;1300;Fabricação de produtos têxteis;1311;13;C;13;FABRICACIÓN DE PRODUCTOS TEXTILES;FABRICAÇÃO DE PRODUTOS TÊXTEIS;2.1576;2800299.4152
2013;Estados Unidos;1050;Fabricação de produtos lácteos;1254084;105;1091;Abate e produtos de carne, inclusive os produtos do laticínio e da pesca;1051;105;C;105;Elaboración de productos lácteos;Laticínios;2.1576;2705811.6384
2013;Estados Unidos;3240;Fabricação de jogos e brinquedos;1170444;32;3180;Fabricação de móveis e de produtos de indústrias diversas;3211;32;C;32;OTRAS INDUSTRIAS MANUFACTURERAS;FABRICAÇÃO DE PRODUTOS DIVERSOS;2.1576;2525349.9744
2013;Estados Unidos;0115;Cultivo de tabaco;1120590;011;0191;Agricultura, inclusive o apoio à agricultura e a pós-colheita;0111;011;A;011;Cultivo de plantas no perenes;Produção de lavouras temporárias;2.1576;2417784.984
2013;Estados Unidos;3012;Construção de barcos de recreio e desportivos;966550;30;3000;Fabricação de outros equipamentos de transporte, exceto veículos automotores;3011;30;C;30;FABRICACIÓN DE OTRO  EQUIPO DE TRANSPORTE;FABRICAÇÃO DE OUTROS EQUIPAMENTOS DE TRANSPORTE, EXCETO VEÍCULOS AUTOMOTORES;2.1576;2085428.28
2013;Estados Unidos;2680;Fabricação de mídia magnética e óptica;934213;26;2600;Fabricação de equipamentos de informática, produtos eletrônicos e ópticos;2610;26;C;26;FABRICACIÓN DE PRODUCTOS DE INFORMÁTICA, DE ELECTRÓNICA Y DE ÓPTICA;FABRICAÇÃO DE EQUIPAMENTOS DE INFORMÁTICA, PRODUTOS ELETRÔNICOS E ÓPTICOS;2.1576;2015657.9688
2013;Estados Unidos;2720;Fabricação de baterias e acumuladores;845187;27;2700;Fabricação de máquinas e equipamentos elétricos;2710;27;C;27;FABRICACIÓN DE EQUIPO ELÉCTRICO;FABRICAÇÃO DE MÁQUINAS, APARELHOS E MATERIAIS ELÉTRICOS;2.1576;1823575.4712
2013;Estados Unidos;2030;Fabricação de fibras sintéticas ou artificiais;844757;203;2091;Fabricação de químicos orgânicos e inorgânicos, resinas e elastômeros;2040;204;C;203;Fabricación de fibras artificiales;Fabricação de fibras artificiais e sintéticas;2.1576;1822647.7031999999
2013;Estados Unidos;3230;Fabricação de artigos esportivos;729463;32;3180;Fabricação de móveis e de produtos de indústrias diversas;3211;32;C;32;OTRAS INDUSTRIAS MANUFACTURERAS;FABRICAÇÃO DE PRODUTOS DIVERSOS;2.1576;1573889.3688
2013;Estados Unidos;0220;Exploração madeireira;692494;02;0280;"Produção florestal; pesca e aquicultura";0210;02;A;02;SILVICULTURA Y EXTRACCIÓN DE MADERA;PRODUÇÃO FLORESTAL;2.1576;1494125.0544
2013;Estados Unidos;0129;Cultivo de outras culturas perenes;688647;012;0191;Agricultura, inclusive o apoio à agricultura e a pós-colheita;0111;011;A;012;Cultivo de plantas perennes;Produção de lavouras temporárias;2.1576;1485824.7672
2013;Estados Unidos;2511;Fabricação de produtos metálicos estruturais;663058;25;2500;Fabricação de produtos de metal, exceto máquinas e equipamentos;2511;25;C;25;FABRICACIÓN DE PRODUCTOS ELABORADOS DE METAL, EXCEPTO MAQUINARIA Y EQUIPO;FABRICAÇÃO DE PRODUTOS DE METAL, EXCETO MÁQUINAS E EQUIPAMENTOS;2.1576;1430613.9408
2013;Estados Unidos;0116;Cultivo de culturas de fibra;639124;011;0191;Agricultura, inclusive o apoio à agricultura e a pós-colheita;0111;011;A;011;Cultivo de plantas no perenes;Produção de lavouras temporárias;2.1576;1378973.9424
2013;Estados Unidos;1103;Fabricação de malte e bebidas maltadas.;617260;11;1100;Fabricação de bebidas;1111;11;C;11;ELABORACIÓN DE BEBIDAS;FABRICAÇÃO DE BEBIDAS;2.1576;1331800.176
2013;Estados Unidos;1812;Atividades de serviço relacionadas à impressão;592513;18;1800;Impressão e reprodução de gravações;1811;18;C;18;IMPRESIÓN Y REPRODUCCIÓN DE GRABACIONES;IMPRESSÃO E REPRODUÇÃO DE GRAVAÇÕES;2.1576;1278406.0488
2013;Estados Unidos;3220;Fabricação de instrumentos musicais;452227;32;3180;Fabricação de móveis e de produtos de indústrias diversas;3211;32;C;32;OTRAS INDUSTRIAS MANUFACTURERAS;FABRICAÇÃO DE PRODUTOS DIVERSOS;2.1576;975724.9752
2013;Estados Unidos;2652;Fabricação de cronomêtros e relógios;367657;26;2600;Fabricação de equipamentos de informática, produtos eletrônicos e ópticos;2610;26;C;26;FABRICACIÓN DE PRODUCTOS DE INFORMÁTICA, DE ELECTRÓNICA Y DE ÓPTICA;FABRICAÇÃO DE EQUIPAMENTOS DE INFORMÁTICA, PRODUTOS ELETRÔNICOS E ÓPTICOS;2.1576;793256.7432
2013;Estados Unidos;0230;Coleta de produtos florestais não madeireiros;356159;02;0280;"Produção florestal; pesca e aquicultura";0210;02;A;02;SILVICULTURA Y EXTRACCIÓN DE MADERA;PRODUÇÃO FLORESTAL;2.1576;768448.6584
2013;Estados Unidos;0122;Cultivo de frutas tropicais e subtropicais;278948;012;0191;Agricultura, inclusive o apoio à agricultura e a pós-colheita;0111;011;A;012;Cultivo de plantas perennes;Produção de lavouras temporárias;2.1576;601858.2048
2013;Estados Unidos;5813;Publicação de jornais, revistas e periódicos;182597;58;5800;Edição e edição integrada à impressão;5811;58;J;58;ACTIVIDADES DE EDICIÓN;EDIÇÃO E EDIÇÃO INTEGRADA À IMPRESSÃO;2.1576;393971.2872
2013;Estados Unidos;2395;Fabricação de artigos de concreto, cimento e gesso;92049;23;2300;Fabricação de produtos de minerais não metálicos;2311;23;C;23;FABRICACIÓN DE OTROS PRODUCTOS MINERALES NO METÁLICOS;FABRICAÇÃO DE PRODUTOS DE MINERAIS NÃO-METÁLICOS;2.1576;198604.9224
2013;Estados Unidos;0893;Extração de sal;79140;08;0580;Extração de carvão mineral e de minerais não metálicos;0810;08;B;08;EXPLOTACIÓN DE OTRAS MINAS Y CANTERAS;EXTRAÇÃO DE MINERAIS NÃO-METÁLICOS;2.1576;170752.464
2013;Estados Unidos;0126;Cultivo de frutas oleaginosas;71465;012;0191;Agricultura, inclusive o apoio à agricultura e a pós-colheita;0111;011;A;012;Cultivo de plantas perennes;Produção de lavouras temporárias;2.1576;154192.884
2013;Estados Unidos;2394;Fabricação de cimento, cal e gesso;28577;23;2300;Fabricação de produtos de minerais não metálicos;2311;23;C;23;FABRICACIÓN DE OTROS PRODUCTOS MINERALES NO METÁLICOS;FABRICAÇÃO DE PRODUTOS DE MINERAIS NÃO-METÁLICOS;2.1576;61657.735199999996
2013;Estados Unidos;3092;Fabricação de bicicletas e carruagens inválidas;22904;30;3000;Fabricação de outros equipamentos de transporte, exceto veículos automotores;3011;30;C;30;FABRICACIÓN DE OTRO  EQUIPO DE TRANSPORTE;FABRICAÇÃO DE OUTROS EQUIPAMENTOS DE TRANSPORTE, EXCETO VEÍCULOS AUTOMOTORES;2.1576;49417.6704
2013;Estados Unidos;0891;Extração de minerais químicos e fertilizantes;19486;08;0580;Extração de carvão mineral e de minerais não metálicos;0810;08;B;08;EXPLOTACIÓN DE OTRAS MINAS Y CANTERAS;EXTRAÇÃO DE MINERAIS NÃO-METÁLICOS;2.1576;42042.9936
2013;Estados Unidos;0119;Cultivo de outras culturas não perenes;17097;011;0191;Agricultura, inclusive o apoio à agricultura e a pós-colheita;0111;011;A;011;Cultivo de plantas no perenes;Produção de lavouras temporárias;2.1576;36888.487199999996
2013;Estados Unidos;9102;Atividades de museus e operação de locais históricos e edifícios;14209;91;9080;Atividades artísticas, criativas e de espetáculos;9101;91;R;91;ACTIVIDADES DE BIBLIOTECAS, ARCHIVOS Y MUSEOS Y OTRAS ACTIVIDADES CULTURALES;ATIVIDADES LIGADAS AO PATRIMÔNIO CULTURAL E AMBIENTAL;2.1576;30657.3384
2013;Estados Unidos;0510;Mineração de Carvão;627;05;0580;Extração de carvão mineral e de minerais não metálicos;0500;05;B;05;EXTRACCIÓN DE CARBÓN DE PIEDRA Y LIGNITO;EXTRAÇÃO DE CARVÃO MINERAL;2.1576;1352.8152
2013;Estados Unidos;1910;Fabricação de produtos de forno de coque;111;191;1991;Refino de petróleo e coquerias;1910;191;C;191;Fabricación de productos de hornos de coque;Coquerias;2.1576;239.4936
2012;Estados Unidos;0610;Extração de petróleo bruto;5561219262;06;0680;Extração de petróleo e gás, inclusive as atividades de apoio;0600;06;B;06;EXTRACCIÓN DE PETRÓLEO CRUDO Y GAS NATURAL;EXTRAÇÃO DE PETRÓLEO E GÁS NATURAL;1.9546;10869959169.5052
2012;Estados Unidos;2410;Fabricação de ferro e aço básicos;3608563185;241;2491;Produção de ferro-gusa/ferroligas, siderurgia e tubos de aço sem costura;2411;241;C;241;Fabricación básica de hierro y acero;Produção de ferro-gusa e de ferroligas;1.9546;7053297601.401
2012;Estados Unidos;2011;Fabricação de produtos químicos básicos;2765196061;201;1992;Fabricação de biocombustíveis;1931;193;C;201;Fabricación de sustancias químicas básicas, de abonos y compuestos de nitrógeno y de plásticos y caucho sintético en formas primarias;Fabricação de biocombustíveis;1.9546;5404852220.8306
2012;Estados Unidos;3030;Fabricação de aviões e máquinas relacionadas;1423126963;30;3000;Fabricação de outros equipamentos de transporte, exceto veículos automotores;3011;30;C;30;FABRICACIÓN DE OTRO  EQUIPO DE TRANSPORTE;FABRICAÇÃO DE OUTROS EQUIPAMENTOS DE TRANSPORTE, EXCETO VEÍCULOS AUTOMOTORES;1.9546;2781643961.8798
2012;Estados Unidos;1701;Fabricação de polpa, papel e cartão;1066458610;17;1700;Fabricação de celulose, papel e produtos de papel;1710;17;C;17;FABRICACIÓN DE PAPEL Y DE PRODUCTOS DE PAPEL;FABRICAÇÃO DE CELULOSE, PAPEL E PRODUTOS DE PAPEL;1.9546;2084499999.106
2012;Estados Unidos;0127;Cultivo de bebidas da safra;1055800678;012;0191;Agricultura, inclusive o apoio à agricultura e a pós-colheita;0111;011;A;012;Cultivo de plantas perennes;Produção de lavouras temporárias;1.9546;2063668005.2187998
2012;Estados Unidos;2930;Fabricação de peças e acessórios para veículos automotores;986201489;293;2992;Fabricação de peças e acessórios para veículos automotores;2941;294;C;293;Fabricación de partes, piezas y accesorios para vehículos automotores;Fabricação de peças e acessórios para veículos automotores;1.9546;1927629430.3994
2012;Estados Unidos;2710;Fabricação de motores elétricos, geradores, transformadores e aparelhos de distribuição e controle de energia elétrica;858379008;27;2700;Fabricação de máquinas e equipamentos elétricos;2710;27;C;27;FABRICACIÓN DE EQUIPO ELÉCTRICO;FABRICAÇÃO DE MÁQUINAS, APARELHOS E MATERIAIS ELÉTRICOS;1.9546;1677787609.0368
2012;Estados Unidos;2824;Fabricação de máquinas para mineração, exploração de pedreiras e construção;676723436;28;2800;Fabricação de máquinas e equipamentos mecânicos;2811;28;C;28;FABRICACIÓN DE MAQUINARIA Y EQUIPO N.C.P.;FABRICAÇÃO DE MÁQUINAS E EQUIPAMENTOS;1.9546;1322723628.0056
2012;Estados Unidos;2420;Fabricação de metais preciosos e outros metais não ferrosos;622984970;242;2492;Metalurgia de metais não ferosos e a fundição de metais;2441;244;C;242;Fabricación de productos primarios de metales preciosos y otros metales no ferrosos;Metalurgia dos metais não-ferrosos;1.9546;1217686422.362
2012;Estados Unidos;2396;Corte, moldagem e acabamento de pedra;577200488;23;2300;Fabricação de produtos de minerais não metálicos;2311;23;C;23;FABRICACIÓN DE OTROS PRODUCTOS MINERALES NO METÁLICOS;FABRICAÇÃO DE PRODUTOS DE MINERAIS NÃO-METÁLICOS;1.9546;1128196073.8448
2012;Estados Unidos;1610;Serração e aplainamento de madeira;402637340;16;1500;Fabricação de calçados e de artefatos de couro;1510;15;C;16;"PRODUCCIÓN DE MADERA Y FABRICACIÓN DE PRODUCTOS DE MADERA Y CORCHO, EXCEPTO MUEBLES; FABRICACIÓN DE ARTÍCULOS DE PAJA Y DE MATERIALES TRENZABLES";PREPARAÇÃO DE COUROS E FABRICAÇÃO DE ARTEFATOS DE COURO, ARTIGOS PARA VIAGEM E CALÇADOS;1.9546;786994944.7639999
2012;Estados Unidos;2211;"Fabricação de pneus e tubos; recauchutagem e reconstrução de pneus de borracha";391435973;22;1500;Fabricação de calçados e de artefatos de couro;1510;15;C;22;FABRICACIÓN DE PRODUCTOS DE CAUCHO Y PLÁSTICO;PREPARAÇÃO DE COUROS E FABRICAÇÃO DE ARTEFATOS DE COURO, ARTIGOS PARA VIAGEM E CALÇADOS;1.9546;765100752.8258
2012;Estados Unidos;1030;Processamento e conservação de frutas e legumes;383190097;103;1093;Outros produtos alimentares;1031;103;C;103;Elaboración y conservación de frutas, legumbres y hortalizas;Fabricação de conservas de frutas, legumes e outros vegetais;1.9546;748983363.5962
2012;Estados Unidos;1200;Fabricação de produtos de tabaco;355500508;12;1200;Fabricação de produtos do fumo;1210;12;C;12;ELABORACIÓN DE PRODUCTOS DE TABACO;FABRICAÇÃO DE PRODUTOS DO FUMO;1.9546;694861292.9368
2012;Estados Unidos;2813;Fabricação de outras bombas, compressores, torneiras e válvulas;340735311;28;2800;Fabricação de máquinas e equipamentos mecânicos;2811;28;C;28;FABRICACIÓN DE MAQUINARIA Y EQUIPO N.C.P.;FABRICAÇÃO DE MÁQUINAS E EQUIPAMENTOS;1.9546;666001238.8806
2012;Estados Unidos;1511;Curtimento e vestuário de couro;268684073;15;1500;Fabricação de calçados e de artefatos de couro;1510;15;C;15;FABRICACIÓN DE PRODUCTOS DE CUERO Y PRODUCTOS CONEXOS;PREPARAÇÃO DE COUROS E FABRICAÇÃO DE ARTEFATOS DE COURO, ARTIGOS PARA VIAGEM E CALÇADOS;1.9546;525169889.0858
2012;Estados Unidos;2814;Fabricação de rolamentos, engrenagens, engrenagens e elementos de acionamento;247876099;28;2800;Fabricação de máquinas e equipamentos mecânicos;2811;28;C;28;FABRICACIÓN DE MAQUINARIA Y EQUIPO N.C.P.;FABRICAÇÃO DE MÁQUINAS E EQUIPAMENTOS;1.9546;484498623.10539997
2012;Estados Unidos;2013;Fabricação de plásticos e borracha sintética em formas primárias;219174015;201;1992;Fabricação de biocombustíveis;1931;193;C;201;Fabricación de sustancias químicas básicas, de abonos y compuestos de nitrógeno y de plásticos y caucho sintético en formas primarias;Fabricação de biocombustíveis;1.9546;428397529.719
2012;Estados Unidos;1010;Processamento e conservação de carne;212743080;101;1091;Abate e produtos de carne, inclusive os produtos do laticínio e da pesca;1011;101;C;101;Elaboración y conservación de carne;Abate e fabricação de produtos de carne;1.9546;415827624.168
2012;Estados Unidos;1520;Fabricação de calçado;200767807;15;1500;Fabricação de calçados e de artefatos de couro;1510;15;C;15;FABRICACIÓN DE PRODUCTOS DE CUERO Y PRODUCTOS CONEXOS;PREPARAÇÃO DE COUROS E FABRICAÇÃO DE ARTEFATOS DE COURO, ARTIGOS PARA VIAGEM E CALÇADOS;1.9546;392420755.56219995
2012;Estados Unidos;0111;Cultivo de cereais (exceto arroz), leguminosas e oleaginosas;200047537;011;0191;Agricultura, inclusive o apoio à agricultura e a pós-colheita;0111;011;A;011;Cultivo de plantas no perenes;Produção de lavouras temporárias;1.9546;391012915.82019997
2012;Estados Unidos;2599;Fabricação de outros produtos metálicos fabricados n.c;183209484;25;2500;Fabricação de produtos de metal, exceto máquinas e equipamentos;2511;25;C;25;FABRICACIÓN DE PRODUCTOS ELABORADOS DE METAL, EXCEPTO MAQUINARIA Y EQUIPO;FABRICAÇÃO DE PRODUTOS DE METAL, EXCETO MÁQUINAS E EQUIPAMENTOS;1.9546;358101257.4264
2012;Estados Unidos;1079;Fabricação de outros produtos alimentícios n.c;180168514;107;1092;Fabricação e refino de açúcar;1071;107;C;107;Elaboración de otros productos alimenticios;Fabricação e refino de açúcar;1.9546;352157377.4644
2012;Estados Unidos;1072;Fabricação de açúcar;176180706;107;1092;Fabricação e refino de açúcar;1071;107;C;107;Elaboración de otros productos alimenticios;Fabricação e refino de açúcar;1.9546;344362807.9476
2012;Estados Unidos;2520;Fabricação de armas e munições;173649973;25;2500;Fabricação de produtos de metal, exceto máquinas e equipamentos;2511;25;C;25;FABRICACIÓN DE PRODUCTOS ELABORADOS DE METAL, EXCEPTO MAQUINARIA Y EQUIPO;FABRICAÇÃO DE PRODUTOS DE METAL, EXCETO MÁQUINAS E EQUIPAMENTOS;1.9546;339416237.2258
2012;Estados Unidos;2100;Fabricação de produtos farmacêuticos, produtos químicos medicinais e botânicos;170146393;21;2100;Fabricação de produtos farmoquímicos e farmacêuticos;2110;21;C;21;FABRICACIÓN DE PRODUCTOS FARMACÉUTICOS, SUSTANCIAS QUÍMICAS MEDICINALES Y PRODUCTOS BOTÁNICOS DE USO FARMACÉUTICO;FABRICAÇÃO DE PRODUTOS FARMOQUÍMICOS E FARMACÊUTICOS;1.9546;332568139.7578
2012;Estados Unidos;0729;Extração de outros minérios de metais não ferrosos;155176820;072;0792;Extração de minerais metálicos não ferrosos, inclusive beneficiamentos;0721;072;B;072;Extracción de minerales metalíferos no ferrosos;Extração de minerais metálicos não-ferrosos;1.9546;303308612.372
2012;Estados Unidos;1920;Fabricação de produtos petrolíferos refinados;142954524;192;1991;Refino de petróleo e coquerias;1921;192;C;192;Fabricación de productos de la refinación del petróleo;Fabricação de produtos derivados do petróleo;1.9546;279418912.61039996
2012;Estados Unidos;2029;Fabricação de outros produtos químicos n.c;135484267;202;2092;Fabricação de defensivos, desinfestantes, tintas e químicos diversos;2051;205;C;202;Fabricación de otros productos químicos;Fabricação de defensivos agrícolas e desinfestantes domissanitários;1.9546;264817548.27819997
2012;Estados Unidos;2593;Fabricação de cutelaria, ferramentas manuais e ferragens em geral;118429410;25;2500;Fabricação de produtos de metal, exceto máquinas e equipamentos;2511;25;C;25;FABRICACIÓN DE PRODUCTOS ELABORADOS DE METAL, EXCEPTO MAQUINARIA Y EQUIPO;FABRICAÇÃO DE PRODUTOS DE METAL, EXCETO MÁQUINAS E EQUIPAMENTOS;1.9546;231482124.78599998
2012;Estados Unidos;1622;Fabricação de carpintaria e marcenaria de construtores;115665265;16;1500;Fabricação de calçados e de artefatos de couro;1510;15;C;16;"PRODUCCIÓN DE MADERA Y FABRICACIÓN DE PRODUCTOS DE MADERA Y CORCHO, EXCEPTO MUEBLES; FABRICACIÓN DE ARTÍCULOS DE PAJA Y DE MATERIALES TRENZABLES";PREPARAÇÃO DE COUROS E FABRICAÇÃO DE ARTEFATOS DE COURO, ARTIGOS PARA VIAGEM E CALÇADOS;1.9546;226079326.96899998
2012;Estados Unidos;1073;Fabricação de cacau, chocolate e produtos de confeitaria;100296585;107;1092;Fabricação e refino de açúcar;1071;107;C;107;Elaboración de otros productos alimenticios;Fabricação e refino de açúcar;1.9546;196039705.04099998
2012;Estados Unidos;2651;Fabricação de equipamentos de medição, teste, navegação e controle;98944213;26;2600;Fabricação de equipamentos de informática, produtos eletrônicos e ópticos;2610;26;C;26;FABRICACIÓN DE PRODUCTOS DE INFORMÁTICA, DE ELECTRÓNICA Y DE ÓPTICA;FABRICAÇÃO DE EQUIPAMENTOS DE INFORMÁTICA, PRODUTOS ELETRÔNICOS E ÓPTICOS;1.9546;193396358.7298
2012;Estados Unidos;0125;Cultivo de outras frutas e nozes;98693918;012;0191;Agricultura, inclusive o apoio à agricultura e a pós-colheita;0111;011;A;012;Cultivo de plantas perennes;Produção de lavouras temporárias;1.9546;192907132.1228
2012;Estados Unidos;2630;Fabricação de equipamentos de comunicação;93357782;26;2600;Fabricação de equipamentos de informática, produtos eletrônicos e ópticos;2610;26;C;26;FABRICACIÓN DE PRODUCTOS DE INFORMÁTICA, DE ELECTRÓNICA Y DE ÓPTICA;FABRICAÇÃO DE EQUIPAMENTOS DE INFORMÁTICA, PRODUTOS ELETRÔNICOS E ÓPTICOS;1.9546;182477120.6972
2012;Estados Unidos;3100;Fabricação de móveis;89544301;31;3180;Fabricação de móveis e de produtos de indústrias diversas;3101;31;C;31;FABRICACIÓN DE MUEBLES;FABRICAÇÃO DE MÓVEIS;1.9546;175023290.73459998
2012;Estados Unidos;2220;Fabricação de produtos plásticos;82725262;22;1500;Fabricação de calçados e de artefatos de couro;1510;15;C;22;FABRICACIÓN DE PRODUCTOS DE CAUCHO Y PLÁSTICO;PREPARAÇÃO DE COUROS E FABRICAÇÃO DE ARTEFATOS DE COURO, ARTIGOS PARA VIAGEM E CALÇADOS;1.9546;161694797.1052
2012;Estados Unidos;2829;Fabricação de outras máquinas para fins especiais;81714040;28;2800;Fabricação de máquinas e equipamentos mecânicos;2811;28;C;28;FABRICACIÓN DE MAQUINARIA Y EQUIPO N.C.P.;FABRICAÇÃO DE MÁQUINAS E EQUIPAMENTOS;1.9546;159718262.584
2012;Estados Unidos;2819;Fabricação de outras máquinas para uso geral;79510924;28;2800;Fabricação de máquinas e equipamentos mecânicos;2811;28;C;28;FABRICACIÓN DE MAQUINARIA Y EQUIPO N.C.P.;FABRICAÇÃO DE MÁQUINAS E EQUIPAMENTOS;1.9546;155412052.0504
2012;Estados Unidos;3211;Fabricação de joalharia e artigos afins;76577319;32;3180;Fabricação de móveis e de produtos de indústrias diversas;3211;32;C;32;OTRAS INDUSTRIAS MANUFACTURERAS;FABRICAÇÃO DE PRODUTOS DIVERSOS;1.9546;149678027.71739998
2012;Estados Unidos;2399;Fabricação de outros produtos minerais não metálicos n.c;74396306;23;2300;Fabricação de produtos de minerais não metálicos;2311;23;C;23;FABRICACIÓN DE OTROS PRODUCTOS MINERALES NO METÁLICOS;FABRICAÇÃO DE PRODUTOS DE MINERAIS NÃO-METÁLICOS;1.9546;145415019.7076
2012;Estados Unidos;2219;Fabricação de outros produtos de borracha;69267072;22;1500;Fabricação de calçados e de artefatos de couro;1510;15;C;22;FABRICACIÓN DE PRODUCTOS DE CAUCHO Y PLÁSTICO;PREPARAÇÃO DE COUROS E FABRICAÇÃO DE ARTEFATOS DE COURO, ARTIGOS PARA VIAGEM E CALÇADOS;1.9546;135389418.9312
2012;Estados Unidos;0128;Cultivo de especiarias, culturas aromáticas, medicamentosas e farmacêuticas;67995731;012;0191;Agricultura, inclusive o apoio à agricultura e a pós-colheita;0111;011;A;012;Cultivo de plantas perennes;Produção de lavouras temporárias;1.9546;132904455.81259999
2012;Estados Unidos;2821;Fabricação de maquinaria agrícola e florestal;67635137;28;2800;Fabricação de máquinas e equipamentos mecânicos;2811;28;C;28;FABRICACIÓN DE MAQUINARIA Y EQUIPO N.C.P.;FABRICAÇÃO DE MÁQUINAS E EQUIPAMENTOS;1.9546;132199638.78019999
2012;Estados Unidos;1020;Processamento e conservação de peixes, crustáceos e moluscos;61264143;102;1091;Abate e produtos de carne, inclusive os produtos do laticínio e da pesca;1020;102;C;102;Elaboración y conservación de pescado, crustáceos y moluscos;Preservação do pescado e fabricação de produtos do pescado;1.9546;119746893.90779999
2012;Estados Unidos;3250;Fabricação de instrumentos e suprimentos médicos e odontológicos;58866704;32;3180;Fabricação de móveis e de produtos de indústrias diversas;3211;32;C;32;OTRAS INDUSTRIAS MANUFACTURERAS;FABRICAÇÃO DE PRODUTOS DIVERSOS;1.9546;115060859.63839999
2012;Estados Unidos;2790;Fabricação de outro equipamento elétrico;56660758;27;2700;Fabricação de máquinas e equipamentos elétricos;2710;27;C;27;FABRICACIÓN DE EQUIPO ELÉCTRICO;FABRICAÇÃO DE MÁQUINAS, APARELHOS E MATERIAIS ELÉTRICOS;1.9546;110749117.5868
2012;Estados Unidos;2620;Fabricação de computadores e equipamentos periféricos;55277957;26;2600;Fabricação de equipamentos de informática, produtos eletrônicos e ópticos;2610;26;C;26;FABRICACIÓN DE PRODUCTOS DE INFORMÁTICA, DE ELECTRÓNICA Y DE ÓPTICA;FABRICAÇÃO DE EQUIPAMENTOS DE INFORMÁTICA, PRODUTOS ELETRÔNICOS E ÓPTICOS;1.9546;108046294.75219999
2012;Estados Unidos;0710;Extração de minério de ferro;54668915;071;0791;Extração de minério de ferro, inclusive beneficiamento e a aglomeração;0710;071;B;071;Extracción de minerales de hierro;Extração de minério de ferro;1.9546;106855861.25899999
2012;Estados Unidos;1040;Fabricação de óleos e gorduras vegetais e animais;49519903;104;1093;Outros produtos alimentares;1041;104;C;104;Elaboración de aceites y grasas de origen vegetal y animal;Fabricação de óleos e gorduras vegetais e animais;1.9546;96791602.4038
2012;Estados Unidos;3290;Outras manufaturas n.c.;48958198;32;3180;Fabricação de móveis e de produtos de indústrias diversas;3211;32;C;32;OTRAS INDUSTRIAS MANUFACTURERAS;FABRICAÇÃO DE PRODUTOS DIVERSOS;1.9546;95693693.8108
2012;Estados Unidos;0810;Extração de pedra, areia e argila;46296154;08;0580;Extração de carvão mineral e de minerais não metálicos;0810;08;B;08;EXPLOTACIÓN DE OTRAS MINAS Y CANTERAS;EXTRAÇÃO DE MINERAIS NÃO-METÁLICOS;1.9546;90490462.6084
2012;Estados Unidos;1629;"Fabricação de outros produtos de madeira; fabricação de artigos de cortiça, de espartaria e cestaria";42739544;16;1500;Fabricação de calçados e de artefatos de couro;1510;15;C;16;"PRODUCCIÓN DE MADERA Y FABRICACIÓN DE PRODUCTOS DE MADERA Y CORCHO, EXCEPTO MUEBLES; FABRICACIÓN DE ARTÍCULOS DE PAJA Y DE MATERIALES TRENZABLES";PREPARAÇÃO DE COUROS E FABRICAÇÃO DE ARTEFATOS DE COURO, ARTIGOS PARA VIAGEM E CALÇADOS;1.9546;83538712.7024
2012;Estados Unidos;0899;Outras atividades de mineração n.c;40979773;08;0580;Extração de carvão mineral e de minerais não metálicos;0810;08;B;08;EXPLOTACIÓN DE OTRAS MINAS Y CANTERAS;EXTRAÇÃO DE MINERAIS NÃO-METÁLICOS;1.9546;80099064.30579999
2012;Estados Unidos;1621;Fabricação de folheados e painéis derivados de madeira;40593249;16;1500;Fabricação de calçados e de artefatos de couro;1510;15;C;16;"PRODUCCIÓN DE MADERA Y FABRICACIÓN DE PRODUCTOS DE MADERA Y CORCHO, EXCEPTO MUEBLES; FABRICACIÓN DE ARTÍCULOS DE PAJA Y DE MATERIALES TRENZABLES";PREPARAÇÃO DE COUROS E FABRICAÇÃO DE ARTEFATOS DE COURO, ARTIGOS PARA VIAGEM E CALÇADOS;1.9546;79343564.4954
2012;Estados Unidos;1394;Fabricação de cordéis, cordas, cordéis e redes;40036415;13;1300;Fabricação de produtos têxteis;1311;13;C;13;FABRICACIÓN DE PRODUCTOS TEXTILES;FABRICAÇÃO DE PRODUTOS TÊXTEIS;1.9546;78255176.75899999
2012;Estados Unidos;2392;Fabricação de materiais de construção de argila;35795010;23;2300;Fabricação de produtos de minerais não metálicos;2311;23;C;23;FABRICACIÓN DE OTROS PRODUCTOS MINERALES NO METÁLICOS;FABRICAÇÃO DE PRODUTOS DE MINERAIS NÃO-METÁLICOS;1.9546;69964926.54599999
2012;Estados Unidos;0149;Criação de outros animais;35549234;014;0192;Pecuária, inclusive o apoio à pecuária;0151;015;A;014;Ganadería;Pecuária;1.9546;69484532.7764
2012;Estados Unidos;2610;Fabricação de componentes eletrônicos e placas;33409584;26;2600;Fabricação de equipamentos de informática, produtos eletrônicos e ópticos;2610;26;C;26;FABRICACIÓN DE PRODUCTOS DE INFORMÁTICA, DE ELECTRÓNICA Y DE ÓPTICA;FABRICAÇÃO DE EQUIPAMENTOS DE INFORMÁTICA, PRODUTOS ELETRÔNICOS E ÓPTICOS;1.9546;65302372.8864
2012;Estados Unidos;2512;Fabricação de tanques, reservatórios e recipientes de metal;32759630;25;2500;Fabricação de produtos de metal, exceto máquinas e equipamentos;2511;25;C;25;FABRICACIÓN DE PRODUCTOS ELABORADOS DE METAL, EXCEPTO MAQUINARIA Y EQUIPO;FABRICAÇÃO DE PRODUTOS DE METAL, EXCETO MÁQUINAS E EQUIPAMENTOS;1.9546;64031972.79799999
2012;Estados Unidos;0113;Cultivo de hortaliças e melões, raízes e tubérculos;29315623;011;0191;Agricultura, inclusive o apoio à agricultura e a pós-colheita;0111;011;A;011;Cultivo de plantas no perenes;Produção de lavouras temporárias;1.9546;57300316.715799995
2012;Estados Unidos;1709;Fabricação de outros artigos de papel e cartão;29312718;17;1700;Fabricação de celulose, papel e produtos de papel;1710;17;C;17;FABRICACIÓN DE PAPEL Y DE PRODUCTOS DE PAPEL;FABRICAÇÃO DE CELULOSE, PAPEL E PRODUTOS DE PAPEL;1.9546;57294638.6028
2012;Estados Unidos;2811;Fabricação de motores e turbinas, exceto aeronaves, veículos e motores de ciclo;27821082;28;2800;Fabricação de máquinas e equipamentos mecânicos;2811;28;C;28;FABRICACIÓN DE MAQUINARIA Y EQUIPO N.C.P.;FABRICAÇÃO DE MÁQUINAS E EQUIPAMENTOS;1.9546;54379086.8772
2012;Estados Unidos;2732;Fabricação de outros fios e cabos elétricos e eletrônicos;24929120;27;2700;Fabricação de máquinas e equipamentos elétricos;2710;27;C;27;FABRICACIÓN DE EQUIPO ELÉCTRICO;FABRICAÇÃO DE MÁQUINAS, APARELHOS E MATERIAIS ELÉTRICOS;1.9546;48726457.952
2012;Estados Unidos;1071;Fabricação de produtos de panificação;24691121;107;1092;Fabricação e refino de açúcar;1071;107;C;107;Elaboración de otros productos alimenticios;Fabricação e refino de açúcar;1.9546;48261265.106599994
2012;Estados Unidos;9000;Atividades criativas, artes e entretenimento;23608482;90;9080;Atividades artísticas, criativas e de espetáculos;9001;90;R;90;ACTIVIDADES CREATIVAS, ARTÍSTICAS Y DE ENTRETENIMIENTO;ATIVIDADES ARTÍSTICAS, CRIATIVAS E DE ESPETÁCULOS;1.9546;46145138.9172
2012;Estados Unidos;3020;Fabricação de locomotivas e material circulante;23064244;30;3000;Fabricação de outros equipamentos de transporte, exceto veículos automotores;3011;30;C;30;FABRICACIÓN DE OTRO  EQUIPO DE TRANSPORTE;FABRICAÇÃO DE OUTROS EQUIPAMENTOS DE TRANSPORTE, EXCETO VEÍCULOS AUTOMOTORES;1.9546;45081371.322399996
2012;Estados Unidos;2812;Fabricação de equipamentos para energia hidráulica;21381513;28;2800;Fabricação de máquinas e equipamentos mecânicos;2811;28;C;28;FABRICACIÓN DE MAQUINARIA Y EQUIPO N.C.P.;FABRICAÇÃO DE MÁQUINAS E EQUIPAMENTOS;1.9546;41792305.3098
2012;Estados Unidos;1399;Fabricação de outros têxteis n.e.c.;21321422;13;1300;Fabricação de produtos têxteis;1311;13;C;13;FABRICACIÓN DE PRODUCTOS TEXTILES;FABRICAÇÃO DE PRODUTOS TÊXTEIS;1.9546;41674851.441199996
2012;Estados Unidos;1512;Fabricação de malas, bolsas e semelhantes, selaria e arreios;21205587;15;1500;Fabricação de calçados e de artefatos de couro;1510;15;C;15;FABRICACIÓN DE PRODUCTOS DE CUERO Y PRODUCTOS CONEXOS;PREPARAÇÃO DE COUROS E FABRICAÇÃO DE ARTEFATOS DE COURO, ARTIGOS PARA VIAGEM E CALÇADOS;1.9546;41448440.3502
2012;Estados Unidos;2823;Fabricação de máquinas para metalurgia;20370521;28;2800;Fabricação de máquinas e equipamentos mecânicos;2811;28;C;28;FABRICACIÓN DE MAQUINARIA Y EQUIPO N.C.P.;FABRICAÇÃO DE MÁQUINAS E EQUIPAMENTOS;1.9546;39816220.346599996
2012;Estados Unidos;2660;Fabricação de equipamentos de irradiação, eletromédicos e eletroterapêuticos;19360201;26;2600;Fabricação de equipamentos de informática, produtos eletrônicos e ópticos;2610;26;C;26;FABRICACIÓN DE PRODUCTOS DE INFORMÁTICA, DE ELECTRÓNICA Y DE ÓPTICA;FABRICAÇÃO DE EQUIPAMENTOS DE INFORMÁTICA, PRODUTOS ELETRÔNICOS E ÓPTICOS;1.9546;37841448.8746
2012;Estados Unidos;0121;Cultivo de uvas;19162062;012;0191;Agricultura, inclusive o apoio à agricultura e a pós-colheita;0111;011;A;012;Cultivo de plantas perennes;Produção de lavouras temporárias;1.9546;37454166.3852
2012;Estados Unidos;2310;Fabricação de produtos de vidro e vidro;18877234;23;2300;Fabricação de produtos de minerais não metálicos;2311;23;C;23;FABRICACIÓN DE OTROS PRODUCTOS MINERALES NO METÁLICOS;FABRICAÇÃO DE PRODUTOS DE MINERAIS NÃO-METÁLICOS;1.9546;36897441.5764
2012;Estados Unidos;2822;Fabricação de máquinas e máquinas-ferramentas para moldagem de metais;18686942;28;2800;Fabricação de máquinas e equipamentos mecânicos;2811;28;C;28;FABRICACIÓN DE MAQUINARIA Y EQUIPO N.C.P.;FABRICAÇÃO DE MÁQUINAS E EQUIPAMENTOS;1.9546;36525496.8332
2012;Estados Unidos;2023;Fabricação de sabão e detergentes, produtos de limpeza e polimento, perfumes e produtos de toilette;17302446;202;2092;Fabricação de defensivos, desinfestantes, tintas e químicos diversos;2051;205;C;202;Fabricación de otros productos químicos;Fabricação de defensivos agrícolas e desinfestantes domissanitários;1.9546;33819360.9516
2012;Estados Unidos;2391;Fabricação de produtos refratários;17249407;23;2300;Fabricação de produtos de minerais não metálicos;2311;23;C;23;FABRICACIÓN DE OTROS PRODUCTOS MINERALES NO METÁLICOS;FABRICAÇÃO DE PRODUTOS DE MINERAIS NÃO-METÁLICOS;1.9546;33715690.9222
2012;Estados Unidos;1410;Fabricação de vestuário, exceto vestuários de peles;16403907;14;1400;Confecção de artefatos do vestuário e acessórios;1411;14;C;14;FABRICACIÓN DE PRENDAS DE VESTIR;CONFECÇÃO DE ARTIGOS DO VESTUÁRIO E ACESSÓRIOS;1.9546;32063076.622199997
2012;Estados Unidos;3091;Fabricação de motocicletas;13251946;30;3000;Fabricação de outros equipamentos de transporte, exceto veículos automotores;3011;30;C;30;FABRICACIÓN DE OTRO  EQUIPO DE TRANSPORTE;FABRICAÇÃO DE OUTROS EQUIPAMENTOS DE TRANSPORTE, EXCETO VEÍCULOS AUTOMOTORES;1.9546;25902253.6516
2012;Estados Unidos;2021;Fabricação de pesticidas e outros produtos agroquímicos;12973050;202;2092;Fabricação de defensivos, desinfestantes, tintas e químicos diversos;2051;205;C;202;Fabricación de otros productos químicos;Fabricação de defensivos agrícolas e desinfestantes domissanitários;1.9546;25357123.529999997
2012;Estados Unidos;2816;Fabricação de equipamentos de elevação e manuseio;12327284;28;2800;Fabricação de máquinas e equipamentos mecânicos;2811;28;C;28;FABRICACIÓN DE MAQUINARIA Y EQUIPO N.C.P.;FABRICAÇÃO DE MÁQUINAS E EQUIPAMENTOS;1.9546;24094909.306399997
2012;Estados Unidos;2030;Fabricação de fibras sintéticas ou artificiais;11891219;203;2091;Fabricação de químicos orgânicos e inorgânicos, resinas e elastômeros;2040;204;C;203;Fabricación de fibras artificiales;Fabricação de fibras artificiais e sintéticas;1.9546;23242576.657399997
2012;Estados Unidos;2825;Fabricação de máquinas para processamento de alimentos, bebidas e tabaco;11018548;28;2800;Fabricação de máquinas e equipamentos mecânicos;2811;28;C;28;FABRICACIÓN DE MAQUINARIA Y EQUIPO N.C.P.;FABRICAÇÃO DE MÁQUINAS E EQUIPAMENTOS;1.9546;21536853.9208
2012;Estados Unidos;0311;Pesca marinha;10356212;03;0280;"Produção florestal; pesca e aquicultura";0311;03;A;03;PESCA Y ACUICULTURA;PESCA E AQÜICULTURA;1.9546;20242251.975199997
2012;Estados Unidos;2640;Fabricação de produtos eletrônicos de consumo;10270537;26;2600;Fabricação de equipamentos de informática, produtos eletrônicos e ópticos;2610;26;C;26;FABRICACIÓN DE PRODUCTOS DE INFORMÁTICA, DE ELECTRÓNICA Y DE ÓPTICA;FABRICAÇÃO DE EQUIPAMENTOS DE INFORMÁTICA, PRODUTOS ELETRÔNICOS E ÓPTICOS;1.9546;20074791.6202
2012;Estados Unidos;2910;Fabricação de veículos automotores;10251865;291;2991;Fabricação de automóveis, caminhões e ônibus, exceto peças;2910;291;C;291;Fabricación de vehículos automotores;Fabricação de automóveis, camionetas e utilitários;1.9546;20038295.329
2012;Estados Unidos;1062;Fabricação de amidos e féculas;9730851;106;1093;Outros produtos alimentares;1061;106;C;106;Elaboración de productos de molinería, almidones y productos derivados del almidón;Moagem, fabricação de produtos amiláceos e de alimentos para animais;1.9546;19019921.3646
2012;Estados Unidos;2431;Fundição de ferro e aço;9397633;243;2492;Metalurgia de metais não ferosos e a fundição de metais;2451;245;C;243;Fundición de metales;Fundição;1.9546;18368613.461799998
2012;Estados Unidos;2750;Fabricação de eletrodomésticos;8973399;27;2700;Fabricação de máquinas e equipamentos elétricos;2710;27;C;27;FABRICACIÓN DE EQUIPO ELÉCTRICO;FABRICAÇÃO DE MÁQUINAS, APARELHOS E MATERIAIS ELÉTRICOS;1.9546;17539405.685399998
2012;Estados Unidos;1312;Tecelagem de têxteis;8478561;13;1300;Fabricação de produtos têxteis;1311;13;C;13;FABRICACIÓN DE PRODUCTOS TEXTILES;FABRICAÇÃO DE PRODUTOS TÊXTEIS;1.9546;16572195.330599999
2012;Estados Unidos;2022;Fabricação de tintas, vernizes e produtos similares, tintas de impressão e mástiques;8399316;202;2092;Fabricação de defensivos, desinfestantes, tintas e químicos diversos;2051;205;C;202;Fabricación de otros productos químicos;Fabricação de defensivos agrícolas e desinfestantes domissanitários;1.9546;16417303.053599998
2012;Estados Unidos;1311;Preparação e fiação de fibras têxteis;8229096;13;1300;Fabricação de produtos têxteis;1311;13;C;13;FABRICACIÓN DE PRODUCTOS TEXTILES;FABRICAÇÃO DE PRODUTOS TÊXTEIS;1.9546;16084591.041599998
2012;Estados Unidos;1392;Fabricação de artigos têxteis confeccionados, exceto vestuário;8073117;13;1300;Fabricação de produtos têxteis;1311;13;C;13;FABRICACIÓN DE PRODUCTOS TEXTILES;FABRICAÇÃO DE PRODUTOS TÊXTEIS;1.9546;15779714.4882
2012;Estados Unidos;3012;Construção de barcos de recreio e desportivos;7052884;30;3000;Fabricação de outros equipamentos de transporte, exceto veículos automotores;3011;30;C;30;FABRICACIÓN DE OTRO  EQUIPO DE TRANSPORTE;FABRICAÇÃO DE OUTROS EQUIPAMENTOS DE TRANSPORTE, EXCETO VEÍCULOS AUTOMOTORES;1.9546;13785567.066399999
2012;Estados Unidos;1061;Fabricação de produtos de moagem de grãos;6741005;106;1093;Outros produtos alimentares;1061;106;C;106;Elaboración de productos de molinería, almidones y productos derivados del almidón;Moagem, fabricação de produtos amiláceos e de alimentos para animais;1.9546;13175968.373
2012;Estados Unidos;2920;"Fabricação de carroçarias para veículos automotores; fabricação de reboques e semi-reboques";5468303;292;2991;Fabricação de automóveis, caminhões e ônibus, exceto peças;2930;293;C;292;"Fabricación de carrocerías para vehículos automotores; fabricación de remolques y semirremolques";Fabricação de cabines, carrocerias e reboques para veículos automotores;1.9546;10688345.0438
2012;Estados Unidos;3099;Fabricação de outros equipamentos de transporte n.c;5198358;30;3000;Fabricação de outros equipamentos de transporte, exceto veículos automotores;3011;30;C;30;FABRICACIÓN DE OTRO  EQUIPO DE TRANSPORTE;FABRICAÇÃO DE OUTROS EQUIPAMENTOS DE TRANSPORTE, EXCETO VEÍCULOS AUTOMOTORES;1.9546;10160710.546799999
2012;Estados Unidos;1702;Fabricação de papel e cartão canelados e de embalagens de papel e cartão;4974729;17;1700;Fabricação de celulose, papel e produtos de papel;1710;17;C;17;FABRICACIÓN DE PAPEL Y DE PRODUCTOS DE PAPEL;FABRICAÇÃO DE CELULOSE, PAPEL E PRODUTOS DE PAPEL;1.9546;9723605.303399999
2012;Estados Unidos;2012;Fabricação de fertilizantes e compostos nitrogenados;4791035;201;1992;Fabricação de biocombustíveis;1931;193;C;201;Fabricación de sustancias químicas básicas, de abonos y compuestos de nitrógeno y de plásticos y caucho sintético en formas primarias;Fabricação de biocombustíveis;1.9546;9364557.011
2012;Estados Unidos;2817;Fabricação de máquinas e equipamentos de escritório (exceto computadores e equipamentos periféricos);4470586;28;2800;Fabricação de máquinas e equipamentos mecânicos;2811;28;C;28;FABRICACIÓN DE MAQUINARIA Y EQUIPO N.C.P.;FABRICAÇÃO DE MÁQUINAS E EQUIPAMENTOS;1.9546;8738207.3956
2012;Estados Unidos;2511;Fabricação de produtos metálicos estruturais;4273974;25;2500;Fabricação de produtos de metal, exceto máquinas e equipamentos;2511;25;C;25;FABRICACIÓN DE PRODUCTOS ELABORADOS DE METAL, EXCEPTO MAQUINARIA Y EQUIPO;FABRICAÇÃO DE PRODUTOS DE METAL, EXCETO MÁQUINAS E EQUIPAMENTOS;1.9546;8353909.580399999
2012;Estados Unidos;0130;Cultivo de plantas;4173011;013;0191;Agricultura, inclusive o apoio à agricultura e a pós-colheita;0141;014;A;013;Propagación de plantas;Produção de sementes e mudas certificadas;1.9546;8156567.3006
2012;Estados Unidos;2720;Fabricação de baterias e acumuladores;3737880;27;2700;Fabricação de máquinas e equipamentos elétricos;2710;27;C;27;FABRICACIÓN DE EQUIPO ELÉCTRICO;FABRICAÇÃO DE MÁQUINAS, APARELHOS E MATERIAIS ELÉTRICOS;1.9546;7306060.248
2012;Estados Unidos;1391;Fabricação de tecidos de malha;3722472;13;1300;Fabricação de produtos têxteis;1311;13;C;13;FABRICACIÓN DE PRODUCTOS TEXTILES;FABRICAÇÃO DE PRODUTOS TÊXTEIS;1.9546;7275943.771199999
2012;Estados Unidos;2393;Fabricação de outros produtos de porcelana e cerâmica;3637085;23;2300;Fabricação de produtos de minerais não metálicos;2311;23;C;23;FABRICACIÓN DE OTROS PRODUCTOS MINERALES NO METÁLICOS;FABRICAÇÃO DE PRODUTOS DE MINERAIS NÃO-METÁLICOS;1.9546;7109046.341
2012;Estados Unidos;1104;"Fabricação de refrigerantes; produção de águas minerais e outras águas engarrafadas";3601878;11;1100;Fabricação de bebidas;1111;11;C;11;ELABORACIÓN DE BEBIDAS;FABRICAÇÃO DE BEBIDAS;1.9546;7040230.7387999995
2012;Estados Unidos;2740;Fabricação de equipamentos de iluminação elétrica;3268837;27;2700;Fabricação de máquinas e equipamentos elétricos;2710;27;C;27;FABRICACIÓN DE EQUIPO ELÉCTRICO;FABRICAÇÃO DE MÁQUINAS, APARELHOS E MATERIAIS ELÉTRICOS;1.9546;6389268.8001999995
2012;Estados Unidos;2826;Fabricação de máquinas para produção de têxteis, vestuário e couro;3177790;28;2800;Fabricação de máquinas e equipamentos mecânicos;2811;28;C;28;FABRICACIÓN DE MAQUINARIA Y EQUIPO N.C.P.;FABRICAÇÃO DE MÁQUINAS E EQUIPAMENTOS;1.9546;6211308.334
2012;Estados Unidos;3011;Construção de navios e estruturas flutuantes;2847383;30;3000;Fabricação de outros equipamentos de transporte, exceto veículos automotores;3011;30;C;30;FABRICACIÓN DE OTRO  EQUIPO DE TRANSPORTE;FABRICAÇÃO DE OUTROS EQUIPAMENTOS DE TRANSPORTE, EXCETO VEÍCULOS AUTOMOTORES;1.9546;5565494.811799999
2012;Estados Unidos;3212;Fabricação de bijuterias e artigos relacionados;2668207;32;3180;Fabricação de móveis e de produtos de indústrias diversas;3211;32;C;32;OTRAS INDUSTRIAS MANUFACTURERAS;FABRICAÇÃO DE PRODUTOS DIVERSOS;1.9546;5215277.402199999
2012;Estados Unidos;1623;Fabricação de embalagens de madeira;2315221;16;1500;Fabricação de calçados e de artefatos de couro;1510;15;C;16;"PRODUCCIÓN DE MADERA Y FABRICACIÓN DE PRODUCTOS DE MADERA Y CORCHO, EXCEPTO MUEBLES; FABRICACIÓN DE ARTÍCULOS DE PAJA Y DE MATERIALES TRENZABLES";PREPARAÇÃO DE COUROS E FABRICAÇÃO DE ARTEFATOS DE COURO, ARTIGOS PARA VIAGEM E CALÇADOS;1.9546;4525330.9666
2012;Estados Unidos;1101;Fabricação de aguardentes e outras bebidas destiladas;2281238;11;1100;Fabricação de bebidas;1111;11;C;11;ELABORACIÓN DE BEBIDAS;FABRICAÇÃO DE BEBIDAS;1.9546;4458907.794799999
2012;Estados Unidos;5811;Publicação de livros;2259122;58;5800;Edição e edição integrada à impressão;5811;58;J;58;ACTIVIDADES DE EDICIÓN;EDIÇÃO E EDIÇÃO INTEGRADA À IMPRESSÃO;1.9546;4415679.8612
2012;Estados Unidos;5819;Outras atividades de publicação;2064417;58;5800;Edição e edição integrada à impressão;5811;58;J;58;ACTIVIDADES DE EDICIÓN;EDIÇÃO E EDIÇÃO INTEGRADA À IMPRESSÃO;1.9546;4035109.4682
2012;Estados Unidos;0115;Cultivo de tabaco;1983612;011;0191;Agricultura, inclusive o apoio à agricultura e a pós-colheita;0111;011;A;011;Cultivo de plantas no perenes;Produção de lavouras temporárias;1.9546;3877168.0152
2012;Estados Unidos;2680;Fabricação de mídia magnética e óptica;1940245;26;2600;Fabricação de equipamentos de informática, produtos eletrônicos e ópticos;2610;26;C;26;FABRICACIÓN DE PRODUCTOS DE INFORMÁTICA, DE ELECTRÓNICA Y DE ÓPTICA;FABRICAÇÃO DE EQUIPAMENTOS DE INFORMÁTICA, PRODUTOS ELETRÔNICOS E ÓPTICOS;1.9546;3792402.877
2012;Estados Unidos;3240;Fabricação de jogos e brinquedos;1933273;32;3180;Fabricação de móveis e de produtos de indústrias diversas;3211;32;C;32;OTRAS INDUSTRIAS MANUFACTURERAS;FABRICAÇÃO DE PRODUTOS DIVERSOS;1.9546;3778775.4058
2012;Estados Unidos;2818;Fabricação de ferramentas manuais acionadas por motor;1878706;28;2800;Fabricação de máquinas e equipamentos mecânicos;2811;28;C;28;FABRICACIÓN DE MAQUINARIA Y EQUIPO N.C.P.;FABRICAÇÃO DE MÁQUINAS E EQUIPAMENTOS;1.9546;3672118.7476
2012;Estados Unidos;2815;Fabricação de fornos, fornos e queimadores de fornos;1861912;28;2800;Fabricação de máquinas e equipamentos mecânicos;2811;28;C;28;FABRICACIÓN DE MAQUINARIA Y EQUIPO N.C.P.;FABRICAÇÃO DE MÁQUINAS E EQUIPAMENTOS;1.9546;3639293.1952
2012;Estados Unidos;1420;Fabricação de artigos de peles;1776526;14;1400;Confecção de artefatos do vestuário e acessórios;1411;14;C;14;FABRICACIÓN DE PRENDAS DE VESTIR;CONFECÇÃO DE ARTIGOS DO VESTUÁRIO E ACESSÓRIOS;1.9546;3472397.7196
2012;Estados Unidos;1393;Fabricação de tapetes e tapetes;1721642;13;1300;Fabricação de produtos têxteis;1311;13;C;13;FABRICACIÓN DE PRODUCTOS TEXTILES;FABRICAÇÃO DE PRODUTOS TÊXTEIS;1.9546;3365121.4532
2012;Estados Unidos;1430;Fabricação de vestuário de malha;1596810;14;1400;Confecção de artefatos do vestuário e acessórios;1411;14;C;14;FABRICACIÓN DE PRENDAS DE VESTIR;CONFECÇÃO DE ARTIGOS DO VESTUÁRIO E ACESSÓRIOS;1.9546;3121124.826
2012;Estados Unidos;1074;Fabricação de macarrão, talharim, cuscuz e produtos farináceos semelhantes;1347387;107;1092;Fabricação e refino de açúcar;1071;107;C;107;Elaboración de otros productos alimenticios;Fabricação e refino de açúcar;1.9546;2633602.6302
2012;Estados Unidos;1050;Fabricação de produtos lácteos;1201248;105;1091;Abate e produtos de carne, inclusive os produtos do laticínio e da pesca;1051;105;C;105;Elaboración de productos lácteos;Laticínios;1.9546;2347959.3408
2012;Estados Unidos;1102;Fabricação de vinhos;1194721;11;1100;Fabricação de bebidas;1111;11;C;11;ELABORACIÓN DE BEBIDAS;FABRICAÇÃO DE BEBIDAS;1.9546;2335201.6665999996
2012;Estados Unidos;3092;Fabricação de bicicletas e carruagens inválidas;1075890;30;3000;Fabricação de outros equipamentos de transporte, exceto veículos automotores;3011;30;C;30;FABRICACIÓN DE OTRO  EQUIPO DE TRANSPORTE;FABRICAÇÃO DE OUTROS EQUIPAMENTOS DE TRANSPORTE, EXCETO VEÍCULOS AUTOMOTORES;1.9546;2102934.594
2012;Estados Unidos;1080;Fabricação de alimentos para animais;1065848;108;1093;Outros produtos alimentares;1061;106;C;108;Elaboración de piensos preparados para animales;Moagem, fabricação de produtos amiláceos e de alimentos para animais;1.9546;2083306.5007999998
2012;Estados Unidos;3220;Fabricação de instrumentos musicais;1044395;32;3180;Fabricação de móveis e de produtos de indústrias diversas;3211;32;C;32;OTRAS INDUSTRIAS MANUFACTURERAS;FABRICAÇÃO DE PRODUTOS DIVERSOS;1.9546;2041374.467
2012;Estados Unidos;0893;Extração de sal;1000139;08;0580;Extração de carvão mineral e de minerais não metálicos;0810;08;B;08;EXPLOTACIÓN DE OTRAS MINAS Y CANTERAS;EXTRAÇÃO DE MINERAIS NÃO-METÁLICOS;1.9546;1954871.6893999998
2012;Estados Unidos;2652;Fabricação de cronomêtros e relógios;905294;26;2600;Fabricação de equipamentos de informática, produtos eletrônicos e ópticos;2610;26;C;26;FABRICACIÓN DE PRODUCTOS DE INFORMÁTICA, DE ELECTRÓNICA Y DE ÓPTICA;FABRICAÇÃO DE EQUIPAMENTOS DE INFORMÁTICA, PRODUTOS ELETRÔNICOS E ÓPTICOS;1.9546;1769487.6523999998
2012;Estados Unidos;2731;Fabricação de cabos de fibra ótica;866970;27;2700;Fabricação de máquinas e equipamentos elétricos;2710;27;C;27;FABRICACIÓN DE EQUIPO ELÉCTRICO;FABRICAÇÃO DE MÁQUINAS, APARELHOS E MATERIAIS ELÉTRICOS;1.9546;1694579.562
2012;Estados Unidos;0142;Criação de cavalos e outros equinos;800220;014;0192;Pecuária, inclusive o apoio à pecuária;0151;015;A;014;Ganadería;Pecuária;1.9546;1564110.0119999999
2012;Estados Unidos;2513;Fabricação de geradores de vapor, exceto caldeiras de aquecimento central de água quente;757580;25;2500;Fabricação de produtos de metal, exceto máquinas e equipamentos;2511;25;C;25;FABRICACIÓN DE PRODUCTOS ELABORADOS DE METAL, EXCEPTO MAQUINARIA Y EQUIPO;FABRICAÇÃO DE PRODUTOS DE METAL, EXCETO MÁQUINAS E EQUIPAMENTOS;1.9546;1480765.868
2012;Estados Unidos;0230;Coleta de produtos florestais não madeireiros;605343;02;0280;"Produção florestal; pesca e aquicultura";0210;02;A;02;SILVICULTURA Y EXTRACCIÓN DE MADERA;PRODUÇÃO FLORESTAL;1.9546;1183203.4278
2012;Estados Unidos;3230;Fabricação de artigos esportivos;601079;32;3180;Fabricação de móveis e de produtos de indústrias diversas;3211;32;C;32;OTRAS INDUSTRIAS MANUFACTURERAS;FABRICAÇÃO DE PRODUTOS DIVERSOS;1.9546;1174869.0133999998
2012;Estados Unidos;0116;Cultivo de culturas de fibra;599528;011;0191;Agricultura, inclusive o apoio à agricultura e a pós-colheita;0111;011;A;011;Cultivo de plantas no perenes;Produção de lavouras temporárias;1.9546;1171837.4287999999
2012;Estados Unidos;2670;Fabricação de instrumentos ópticos e equipamento fotográfico;561072;26;2600;Fabricação de equipamentos de informática, produtos eletrônicos e ópticos;2610;26;C;26;FABRICACIÓN DE PRODUCTOS DE INFORMÁTICA, DE ELECTRÓNICA Y DE ÓPTICA;FABRICAÇÃO DE EQUIPAMENTOS DE INFORMÁTICA, PRODUTOS ELETRÔNICOS E ÓPTICOS;1.9546;1096671.3312
2012;Estados Unidos;0129;Cultivo de outras culturas perenes;505804;012;0191;Agricultura, inclusive o apoio à agricultura e a pós-colheita;0111;011;A;012;Cultivo de plantas perennes;Produção de lavouras temporárias;1.9546;988644.4983999999
2012;Estados Unidos;0220;Exploração madeireira;454832;02;0280;"Produção florestal; pesca e aquicultura";0210;02;A;02;SILVICULTURA Y EXTRACCIÓN DE MADERA;PRODUÇÃO FLORESTAL;1.9546;889014.6272
2012;Estados Unidos;1103;Fabricação de malte e bebidas maltadas.;393484;11;1100;Fabricação de bebidas;1111;11;C;11;ELABORACIÓN DE BEBIDAS;FABRICAÇÃO DE BEBIDAS;1.9546;769103.8263999999
2012;Estados Unidos;2395;Fabricação de artigos de concreto, cimento e gesso;366166;23;2300;Fabricação de produtos de minerais não metálicos;2311;23;C;23;FABRICACIÓN DE OTROS PRODUCTOS MINERALES NO METÁLICOS;FABRICAÇÃO DE PRODUTOS DE MINERAIS NÃO-METÁLICOS;1.9546;715708.0636
2012;Estados Unidos;1812;Atividades de serviço relacionadas à impressão;325030;18;1800;Impressão e reprodução de gravações;1811;18;C;18;IMPRESIÓN Y REPRODUCCIÓN DE GRABACIONES;IMPRESSÃO E REPRODUÇÃO DE GRAVAÇÕES;1.9546;635303.6379999999
2012;Estados Unidos;5813;Publicação de jornais, revistas e periódicos;259713;58;5800;Edição e edição integrada à impressão;5811;58;J;58;ACTIVIDADES DE EDICIÓN;EDIÇÃO E EDIÇÃO INTEGRADA À IMPRESSÃO;1.9546;507635.02979999996
2012;Estados Unidos;0891;Extração de minerais químicos e fertilizantes;227120;08;0580;Extração de carvão mineral e de minerais não metálicos;0810;08;B;08;EXPLOTACIÓN DE OTRAS MINAS Y CANTERAS;EXTRAÇÃO DE MINERAIS NÃO-METÁLICOS;1.9546;443928.752
2012;Estados Unidos;9102;Atividades de museus e operação de locais históricos e edifícios;63026;91;9080;Atividades artísticas, criativas e de espetáculos;9101;91;R;91;ACTIVIDADES DE BIBLIOTECAS, ARCHIVOS Y MUSEOS Y OTRAS ACTIVIDADES CULTURALES;ATIVIDADES LIGADAS AO PATRIMÔNIO CULTURAL E AMBIENTAL;1.9546;123190.61959999999
2012;Estados Unidos;0122;Cultivo de frutas tropicais e subtropicais;62526;012;0191;Agricultura, inclusive o apoio à agricultura e a pós-colheita;0111;011;A;012;Cultivo de plantas perennes;Produção de lavouras temporárias;1.9546;122213.31959999999
2012;Estados Unidos;0126;Cultivo de frutas oleaginosas;43477;012;0191;Agricultura, inclusive o apoio à agricultura e a pós-colheita;0111;011;A;012;Cultivo de plantas perennes;Produção de lavouras temporárias;1.9546;84980.1442
2012;Estados Unidos;0119;Cultivo de outras culturas não perenes;17640;011;0191;Agricultura, inclusive o apoio à agricultura e a pós-colheita;0111;011;A;011;Cultivo de plantas no perenes;Produção de lavouras temporárias;1.9546;34479.144
2012;Estados Unidos;2394;Fabricação de cimento, cal e gesso;543;23;2300;Fabricação de produtos de minerais não metálicos;2311;23;C;23;FABRICACIÓN DE OTROS PRODUCTOS MINERALES NO METÁLICOS;FABRICAÇÃO DE PRODUTOS DE MINERAIS NÃO-METÁLICOS;1.9546;1061.3478
2012;Estados Unidos;5911;Atividades de produção de filmes, vídeos e programas de televisão;177;59;5980;Atividades de televisão, rádio, cinema e gravação/edição de som e imagem;5911;59;J;59;ACTIVIDADES DE PRODUCCIÓN DE PELÍCULAS CINEMATOGRÁFICAS, VÍDEOS Y PROGRAMAS DE TELEVISIÓN, GRABACIÓN SONORA Y EDICIÓN DE MÚSICA;"ATIVIDADES CINEMATOGRÁFICAS, PRODUÇÃO DE VÍDEOS E DE PROGRAMAS DE TELEVISÃO; GRAVAÇÃO DE SOM E EDIÇÃO DE MÚSICA";1.9546;345.9642
2011;Estados Unidos;0610;Extração de petróleo bruto;5780232398;06;0680;Extração de petróleo e gás, inclusive as atividades de apoio;0600;06;B;06;EXTRACCIÓN DE PETRÓLEO CRUDO Y GAS NATURAL;EXTRAÇÃO DE PETRÓLEO E GÁS NATURAL;1.675;9681889266.65
2011;Estados Unidos;2410;Fabricação de ferro e aço básicos;3443135009;241;2491;Produção de ferro-gusa/ferroligas, siderurgia e tubos de aço sem costura;2411;241;C;241;Fabricación básica de hierro y acero;Produção de ferro-gusa e de ferroligas;1.675;5767251140.075
2011;Estados Unidos;2011;Fabricação de produtos químicos básicos;1907071503;201;1992;Fabricação de biocombustíveis;1931;193;C;201;Fabricación de sustancias químicas básicas, de abonos y compuestos de nitrógeno y de plásticos y caucho sintético en formas primarias;Fabricação de biocombustíveis;1.675;3194344767.525
2011;Estados Unidos;0127;Cultivo de bebidas da safra;1796732512;012;0191;Agricultura, inclusive o apoio à agricultura e a pós-colheita;0111;011;A;012;Cultivo de plantas perennes;Produção de lavouras temporárias;1.675;3009526957.6
2011;Estados Unidos;1701;Fabricação de polpa, papel e cartão;1111162243;17;1700;Fabricação de celulose, papel e produtos de papel;1710;17;C;17;FABRICACIÓN DE PAPEL Y DE PRODUCTOS DE PAPEL;FABRICAÇÃO DE CELULOSE, PAPEL E PRODUTOS DE PAPEL;1.675;1861196757.025
2011;Estados Unidos;2930;Fabricação de peças e acessórios para veículos automotores;1022872728;293;2992;Fabricação de peças e acessórios para veículos automotores;2941;294;C;293;Fabricación de partes, piezas y accesorios para vehículos automotores;Fabricação de peças e acessórios para veículos automotores;1.675;1713311819.4
2011;Estados Unidos;3030;Fabricação de aviões e máquinas relacionadas;975261422;30;3000;Fabricação de outros equipamentos de transporte, exceto veículos automotores;3011;30;C;30;FABRICACIÓN DE OTRO  EQUIPO DE TRANSPORTE;FABRICAÇÃO DE OUTROS EQUIPAMENTOS DE TRANSPORTE, EXCETO VEÍCULOS AUTOMOTORES;1.675;1633562881.8500001
2011;Estados Unidos;2420;Fabricação de metais preciosos e outros metais não ferrosos;718017629;242;2492;Metalurgia de metais não ferosos e a fundição de metais;2441;244;C;242;Fabricación de productos primarios de metales preciosos y otros metales no ferrosos;Metalurgia dos metais não-ferrosos;1.675;1202679528.575
2011;Estados Unidos;2824;Fabricação de máquinas para mineração, exploração de pedreiras e construção;646121904;28;2800;Fabricação de máquinas e equipamentos mecânicos;2811;28;C;28;FABRICACIÓN DE MAQUINARIA Y EQUIPO N.C.P.;FABRICAÇÃO DE MÁQUINAS E EQUIPAMENTOS;1.675;1082254189.2
2011;Estados Unidos;2396;Corte, moldagem e acabamento de pedra;505949362;23;2300;Fabricação de produtos de minerais não metálicos;2311;23;C;23;FABRICACIÓN DE OTROS PRODUCTOS MINERALES NO METÁLICOS;FABRICAÇÃO DE PRODUTOS DE MINERAIS NÃO-METÁLICOS;1.675;847465181.35
2011;Estados Unidos;2710;Fabricação de motores elétricos, geradores, transformadores e aparelhos de distribuição e controle de energia elétrica;488105905;27;2700;Fabricação de máquinas e equipamentos elétricos;2710;27;C;27;FABRICACIÓN DE EQUIPO ELÉCTRICO;FABRICAÇÃO DE MÁQUINAS, APARELHOS E MATERIAIS ELÉTRICOS;1.675;817577390.875
2011;Estados Unidos;1030;Processamento e conservação de frutas e legumes;446337806;103;1093;Outros produtos alimentares;1031;103;C;103;Elaboración y conservación de frutas, legumbres y hortalizas;Fabricação de conservas de frutas, legumes e outros vegetais;1.675;747615825.0500001
2011;Estados Unidos;2211;"Fabricação de pneus e tubos; recauchutagem e reconstrução de pneus de borracha";419743094;22;1500;Fabricação de calçados e de artefatos de couro;1510;15;C;22;FABRICACIÓN DE PRODUCTOS DE CAUCHO Y PLÁSTICO;PREPARAÇÃO DE COUROS E FABRICAÇÃO DE ARTEFATOS DE COURO, ARTIGOS PARA VIAGEM E CALÇADOS;1.675;703069682.45
2011;Estados Unidos;2813;Fabricação de outras bombas, compressores, torneiras e válvulas;372605250;28;2800;Fabricação de máquinas e equipamentos mecânicos;2811;28;C;28;FABRICACIÓN DE MAQUINARIA Y EQUIPO N.C.P.;FABRICAÇÃO DE MÁQUINAS E EQUIPAMENTOS;1.675;624113793.75
2011;Estados Unidos;1610;Serração e aplainamento de madeira;357004615;16;1500;Fabricação de calçados e de artefatos de couro;1510;15;C;16;"PRODUCCIÓN DE MADERA Y FABRICACIÓN DE PRODUCTOS DE MADERA Y CORCHO, EXCEPTO MUEBLES; FABRICACIÓN DE ARTÍCULOS DE PAJA Y DE MATERIALES TRENZABLES";PREPARAÇÃO DE COUROS E FABRICAÇÃO DE ARTEFATOS DE COURO, ARTIGOS PARA VIAGEM E CALÇADOS;1.675;597982730.125
2011;Estados Unidos;1072;Fabricação de açúcar;308500405;107;1092;Fabricação e refino de açúcar;1071;107;C;107;Elaboración de otros productos alimenticios;Fabricação e refino de açúcar;1.675;516738178.375
2011;Estados Unidos;1200;Fabricação de produtos de tabaco;264392076;12;1200;Fabricação de produtos do fumo;1210;12;C;12;ELABORACIÓN DE PRODUCTOS DE TABACO;FABRICAÇÃO DE PRODUTOS DO FUMO;1.675;442856727.3
2011;Estados Unidos;2814;Fabricação de rolamentos, engrenagens, engrenagens e elementos de acionamento;250947211;28;2800;Fabricação de máquinas e equipamentos mecânicos;2811;28;C;28;FABRICACIÓN DE MAQUINARIA Y EQUIPO N.C.P.;FABRICAÇÃO DE MÁQUINAS E EQUIPAMENTOS;1.675;420336578.425
2011;Estados Unidos;2013;Fabricação de plásticos e borracha sintética em formas primárias;242956731;201;1992;Fabricação de biocombustíveis;1931;193;C;201;Fabricación de sustancias químicas básicas, de abonos y compuestos de nitrógeno y de plásticos y caucho sintético en formas primarias;Fabricação de biocombustíveis;1.675;406952524.425
2011;Estados Unidos;1520;Fabricação de calçado;237909877;15;1500;Fabricação de calçados e de artefatos de couro;1510;15;C;15;FABRICACIÓN DE PRODUCTOS DE CUERO Y PRODUCTOS CONEXOS;PREPARAÇÃO DE COUROS E FABRICAÇÃO DE ARTEFATOS DE COURO, ARTIGOS PARA VIAGEM E CALÇADOS;1.675;398499043.975
2011;Estados Unidos;1511;Curtimento e vestuário de couro;237111717;15;1500;Fabricação de calçados e de artefatos de couro;1510;15;C;15;FABRICACIÓN DE PRODUCTOS DE CUERO Y PRODUCTOS CONEXOS;PREPARAÇÃO DE COUROS E FABRICAÇÃO DE ARTEFATOS DE COURO, ARTIGOS PARA VIAGEM E CALÇADOS;1.675;397162125.975
2011;Estados Unidos;1079;Fabricação de outros produtos alimentícios n.c;194383930;107;1092;Fabricação e refino de açúcar;1071;107;C;107;Elaboración de otros productos alimenticios;Fabricação e refino de açúcar;1.675;325593082.75
2011;Estados Unidos;1010;Processamento e conservação de carne;186888046;101;1091;Abate e produtos de carne, inclusive os produtos do laticínio e da pesca;1011;101;C;101;Elaboración y conservación de carne;Abate e fabricação de produtos de carne;1.675;313037477.05
2011;Estados Unidos;2100;Fabricação de produtos farmacêuticos, produtos químicos medicinais e botânicos;173144015;21;2100;Fabricação de produtos farmoquímicos e farmacêuticos;2110;21;C;21;FABRICACIÓN DE PRODUCTOS FARMACÉUTICOS, SUSTANCIAS QUÍMICAS MEDICINALES Y PRODUCTOS BOTÁNICOS DE USO FARMACÉUTICO;FABRICAÇÃO DE PRODUTOS FARMOQUÍMICOS E FARMACÊUTICOS;1.675;290016225.125
2011;Estados Unidos;2029;Fabricação de outros produtos químicos n.c;170118758;202;2092;Fabricação de defensivos, desinfestantes, tintas e químicos diversos;2051;205;C;202;Fabricación de otros productos químicos;Fabricação de defensivos agrícolas e desinfestantes domissanitários;1.675;284948919.65000004
2011;Estados Unidos;2599;Fabricação de outros produtos metálicos fabricados n.c;167804635;25;2500;Fabricação de produtos de metal, exceto máquinas e equipamentos;2511;25;C;25;FABRICACIÓN DE PRODUCTOS ELABORADOS DE METAL, EXCEPTO MAQUINARIA Y EQUIPO;FABRICAÇÃO DE PRODUTOS DE METAL, EXCETO MÁQUINAS E EQUIPAMENTOS;1.675;281072763.625
2011;Estados Unidos;0729;Extração de outros minérios de metais não ferrosos;157003508;072;0792;Extração de minerais metálicos não ferrosos, inclusive beneficiamentos;0721;072;B;072;Extracción de minerales metalíferos no ferrosos;Extração de minerais metálicos não-ferrosos;1.675;262980875.9
2011;Estados Unidos;0125;Cultivo de outras frutas e nozes;149745477;012;0191;Agricultura, inclusive o apoio à agricultura e a pós-colheita;0111;011;A;012;Cultivo de plantas perennes;Produção de lavouras temporárias;1.675;250823673.975
2011;Estados Unidos;2520;Fabricação de armas e munições;141591733;25;2500;Fabricação de produtos de metal, exceto máquinas e equipamentos;2511;25;C;25;FABRICACIÓN DE PRODUCTOS ELABORADOS DE METAL, EXCEPTO MAQUINARIA Y EQUIPO;FABRICAÇÃO DE PRODUTOS DE METAL, EXCETO MÁQUINAS E EQUIPAMENTOS;1.675;237166152.775
2011;Estados Unidos;1073;Fabricação de cacau, chocolate e produtos de confeitaria;118412118;107;1092;Fabricação e refino de açúcar;1071;107;C;107;Elaboración de otros productos alimenticios;Fabricação e refino de açúcar;1.675;198340297.65
2011;Estados Unidos;2593;Fabricação de cutelaria, ferramentas manuais e ferragens em geral;108355566;25;2500;Fabricação de produtos de metal, exceto máquinas e equipamentos;2511;25;C;25;FABRICACIÓN DE PRODUCTOS ELABORADOS DE METAL, EXCEPTO MAQUINARIA Y EQUIPO;FABRICAÇÃO DE PRODUTOS DE METAL, EXCETO MÁQUINAS E EQUIPAMENTOS;1.675;181495573.05
2011;Estados Unidos;2819;Fabricação de outras máquinas para uso geral;94420214;28;2800;Fabricação de máquinas e equipamentos mecânicos;2811;28;C;28;FABRICACIÓN DE MAQUINARIA Y EQUIPO N.C.P.;FABRICAÇÃO DE MÁQUINAS E EQUIPAMENTOS;1.675;158153858.45000002
2011;Estados Unidos;1622;Fabricação de carpintaria e marcenaria de construtores;93550659;16;1500;Fabricação de calçados e de artefatos de couro;1510;15;C;16;"PRODUCCIÓN DE MADERA Y FABRICACIÓN DE PRODUCTOS DE MADERA Y CORCHO, EXCEPTO MUEBLES; FABRICACIÓN DE ARTÍCULOS DE PAJA Y DE MATERIALES TRENZABLES";PREPARAÇÃO DE COUROS E FABRICAÇÃO DE ARTEFATOS DE COURO, ARTIGOS PARA VIAGEM E CALÇADOS;1.675;156697353.82500002
2011;Estados Unidos;2651;Fabricação de equipamentos de medição, teste, navegação e controle;87528927;26;2600;Fabricação de equipamentos de informática, produtos eletrônicos e ópticos;2610;26;C;26;FABRICACIÓN DE PRODUCTOS DE INFORMÁTICA, DE ELECTRÓNICA Y DE ÓPTICA;FABRICAÇÃO DE EQUIPAMENTOS DE INFORMÁTICA, PRODUTOS ELETRÔNICOS E ÓPTICOS;1.675;146610952.725
2011;Estados Unidos;2821;Fabricação de maquinaria agrícola e florestal;86739771;28;2800;Fabricação de máquinas e equipamentos mecânicos;2811;28;C;28;FABRICACIÓN DE MAQUINARIA Y EQUIPO N.C.P.;FABRICAÇÃO DE MÁQUINAS E EQUIPAMENTOS;1.675;145289116.425
2011;Estados Unidos;0710;Extração de minério de ferro;86209937;071;0791;Extração de minério de ferro, inclusive beneficiamento e a aglomeração;0710;071;B;071;Extracción de minerales de hierro;Extração de minério de ferro;1.675;144401644.475
2011;Estados Unidos;2220;Fabricação de produtos plásticos;85182866;22;1500;Fabricação de calçados e de artefatos de couro;1510;15;C;22;FABRICACIÓN DE PRODUCTOS DE CAUCHO Y PLÁSTICO;PREPARAÇÃO DE COUROS E FABRICAÇÃO DE ARTEFATOS DE COURO, ARTIGOS PARA VIAGEM E CALÇADOS;1.675;142681300.55
2011;Estados Unidos;2630;Fabricação de equipamentos de comunicação;83821175;26;2600;Fabricação de equipamentos de informática, produtos eletrônicos e ópticos;2610;26;C;26;FABRICACIÓN DE PRODUCTOS DE INFORMÁTICA, DE ELECTRÓNICA Y DE ÓPTICA;FABRICAÇÃO DE EQUIPAMENTOS DE INFORMÁTICA, PRODUTOS ELETRÔNICOS E ÓPTICOS;1.675;140400468.125
2011;Estados Unidos;3100;Fabricação de móveis;82514411;31;3180;Fabricação de móveis e de produtos de indústrias diversas;3101;31;C;31;FABRICACIÓN DE MUEBLES;FABRICAÇÃO DE MÓVEIS;1.675;138211638.425
2011;Estados Unidos;0128;Cultivo de especiarias, culturas aromáticas, medicamentosas e farmacêuticas;81217447;012;0191;Agricultura, inclusive o apoio à agricultura e a pós-colheita;0111;011;A;012;Cultivo de plantas perennes;Produção de lavouras temporárias;1.675;136039223.725
2011;Estados Unidos;3211;Fabricação de joalharia e artigos afins;78034665;32;3180;Fabricação de móveis e de produtos de indústrias diversas;3211;32;C;32;OTRAS INDUSTRIAS MANUFACTURERAS;FABRICAÇÃO DE PRODUTOS DIVERSOS;1.675;130708063.875
2011;Estados Unidos;2812;Fabricação de equipamentos para energia hidráulica;77696478;28;2800;Fabricação de máquinas e equipamentos mecânicos;2811;28;C;28;FABRICACIÓN DE MAQUINARIA Y EQUIPO N.C.P.;FABRICAÇÃO DE MÁQUINAS E EQUIPAMENTOS;1.675;130141600.65
2011;Estados Unidos;2399;Fabricação de outros produtos minerais não metálicos n.c;75266526;23;2300;Fabricação de produtos de minerais não metálicos;2311;23;C;23;FABRICACIÓN DE OTROS PRODUCTOS MINERALES NO METÁLICOS;FABRICAÇÃO DE PRODUTOS DE MINERAIS NÃO-METÁLICOS;1.675;126071431.05
2011;Estados Unidos;2219;Fabricação de outros produtos de borracha;71373489;22;1500;Fabricação de calçados e de artefatos de couro;1510;15;C;22;FABRICACIÓN DE PRODUCTOS DE CAUCHO Y PLÁSTICO;PREPARAÇÃO DE COUROS E FABRICAÇÃO DE ARTEFATOS DE COURO, ARTIGOS PARA VIAGEM E CALÇADOS;1.675;119550594.075
2011;Estados Unidos;1020;Processamento e conservação de peixes, crustáceos e moluscos;69991764;102;1091;Abate e produtos de carne, inclusive os produtos do laticínio e da pesca;1020;102;C;102;Elaboración y conservación de pescado, crustáceos y moluscos;Preservação do pescado e fabricação de produtos do pescado;1.675;117236204.7
2011;Estados Unidos;1920;Fabricação de produtos petrolíferos refinados;65207856;192;1991;Refino de petróleo e coquerias;1921;192;C;192;Fabricación de productos de la refinación del petróleo;Fabricação de produtos derivados do petróleo;1.675;109223158.8
2011;Estados Unidos;2620;Fabricação de computadores e equipamentos periféricos;55577347;26;2600;Fabricação de equipamentos de informática, produtos eletrônicos e ópticos;2610;26;C;26;FABRICACIÓN DE PRODUCTOS DE INFORMÁTICA, DE ELECTRÓNICA Y DE ÓPTICA;FABRICAÇÃO DE EQUIPAMENTOS DE INFORMÁTICA, PRODUTOS ELETRÔNICOS E ÓPTICOS;1.675;93092056.22500001
2011;Estados Unidos;0810;Extração de pedra, areia e argila;51278602;08;0580;Extração de carvão mineral e de minerais não metálicos;0810;08;B;08;EXPLOTACIÓN DE OTRAS MINAS Y CANTERAS;EXTRAÇÃO DE MINERAIS NÃO-METÁLICOS;1.675;85891658.35000001
2011;Estados Unidos;2790;Fabricação de outro equipamento elétrico;49279310;27;2700;Fabricação de máquinas e equipamentos elétricos;2710;27;C;27;FABRICACIÓN DE EQUIPO ELÉCTRICO;FABRICAÇÃO DE MÁQUINAS, APARELHOS E MATERIAIS ELÉTRICOS;1.675;82542844.25
2011;Estados Unidos;2512;Fabricação de tanques, reservatórios e recipientes de metal;48430059;25;2500;Fabricação de produtos de metal, exceto máquinas e equipamentos;2511;25;C;25;FABRICACIÓN DE PRODUCTOS ELABORADOS DE METAL, EXCEPTO MAQUINARIA Y EQUIPO;FABRICAÇÃO DE PRODUTOS DE METAL, EXCETO MÁQUINAS E EQUIPAMENTOS;1.675;81120348.825
2011;Estados Unidos;0149;Criação de outros animais;47344651;014;0192;Pecuária, inclusive o apoio à pecuária;0151;015;A;014;Ganadería;Pecuária;1.675;79302290.425
2011;Estados Unidos;3290;Outras manufaturas n.c.;45283900;32;3180;Fabricação de móveis e de produtos de indústrias diversas;3211;32;C;32;OTRAS INDUSTRIAS MANUFACTURERAS;FABRICAÇÃO DE PRODUTOS DIVERSOS;1.675;75850532.5
2011;Estados Unidos;3250;Fabricação de instrumentos e suprimentos médicos e odontológicos;44631550;32;3180;Fabricação de móveis e de produtos de indústrias diversas;3211;32;C;32;OTRAS INDUSTRIAS MANUFACTURERAS;FABRICAÇÃO DE PRODUTOS DIVERSOS;1.675;74757846.25
2011;Estados Unidos;1040;Fabricação de óleos e gorduras vegetais e animais;44363576;104;1093;Outros produtos alimentares;1041;104;C;104;Elaboración de aceites y grasas de origen vegetal y animal;Fabricação de óleos e gorduras vegetais e animais;1.675;74308989.8
2011;Estados Unidos;2392;Fabricação de materiais de construção de argila;41301412;23;2300;Fabricação de produtos de minerais não metálicos;2311;23;C;23;FABRICACIÓN DE OTROS PRODUCTOS MINERALES NO METÁLICOS;FABRICAÇÃO DE PRODUTOS DE MINERAIS NÃO-METÁLICOS;1.675;69179865.10000001
2011;Estados Unidos;1394;Fabricação de cordéis, cordas, cordéis e redes;39246613;13;1300;Fabricação de produtos têxteis;1311;13;C;13;FABRICACIÓN DE PRODUCTOS TEXTILES;FABRICAÇÃO DE PRODUTOS TÊXTEIS;1.675;65738076.775
2011;Estados Unidos;2829;Fabricação de outras máquinas para fins especiais;38804167;28;2800;Fabricação de máquinas e equipamentos mecânicos;2811;28;C;28;FABRICACIÓN DE MAQUINARIA Y EQUIPO N.C.P.;FABRICAÇÃO DE MÁQUINAS E EQUIPAMENTOS;1.675;64996979.725
2011;Estados Unidos;0121;Cultivo de uvas;37440295;012;0191;Agricultura, inclusive o apoio à agricultura e a pós-colheita;0111;011;A;012;Cultivo de plantas perennes;Produção de lavouras temporárias;1.675;62712494.125
2011;Estados Unidos;2610;Fabricação de componentes eletrônicos e placas;35439112;26;2600;Fabricação de equipamentos de informática, produtos eletrônicos e ópticos;2610;26;C;26;FABRICACIÓN DE PRODUCTOS DE INFORMÁTICA, DE ELECTRÓNICA Y DE ÓPTICA;FABRICAÇÃO DE EQUIPAMENTOS DE INFORMÁTICA, PRODUTOS ELETRÔNICOS E ÓPTICOS;1.675;59360512.6
2011;Estados Unidos;0899;Outras atividades de mineração n.c;34692211;08;0580;Extração de carvão mineral e de minerais não metálicos;0810;08;B;08;EXPLOTACIÓN DE OTRAS MINAS Y CANTERAS;EXTRAÇÃO DE MINERAIS NÃO-METÁLICOS;1.675;58109453.425000004
2011;Estados Unidos;1629;"Fabricação de outros produtos de madeira; fabricação de artigos de cortiça, de espartaria e cestaria";34293281;16;1500;Fabricação de calçados e de artefatos de couro;1510;15;C;16;"PRODUCCIÓN DE MADERA Y FABRICACIÓN DE PRODUCTOS DE MADERA Y CORCHO, EXCEPTO MUEBLES; FABRICACIÓN DE ARTÍCULOS DE PAJA Y DE MATERIALES TRENZABLES";PREPARAÇÃO DE COUROS E FABRICAÇÃO DE ARTEFATOS DE COURO, ARTIGOS PARA VIAGEM E CALÇADOS;1.675;57441245.675000004
2011;Estados Unidos;2811;Fabricação de motores e turbinas, exceto aeronaves, veículos e motores de ciclo;31339948;28;2800;Fabricação de máquinas e equipamentos mecânicos;2811;28;C;28;FABRICACIÓN DE MAQUINARIA Y EQUIPO N.C.P.;FABRICAÇÃO DE MÁQUINAS E EQUIPAMENTOS;1.675;52494412.9
2011;Estados Unidos;1621;Fabricação de folheados e painéis derivados de madeira;31207852;16;1500;Fabricação de calçados e de artefatos de couro;1510;15;C;16;"PRODUCCIÓN DE MADERA Y FABRICACIÓN DE PRODUCTOS DE MADERA Y CORCHO, EXCEPTO MUEBLES; FABRICACIÓN DE ARTÍCULOS DE PAJA Y DE MATERIALES TRENZABLES";PREPARAÇÃO DE COUROS E FABRICAÇÃO DE ARTEFATOS DE COURO, ARTIGOS PARA VIAGEM E CALÇADOS;1.675;52273152.1
2011;Estados Unidos;1512;Fabricação de malas, bolsas e semelhantes, selaria e arreios;31065803;15;1500;Fabricação de calçados e de artefatos de couro;1510;15;C;15;FABRICACIÓN DE PRODUCTOS DE CUERO Y PRODUCTOS CONEXOS;PREPARAÇÃO DE COUROS E FABRICAÇÃO DE ARTEFATOS DE COURO, ARTIGOS PARA VIAGEM E CALÇADOS;1.675;52035220.025
2011;Estados Unidos;0113;Cultivo de hortaliças e melões, raízes e tubérculos;31025800;011;0191;Agricultura, inclusive o apoio à agricultura e a pós-colheita;0111;011;A;011;Cultivo de plantas no perenes;Produção de lavouras temporárias;1.675;51968215.0
2011;Estados Unidos;2823;Fabricação de máquinas para metalurgia;26672324;28;2800;Fabricação de máquinas e equipamentos mecânicos;2811;28;C;28;FABRICACIÓN DE MAQUINARIA Y EQUIPO N.C.P.;FABRICAÇÃO DE MÁQUINAS E EQUIPAMENTOS;1.675;44676142.7
2011;Estados Unidos;9000;Atividades criativas, artes e entretenimento;25449151;90;9080;Atividades artísticas, criativas e de espetáculos;9001;90;R;90;ACTIVIDADES CREATIVAS, ARTÍSTICAS Y DE ENTRETENIMIENTO;ATIVIDADES ARTÍSTICAS, CRIATIVAS E DE ESPETÁCULOS;1.675;42627327.925000004
2011;Estados Unidos;2732;Fabricação de outros fios e cabos elétricos e eletrônicos;25205713;27;2700;Fabricação de máquinas e equipamentos elétricos;2710;27;C;27;FABRICACIÓN DE EQUIPO ELÉCTRICO;FABRICAÇÃO DE MÁQUINAS, APARELHOS E MATERIAIS ELÉTRICOS;1.675;42219569.275
2011;Estados Unidos;1709;Fabricação de outros artigos de papel e cartão;24046567;17;1700;Fabricação de celulose, papel e produtos de papel;1710;17;C;17;FABRICACIÓN DE PAPEL Y DE PRODUCTOS DE PAPEL;FABRICAÇÃO DE CELULOSE, PAPEL E PRODUTOS DE PAPEL;1.675;40277999.725
2011;Estados Unidos;1399;Fabricação de outros têxteis n.e.c.;23287648;13;1300;Fabricação de produtos têxteis;1311;13;C;13;FABRICACIÓN DE PRODUCTOS TEXTILES;FABRICAÇÃO DE PRODUTOS TÊXTEIS;1.675;39006810.4
2011;Estados Unidos;2822;Fabricação de máquinas e máquinas-ferramentas para moldagem de metais;22734178;28;2800;Fabricação de máquinas e equipamentos mecânicos;2811;28;C;28;FABRICACIÓN DE MAQUINARIA Y EQUIPO N.C.P.;FABRICAÇÃO DE MÁQUINAS E EQUIPAMENTOS;1.675;38079748.15
2011;Estados Unidos;1071;Fabricação de produtos de panificação;20746942;107;1092;Fabricação e refino de açúcar;1071;107;C;107;Elaboración de otros productos alimenticios;Fabricação e refino de açúcar;1.675;34751127.85
2011;Estados Unidos;2391;Fabricação de produtos refratários;18897108;23;2300;Fabricação de produtos de minerais não metálicos;2311;23;C;23;FABRICACIÓN DE OTROS PRODUCTOS MINERALES NO METÁLICOS;FABRICAÇÃO DE PRODUTOS DE MINERAIS NÃO-METÁLICOS;1.675;31652655.900000002
2011;Estados Unidos;1410;Fabricação de vestuário, exceto vestuários de peles;18874776;14;1400;Confecção de artefatos do vestuário e acessórios;1411;14;C;14;FABRICACIÓN DE PRENDAS DE VESTIR;CONFECÇÃO DE ARTIGOS DO VESTUÁRIO E ACESSÓRIOS;1.675;31615249.8
2011;Estados Unidos;2660;Fabricação de equipamentos de irradiação, eletromédicos e eletroterapêuticos;17024712;26;2600;Fabricação de equipamentos de informática, produtos eletrônicos e ópticos;2610;26;C;26;FABRICACIÓN DE PRODUCTOS DE INFORMÁTICA, DE ELECTRÓNICA Y DE ÓPTICA;FABRICAÇÃO DE EQUIPAMENTOS DE INFORMÁTICA, PRODUTOS ELETRÔNICOS E ÓPTICOS;1.675;28516392.6
2011;Estados Unidos;2021;Fabricação de pesticidas e outros produtos agroquímicos;16158351;202;2092;Fabricação de defensivos, desinfestantes, tintas e químicos diversos;2051;205;C;202;Fabricación de otros productos químicos;Fabricação de defensivos agrícolas e desinfestantes domissanitários;1.675;27065237.925
2011;Estados Unidos;2910;Fabricação de veículos automotores;15729923;291;2991;Fabricação de automóveis, caminhões e ônibus, exceto peças;2910;291;C;291;Fabricación de vehículos automotores;Fabricação de automóveis, camionetas e utilitários;1.675;26347621.025000002
2011;Estados Unidos;2310;Fabricação de produtos de vidro e vidro;15089013;23;2300;Fabricação de produtos de minerais não metálicos;2311;23;C;23;FABRICACIÓN DE OTROS PRODUCTOS MINERALES NO METÁLICOS;FABRICAÇÃO DE PRODUTOS DE MINERAIS NÃO-METÁLICOS;1.675;25274096.775000002
2011;Estados Unidos;3091;Fabricação de motocicletas;14976098;30;3000;Fabricação de outros equipamentos de transporte, exceto veículos automotores;3011;30;C;30;FABRICACIÓN DE OTRO  EQUIPO DE TRANSPORTE;FABRICAÇÃO DE OUTROS EQUIPAMENTOS DE TRANSPORTE, EXCETO VEÍCULOS AUTOMOTORES;1.675;25084964.150000002
2011;Estados Unidos;2023;Fabricação de sabão e detergentes, produtos de limpeza e polimento, perfumes e produtos de toilette;14828811;202;2092;Fabricação de defensivos, desinfestantes, tintas e químicos diversos;2051;205;C;202;Fabricación de otros productos químicos;Fabricação de defensivos agrícolas e desinfestantes domissanitários;1.675;24838258.425
2011;Estados Unidos;1062;Fabricação de amidos e féculas;14031157;106;1093;Outros produtos alimentares;1061;106;C;106;Elaboración de productos de molinería, almidones y productos derivados del almidón;Moagem, fabricação de produtos amiláceos e de alimentos para animais;1.675;23502187.975
2011;Estados Unidos;2825;Fabricação de máquinas para processamento de alimentos, bebidas e tabaco;13548955;28;2800;Fabricação de máquinas e equipamentos mecânicos;2811;28;C;28;FABRICACIÓN DE MAQUINARIA Y EQUIPO N.C.P.;FABRICAÇÃO DE MÁQUINAS E EQUIPAMENTOS;1.675;22694499.625
2011;Estados Unidos;3020;Fabricação de locomotivas e material circulante;11349201;30;3000;Fabricação de outros equipamentos de transporte, exceto veículos automotores;3011;30;C;30;FABRICACIÓN DE OTRO  EQUIPO DE TRANSPORTE;FABRICAÇÃO DE OUTROS EQUIPAMENTOS DE TRANSPORTE, EXCETO VEÍCULOS AUTOMOTORES;1.675;19009911.675
2011;Estados Unidos;3011;Construção de navios e estruturas flutuantes;10611778;30;3000;Fabricação de outros equipamentos de transporte, exceto veículos automotores;3011;30;C;30;FABRICACIÓN DE OTRO  EQUIPO DE TRANSPORTE;FABRICAÇÃO DE OUTROS EQUIPAMENTOS DE TRANSPORTE, EXCETO VEÍCULOS AUTOMOTORES;1.675;17774728.150000002
2011;Estados Unidos;1392;Fabricação de artigos têxteis confeccionados, exceto vestuário;10256032;13;1300;Fabricação de produtos têxteis;1311;13;C;13;FABRICACIÓN DE PRODUCTOS TEXTILES;FABRICAÇÃO DE PRODUTOS TÊXTEIS;1.675;17178853.6
2011;Estados Unidos;1311;Preparação e fiação de fibras têxteis;9919488;13;1300;Fabricação de produtos têxteis;1311;13;C;13;FABRICACIÓN DE PRODUCTOS TEXTILES;FABRICAÇÃO DE PRODUTOS TÊXTEIS;1.675;16615142.4
2011;Estados Unidos;2817;Fabricação de máquinas e equipamentos de escritório (exceto computadores e equipamentos periféricos);9888369;28;2800;Fabricação de máquinas e equipamentos mecânicos;2811;28;C;28;FABRICACIÓN DE MAQUINARIA Y EQUIPO N.C.P.;FABRICAÇÃO DE MÁQUINAS E EQUIPAMENTOS;1.675;16563018.075000001
2011;Estados Unidos;0311;Pesca marinha;9072657;03;0280;"Produção florestal; pesca e aquicultura";0311;03;A;03;PESCA Y ACUICULTURA;PESCA E AQÜICULTURA;1.675;15196700.475
2011;Estados Unidos;1312;Tecelagem de têxteis;8817995;13;1300;Fabricação de produtos têxteis;1311;13;C;13;FABRICACIÓN DE PRODUCTOS TEXTILES;FABRICAÇÃO DE PRODUTOS TÊXTEIS;1.675;14770141.625
2011;Estados Unidos;2640;Fabricação de produtos eletrônicos de consumo;8690352;26;2600;Fabricação de equipamentos de informática, produtos eletrônicos e ópticos;2610;26;C;26;FABRICACIÓN DE PRODUCTOS DE INFORMÁTICA, DE ELECTRÓNICA Y DE ÓPTICA;FABRICAÇÃO DE EQUIPAMENTOS DE INFORMÁTICA, PRODUTOS ELETRÔNICOS E ÓPTICOS;1.675;14556339.6
2011;Estados Unidos;1061;Fabricação de produtos de moagem de grãos;8005776;106;1093;Outros produtos alimentares;1061;106;C;106;Elaboración de productos de molinería, almidones y productos derivados del almidón;Moagem, fabricação de produtos amiláceos e de alimentos para animais;1.675;13409674.8
2011;Estados Unidos;2431;Fundição de ferro e aço;7907329;243;2492;Metalurgia de metais não ferosos e a fundição de metais;2451;245;C;243;Fundición de metales;Fundição;1.675;13244776.075000001
2011;Estados Unidos;2750;Fabricação de eletrodomésticos;7732376;27;2700;Fabricação de máquinas e equipamentos elétricos;2710;27;C;27;FABRICACIÓN DE EQUIPO ELÉCTRICO;FABRICAÇÃO DE MÁQUINAS, APARELHOS E MATERIAIS ELÉTRICOS;1.675;12951729.8
2011;Estados Unidos;2826;Fabricação de máquinas para produção de têxteis, vestuário e couro;6966998;28;2800;Fabricação de máquinas e equipamentos mecânicos;2811;28;C;28;FABRICACIÓN DE MAQUINARIA Y EQUIPO N.C.P.;FABRICAÇÃO DE MÁQUINAS E EQUIPAMENTOS;1.675;11669721.65
2011;Estados Unidos;2022;Fabricação de tintas, vernizes e produtos similares, tintas de impressão e mástiques;6873833;202;2092;Fabricação de defensivos, desinfestantes, tintas e químicos diversos;2051;205;C;202;Fabricación de otros productos químicos;Fabricação de defensivos agrícolas e desinfestantes domissanitários;1.675;11513670.275
2011;Estados Unidos;3099;Fabricação de outros equipamentos de transporte n.c;6602778;30;3000;Fabricação de outros equipamentos de transporte, exceto veículos automotores;3011;30;C;30;FABRICACIÓN DE OTRO  EQUIPO DE TRANSPORTE;FABRICAÇÃO DE OUTROS EQUIPAMENTOS DE TRANSPORTE, EXCETO VEÍCULOS AUTOMOTORES;1.675;11059653.15
2011;Estados Unidos;0111;Cultivo de cereais (exceto arroz), leguminosas e oleaginosas;6541645;011;0191;Agricultura, inclusive o apoio à agricultura e a pós-colheita;0111;011;A;011;Cultivo de plantas no perenes;Produção de lavouras temporárias;1.675;10957255.375
2011;Estados Unidos;2012;Fabricação de fertilizantes e compostos nitrogenados;6369048;201;1992;Fabricação de biocombustíveis;1931;193;C;201;Fabricación de sustancias químicas básicas, de abonos y compuestos de nitrógeno y de plásticos y caucho sintético en formas primarias;Fabricação de biocombustíveis;1.675;10668155.4
2011;Estados Unidos;2720;Fabricação de baterias e acumuladores;6164419;27;2700;Fabricação de máquinas e equipamentos elétricos;2710;27;C;27;FABRICACIÓN DE EQUIPO ELÉCTRICO;FABRICAÇÃO DE MÁQUINAS, APARELHOS E MATERIAIS ELÉTRICOS;1.675;10325401.825000001
2011;Estados Unidos;2393;Fabricação de outros produtos de porcelana e cerâmica;5996032;23;2300;Fabricação de produtos de minerais não metálicos;2311;23;C;23;FABRICACIÓN DE OTROS PRODUCTOS MINERALES NO METÁLICOS;FABRICAÇÃO DE PRODUTOS DE MINERAIS NÃO-METÁLICOS;1.675;10043353.6
2011;Estados Unidos;1702;Fabricação de papel e cartão canelados e de embalagens de papel e cartão;5345505;17;1700;Fabricação de celulose, papel e produtos de papel;1710;17;C;17;FABRICACIÓN DE PAPEL Y DE PRODUCTOS DE PAPEL;FABRICAÇÃO DE CELULOSE, PAPEL E PRODUTOS DE PAPEL;1.675;8953720.875
2011;Estados Unidos;0130;Cultivo de plantas;4673279;013;0191;Agricultura, inclusive o apoio à agricultura e a pós-colheita;0141;014;A;013;Propagación de plantas;Produção de sementes e mudas certificadas;1.675;7827742.325
2011;Estados Unidos;2920;"Fabricação de carroçarias para veículos automotores; fabricação de reboques e semi-reboques";4671624;292;2991;Fabricação de automóveis, caminhões e ônibus, exceto peças;2930;293;C;292;"Fabricación de carrocerías para vehículos automotores; fabricación de remolques y semirremolques";Fabricação de cabines, carrocerias e reboques para veículos automotores;1.675;7824970.2
2011;Estados Unidos;2816;Fabricação de equipamentos de elevação e manuseio;4479269;28;2800;Fabricação de máquinas e equipamentos mecânicos;2811;28;C;28;FABRICACIÓN DE MAQUINARIA Y EQUIPO N.C.P.;FABRICAÇÃO DE MÁQUINAS E EQUIPAMENTOS;1.675;7502775.575
2011;Estados Unidos;2815;Fabricação de fornos, fornos e queimadores de fornos;4125049;28;2800;Fabricação de máquinas e equipamentos mecânicos;2811;28;C;28;FABRICACIÓN DE MAQUINARIA Y EQUIPO N.C.P.;FABRICAÇÃO DE MÁQUINAS E EQUIPAMENTOS;1.675;6909457.075
2011;Estados Unidos;3212;Fabricação de bijuterias e artigos relacionados;3828921;32;3180;Fabricação de móveis e de produtos de indústrias diversas;3211;32;C;32;OTRAS INDUSTRIAS MANUFACTURERAS;FABRICAÇÃO DE PRODUTOS DIVERSOS;1.675;6413442.675
2011;Estados Unidos;0116;Cultivo de culturas de fibra;3806171;011;0191;Agricultura, inclusive o apoio à agricultura e a pós-colheita;0111;011;A;011;Cultivo de plantas no perenes;Produção de lavouras temporárias;1.675;6375336.425
2011;Estados Unidos;1623;Fabricação de embalagens de madeira;3509868;16;1500;Fabricação de calçados e de artefatos de couro;1510;15;C;16;"PRODUCCIÓN DE MADERA Y FABRICACIÓN DE PRODUCTOS DE MADERA Y CORCHO, EXCEPTO MUEBLES; FABRICACIÓN DE ARTÍCULOS DE PAJA Y DE MATERIALES TRENZABLES";PREPARAÇÃO DE COUROS E FABRICAÇÃO DE ARTEFATOS DE COURO, ARTIGOS PARA VIAGEM E CALÇADOS;1.675;5879028.9
2011;Estados Unidos;2740;Fabricação de equipamentos de iluminação elétrica;3483909;27;2700;Fabricação de máquinas e equipamentos elétricos;2710;27;C;27;FABRICACIÓN DE EQUIPO ELÉCTRICO;FABRICAÇÃO DE MÁQUINAS, APARELHOS E MATERIAIS ELÉTRICOS;1.675;5835547.575
2011;Estados Unidos;2818;Fabricação de ferramentas manuais acionadas por motor;3331120;28;2800;Fabricação de máquinas e equipamentos mecânicos;2811;28;C;28;FABRICACIÓN DE MAQUINARIA Y EQUIPO N.C.P.;FABRICAÇÃO DE MÁQUINAS E EQUIPAMENTOS;1.675;5579626.0
2011;Estados Unidos;2030;Fabricação de fibras sintéticas ou artificiais;2964303;203;2091;Fabricação de químicos orgânicos e inorgânicos, resinas e elastômeros;2040;204;C;203;Fabricación de fibras artificiales;Fabricação de fibras artificiais e sintéticas;1.675;4965207.525
2011;Estados Unidos;1391;Fabricação de tecidos de malha;2650730;13;1300;Fabricação de produtos têxteis;1311;13;C;13;FABRICACIÓN DE PRODUCTOS TEXTILES;FABRICAÇÃO DE PRODUTOS TÊXTEIS;1.675;4439972.75
2011;Estados Unidos;1104;"Fabricação de refrigerantes; produção de águas minerais e outras águas engarrafadas";2585964;11;1100;Fabricação de bebidas;1111;11;C;11;ELABORACIÓN DE BEBIDAS;FABRICAÇÃO DE BEBIDAS;1.675;4331489.7
2011;Estados Unidos;2680;Fabricação de mídia magnética e óptica;2584583;26;2600;Fabricação de equipamentos de informática, produtos eletrônicos e ópticos;2610;26;C;26;FABRICACIÓN DE PRODUCTOS DE INFORMÁTICA, DE ELECTRÓNICA Y DE ÓPTICA;FABRICAÇÃO DE EQUIPAMENTOS DE INFORMÁTICA, PRODUTOS ELETRÔNICOS E ÓPTICOS;1.675;4329176.525
2011;Estados Unidos;3240;Fabricação de jogos e brinquedos;2491427;32;3180;Fabricação de móveis e de produtos de indústrias diversas;3211;32;C;32;OTRAS INDUSTRIAS MANUFACTURERAS;FABRICAÇÃO DE PRODUTOS DIVERSOS;1.675;4173140.225
2011;Estados Unidos;5811;Publicação de livros;2468431;58;5800;Edição e edição integrada à impressão;5811;58;J;58;ACTIVIDADES DE EDICIÓN;EDIÇÃO E EDIÇÃO INTEGRADA À IMPRESSÃO;1.675;4134621.9250000003
2011;Estados Unidos;0115;Cultivo de tabaco;2132471;011;0191;Agricultura, inclusive o apoio à agricultura e a pós-colheita;0111;011;A;011;Cultivo de plantas no perenes;Produção de lavouras temporárias;1.675;3571888.9250000003
2011;Estados Unidos;1080;Fabricação de alimentos para animais;2052301;108;1093;Outros produtos alimentares;1061;106;C;108;Elaboración de piensos preparados para animales;Moagem, fabricação de produtos amiláceos e de alimentos para animais;1.675;3437604.1750000003
2011;Estados Unidos;1393;Fabricação de tapetes e tapetes;1959651;13;1300;Fabricação de produtos têxteis;1311;13;C;13;FABRICACIÓN DE PRODUCTOS TEXTILES;FABRICAÇÃO DE PRODUTOS TÊXTEIS;1.675;3282415.4250000003
2011;Estados Unidos;1101;Fabricação de aguardentes e outras bebidas destiladas;1890140;11;1100;Fabricação de bebidas;1111;11;C;11;ELABORACIÓN DE BEBIDAS;FABRICAÇÃO DE BEBIDAS;1.675;3165984.5
2011;Estados Unidos;5819;Outras atividades de publicação;1886744;58;5800;Edição e edição integrada à impressão;5811;58;J;58;ACTIVIDADES DE EDICIÓN;EDIÇÃO E EDIÇÃO INTEGRADA À IMPRESSÃO;1.675;3160296.2
2011;Estados Unidos;0893;Extração de sal;1852739;08;0580;Extração de carvão mineral e de minerais não metálicos;0810;08;B;08;EXPLOTACIÓN DE OTRAS MINAS Y CANTERAS;EXTRAÇÃO DE MINERAIS NÃO-METÁLICOS;1.675;3103337.825
2011;Estados Unidos;1050;Fabricação de produtos lácteos;1709502;105;1091;Abate e produtos de carne, inclusive os produtos do laticínio e da pesca;1051;105;C;105;Elaboración de productos lácteos;Laticínios;1.675;2863415.85
2011;Estados Unidos;1430;Fabricação de vestuário de malha;1572601;14;1400;Confecção de artefatos do vestuário e acessórios;1411;14;C;14;FABRICACIÓN DE PRENDAS DE VESTIR;CONFECÇÃO DE ARTIGOS DO VESTUÁRIO E ACESSÓRIOS;1.675;2634106.6750000003
2011;Estados Unidos;2731;Fabricação de cabos de fibra ótica;1496934;27;2700;Fabricação de máquinas e equipamentos elétricos;2710;27;C;27;FABRICACIÓN DE EQUIPO ELÉCTRICO;FABRICAÇÃO DE MÁQUINAS, APARELHOS E MATERIAIS ELÉTRICOS;1.675;2507364.45
2011;Estados Unidos;1420;Fabricação de artigos de peles;1433183;14;1400;Confecção de artefatos do vestuário e acessórios;1411;14;C;14;FABRICACIÓN DE PRENDAS DE VESTIR;CONFECÇÃO DE ARTIGOS DO VESTUÁRIO E ACESSÓRIOS;1.675;2400581.525
2011;Estados Unidos;1102;Fabricação de vinhos;1365194;11;1100;Fabricação de bebidas;1111;11;C;11;ELABORACIÓN DE BEBIDAS;FABRICAÇÃO DE BEBIDAS;1.675;2286699.95
2011;Estados Unidos;2511;Fabricação de produtos metálicos estruturais;1354269;25;2500;Fabricação de produtos de metal, exceto máquinas e equipamentos;2511;25;C;25;FABRICACIÓN DE PRODUCTOS ELABORADOS DE METAL, EXCEPTO MAQUINARIA Y EQUIPO;FABRICAÇÃO DE PRODUTOS DE METAL, EXCETO MÁQUINAS E EQUIPAMENTOS;1.675;2268400.575
2011;Estados Unidos;0142;Criação de cavalos e outros equinos;1331472;014;0192;Pecuária, inclusive o apoio à pecuária;0151;015;A;014;Ganadería;Pecuária;1.675;2230215.6
2011;Estados Unidos;2652;Fabricação de cronomêtros e relógios;1213726;26;2600;Fabricação de equipamentos de informática, produtos eletrônicos e ópticos;2610;26;C;26;FABRICACIÓN DE PRODUCTOS DE INFORMÁTICA, DE ELECTRÓNICA Y DE ÓPTICA;FABRICAÇÃO DE EQUIPAMENTOS DE INFORMÁTICA, PRODUTOS ELETRÔNICOS E ÓPTICOS;1.675;2032991.05
2011;Estados Unidos;3220;Fabricação de instrumentos musicais;1207115;32;3180;Fabricação de móveis e de produtos de indústrias diversas;3211;32;C;32;OTRAS INDUSTRIAS MANUFACTURERAS;FABRICAÇÃO DE PRODUTOS DIVERSOS;1.675;2021917.625
2011;Estados Unidos;1074;Fabricação de macarrão, talharim, cuscuz e produtos farináceos semelhantes;1006457;107;1092;Fabricação e refino de açúcar;1071;107;C;107;Elaboración de otros productos alimenticios;Fabricação e refino de açúcar;1.675;1685815.475
2011;Estados Unidos;1103;Fabricação de malte e bebidas maltadas.;1004674;11;1100;Fabricação de bebidas;1111;11;C;11;ELABORACIÓN DE BEBIDAS;FABRICAÇÃO DE BEBIDAS;1.675;1682828.95
2011;Estados Unidos;2513;Fabricação de geradores de vapor, exceto caldeiras de aquecimento central de água quente;835663;25;2500;Fabricação de produtos de metal, exceto máquinas e equipamentos;2511;25;C;25;FABRICACIÓN DE PRODUCTOS ELABORADOS DE METAL, EXCEPTO MAQUINARIA Y EQUIPO;FABRICAÇÃO DE PRODUTOS DE METAL, EXCETO MÁQUINAS E EQUIPAMENTOS;1.675;1399735.5250000001
2011;Estados Unidos;2670;Fabricação de instrumentos ópticos e equipamento fotográfico;571128;26;2600;Fabricação de equipamentos de informática, produtos eletrônicos e ópticos;2610;26;C;26;FABRICACIÓN DE PRODUCTOS DE INFORMÁTICA, DE ELECTRÓNICA Y DE ÓPTICA;FABRICAÇÃO DE EQUIPAMENTOS DE INFORMÁTICA, PRODUTOS ELETRÔNICOS E ÓPTICOS;1.675;956639.4
2011;Estados Unidos;3230;Fabricação de artigos esportivos;511917;32;3180;Fabricação de móveis e de produtos de indústrias diversas;3211;32;C;32;OTRAS INDUSTRIAS MANUFACTURERAS;FABRICAÇÃO DE PRODUTOS DIVERSOS;1.675;857460.975
2011;Estados Unidos;0220;Exploração madeireira;444020;02;0280;"Produção florestal; pesca e aquicultura";0210;02;A;02;SILVICULTURA Y EXTRACCIÓN DE MADERA;PRODUÇÃO FLORESTAL;1.675;743733.5
2011;Estados Unidos;1812;Atividades de serviço relacionadas à impressão;437891;18;1800;Impressão e reprodução de gravações;1811;18;C;18;IMPRESIÓN Y REPRODUCCIÓN DE GRABACIONES;IMPRESSÃO E REPRODUÇÃO DE GRAVAÇÕES;1.675;733467.425
2011;Estados Unidos;0230;Coleta de produtos florestais não madeireiros;370726;02;0280;"Produção florestal; pesca e aquicultura";0210;02;A;02;SILVICULTURA Y EXTRACCIÓN DE MADERA;PRODUÇÃO FLORESTAL;1.675;620966.05
2011;Estados Unidos;3012;Construção de barcos de recreio e desportivos;210220;30;3000;Fabricação de outros equipamentos de transporte, exceto veículos automotores;3011;30;C;30;FABRICACIÓN DE OTRO  EQUIPO DE TRANSPORTE;FABRICAÇÃO DE OUTROS EQUIPAMENTOS DE TRANSPORTE, EXCETO VEÍCULOS AUTOMOTORES;1.675;352118.5
2011;Estados Unidos;0122;Cultivo de frutas tropicais e subtropicais;190717;012;0191;Agricultura, inclusive o apoio à agricultura e a pós-colheita;0111;011;A;012;Cultivo de plantas perennes;Produção de lavouras temporárias;1.675;319450.97500000003
2011;Estados Unidos;5813;Publicação de jornais, revistas e periódicos;177029;58;5800;Edição e edição integrada à impressão;5811;58;J;58;ACTIVIDADES DE EDICIÓN;EDIÇÃO E EDIÇÃO INTEGRADA À IMPRESSÃO;1.675;296523.575
2011;Estados Unidos;9102;Atividades de museus e operação de locais históricos e edifícios;171706;91;9080;Atividades artísticas, criativas e de espetáculos;9101;91;R;91;ACTIVIDADES DE BIBLIOTECAS, ARCHIVOS Y MUSEOS Y OTRAS ACTIVIDADES CULTURALES;ATIVIDADES LIGADAS AO PATRIMÔNIO CULTURAL E AMBIENTAL;1.675;287607.55
2011;Estados Unidos;0129;Cultivo de outras culturas perenes;117621;012;0191;Agricultura, inclusive o apoio à agricultura e a pós-colheita;0111;011;A;012;Cultivo de plantas perennes;Produção de lavouras temporárias;1.675;197015.17500000002
2011;Estados Unidos;2395;Fabricação de artigos de concreto, cimento e gesso;92982;23;2300;Fabricação de produtos de minerais não metálicos;2311;23;C;23;FABRICACIÓN DE OTROS PRODUCTOS MINERALES NO METÁLICOS;FABRICAÇÃO DE PRODUTOS DE MINERAIS NÃO-METÁLICOS;1.675;155744.85
2011;Estados Unidos;0126;Cultivo de frutas oleaginosas;60134;012;0191;Agricultura, inclusive o apoio à agricultura e a pós-colheita;0111;011;A;012;Cultivo de plantas perennes;Produção de lavouras temporárias;1.675;100724.45
2011;Estados Unidos;3092;Fabricação de bicicletas e carruagens inválidas;46265;30;3000;Fabricação de outros equipamentos de transporte, exceto veículos automotores;3011;30;C;30;FABRICACIÓN DE OTRO  EQUIPO DE TRANSPORTE;FABRICAÇÃO DE OUTROS EQUIPAMENTOS DE TRANSPORTE, EXCETO VEÍCULOS AUTOMOTORES;1.675;77493.875
2011;Estados Unidos;0119;Cultivo de outras culturas não perenes;25617;011;0191;Agricultura, inclusive o apoio à agricultura e a pós-colheita;0111;011;A;011;Cultivo de plantas no perenes;Produção de lavouras temporárias;1.675;42908.475
2011;Estados Unidos;5310;Atividades postais;13075;53;5280;Armazenamento, atividades auxiliares dos transportes e correio;5211;53;H;53;ALMACENAMIENTO Y ACTIVIDADES DE APOYO AL TRANSPORTE;ARMAZENAMENTO E ATIVIDADES AUXILIARES DOS TRANSPORTES;1.675;21900.625
2011;Estados Unidos;0891;Extração de minerais químicos e fertilizantes;4581;08;0580;Extração de carvão mineral e de minerais não metálicos;0810;08;B;08;EXPLOTACIÓN DE OTRAS MINAS Y CANTERAS;EXTRAÇÃO DE MINERAIS NÃO-METÁLICOS;1.675;7673.175
2011;Estados Unidos;0123;Cultivo de frutas cítricas;2414;012;0191;Agricultura, inclusive o apoio à agricultura e a pós-colheita;0111;011;A;012;Cultivo de plantas perennes;Produção de lavouras temporárias;1.675;4043.4500000000003
2011;Estados Unidos;2394;Fabricação de cimento, cal e gesso;1;23;2300;Fabricação de produtos de minerais não metálicos;2311;23;C;23;FABRICACIÓN DE OTROS PRODUCTOS MINERALES NO METÁLICOS;FABRICAÇÃO DE PRODUTOS DE MINERAIS NÃO-METÁLICOS;1.675;1.675
2010;Estados Unidos;0610;Extração de petróleo bruto;3849581403;06;0680;Extração de petróleo e gás, inclusive as atividades de apoio;0600;06;B;06;EXTRACCIÓN DE PETRÓLEO CRUDO Y GAS NATURAL;EXTRAÇÃO DE PETRÓLEO E GÁS NATURAL;1.7603;6776418143.7009
2010;Estados Unidos;2410;Fabricação de ferro e aço básicos;1562214296;241;2491;Produção de ferro-gusa/ferroligas, siderurgia e tubos de aço sem costura;2411;241;C;241;Fabricación básica de hierro y acero;Produção de ferro-gusa e de ferroligas;1.7603;2749965825.2488
2010;Estados Unidos;2011;Fabricação de produtos químicos básicos;1218686767;201;1992;Fabricação de biocombustíveis;1931;193;C;201;Fabricación de sustancias químicas básicas, de abonos y compuestos de nitrógeno y de plásticos y caucho sintético en formas primarias;Fabricação de biocombustíveis;1.7603;2145254315.9501
2010;Estados Unidos;0127;Cultivo de bebidas da safra;1062144955;012;0191;Agricultura, inclusive o apoio à agricultura e a pós-colheita;0111;011;A;012;Cultivo de plantas perennes;Produção de lavouras temporárias;1.7603;1869693764.2865
2010;Estados Unidos;1701;Fabricação de polpa, papel e cartão;1020885800;17;1700;Fabricação de celulose, papel e produtos de papel;1710;17;C;17;FABRICACIÓN DE PAPEL Y DE PRODUCTOS DE PAPEL;FABRICAÇÃO DE CELULOSE, PAPEL E PRODUTOS DE PAPEL;1.7603;1797065273.74
2010;Estados Unidos;2930;Fabricação de peças e acessórios para veículos automotores;827895849;293;2992;Fabricação de peças e acessórios para veículos automotores;2941;294;C;293;Fabricación de partes, piezas y accesorios para vehículos automotores;Fabricação de peças e acessórios para veículos automotores;1.7603;1457345062.9947
2010;Estados Unidos;3030;Fabricação de aviões e máquinas relacionadas;748655534;30;3000;Fabricação de outros equipamentos de transporte, exceto veículos automotores;3011;30;C;30;FABRICACIÓN DE OTRO  EQUIPO DE TRANSPORTE;FABRICAÇÃO DE OUTROS EQUIPAMENTOS DE TRANSPORTE, EXCETO VEÍCULOS AUTOMOTORES;1.7603;1317858336.5002
2010;Estados Unidos;2420;Fabricação de metais preciosos e outros metais não ferrosos;659271245;242;2492;Metalurgia de metais não ferosos e a fundição de metais;2441;244;C;242;Fabricación de productos primarios de metales preciosos y otros metales no ferrosos;Metalurgia dos metais não-ferrosos;1.7603;1160515172.5735
2010;Estados Unidos;2396;Corte, moldagem e acabamento de pedra;498617888;23;2300;Fabricação de produtos de minerais não metálicos;2311;23;C;23;FABRICACIÓN DE OTROS PRODUCTOS MINERALES NO METÁLICOS;FABRICAÇÃO DE PRODUTOS DE MINERAIS NÃO-METÁLICOS;1.7603;877717068.2464
2010;Estados Unidos;2710;Fabricação de motores elétricos, geradores, transformadores e aparelhos de distribuição e controle de energia elétrica;406233955;27;2700;Fabricação de máquinas e equipamentos elétricos;2710;27;C;27;FABRICACIÓN DE EQUIPO ELÉCTRICO;FABRICAÇÃO DE MÁQUINAS, APARELHOS E MATERIAIS ELÉTRICOS;1.7603;715093630.9865
2010;Estados Unidos;2211;"Fabricação de pneus e tubos; recauchutagem e reconstrução de pneus de borracha";399257242;22;1500;Fabricação de calçados e de artefatos de couro;1510;15;C;22;FABRICACIÓN DE PRODUCTOS DE CAUCHO Y PLÁSTICO;PREPARAÇÃO DE COUROS E FABRICAÇÃO DE ARTEFATOS DE COURO, ARTIGOS PARA VIAGEM E CALÇADOS;1.7603;702812523.0926
2010;Estados Unidos;1610;Serração e aplainamento de madeira;384153234;16;1500;Fabricação de calçados e de artefatos de couro;1510;15;C;16;"PRODUCCIÓN DE MADERA Y FABRICACIÓN DE PRODUCTOS DE MADERA Y CORCHO, EXCEPTO MUEBLES; FABRICACIÓN DE ARTÍCULOS DE PAJA Y DE MATERIALES TRENZABLES";PREPARAÇÃO DE COUROS E FABRICAÇÃO DE ARTEFATOS DE COURO, ARTIGOS PARA VIAGEM E CALÇADOS;1.7603;676224937.8102
2010;Estados Unidos;2824;Fabricação de máquinas para mineração, exploração de pedreiras e construção;370025263;28;2800;Fabricação de máquinas e equipamentos mecânicos;2811;28;C;28;FABRICACIÓN DE MAQUINARIA Y EQUIPO N.C.P.;FABRICAÇÃO DE MÁQUINAS E EQUIPAMENTOS;1.7603;651355470.4589
2010;Estados Unidos;2813;Fabricação de outras bombas, compressores, torneiras e válvulas;345480028;28;2800;Fabricação de máquinas e equipamentos mecânicos;2811;28;C;28;FABRICACIÓN DE MAQUINARIA Y EQUIPO N.C.P.;FABRICAÇÃO DE MÁQUINAS E EQUIPAMENTOS;1.7603;608148493.2883999
2010;Estados Unidos;1520;Fabricação de calçado;343477105;15;1500;Fabricação de calçados e de artefatos de couro;1510;15;C;15;FABRICACIÓN DE PRODUCTOS DE CUERO Y PRODUCTOS CONEXOS;PREPARAÇÃO DE COUROS E FABRICAÇÃO DE ARTEFATOS DE COURO, ARTIGOS PARA VIAGEM E CALÇADOS;1.7603;604622747.9315
2010;Estados Unidos;1030;Processamento e conservação de frutas e legumes;335875851;103;1093;Outros produtos alimentares;1031;103;C;103;Elaboración y conservación de frutas, legumbres y hortalizas;Fabricação de conservas de frutas, legumes e outros vegetais;1.7603;591242260.5153
2010;Estados Unidos;1920;Fabricação de produtos petrolíferos refinados;259636945;192;1991;Refino de petróleo e coquerias;1921;192;C;192;Fabricación de productos de la refinación del petróleo;Fabricação de produtos derivados do petróleo;1.7603;457038914.2835
2010;Estados Unidos;1200;Fabricação de produtos de tabaco;228505864;12;1200;Fabricação de produtos do fumo;1210;12;C;12;ELABORACIÓN DE PRODUCTOS DE TABACO;FABRICAÇÃO DE PRODUTOS DO FUMO;1.7603;402238872.3992
2010;Estados Unidos;2814;Fabricação de rolamentos, engrenagens, engrenagens e elementos de acionamento;221623546;28;2800;Fabricação de máquinas e equipamentos mecânicos;2811;28;C;28;FABRICACIÓN DE MAQUINARIA Y EQUIPO N.C.P.;FABRICAÇÃO DE MÁQUINAS E EQUIPAMENTOS;1.7603;390123928.0238
2010;Estados Unidos;1072;Fabricação de açúcar;204111522;107;1092;Fabricação e refino de açúcar;1071;107;C;107;Elaboración de otros productos alimenticios;Fabricação e refino de açúcar;1.7603;359297512.1766
2010;Estados Unidos;1511;Curtimento e vestuário de couro;195012960;15;1500;Fabricação de calçados e de artefatos de couro;1510;15;C;15;FABRICACIÓN DE PRODUCTOS DE CUERO Y PRODUCTOS CONEXOS;PREPARAÇÃO DE COUROS E FABRICAÇÃO DE ARTEFATOS DE COURO, ARTIGOS PARA VIAGEM E CALÇADOS;1.7603;343281313.488
2010;Estados Unidos;2013;Fabricação de plásticos e borracha sintética em formas primárias;167967825;201;1992;Fabricação de biocombustíveis;1931;193;C;201;Fabricación de sustancias químicas básicas, de abonos y compuestos de nitrógeno y de plásticos y caucho sintético en formas primarias;Fabricação de biocombustíveis;1.7603;295673762.34749997
2010;Estados Unidos;2599;Fabricação de outros produtos metálicos fabricados n.c;163015413;25;2500;Fabricação de produtos de metal, exceto máquinas e equipamentos;2511;25;C;25;FABRICACIÓN DE PRODUCTOS ELABORADOS DE METAL, EXCEPTO MAQUINARIA Y EQUIPO;FABRICAÇÃO DE PRODUTOS DE METAL, EXCETO MÁQUINAS E EQUIPAMENTOS;1.7603;286956031.5039
2010;Estados Unidos;2100;Fabricação de produtos farmacêuticos, produtos químicos medicinais e botânicos;157404255;21;2100;Fabricação de produtos farmoquímicos e farmacêuticos;2110;21;C;21;FABRICACIÓN DE PRODUCTOS FARMACÉUTICOS, SUSTANCIAS QUÍMICAS MEDICINALES Y PRODUCTOS BOTÁNICOS DE USO FARMACÉUTICO;FABRICAÇÃO DE PRODUTOS FARMOQUÍMICOS E FARMACÊUTICOS;1.7603;277078710.0765
2010;Estados Unidos;2520;Fabricação de armas e munições;155979746;25;2500;Fabricação de produtos de metal, exceto máquinas e equipamentos;2511;25;C;25;FABRICACIÓN DE PRODUCTOS ELABORADOS DE METAL, EXCEPTO MAQUINARIA Y EQUIPO;FABRICAÇÃO DE PRODUTOS DE METAL, EXCETO MÁQUINAS E EQUIPAMENTOS;1.7603;274571146.88379997
2010;Estados Unidos;0729;Extração de outros minérios de metais não ferrosos;143975495;072;0792;Extração de minerais metálicos não ferrosos, inclusive beneficiamentos;0721;072;B;072;Extracción de minerales metalíferos no ferrosos;Extração de minerais metálicos não-ferrosos;1.7603;253440063.84849998
2010;Estados Unidos;0125;Cultivo de outras frutas e nozes;143918645;012;0191;Agricultura, inclusive o apoio à agricultura e a pós-colheita;0111;011;A;012;Cultivo de plantas perennes;Produção de lavouras temporárias;1.7603;253339990.7935
2010;Estados Unidos;1079;Fabricação de outros produtos alimentícios n.c;143425014;107;1092;Fabricação e refino de açúcar;1071;107;C;107;Elaboración de otros productos alimenticios;Fabricação e refino de açúcar;1.7603;252471052.1442
2010;Estados Unidos;2029;Fabricação de outros produtos químicos n.c;138747116;202;2092;Fabricação de defensivos, desinfestantes, tintas e químicos diversos;2051;205;C;202;Fabricación de otros productos químicos;Fabricação de defensivos agrícolas e desinfestantes domissanitários;1.7603;244236548.29479998
2010;Estados Unidos;1073;Fabricação de cacau, chocolate e produtos de confeitaria;133893697;107;1092;Fabricação e refino de açúcar;1071;107;C;107;Elaboración de otros productos alimenticios;Fabricação e refino de açúcar;1.7603;235693074.82909998
2010;Estados Unidos;1010;Processamento e conservação de carne;112771518;101;1091;Abate e produtos de carne, inclusive os produtos do laticínio e da pesca;1011;101;C;101;Elaboración y conservación de carne;Abate e fabricação de produtos de carne;1.7603;198511703.1354
2010;Estados Unidos;1622;Fabricação de carpintaria e marcenaria de construtores;107558943;16;1500;Fabricação de calçados e de artefatos de couro;1510;15;C;16;"PRODUCCIÓN DE MADERA Y FABRICACIÓN DE PRODUCTOS DE MADERA Y CORCHO, EXCEPTO MUEBLES; FABRICACIÓN DE ARTÍCULOS DE PAJA Y DE MATERIALES TRENZABLES";PREPARAÇÃO DE COUROS E FABRICAÇÃO DE ARTEFATOS DE COURO, ARTIGOS PARA VIAGEM E CALÇADOS;1.7603;189336007.3629
2010;Estados Unidos;1020;Processamento e conservação de peixes, crustáceos e moluscos;96422362;102;1091;Abate e produtos de carne, inclusive os produtos do laticínio e da pesca;1020;102;C;102;Elaboración y conservación de pescado, crustáceos y moluscos;Preservação do pescado e fabricação de produtos do pescado;1.7603;169732283.8286
2010;Estados Unidos;2812;Fabricação de equipamentos para energia hidráulica;95350946;28;2800;Fabricação de máquinas e equipamentos mecânicos;2811;28;C;28;FABRICACIÓN DE MAQUINARIA Y EQUIPO N.C.P.;FABRICAÇÃO DE MÁQUINAS E EQUIPAMENTOS;1.7603;167846270.24379998
2010;Estados Unidos;1392;Fabricação de artigos têxteis confeccionados, exceto vestuário;93476383;13;1300;Fabricação de produtos têxteis;1311;13;C;13;FABRICACIÓN DE PRODUCTOS TEXTILES;FABRICAÇÃO DE PRODUTOS TÊXTEIS;1.7603;164546476.9949
2010;Estados Unidos;2593;Fabricação de cutelaria, ferramentas manuais e ferragens em geral;91612125;25;2500;Fabricação de produtos de metal, exceto máquinas e equipamentos;2511;25;C;25;FABRICACIÓN DE PRODUCTOS ELABORADOS DE METAL, EXCEPTO MAQUINARIA Y EQUIPO;FABRICAÇÃO DE PRODUTOS DE METAL, EXCETO MÁQUINAS E EQUIPAMENTOS;1.7603;161264823.6375
2010;Estados Unidos;2819;Fabricação de outras máquinas para uso geral;88997972;28;2800;Fabricação de máquinas e equipamentos mecânicos;2811;28;C;28;FABRICACIÓN DE MAQUINARIA Y EQUIPO N.C.P.;FABRICAÇÃO DE MÁQUINAS E EQUIPAMENTOS;1.7603;156663130.1116
2010;Estados Unidos;2220;Fabricação de produtos plásticos;85467816;22;1500;Fabricação de calçados e de artefatos de couro;1510;15;C;22;FABRICACIÓN DE PRODUCTOS DE CAUCHO Y PLÁSTICO;PREPARAÇÃO DE COUROS E FABRICAÇÃO DE ARTEFATOS DE COURO, ARTIGOS PARA VIAGEM E CALÇADOS;1.7603;150448996.5048
2010;Estados Unidos;3100;Fabricação de móveis;85222282;31;3180;Fabricação de móveis e de produtos de indústrias diversas;3101;31;C;31;FABRICACIÓN DE MUEBLES;FABRICAÇÃO DE MÓVEIS;1.7603;150016783.0046
2010;Estados Unidos;0710;Extração de minério de ferro;82681697;071;0791;Extração de minério de ferro, inclusive beneficiamento e a aglomeração;0710;071;B;071;Extracción de minerales de hierro;Extração de minério de ferro;1.7603;145544591.2291
2010;Estados Unidos;2399;Fabricação de outros produtos minerais não metálicos n.c;79405565;23;2300;Fabricação de produtos de minerais não metálicos;2311;23;C;23;FABRICACIÓN DE OTROS PRODUCTOS MINERALES NO METÁLICOS;FABRICAÇÃO DE PRODUTOS DE MINERAIS NÃO-METÁLICOS;1.7603;139777616.0695
2010;Estados Unidos;2630;Fabricação de equipamentos de comunicação;78791407;26;2600;Fabricação de equipamentos de informática, produtos eletrônicos e ópticos;2610;26;C;26;FABRICACIÓN DE PRODUCTOS DE INFORMÁTICA, DE ELECTRÓNICA Y DE ÓPTICA;FABRICAÇÃO DE EQUIPAMENTOS DE INFORMÁTICA, PRODUTOS ELETRÔNICOS E ÓPTICOS;1.7603;138696513.7421
2010;Estados Unidos;2651;Fabricação de equipamentos de medição, teste, navegação e controle;74959566;26;2600;Fabricação de equipamentos de informática, produtos eletrônicos e ópticos;2610;26;C;26;FABRICACIÓN DE PRODUCTOS DE INFORMÁTICA, DE ELECTRÓNICA Y DE ÓPTICA;FABRICAÇÃO DE EQUIPAMENTOS DE INFORMÁTICA, PRODUTOS ELETRÔNICOS E ÓPTICOS;1.7603;131951324.0298
2010;Estados Unidos;3211;Fabricação de joalharia e artigos afins;70219603;32;3180;Fabricação de móveis e de produtos de indústrias diversas;3211;32;C;32;OTRAS INDUSTRIAS MANUFACTURERAS;FABRICAÇÃO DE PRODUTOS DIVERSOS;1.7603;123607567.1609
2010;Estados Unidos;2219;Fabricação de outros produtos de borracha;65507689;22;1500;Fabricação de calçados e de artefatos de couro;1510;15;C;22;FABRICACIÓN DE PRODUCTOS DE CAUCHO Y PLÁSTICO;PREPARAÇÃO DE COUROS E FABRICAÇÃO DE ARTEFATOS DE COURO, ARTIGOS PARA VIAGEM E CALÇADOS;1.7603;115313184.94669999
2010;Estados Unidos;2821;Fabricação de maquinaria agrícola e florestal;63512245;28;2800;Fabricação de máquinas e equipamentos mecânicos;2811;28;C;28;FABRICACIÓN DE MAQUINARIA Y EQUIPO N.C.P.;FABRICAÇÃO DE MÁQUINAS E EQUIPAMENTOS;1.7603;111800604.8735
2010;Estados Unidos;1399;Fabricação de outros têxteis n.e.c.;55836777;13;1300;Fabricação de produtos têxteis;1311;13;C;13;FABRICACIÓN DE PRODUCTOS TEXTILES;FABRICAÇÃO DE PRODUTOS TÊXTEIS;1.7603;98289478.5531
2010;Estados Unidos;1512;Fabricação de malas, bolsas e semelhantes, selaria e arreios;54352591;15;1500;Fabricação de calçados e de artefatos de couro;1510;15;C;15;FABRICACIÓN DE PRODUCTOS DE CUERO Y PRODUCTOS CONEXOS;PREPARAÇÃO DE COUROS E FABRICAÇÃO DE ARTEFATOS DE COURO, ARTIGOS PARA VIAGEM E CALÇADOS;1.7603;95676865.9373
2010;Estados Unidos;0810;Extração de pedra, areia e argila;52194503;08;0580;Extração de carvão mineral e de minerais não metálicos;0810;08;B;08;EXPLOTACIÓN DE OTRAS MINAS Y CANTERAS;EXTRAÇÃO DE MINERAIS NÃO-METÁLICOS;1.7603;91877983.6309
2010;Estados Unidos;0111;Cultivo de cereais (exceto arroz), leguminosas e oleaginosas;49693880;011;0191;Agricultura, inclusive o apoio à agricultura e a pós-colheita;0111;011;A;011;Cultivo de plantas no perenes;Produção de lavouras temporárias;1.7603;87476136.964
2010;Estados Unidos;2790;Fabricação de outro equipamento elétrico;48765260;27;2700;Fabricação de máquinas e equipamentos elétricos;2710;27;C;27;FABRICACIÓN DE EQUIPO ELÉCTRICO;FABRICAÇÃO DE MÁQUINAS, APARELHOS E MATERIAIS ELÉTRICOS;1.7603;85841487.178
2010;Estados Unidos;2620;Fabricação de computadores e equipamentos periféricos;47429944;26;2600;Fabricação de equipamentos de informática, produtos eletrônicos e ópticos;2610;26;C;26;FABRICACIÓN DE PRODUCTOS DE INFORMÁTICA, DE ELECTRÓNICA Y DE ÓPTICA;FABRICAÇÃO DE EQUIPAMENTOS DE INFORMÁTICA, PRODUTOS ELETRÔNICOS E ÓPTICOS;1.7603;83490930.4232
2010;Estados Unidos;2392;Fabricação de materiais de construção de argila;46991153;23;2300;Fabricação de produtos de minerais não metálicos;2311;23;C;23;FABRICACIÓN DE OTROS PRODUCTOS MINERALES NO METÁLICOS;FABRICAÇÃO DE PRODUTOS DE MINERAIS NÃO-METÁLICOS;1.7603;82718526.6259
2010;Estados Unidos;1621;Fabricação de folheados e painéis derivados de madeira;44406719;16;1500;Fabricação de calçados e de artefatos de couro;1510;15;C;16;"PRODUCCIÓN DE MADERA Y FABRICACIÓN DE PRODUCTOS DE MADERA Y CORCHO, EXCEPTO MUEBLES; FABRICACIÓN DE ARTÍCULOS DE PAJA Y DE MATERIALES TRENZABLES";PREPARAÇÃO DE COUROS E FABRICAÇÃO DE ARTEFATOS DE COURO, ARTIGOS PARA VIAGEM E CALÇADOS;1.7603;78169147.4557
2010;Estados Unidos;0128;Cultivo de especiarias, culturas aromáticas, medicamentosas e farmacêuticas;40429204;012;0191;Agricultura, inclusive o apoio à agricultura e a pós-colheita;0111;011;A;012;Cultivo de plantas perennes;Produção de lavouras temporárias;1.7603;71167527.8012
2010;Estados Unidos;1040;Fabricação de óleos e gorduras vegetais e animais;38856323;104;1093;Outros produtos alimentares;1041;104;C;104;Elaboración de aceites y grasas de origen vegetal y animal;Fabricação de óleos e gorduras vegetais e animais;1.7603;68398785.3769
2010;Estados Unidos;3250;Fabricação de instrumentos e suprimentos médicos e odontológicos;38446562;32;3180;Fabricação de móveis e de produtos de indústrias diversas;3211;32;C;32;OTRAS INDUSTRIAS MANUFACTURERAS;FABRICAÇÃO DE PRODUTOS DIVERSOS;1.7603;67677483.0886
2010;Estados Unidos;1629;"Fabricação de outros produtos de madeira; fabricação de artigos de cortiça, de espartaria e cestaria";34737822;16;1500;Fabricação de calçados e de artefatos de couro;1510;15;C;16;"PRODUCCIÓN DE MADERA Y FABRICACIÓN DE PRODUCTOS DE MADERA Y CORCHO, EXCEPTO MUEBLES; FABRICACIÓN DE ARTÍCULOS DE PAJA Y DE MATERIALES TRENZABLES";PREPARAÇÃO DE COUROS E FABRICAÇÃO DE ARTEFATOS DE COURO, ARTIGOS PARA VIAGEM E CALÇADOS;1.7603;61148988.0666
2010;Estados Unidos;3290;Outras manufaturas n.c.;31379849;32;3180;Fabricação de móveis e de produtos de indústrias diversas;3211;32;C;32;OTRAS INDUSTRIAS MANUFACTURERAS;FABRICAÇÃO DE PRODUTOS DIVERSOS;1.7603;55237948.1947
2010;Estados Unidos;2610;Fabricação de componentes eletrônicos e placas;30749968;26;2600;Fabricação de equipamentos de informática, produtos eletrônicos e ópticos;2610;26;C;26;FABRICACIÓN DE PRODUCTOS DE INFORMÁTICA, DE ELECTRÓNICA Y DE ÓPTICA;FABRICAÇÃO DE EQUIPAMENTOS DE INFORMÁTICA, PRODUTOS ELETRÔNICOS E ÓPTICOS;1.7603;54129168.6704
2010;Estados Unidos;0113;Cultivo de hortaliças e melões, raízes e tubérculos;30472383;011;0191;Agricultura, inclusive o apoio à agricultura e a pós-colheita;0111;011;A;011;Cultivo de plantas no perenes;Produção de lavouras temporárias;1.7603;53640535.7949
2010;Estados Unidos;0149;Criação de outros animais;30134620;014;0192;Pecuária, inclusive o apoio à pecuária;0151;015;A;014;Ganadería;Pecuária;1.7603;53045971.586
2010;Estados Unidos;1394;Fabricação de cordéis, cordas, cordéis e redes;29303637;13;1300;Fabricação de produtos têxteis;1311;13;C;13;FABRICACIÓN DE PRODUCTOS TEXTILES;FABRICAÇÃO DE PRODUTOS TÊXTEIS;1.7603;51583192.2111
2010;Estados Unidos;0121;Cultivo de uvas;28676015;012;0191;Agricultura, inclusive o apoio à agricultura e a pós-colheita;0111;011;A;012;Cultivo de plantas perennes;Produção de lavouras temporárias;1.7603;50478389.2045
2010;Estados Unidos;2829;Fabricação de outras máquinas para fins especiais;27032596;28;2800;Fabricação de máquinas e equipamentos mecânicos;2811;28;C;28;FABRICACIÓN DE MAQUINARIA Y EQUIPO N.C.P.;FABRICAÇÃO DE MÁQUINAS E EQUIPAMENTOS;1.7603;47585478.7388
2010;Estados Unidos;2732;Fabricação de outros fios e cabos elétricos e eletrônicos;26060809;27;2700;Fabricação de máquinas e equipamentos elétricos;2710;27;C;27;FABRICACIÓN DE EQUIPO ELÉCTRICO;FABRICAÇÃO DE MÁQUINAS, APARELHOS E MATERIAIS ELÉTRICOS;1.7603;45874842.0827
2010;Estados Unidos;1709;Fabricação de outros artigos de papel e cartão;25910646;17;1700;Fabricação de celulose, papel e produtos de papel;1710;17;C;17;FABRICACIÓN DE PAPEL Y DE PRODUCTOS DE PAPEL;FABRICAÇÃO DE CELULOSE, PAPEL E PRODUTOS DE PAPEL;1.7603;45610510.153799996
2010;Estados Unidos;2920;"Fabricação de carroçarias para veículos automotores; fabricação de reboques e semi-reboques";25599104;292;2991;Fabricação de automóveis, caminhões e ônibus, exceto peças;2930;293;C;292;"Fabricación de carrocerías para vehículos automotores; fabricación de remolques y semirremolques";Fabricação de cabines, carrocerias e reboques para veículos automotores;1.7603;45062102.7712
2010;Estados Unidos;2823;Fabricação de máquinas para metalurgia;24905281;28;2800;Fabricação de máquinas e equipamentos mecânicos;2811;28;C;28;FABRICACIÓN DE MAQUINARIA Y EQUIPO N.C.P.;FABRICAÇÃO DE MÁQUINAS E EQUIPAMENTOS;1.7603;43840766.1443
2010;Estados Unidos;2023;Fabricação de sabão e detergentes, produtos de limpeza e polimento, perfumes e produtos de toilette;21893968;202;2092;Fabricação de defensivos, desinfestantes, tintas e químicos diversos;2051;205;C;202;Fabricación de otros productos químicos;Fabricação de defensivos agrícolas e desinfestantes domissanitários;1.7603;38539951.8704
2010;Estados Unidos;0899;Outras atividades de mineração n.c;20066296;08;0580;Extração de carvão mineral e de minerais não metálicos;0810;08;B;08;EXPLOTACIÓN DE OTRAS MINAS Y CANTERAS;EXTRAÇÃO DE MINERAIS NÃO-METÁLICOS;1.7603;35322700.848799996
2010;Estados Unidos;3020;Fabricação de locomotivas e material circulante;19237249;30;3000;Fabricação de outros equipamentos de transporte, exceto veículos automotores;3011;30;C;30;FABRICACIÓN DE OTRO  EQUIPO DE TRANSPORTE;FABRICAÇÃO DE OUTROS EQUIPAMENTOS DE TRANSPORTE, EXCETO VEÍCULOS AUTOMOTORES;1.7603;33863329.4147
2010;Estados Unidos;1410;Fabricação de vestuário, exceto vestuários de peles;17794785;14;1400;Confecção de artefatos do vestuário e acessórios;1411;14;C;14;FABRICACIÓN DE PRENDAS DE VESTIR;CONFECÇÃO DE ARTIGOS DO VESTUÁRIO E ACESSÓRIOS;1.7603;31324160.0355
2010;Estados Unidos;2021;Fabricação de pesticidas e outros produtos agroquímicos;17580146;202;2092;Fabricação de defensivos, desinfestantes, tintas e químicos diversos;2051;205;C;202;Fabricación de otros productos químicos;Fabricação de defensivos agrícolas e desinfestantes domissanitários;1.7603;30946331.0038
2010;Estados Unidos;2811;Fabricação de motores e turbinas, exceto aeronaves, veículos e motores de ciclo;16407075;28;2800;Fabricação de máquinas e equipamentos mecânicos;2811;28;C;28;FABRICACIÓN DE MAQUINARIA Y EQUIPO N.C.P.;FABRICAÇÃO DE MÁQUINAS E EQUIPAMENTOS;1.7603;28881374.1225
2010;Estados Unidos;2391;Fabricação de produtos refratários;16005779;23;2300;Fabricação de produtos de minerais não metálicos;2311;23;C;23;FABRICACIÓN DE OTROS PRODUCTOS MINERALES NO METÁLICOS;FABRICAÇÃO DE PRODUTOS DE MINERAIS NÃO-METÁLICOS;1.7603;28174972.7737
2010;Estados Unidos;2910;Fabricação de veículos automotores;15959426;291;2991;Fabricação de automóveis, caminhões e ônibus, exceto peças;2910;291;C;291;Fabricación de vehículos automotores;Fabricação de automóveis, camionetas e utilitários;1.7603;28093377.5878
2010;Estados Unidos;2822;Fabricação de máquinas e máquinas-ferramentas para moldagem de metais;14589517;28;2800;Fabricação de máquinas e equipamentos mecânicos;2811;28;C;28;FABRICACIÓN DE MAQUINARIA Y EQUIPO N.C.P.;FABRICAÇÃO DE MÁQUINAS E EQUIPAMENTOS;1.7603;25681926.7751
2010;Estados Unidos;2310;Fabricação de produtos de vidro e vidro;14231731;23;2300;Fabricação de produtos de minerais não metálicos;2311;23;C;23;FABRICACIÓN DE OTROS PRODUCTOS MINERALES NO METÁLICOS;FABRICAÇÃO DE PRODUTOS DE MINERAIS NÃO-METÁLICOS;1.7603;25052116.0793
2010;Estados Unidos;1062;Fabricação de amidos e féculas;13969967;106;1093;Outros produtos alimentares;1061;106;C;106;Elaboración de productos de molinería, almidones y productos derivados del almidón;Moagem, fabricação de produtos amiláceos e de alimentos para animais;1.7603;24591332.910099998
2010;Estados Unidos;2012;Fabricação de fertilizantes e compostos nitrogenados;13685877;201;1992;Fabricação de biocombustíveis;1931;193;C;201;Fabricación de sustancias químicas básicas, de abonos y compuestos de nitrógeno y de plásticos y caucho sintético en formas primarias;Fabricação de biocombustíveis;1.7603;24091249.2831
2010;Estados Unidos;2512;Fabricação de tanques, reservatórios e recipientes de metal;13435140;25;2500;Fabricação de produtos de metal, exceto máquinas e equipamentos;2511;25;C;25;FABRICACIÓN DE PRODUCTOS ELABORADOS DE METAL, EXCEPTO MAQUINARIA Y EQUIPO;FABRICAÇÃO DE PRODUTOS DE METAL, EXCETO MÁQUINAS E EQUIPAMENTOS;1.7603;23649876.941999998
2010;Estados Unidos;1311;Preparação e fiação de fibras têxteis;13096010;13;1300;Fabricação de produtos têxteis;1311;13;C;13;FABRICACIÓN DE PRODUCTOS TEXTILES;FABRICAÇÃO DE PRODUTOS TÊXTEIS;1.7603;23052906.403
2010;Estados Unidos;1071;Fabricação de produtos de panificação;12559332;107;1092;Fabricação e refino de açúcar;1071;107;C;107;Elaboración de otros productos alimenticios;Fabricação e refino de açúcar;1.7603;22108192.119599998
2010;Estados Unidos;0311;Pesca marinha;12104080;03;0280;"Produção florestal; pesca e aquicultura";0311;03;A;03;PESCA Y ACUICULTURA;PESCA E AQÜICULTURA;1.7603;21306812.024
2010;Estados Unidos;1312;Tecelagem de têxteis;11841619;13;1300;Fabricação de produtos têxteis;1311;13;C;13;FABRICACIÓN DE PRODUCTOS TEXTILES;FABRICAÇÃO DE PRODUTOS TÊXTEIS;1.7603;20844801.9257
2010;Estados Unidos;2030;Fabricação de fibras sintéticas ou artificiais;10910968;203;2091;Fabricação de químicos orgânicos e inorgânicos, resinas e elastômeros;2040;204;C;203;Fabricación de fibras artificiales;Fabricação de fibras artificiais e sintéticas;1.7603;19206576.970399998
2010;Estados Unidos;2825;Fabricação de máquinas para processamento de alimentos, bebidas e tabaco;10624854;28;2800;Fabricação de máquinas e equipamentos mecânicos;2811;28;C;28;FABRICACIÓN DE MAQUINARIA Y EQUIPO N.C.P.;FABRICAÇÃO DE MÁQUINAS E EQUIPAMENTOS;1.7603;18702930.4962
2010;Estados Unidos;2640;Fabricação de produtos eletrônicos de consumo;10558679;26;2600;Fabricação de equipamentos de informática, produtos eletrônicos e ópticos;2610;26;C;26;FABRICACIÓN DE PRODUCTOS DE INFORMÁTICA, DE ELECTRÓNICA Y DE ÓPTICA;FABRICAÇÃO DE EQUIPAMENTOS DE INFORMÁTICA, PRODUTOS ELETRÔNICOS E ÓPTICOS;1.7603;18586442.6437
2010;Estados Unidos;9000;Atividades criativas, artes e entretenimento;10029278;90;9080;Atividades artísticas, criativas e de espetáculos;9001;90;R;90;ACTIVIDADES CREATIVAS, ARTÍSTICAS Y DE ENTRETENIMIENTO;ATIVIDADES ARTÍSTICAS, CRIATIVAS E DE ESPETÁCULOS;1.7603;17654538.0634
2010;Estados Unidos;2393;Fabricação de outros produtos de porcelana e cerâmica;8641321;23;2300;Fabricação de produtos de minerais não metálicos;2311;23;C;23;FABRICACIÓN DE OTROS PRODUCTOS MINERALES NO METÁLICOS;FABRICAÇÃO DE PRODUTOS DE MINERAIS NÃO-METÁLICOS;1.7603;15211317.3563
2010;Estados Unidos;2750;Fabricação de eletrodomésticos;8094510;27;2700;Fabricação de máquinas e equipamentos elétricos;2710;27;C;27;FABRICACIÓN DE EQUIPO ELÉCTRICO;FABRICAÇÃO DE MÁQUINAS, APARELHOS E MATERIAIS ELÉTRICOS;1.7603;14248765.953
2010;Estados Unidos;2660;Fabricação de equipamentos de irradiação, eletromédicos e eletroterapêuticos;7765218;26;2600;Fabricação de equipamentos de informática, produtos eletrônicos e ópticos;2610;26;C;26;FABRICACIÓN DE PRODUCTOS DE INFORMÁTICA, DE ELECTRÓNICA Y DE ÓPTICA;FABRICAÇÃO DE EQUIPAMENTOS DE INFORMÁTICA, PRODUTOS ELETRÔNICOS E ÓPTICOS;1.7603;13669113.2454
2010;Estados Unidos;2826;Fabricação de máquinas para produção de têxteis, vestuário e couro;7562951;28;2800;Fabricação de máquinas e equipamentos mecânicos;2811;28;C;28;FABRICACIÓN DE MAQUINARIA Y EQUIPO N.C.P.;FABRICAÇÃO DE MÁQUINAS E EQUIPAMENTOS;1.7603;13313062.645299999
2010;Estados Unidos;3091;Fabricação de motocicletas;7190608;30;3000;Fabricação de outros equipamentos de transporte, exceto veículos automotores;3011;30;C;30;FABRICACIÓN DE OTRO  EQUIPO DE TRANSPORTE;FABRICAÇÃO DE OUTROS EQUIPAMENTOS DE TRANSPORTE, EXCETO VEÍCULOS AUTOMOTORES;1.7603;12657627.2624
2010;Estados Unidos;2431;Fundição de ferro e aço;6100676;243;2492;Metalurgia de metais não ferosos e a fundição de metais;2451;245;C;243;Fundición de metales;Fundição;1.7603;10739019.9628
2010;Estados Unidos;1104;"Fabricação de refrigerantes; produção de águas minerais e outras águas engarrafadas";5970089;11;1100;Fabricação de bebidas;1111;11;C;11;ELABORACIÓN DE BEBIDAS;FABRICAÇÃO DE BEBIDAS;1.7603;10509147.6667
2010;Estados Unidos;5811;Publicação de livros;5880248;58;5800;Edição e edição integrada à impressão;5811;58;J;58;ACTIVIDADES DE EDICIÓN;EDIÇÃO E EDIÇÃO INTEGRADA À IMPRESSÃO;1.7603;10351000.5544
2010;Estados Unidos;3099;Fabricação de outros equipamentos de transporte n.c;5808882;30;3000;Fabricação de outros equipamentos de transporte, exceto veículos automotores;3011;30;C;30;FABRICACIÓN DE OTRO  EQUIPO DE TRANSPORTE;FABRICAÇÃO DE OUTROS EQUIPAMENTOS DE TRANSPORTE, EXCETO VEÍCULOS AUTOMOTORES;1.7603;10225374.9846
2010;Estados Unidos;3212;Fabricação de bijuterias e artigos relacionados;5666323;32;3180;Fabricação de móveis e de produtos de indústrias diversas;3211;32;C;32;OTRAS INDUSTRIAS MANUFACTURERAS;FABRICAÇÃO DE PRODUTOS DIVERSOS;1.7603;9974428.3769
2010;Estados Unidos;3012;Construção de barcos de recreio e desportivos;5260548;30;3000;Fabricação de outros equipamentos de transporte, exceto veículos automotores;3011;30;C;30;FABRICACIÓN DE OTRO  EQUIPO DE TRANSPORTE;FABRICAÇÃO DE OUTROS EQUIPAMENTOS DE TRANSPORTE, EXCETO VEÍCULOS AUTOMOTORES;1.7603;9260142.6444
2010;Estados Unidos;0130;Cultivo de plantas;4984766;013;0191;Agricultura, inclusive o apoio à agricultura e a pós-colheita;0141;014;A;013;Propagación de plantas;Produção de sementes e mudas certificadas;1.7603;8774683.5898
2010;Estados Unidos;1080;Fabricação de alimentos para animais;4974865;108;1093;Outros produtos alimentares;1061;106;C;108;Elaboración de piensos preparados para animales;Moagem, fabricação de produtos amiláceos e de alimentos para animais;1.7603;8757254.8595
2010;Estados Unidos;1623;Fabricação de embalagens de madeira;4714282;16;1500;Fabricação de calçados e de artefatos de couro;1510;15;C;16;"PRODUCCIÓN DE MADERA Y FABRICACIÓN DE PRODUCTOS DE MADERA Y CORCHO, EXCEPTO MUEBLES; FABRICACIÓN DE ARTÍCULOS DE PAJA Y DE MATERIALES TRENZABLES";PREPARAÇÃO DE COUROS E FABRICAÇÃO DE ARTEFATOS DE COURO, ARTIGOS PARA VIAGEM E CALÇADOS;1.7603;8298550.6046
2010;Estados Unidos;1702;Fabricação de papel e cartão canelados e de embalagens de papel e cartão;4606711;17;1700;Fabricação de celulose, papel e produtos de papel;1710;17;C;17;FABRICACIÓN DE PAPEL Y DE PRODUCTOS DE PAPEL;FABRICAÇÃO DE CELULOSE, PAPEL E PRODUTOS DE PAPEL;1.7603;8109193.3733
2010;Estados Unidos;2022;Fabricação de tintas, vernizes e produtos similares, tintas de impressão e mástiques;4472020;202;2092;Fabricação de defensivos, desinfestantes, tintas e químicos diversos;2051;205;C;202;Fabricación de otros productos químicos;Fabricação de defensivos agrícolas e desinfestantes domissanitários;1.7603;7872096.806
2010;Estados Unidos;2815;Fabricação de fornos, fornos e queimadores de fornos;3829960;28;2800;Fabricação de máquinas e equipamentos mecânicos;2811;28;C;28;FABRICACIÓN DE MAQUINARIA Y EQUIPO N.C.P.;FABRICAÇÃO DE MÁQUINAS E EQUIPAMENTOS;1.7603;6741878.5879999995
2010;Estados Unidos;0893;Extração de sal;3765670;08;0580;Extração de carvão mineral e de minerais não metálicos;0810;08;B;08;EXPLOTACIÓN DE OTRAS MINAS Y CANTERAS;EXTRAÇÃO DE MINERAIS NÃO-METÁLICOS;1.7603;6628708.901
2010;Estados Unidos;1391;Fabricação de tecidos de malha;3516231;13;1300;Fabricação de produtos têxteis;1311;13;C;13;FABRICACIÓN DE PRODUCTOS TEXTILES;FABRICAÇÃO DE PRODUTOS TÊXTEIS;1.7603;6189621.4293
2010;Estados Unidos;1050;Fabricação de produtos lácteos;3492157;105;1091;Abate e produtos de carne, inclusive os produtos do laticínio e da pesca;1051;105;C;105;Elaboración de productos lácteos;Laticínios;1.7603;6147243.9671
2010;Estados Unidos;1061;Fabricação de produtos de moagem de grãos;3410162;106;1093;Outros produtos alimentares;1061;106;C;106;Elaboración de productos de molinería, almidones y productos derivados del almidón;Moagem, fabricação de produtos amiláceos e de alimentos para animais;1.7603;6002908.1685999995
2010;Estados Unidos;2817;Fabricação de máquinas e equipamentos de escritório (exceto computadores e equipamentos periféricos);3407699;28;2800;Fabricação de máquinas e equipamentos mecânicos;2811;28;C;28;FABRICACIÓN DE MAQUINARIA Y EQUIPO N.C.P.;FABRICAÇÃO DE MÁQUINAS E EQUIPAMENTOS;1.7603;5998572.5497
2010;Estados Unidos;2720;Fabricação de baterias e acumuladores;3271250;27;2700;Fabricação de máquinas e equipamentos elétricos;2710;27;C;27;FABRICACIÓN DE EQUIPO ELÉCTRICO;FABRICAÇÃO DE MÁQUINAS, APARELHOS E MATERIAIS ELÉTRICOS;1.7603;5758381.375
2010;Estados Unidos;2740;Fabricação de equipamentos de iluminação elétrica;3139841;27;2700;Fabricação de máquinas e equipamentos elétricos;2710;27;C;27;FABRICACIÓN DE EQUIPO ELÉCTRICO;FABRICAÇÃO DE MÁQUINAS, APARELHOS E MATERIAIS ELÉTRICOS;1.7603;5527062.1123
2010;Estados Unidos;2816;Fabricação de equipamentos de elevação e manuseio;2781263;28;2800;Fabricação de máquinas e equipamentos mecânicos;2811;28;C;28;FABRICACIÓN DE MAQUINARIA Y EQUIPO N.C.P.;FABRICAÇÃO DE MÁQUINAS E EQUIPAMENTOS;1.7603;4895857.2589
2010;Estados Unidos;3240;Fabricação de jogos e brinquedos;2731444;32;3180;Fabricação de móveis e de produtos de indústrias diversas;3211;32;C;32;OTRAS INDUSTRIAS MANUFACTURERAS;FABRICAÇÃO DE PRODUTOS DIVERSOS;1.7603;4808160.8732
2010;Estados Unidos;5819;Outras atividades de publicação;2525452;58;5800;Edição e edição integrada à impressão;5811;58;J;58;ACTIVIDADES DE EDICIÓN;EDIÇÃO E EDIÇÃO INTEGRADA À IMPRESSÃO;1.7603;4445553.1556
2010;Estados Unidos;1393;Fabricação de tapetes e tapetes;2295149;13;1300;Fabricação de produtos têxteis;1311;13;C;13;FABRICACIÓN DE PRODUCTOS TEXTILES;FABRICAÇÃO DE PRODUTOS TÊXTEIS;1.7603;4040150.7846999997
2010;Estados Unidos;2680;Fabricação de mídia magnética e óptica;2174859;26;2600;Fabricação de equipamentos de informática, produtos eletrônicos e ópticos;2610;26;C;26;FABRICACIÓN DE PRODUCTOS DE INFORMÁTICA, DE ELECTRÓNICA Y DE ÓPTICA;FABRICAÇÃO DE EQUIPAMENTOS DE INFORMÁTICA, PRODUTOS ELETRÔNICOS E ÓPTICOS;1.7603;3828404.2977
2010;Estados Unidos;2818;Fabricação de ferramentas manuais acionadas por motor;2133948;28;2800;Fabricação de máquinas e equipamentos mecânicos;2811;28;C;28;FABRICACIÓN DE MAQUINARIA Y EQUIPO N.C.P.;FABRICAÇÃO DE MÁQUINAS E EQUIPAMENTOS;1.7603;3756388.6644
2010;Estados Unidos;2670;Fabricação de instrumentos ópticos e equipamento fotográfico;1929113;26;2600;Fabricação de equipamentos de informática, produtos eletrônicos e ópticos;2610;26;C;26;FABRICACIÓN DE PRODUCTOS DE INFORMÁTICA, DE ELECTRÓNICA Y DE ÓPTICA;FABRICAÇÃO DE EQUIPAMENTOS DE INFORMÁTICA, PRODUTOS ELETRÔNICOS E ÓPTICOS;1.7603;3395817.6138999998
2010;Estados Unidos;1101;Fabricação de aguardentes e outras bebidas destiladas;1722771;11;1100;Fabricação de bebidas;1111;11;C;11;ELABORACIÓN DE BEBIDAS;FABRICAÇÃO DE BEBIDAS;1.7603;3032593.7913
2010;Estados Unidos;1430;Fabricação de vestuário de malha;1644997;14;1400;Confecção de artefatos do vestuário e acessórios;1411;14;C;14;FABRICACIÓN DE PRENDAS DE VESTIR;CONFECÇÃO DE ARTIGOS DO VESTUÁRIO E ACESSÓRIOS;1.7603;2895688.2191
2010;Estados Unidos;0230;Coleta de produtos florestais não madeireiros;1383329;02;0280;"Produção florestal; pesca e aquicultura";0210;02;A;02;SILVICULTURA Y EXTRACCIÓN DE MADERA;PRODUÇÃO FLORESTAL;1.7603;2435074.0387
2010;Estados Unidos;0142;Criação de cavalos e outros equinos;1375537;014;0192;Pecuária, inclusive o apoio à pecuária;0151;015;A;014;Ganadería;Pecuária;1.7603;2421357.7811
2010;Estados Unidos;3220;Fabricação de instrumentos musicais;1316751;32;3180;Fabricação de móveis e de produtos de indústrias diversas;3211;32;C;32;OTRAS INDUSTRIAS MANUFACTURERAS;FABRICAÇÃO DE PRODUTOS DIVERSOS;1.7603;2317876.7853
2010;Estados Unidos;1102;Fabricação de vinhos;1007528;11;1100;Fabricação de bebidas;1111;11;C;11;ELABORACIÓN DE BEBIDAS;FABRICAÇÃO DE BEBIDAS;1.7603;1773551.5384
2010;Estados Unidos;1103;Fabricação de malte e bebidas maltadas.;894531;11;1100;Fabricação de bebidas;1111;11;C;11;ELABORACIÓN DE BEBIDAS;FABRICAÇÃO DE BEBIDAS;1.7603;1574642.9193
2010;Estados Unidos;1420;Fabricação de artigos de peles;865599;14;1400;Confecção de artefatos do vestuário e acessórios;1411;14;C;14;FABRICACIÓN DE PRENDAS DE VESTIR;CONFECÇÃO DE ARTIGOS DO VESTUÁRIO E ACESSÓRIOS;1.7603;1523713.9197
2010;Estados Unidos;2511;Fabricação de produtos metálicos estruturais;856876;25;2500;Fabricação de produtos de metal, exceto máquinas e equipamentos;2511;25;C;25;FABRICACIÓN DE PRODUCTOS ELABORADOS DE METAL, EXCEPTO MAQUINARIA Y EQUIPO;FABRICAÇÃO DE PRODUTOS DE METAL, EXCETO MÁQUINAS E EQUIPAMENTOS;1.7603;1508358.8228
2010;Estados Unidos;2652;Fabricação de cronomêtros e relógios;764454;26;2600;Fabricação de equipamentos de informática, produtos eletrônicos e ópticos;2610;26;C;26;FABRICACIÓN DE PRODUCTOS DE INFORMÁTICA, DE ELECTRÓNICA Y DE ÓPTICA;FABRICAÇÃO DE EQUIPAMENTOS DE INFORMÁTICA, PRODUTOS ELETRÔNICOS E ÓPTICOS;1.7603;1345668.3762
2010;Estados Unidos;1074;Fabricação de macarrão, talharim, cuscuz e produtos farináceos semelhantes;664202;107;1092;Fabricação e refino de açúcar;1071;107;C;107;Elaboración de otros productos alimenticios;Fabricação e refino de açúcar;1.7603;1169194.7806
2010;Estados Unidos;1812;Atividades de serviço relacionadas à impressão;626666;18;1800;Impressão e reprodução de gravações;1811;18;C;18;IMPRESIÓN Y REPRODUCCIÓN DE GRABACIONES;IMPRESSÃO E REPRODUÇÃO DE GRAVAÇÕES;1.7603;1103120.1598
2010;Estados Unidos;3230;Fabricação de artigos esportivos;557746;32;3180;Fabricação de móveis e de produtos de indústrias diversas;3211;32;C;32;OTRAS INDUSTRIAS MANUFACTURERAS;FABRICAÇÃO DE PRODUTOS DIVERSOS;1.7603;981800.2838
2010;Estados Unidos;0124;Cultivo de frutas pome e frutas de caroço;516500;012;0191;Agricultura, inclusive o apoio à agricultura e a pós-colheita;0111;011;A;012;Cultivo de plantas perennes;Produção de lavouras temporárias;1.7603;909194.95
2010;Estados Unidos;2731;Fabricação de cabos de fibra ótica;439443;27;2700;Fabricação de máquinas e equipamentos elétricos;2710;27;C;27;FABRICACIÓN DE EQUIPO ELÉCTRICO;FABRICAÇÃO DE MÁQUINAS, APARELHOS E MATERIAIS ELÉTRICOS;1.7603;773551.5129
2010;Estados Unidos;0115;Cultivo de tabaco;438651;011;0191;Agricultura, inclusive o apoio à agricultura e a pós-colheita;0111;011;A;011;Cultivo de plantas no perenes;Produção de lavouras temporárias;1.7603;772157.3552999999
2010;Estados Unidos;0220;Exploração madeireira;432731;02;0280;"Produção florestal; pesca e aquicultura";0210;02;A;02;SILVICULTURA Y EXTRACCIÓN DE MADERA;PRODUÇÃO FLORESTAL;1.7603;761736.3793
2010;Estados Unidos;2513;Fabricação de geradores de vapor, exceto caldeiras de aquecimento central de água quente;425639;25;2500;Fabricação de produtos de metal, exceto máquinas e equipamentos;2511;25;C;25;FABRICACIÓN DE PRODUCTOS ELABORADOS DE METAL, EXCEPTO MAQUINARIA Y EQUIPO;FABRICAÇÃO DE PRODUTOS DE METAL, EXCETO MÁQUINAS E EQUIPAMENTOS;1.7603;749252.3317
2010;Estados Unidos;3011;Construção de navios e estruturas flutuantes;393899;30;3000;Fabricação de outros equipamentos de transporte, exceto veículos automotores;3011;30;C;30;FABRICACIÓN DE OTRO  EQUIPO DE TRANSPORTE;FABRICAÇÃO DE OUTROS EQUIPAMENTOS DE TRANSPORTE, EXCETO VEÍCULOS AUTOMOTORES;1.7603;693380.4097
2010;Estados Unidos;5813;Publicação de jornais, revistas e periódicos;262825;58;5800;Edição e edição integrada à impressão;5811;58;J;58;ACTIVIDADES DE EDICIÓN;EDIÇÃO E EDIÇÃO INTEGRADA À IMPRESSÃO;1.7603;462650.8475
2010;Estados Unidos;0122;Cultivo de frutas tropicais e subtropicais;206503;012;0191;Agricultura, inclusive o apoio à agricultura e a pós-colheita;0111;011;A;012;Cultivo de plantas perennes;Produção de lavouras temporárias;1.7603;363507.23089999997
2010;Estados Unidos;9102;Atividades de museus e operação de locais históricos e edifícios;155668;91;9080;Atividades artísticas, criativas e de espetáculos;9101;91;R;91;ACTIVIDADES DE BIBLIOTECAS, ARCHIVOS Y MUSEOS Y OTRAS ACTIVIDADES CULTURALES;ATIVIDADES LIGADAS AO PATRIMÔNIO CULTURAL E AMBIENTAL;1.7603;274022.3804
2010;Estados Unidos;2395;Fabricação de artigos de concreto, cimento e gesso;119530;23;2300;Fabricação de produtos de minerais não metálicos;2311;23;C;23;FABRICACIÓN DE OTROS PRODUCTOS MINERALES NO METÁLICOS;FABRICAÇÃO DE PRODUTOS DE MINERAIS NÃO-METÁLICOS;1.7603;210408.65899999999
2010;Estados Unidos;0119;Cultivo de outras culturas não perenes;94135;011;0191;Agricultura, inclusive o apoio à agricultura e a pós-colheita;0111;011;A;011;Cultivo de plantas no perenes;Produção de lavouras temporárias;1.7603;165705.8405
2010;Estados Unidos;0116;Cultivo de culturas de fibra;69807;011;0191;Agricultura, inclusive o apoio à agricultura e a pós-colheita;0111;011;A;011;Cultivo de plantas no perenes;Produção de lavouras temporárias;1.7603;122881.26209999999
2010;Estados Unidos;0126;Cultivo de frutas oleaginosas;65263;012;0191;Agricultura, inclusive o apoio à agricultura e a pós-colheita;0111;011;A;012;Cultivo de plantas perennes;Produção de lavouras temporárias;1.7603;114882.4589
2010;Estados Unidos;0892;Extração de turfa;14960;08;0580;Extração de carvão mineral e de minerais não metálicos;0810;08;B;08;EXPLOTACIÓN DE OTRAS MINAS Y CANTERAS;EXTRAÇÃO DE MINERAIS NÃO-METÁLICOS;1.7603;26334.088
2010;Estados Unidos;0129;Cultivo de outras culturas perenes;12688;012;0191;Agricultura, inclusive o apoio à agricultura e a pós-colheita;0111;011;A;012;Cultivo de plantas perennes;Produção de lavouras temporárias;1.7603;22334.6864
2010;Estados Unidos;5310;Atividades postais;8712;53;5280;Armazenamento, atividades auxiliares dos transportes e correio;5211;53;H;53;ALMACENAMIENTO Y ACTIVIDADES DE APOYO AL TRANSPORTE;ARMAZENAMENTO E ATIVIDADES AUXILIARES DOS TRANSPORTES;1.7603;15335.7336
2010;Estados Unidos;3092;Fabricação de bicicletas e carruagens inválidas;6044;30;3000;Fabricação de outros equipamentos de transporte, exceto veículos automotores;3011;30;C;30;FABRICACIÓN DE OTRO  EQUIPO DE TRANSPORTE;FABRICAÇÃO DE OUTROS EQUIPAMENTOS DE TRANSPORTE, EXCETO VEÍCULOS AUTOMOTORES;1.7603;10639.2532
2010;Estados Unidos;0891;Extração de minerais químicos e fertilizantes;5841;08;0580;Extração de carvão mineral e de minerais não metálicos;0810;08;B;08;EXPLOTACIÓN DE OTRAS MINAS Y CANTERAS;EXTRAÇÃO DE MINERAIS NÃO-METÁLICOS;1.7603;10281.9123
2010;Estados Unidos;7420;Atividades fotográficas;3652;74;7380;Outras atividades profissionais, científicas e técnicas;7410;74;M;74;OTRAS ACTIVIDADES PROFESIONALES, CIENTÍFICAS Y TÉCNICAS;OUTRAS ATIVIDADES PROFISSIONAIS, CIENTÍFICAS E TÉCNICAS;1.7603;6428.6156
2010;Estados Unidos;2394;Fabricação de cimento, cal e gesso;612;23;2300;Fabricação de produtos de minerais não metálicos;2311;23;C;23;FABRICACIÓN DE OTROS PRODUCTOS MINERALES NO METÁLICOS;FABRICAÇÃO DE PRODUTOS DE MINERAIS NÃO-METÁLICOS;1.7603;1077.3036
2010;Estados Unidos;5911;Atividades de produção de filmes, vídeos e programas de televisão;207;59;5980;Atividades de televisão, rádio, cinema e gravação/edição de som e imagem;5911;59;J;59;ACTIVIDADES DE PRODUCCIÓN DE PELÍCULAS CINEMATOGRÁFICAS, VÍDEOS Y PROGRAMAS DE TELEVISIÓN, GRABACIÓN SONORA Y EDICIÓN DE MÚSICA;"ATIVIDADES CINEMATOGRÁFICAS, PRODUÇÃO DE VÍDEOS E DE PROGRAMAS DE TELEVISÃO; GRAVAÇÃO DE SOM E EDIÇÃO DE MÚSICA";1.7603;364.3821
2010;Estados Unidos;1910;Fabricação de produtos de forno de coque;10;191;1991;Refino de petróleo e coquerias;1910;191;C;191;Fabricación de productos de hornos de coque;Coquerias;1.7603;17.603
2009;Estados Unidos;0610;Extração de petróleo bruto;2385615951;06;0680;Extração de petróleo e gás, inclusive as atividades de apoio;0600;06;B;06;EXTRACCIÓN DE PETRÓLEO CRUDO Y GAS NATURAL;EXTRAÇÃO DE PETRÓLEO E GÁS NATURAL;1.9976;4765506423.7176
2009;Estados Unidos;3030;Fabricação de aviões e máquinas relacionadas;1158628643;30;3000;Fabricação de outros equipamentos de transporte, exceto veículos automotores;3011;30;C;30;FABRICACIÓN DE OTRO  EQUIPO DE TRANSPORTE;FABRICAÇÃO DE OUTROS EQUIPAMENTOS DE TRANSPORTE, EXCETO VEÍCULOS AUTOMOTORES;1.9976;2314476577.2568
2009;Estados Unidos;2410;Fabricação de ferro e aço básicos;1024008959;241;2491;Produção de ferro-gusa/ferroligas, siderurgia e tubos de aço sem costura;2411;241;C;241;Fabricación básica de hierro y acero;Produção de ferro-gusa e de ferroligas;1.9976;2045560296.4984
2009;Estados Unidos;2011;Fabricação de produtos químicos básicos;869094010;201;1992;Fabricação de biocombustíveis;1931;193;C;201;Fabricación de sustancias químicas básicas, de abonos y compuestos de nitrógeno y de plásticos y caucho sintético en formas primarias;Fabricação de biocombustíveis;1.9976;1736102194.376
2009;Estados Unidos;0127;Cultivo de bebidas da safra;723075095;012;0191;Agricultura, inclusive o apoio à agricultura e a pós-colheita;0111;011;A;012;Cultivo de plantas perennes;Produção de lavouras temporárias;1.9976;1444414809.772
2009;Estados Unidos;1701;Fabricação de polpa, papel e cartão;722801128;17;1700;Fabricação de celulose, papel e produtos de papel;1710;17;C;17;FABRICACIÓN DE PAPEL Y DE PRODUCTOS DE PAPEL;FABRICAÇÃO DE CELULOSE, PAPEL E PRODUTOS DE PAPEL;1.9976;1443867533.2928
2009;Estados Unidos;2930;Fabricação de peças e acessórios para veículos automotores;614803704;293;2992;Fabricação de peças e acessórios para veículos automotores;2941;294;C;293;Fabricación de partes, piezas y accesorios para vehículos automotores;Fabricação de peças e acessórios para veículos automotores;1.9976;1228131879.1104
2009;Estados Unidos;2710;Fabricação de motores elétricos, geradores, transformadores e aparelhos de distribuição e controle de energia elétrica;611260435;27;2700;Fabricação de máquinas e equipamentos elétricos;2710;27;C;27;FABRICACIÓN DE EQUIPO ELÉCTRICO;FABRICAÇÃO DE MÁQUINAS, APARELHOS E MATERIAIS ELÉTRICOS;1.9976;1221053844.956
2009;Estados Unidos;2420;Fabricação de metais preciosos e outros metais não ferrosos;575858609;242;2492;Metalurgia de metais não ferosos e a fundição de metais;2441;244;C;242;Fabricación de productos primarios de metales preciosos y otros metales no ferrosos;Metalurgia dos metais não-ferrosos;1.9976;1150335157.3384001
2009;Estados Unidos;2396;Corte, moldagem e acabamento de pedra;361379105;23;2300;Fabricação de produtos de minerais não metálicos;2311;23;C;23;FABRICACIÓN DE OTROS PRODUCTOS MINERALES NO METÁLICOS;FABRICAÇÃO DE PRODUTOS DE MINERAIS NÃO-METÁLICOS;1.9976;721890900.148
2009;Estados Unidos;1520;Fabricação de calçado;352514100;15;1500;Fabricação de calçados e de artefatos de couro;1510;15;C;15;FABRICACIÓN DE PRODUCTOS DE CUERO Y PRODUCTOS CONEXOS;PREPARAÇÃO DE COUROS E FABRICAÇÃO DE ARTEFATOS DE COURO, ARTIGOS PARA VIAGEM E CALÇADOS;1.9976;704182166.16
2009;Estados Unidos;1030;Processamento e conservação de frutas e legumes;328590441;103;1093;Outros produtos alimentares;1031;103;C;103;Elaboración y conservación de frutas, legumbres y hortalizas;Fabricação de conservas de frutas, legumes e outros vegetais;1.9976;656392264.9416
2009;Estados Unidos;1610;Serração e aplainamento de madeira;317199527;16;1500;Fabricação de calçados e de artefatos de couro;1510;15;C;16;"PRODUCCIÓN DE MADERA Y FABRICACIÓN DE PRODUCTOS DE MADERA Y CORCHO, EXCEPTO MUEBLES; FABRICACIÓN DE ARTÍCULOS DE PAJA Y DE MATERIALES TRENZABLES";PREPARAÇÃO DE COUROS E FABRICAÇÃO DE ARTEFATOS DE COURO, ARTIGOS PARA VIAGEM E CALÇADOS;1.9976;633637775.1352
2009;Estados Unidos;1200;Fabricação de produtos de tabaco;296866393;12;1200;Fabricação de produtos do fumo;1210;12;C;12;ELABORACIÓN DE PRODUCTOS DE TABACO;FABRICAÇÃO DE PRODUTOS DO FUMO;1.9976;593020306.6568
2009;Estados Unidos;2211;"Fabricação de pneus e tubos; recauchutagem e reconstrução de pneus de borracha";277460528;22;1500;Fabricação de calçados e de artefatos de couro;1510;15;C;22;FABRICACIÓN DE PRODUCTOS DE CAUCHO Y PLÁSTICO;PREPARAÇÃO DE COUROS E FABRICAÇÃO DE ARTEFATOS DE COURO, ARTIGOS PARA VIAGEM E CALÇADOS;1.9976;554255150.7328
2009;Estados Unidos;1010;Processamento e conservação de carne;248373687;101;1091;Abate e produtos de carne, inclusive os produtos do laticínio e da pesca;1011;101;C;101;Elaboración y conservación de carne;Abate e fabricação de produtos de carne;1.9976;496151277.1512
2009;Estados Unidos;2813;Fabricação de outras bombas, compressores, torneiras e válvulas;247342919;28;2800;Fabricação de máquinas e equipamentos mecânicos;2811;28;C;28;FABRICACIÓN DE MAQUINARIA Y EQUIPO N.C.P.;FABRICAÇÃO DE MÁQUINAS E EQUIPAMENTOS;1.9976;494092214.9944
2009;Estados Unidos;1920;Fabricação de produtos petrolíferos refinados;188425852;192;1991;Refino de petróleo e coquerias;1921;192;C;192;Fabricación de productos de la refinación del petróleo;Fabricação de produtos derivados do petróleo;1.9976;376399481.9552
2009;Estados Unidos;2520;Fabricação de armas e munições;179564955;25;2500;Fabricação de produtos de metal, exceto máquinas e equipamentos;2511;25;C;25;FABRICACIÓN DE PRODUCTOS ELABORADOS DE METAL, EXCEPTO MAQUINARIA Y EQUIPO;FABRICAÇÃO DE PRODUTOS DE METAL, EXCETO MÁQUINAS E EQUIPAMENTOS;1.9976;358698954.108
2009;Estados Unidos;2824;Fabricação de máquinas para mineração, exploração de pedreiras e construção;179206476;28;2800;Fabricação de máquinas e equipamentos mecânicos;2811;28;C;28;FABRICACIÓN DE MAQUINARIA Y EQUIPO N.C.P.;FABRICAÇÃO DE MÁQUINAS E EQUIPAMENTOS;1.9976;357982856.4576
2009;Estados Unidos;0125;Cultivo de outras frutas e nozes;157150664;012;0191;Agricultura, inclusive o apoio à agricultura e a pós-colheita;0111;011;A;012;Cultivo de plantas perennes;Produção de lavouras temporárias;1.9976;313924166.4064
2009;Estados Unidos;2814;Fabricação de rolamentos, engrenagens, engrenagens e elementos de acionamento;148791266;28;2800;Fabricação de máquinas e equipamentos mecânicos;2811;28;C;28;FABRICACIÓN DE MAQUINARIA Y EQUIPO N.C.P.;FABRICAÇÃO DE MÁQUINAS E EQUIPAMENTOS;1.9976;297225432.9616
2009;Estados Unidos;2013;Fabricação de plásticos e borracha sintética em formas primárias;142663178;201;1992;Fabricação de biocombustíveis;1931;193;C;201;Fabricación de sustancias químicas básicas, de abonos y compuestos de nitrógeno y de plásticos y caucho sintético en formas primarias;Fabricação de biocombustíveis;1.9976;284983964.3728
2009;Estados Unidos;2630;Fabricação de equipamentos de comunicação;138305084;26;2600;Fabricação de equipamentos de informática, produtos eletrônicos e ópticos;2610;26;C;26;FABRICACIÓN DE PRODUCTOS DE INFORMÁTICA, DE ELECTRÓNICA Y DE ÓPTICA;FABRICAÇÃO DE EQUIPAMENTOS DE INFORMÁTICA, PRODUTOS ELETRÔNICOS E ÓPTICOS;1.9976;276278235.7984
2009;Estados Unidos;2100;Fabricação de produtos farmacêuticos, produtos químicos medicinais e botânicos;135700931;21;2100;Fabricação de produtos farmoquímicos e farmacêuticos;2110;21;C;21;FABRICACIÓN DE PRODUCTOS FARMACÉUTICOS, SUSTANCIAS QUÍMICAS MEDICINALES Y PRODUCTOS BOTÁNICOS DE USO FARMACÉUTICO;FABRICAÇÃO DE PRODUTOS FARMOQUÍMICOS E FARMACÊUTICOS;1.9976;271076179.7656
2009;Estados Unidos;1079;Fabricação de outros produtos alimentícios n.c;134230441;107;1092;Fabricação e refino de açúcar;1071;107;C;107;Elaboración de otros productos alimenticios;Fabricação e refino de açúcar;1.9976;268138728.9416
2009;Estados Unidos;2599;Fabricação de outros produtos metálicos fabricados n.c;126358148;25;2500;Fabricação de produtos de metal, exceto máquinas e equipamentos;2511;25;C;25;FABRICACIÓN DE PRODUCTOS ELABORADOS DE METAL, EXCEPTO MAQUINARIA Y EQUIPO;FABRICAÇÃO DE PRODUTOS DE METAL, EXCETO MÁQUINAS E EQUIPAMENTOS;1.9976;252413036.44480002
2009;Estados Unidos;2029;Fabricação de outros produtos químicos n.c;120034165;202;2092;Fabricação de defensivos, desinfestantes, tintas e químicos diversos;2051;205;C;202;Fabricación de otros productos químicos;Fabricação de defensivos agrícolas e desinfestantes domissanitários;1.9976;239780248.004
2009;Estados Unidos;3020;Fabricação de locomotivas e material circulante;113636149;30;3000;Fabricação de outros equipamentos de transporte, exceto veículos automotores;3011;30;C;30;FABRICACIÓN DE OTRO  EQUIPO DE TRANSPORTE;FABRICAÇÃO DE OUTROS EQUIPAMENTOS DE TRANSPORTE, EXCETO VEÍCULOS AUTOMOTORES;1.9976;226999571.2424
2009;Estados Unidos;1392;Fabricação de artigos têxteis confeccionados, exceto vestuário;112310092;13;1300;Fabricação de produtos têxteis;1311;13;C;13;FABRICACIÓN DE PRODUCTOS TEXTILES;FABRICAÇÃO DE PRODUTOS TÊXTEIS;1.9976;224350639.77920002
2009;Estados Unidos;1072;Fabricação de açúcar;109191243;107;1092;Fabricação e refino de açúcar;1071;107;C;107;Elaboración de otros productos alimenticios;Fabricação e refino de açúcar;1.9976;218120427.01680002
2009;Estados Unidos;1511;Curtimento e vestuário de couro;104169092;15;1500;Fabricação de calçados e de artefatos de couro;1510;15;C;15;FABRICACIÓN DE PRODUCTOS DE CUERO Y PRODUCTOS CONEXOS;PREPARAÇÃO DE COUROS E FABRICAÇÃO DE ARTEFATOS DE COURO, ARTIGOS PARA VIAGEM E CALÇADOS;1.9976;208088178.1792
2009;Estados Unidos;0729;Extração de outros minérios de metais não ferrosos;102680615;072;0792;Extração de minerais metálicos não ferrosos, inclusive beneficiamentos;0721;072;B;072;Extracción de minerales metalíferos no ferrosos;Extração de minerais metálicos não-ferrosos;1.9976;205114796.52400002
2009;Estados Unidos;1622;Fabricação de carpintaria e marcenaria de construtores;102249612;16;1500;Fabricação de calçados e de artefatos de couro;1510;15;C;16;"PRODUCCIÓN DE MADERA Y FABRICACIÓN DE PRODUCTOS DE MADERA Y CORCHO, EXCEPTO MUEBLES; FABRICACIÓN DE ARTÍCULOS DE PAJA Y DE MATERIALES TRENZABLES";PREPARAÇÃO DE COUROS E FABRICAÇÃO DE ARTEFATOS DE COURO, ARTIGOS PARA VIAGEM E CALÇADOS;1.9976;204253824.9312
2009;Estados Unidos;1073;Fabricação de cacau, chocolate e produtos de confeitaria;101813257;107;1092;Fabricação e refino de açúcar;1071;107;C;107;Elaboración de otros productos alimenticios;Fabricação e refino de açúcar;1.9976;203382162.1832
2009;Estados Unidos;3100;Fabricação de móveis;94560963;31;3180;Fabricação de móveis e de produtos de indústrias diversas;3101;31;C;31;FABRICACIÓN DE MUEBLES;FABRICAÇÃO DE MÓVEIS;1.9976;188894979.6888
2009;Estados Unidos;2220;Fabricação de produtos plásticos;82684385;22;1500;Fabricação de calçados e de artefatos de couro;1510;15;C;22;FABRICACIÓN DE PRODUCTOS DE CAUCHO Y PLÁSTICO;PREPARAÇÃO DE COUROS E FABRICAÇÃO DE ARTEFATOS DE COURO, ARTIGOS PARA VIAGEM E CALÇADOS;1.9976;165170327.476
2009;Estados Unidos;2593;Fabricação de cutelaria, ferramentas manuais e ferragens em geral;77579835;25;2500;Fabricação de produtos de metal, exceto máquinas e equipamentos;2511;25;C;25;FABRICACIÓN DE PRODUCTOS ELABORADOS DE METAL, EXCEPTO MAQUINARIA Y EQUIPO;FABRICAÇÃO DE PRODUTOS DE METAL, EXCETO MÁQUINAS E EQUIPAMENTOS;1.9976;154973478.396
2009;Estados Unidos;2511;Fabricação de produtos metálicos estruturais;75933167;25;2500;Fabricação de produtos de metal, exceto máquinas e equipamentos;2511;25;C;25;FABRICACIÓN DE PRODUCTOS ELABORADOS DE METAL, EXCEPTO MAQUINARIA Y EQUIPO;FABRICAÇÃO DE PRODUTOS DE METAL, EXCETO MÁQUINAS E EQUIPAMENTOS;1.9976;151684094.3992
2009;Estados Unidos;2819;Fabricação de outras máquinas para uso geral;75798094;28;2800;Fabricação de máquinas e equipamentos mecânicos;2811;28;C;28;FABRICACIÓN DE MAQUINARIA Y EQUIPO N.C.P.;FABRICAÇÃO DE MÁQUINAS E EQUIPAMENTOS;1.9976;151414272.5744
2009;Estados Unidos;1512;Fabricação de malas, bolsas e semelhantes, selaria e arreios;66128483;15;1500;Fabricação de calçados e de artefatos de couro;1510;15;C;15;FABRICACIÓN DE PRODUCTOS DE CUERO Y PRODUCTOS CONEXOS;PREPARAÇÃO DE COUROS E FABRICAÇÃO DE ARTEFATOS DE COURO, ARTIGOS PARA VIAGEM E CALÇADOS;1.9976;132098257.6408
2009;Estados Unidos;2399;Fabricação de outros produtos minerais não metálicos n.c;61543501;23;2300;Fabricação de produtos de minerais não metálicos;2311;23;C;23;FABRICACIÓN DE OTROS PRODUCTOS MINERALES NO METÁLICOS;FABRICAÇÃO DE PRODUTOS DE MINERAIS NÃO-METÁLICOS;1.9976;122939297.5976
2009;Estados Unidos;3211;Fabricação de joalharia e artigos afins;58920448;32;3180;Fabricação de móveis e de produtos de indústrias diversas;3211;32;C;32;OTRAS INDUSTRIAS MANUFACTURERAS;FABRICAÇÃO DE PRODUTOS DIVERSOS;1.9976;117699486.92480001
2009;Estados Unidos;2651;Fabricação de equipamentos de medição, teste, navegação e controle;58185736;26;2600;Fabricação de equipamentos de informática, produtos eletrônicos e ópticos;2610;26;C;26;FABRICACIÓN DE PRODUCTOS DE INFORMÁTICA, DE ELECTRÓNICA Y DE ÓPTICA;FABRICAÇÃO DE EQUIPAMENTOS DE INFORMÁTICA, PRODUTOS ELETRÔNICOS E ÓPTICOS;1.9976;116231826.2336
2009;Estados Unidos;1020;Processamento e conservação de peixes, crustáceos e moluscos;57949647;102;1091;Abate e produtos de carne, inclusive os produtos do laticínio e da pesca;1020;102;C;102;Elaboración y conservación de pescado, crustáceos y moluscos;Preservação do pescado e fabricação de produtos do pescado;1.9976;115760214.8472
2009;Estados Unidos;2620;Fabricação de computadores e equipamentos periféricos;53751617;26;2600;Fabricação de equipamentos de informática, produtos eletrônicos e ópticos;2610;26;C;26;FABRICACIÓN DE PRODUCTOS DE INFORMÁTICA, DE ELECTRÓNICA Y DE ÓPTICA;FABRICAÇÃO DE EQUIPAMENTOS DE INFORMÁTICA, PRODUTOS ELETRÔNICOS E ÓPTICOS;1.9976;107374230.1192
2009;Estados Unidos;2392;Fabricação de materiais de construção de argila;52963222;23;2300;Fabricação de produtos de minerais não metálicos;2311;23;C;23;FABRICACIÓN DE OTROS PRODUCTOS MINERALES NO METÁLICOS;FABRICAÇÃO DE PRODUTOS DE MINERAIS NÃO-METÁLICOS;1.9976;105799332.26720001
2009;Estados Unidos;1621;Fabricação de folheados e painéis derivados de madeira;50580001;16;1500;Fabricação de calçados e de artefatos de couro;1510;15;C;16;"PRODUCCIÓN DE MADERA Y FABRICACIÓN DE PRODUCTOS DE MADERA Y CORCHO, EXCEPTO MUEBLES; FABRICACIÓN DE ARTÍCULOS DE PAJA Y DE MATERIALES TRENZABLES";PREPARAÇÃO DE COUROS E FABRICAÇÃO DE ARTEFATOS DE COURO, ARTIGOS PARA VIAGEM E CALÇADOS;1.9976;101038609.9976
2009;Estados Unidos;2821;Fabricação de maquinaria agrícola e florestal;49666036;28;2800;Fabricação de máquinas e equipamentos mecânicos;2811;28;C;28;FABRICACIÓN DE MAQUINARIA Y EQUIPO N.C.P.;FABRICAÇÃO DE MÁQUINAS E EQUIPAMENTOS;1.9976;99212873.5136
2009;Estados Unidos;0810;Extração de pedra, areia e argila;48535157;08;0580;Extração de carvão mineral e de minerais não metálicos;0810;08;B;08;EXPLOTACIÓN DE OTRAS MINAS Y CANTERAS;EXTRAÇÃO DE MINERAIS NÃO-METÁLICOS;1.9976;96953829.6232
2009;Estados Unidos;1394;Fabricação de cordéis, cordas, cordéis e redes;47095032;13;1300;Fabricação de produtos têxteis;1311;13;C;13;FABRICACIÓN DE PRODUCTOS TEXTILES;FABRICAÇÃO DE PRODUTOS TÊXTEIS;1.9976;94077035.9232
2009;Estados Unidos;2219;Fabricação de outros produtos de borracha;44983024;22;1500;Fabricação de calçados e de artefatos de couro;1510;15;C;22;FABRICACIÓN DE PRODUCTOS DE CAUCHO Y PLÁSTICO;PREPARAÇÃO DE COUROS E FABRICAÇÃO DE ARTEFATOS DE COURO, ARTIGOS PARA VIAGEM E CALÇADOS;1.9976;89858088.7424
2009;Estados Unidos;1399;Fabricação de outros têxteis n.e.c.;43268997;13;1300;Fabricação de produtos têxteis;1311;13;C;13;FABRICACIÓN DE PRODUCTOS TEXTILES;FABRICAÇÃO DE PRODUTOS TÊXTEIS;1.9976;86434148.40720001
2009;Estados Unidos;2790;Fabricação de outro equipamento elétrico;41943059;27;2700;Fabricação de máquinas e equipamentos elétricos;2710;27;C;27;FABRICACIÓN DE EQUIPO ELÉCTRICO;FABRICAÇÃO DE MÁQUINAS, APARELHOS E MATERIAIS ELÉTRICOS;1.9976;83785454.6584
2009;Estados Unidos;0149;Criação de outros animais;41166292;014;0192;Pecuária, inclusive o apoio à pecuária;0151;015;A;014;Ganadería;Pecuária;1.9976;82233784.8992
2009;Estados Unidos;3250;Fabricação de instrumentos e suprimentos médicos e odontológicos;37605670;32;3180;Fabricação de móveis e de produtos de indústrias diversas;3211;32;C;32;OTRAS INDUSTRIAS MANUFACTURERAS;FABRICAÇÃO DE PRODUTOS DIVERSOS;1.9976;75121086.392
2009;Estados Unidos;2822;Fabricação de máquinas e máquinas-ferramentas para moldagem de metais;34173524;28;2800;Fabricação de máquinas e equipamentos mecânicos;2811;28;C;28;FABRICACIÓN DE MAQUINARIA Y EQUIPO N.C.P.;FABRICAÇÃO DE MÁQUINAS E EQUIPAMENTOS;1.9976;68265031.5424
2009;Estados Unidos;0113;Cultivo de hortaliças e melões, raízes e tubérculos;32919055;011;0191;Agricultura, inclusive o apoio à agricultura e a pós-colheita;0111;011;A;011;Cultivo de plantas no perenes;Produção de lavouras temporárias;1.9976;65759104.268
2009;Estados Unidos;0128;Cultivo de especiarias, culturas aromáticas, medicamentosas e farmacêuticas;32001847;012;0191;Agricultura, inclusive o apoio à agricultura e a pós-colheita;0111;011;A;012;Cultivo de plantas perennes;Produção de lavouras temporárias;1.9976;63926889.567200005
2009;Estados Unidos;3290;Outras manufaturas n.c.;28530625;32;3180;Fabricação de móveis e de produtos de indústrias diversas;3211;32;C;32;OTRAS INDUSTRIAS MANUFACTURERAS;FABRICAÇÃO DE PRODUTOS DIVERSOS;1.9976;56992776.5
2009;Estados Unidos;2823;Fabricação de máquinas para metalurgia;26297444;28;2800;Fabricação de máquinas e equipamentos mecânicos;2811;28;C;28;FABRICACIÓN DE MAQUINARIA Y EQUIPO N.C.P.;FABRICAÇÃO DE MÁQUINAS E EQUIPAMENTOS;1.9976;52531774.1344
2009;Estados Unidos;1629;"Fabricação de outros produtos de madeira; fabricação de artigos de cortiça, de espartaria e cestaria";25622802;16;1500;Fabricação de calçados e de artefatos de couro;1510;15;C;16;"PRODUCCIÓN DE MADERA Y FABRICACIÓN DE PRODUCTOS DE MADERA Y CORCHO, EXCEPTO MUEBLES; FABRICACIÓN DE ARTÍCULOS DE PAJA Y DE MATERIALES TRENZABLES";PREPARAÇÃO DE COUROS E FABRICAÇÃO DE ARTEFATOS DE COURO, ARTIGOS PARA VIAGEM E CALÇADOS;1.9976;51184109.2752
2009;Estados Unidos;1709;Fabricação de outros artigos de papel e cartão;25039151;17;1700;Fabricação de celulose, papel e produtos de papel;1710;17;C;17;FABRICACIÓN DE PAPEL Y DE PRODUCTOS DE PAPEL;FABRICAÇÃO DE CELULOSE, PAPEL E PRODUTOS DE PAPEL;1.9976;50018208.0376
2009;Estados Unidos;0111;Cultivo de cereais (exceto arroz), leguminosas e oleaginosas;24689624;011;0191;Agricultura, inclusive o apoio à agricultura e a pós-colheita;0111;011;A;011;Cultivo de plantas no perenes;Produção de lavouras temporárias;1.9976;49319992.9024
2009;Estados Unidos;2610;Fabricação de componentes eletrônicos e placas;24443362;26;2600;Fabricação de equipamentos de informática, produtos eletrônicos e ópticos;2610;26;C;26;FABRICACIÓN DE PRODUCTOS DE INFORMÁTICA, DE ELECTRÓNICA Y DE ÓPTICA;FABRICAÇÃO DE EQUIPAMENTOS DE INFORMÁTICA, PRODUTOS ELETRÔNICOS E ÓPTICOS;1.9976;48828059.9312
2009;Estados Unidos;2920;"Fabricação de carroçarias para veículos automotores; fabricação de reboques e semi-reboques";24122495;292;2991;Fabricação de automóveis, caminhões e ônibus, exceto peças;2930;293;C;292;"Fabricación de carrocerías para vehículos automotores; fabricación de remolques y semirremolques";Fabricação de cabines, carrocerias e reboques para veículos automotores;1.9976;48187096.012
2009;Estados Unidos;0710;Extração de minério de ferro;23909162;071;0791;Extração de minério de ferro, inclusive beneficiamento e a aglomeração;0710;071;B;071;Extracción de minerales de hierro;Extração de minério de ferro;1.9976;47760942.0112
2009;Estados Unidos;0121;Cultivo de uvas;22745590;012;0191;Agricultura, inclusive o apoio à agricultura e a pós-colheita;0111;011;A;012;Cultivo de plantas perennes;Produção de lavouras temporárias;1.9976;45436590.584
2009;Estados Unidos;2732;Fabricação de outros fios e cabos elétricos e eletrônicos;20831455;27;2700;Fabricação de máquinas e equipamentos elétricos;2710;27;C;27;FABRICACIÓN DE EQUIPO ELÉCTRICO;FABRICAÇÃO DE MÁQUINAS, APARELHOS E MATERIAIS ELÉTRICOS;1.9976;41612914.508
2009;Estados Unidos;2829;Fabricação de outras máquinas para fins especiais;20703917;28;2800;Fabricação de máquinas e equipamentos mecânicos;2811;28;C;28;FABRICACIÓN DE MAQUINARIA Y EQUIPO N.C.P.;FABRICAÇÃO DE MÁQUINAS E EQUIPAMENTOS;1.9976;41358144.5992
2009;Estados Unidos;1040;Fabricação de óleos e gorduras vegetais e animais;19619607;104;1093;Outros produtos alimentares;1041;104;C;104;Elaboración de aceites y grasas de origen vegetal y animal;Fabricação de óleos e gorduras vegetais e animais;1.9976;39192126.9432
2009;Estados Unidos;2811;Fabricação de motores e turbinas, exceto aeronaves, veículos e motores de ciclo;19567951;28;2800;Fabricação de máquinas e equipamentos mecânicos;2811;28;C;28;FABRICACIÓN DE MAQUINARIA Y EQUIPO N.C.P.;FABRICAÇÃO DE MÁQUINAS E EQUIPAMENTOS;1.9976;39088938.9176
2009;Estados Unidos;1410;Fabricação de vestuário, exceto vestuários de peles;18169663;14;1400;Confecção de artefatos do vestuário e acessórios;1411;14;C;14;FABRICACIÓN DE PRENDAS DE VESTIR;CONFECÇÃO DE ARTIGOS DO VESTUÁRIO E ACESSÓRIOS;1.9976;36295718.808800004
2009;Estados Unidos;2021;Fabricação de pesticidas e outros produtos agroquímicos;16489117;202;2092;Fabricação de defensivos, desinfestantes, tintas e químicos diversos;2051;205;C;202;Fabricación de otros productos químicos;Fabricação de defensivos agrícolas e desinfestantes domissanitários;1.9976;32938660.119200002
2009;Estados Unidos;0899;Outras atividades de mineração n.c;16045873;08;0580;Extração de carvão mineral e de minerais não metálicos;0810;08;B;08;EXPLOTACIÓN DE OTRAS MINAS Y CANTERAS;EXTRAÇÃO DE MINERAIS NÃO-METÁLICOS;1.9976;32053235.9048
2009;Estados Unidos;2310;Fabricação de produtos de vidro e vidro;15512892;23;2300;Fabricação de produtos de minerais não metálicos;2311;23;C;23;FABRICACIÓN DE OTROS PRODUCTOS MINERALES NO METÁLICOS;FABRICAÇÃO DE PRODUTOS DE MINERAIS NÃO-METÁLICOS;1.9976;30988553.0592
2009;Estados Unidos;9000;Atividades criativas, artes e entretenimento;15153154;90;9080;Atividades artísticas, criativas e de espetáculos;9001;90;R;90;ACTIVIDADES CREATIVAS, ARTÍSTICAS Y DE ENTRETENIMIENTO;ATIVIDADES ARTÍSTICAS, CRIATIVAS E DE ESPETÁCULOS;1.9976;30269940.4304
2009;Estados Unidos;2640;Fabricação de produtos eletrônicos de consumo;14776041;26;2600;Fabricação de equipamentos de informática, produtos eletrônicos e ópticos;2610;26;C;26;FABRICACIÓN DE PRODUCTOS DE INFORMÁTICA, DE ELECTRÓNICA Y DE ÓPTICA;FABRICAÇÃO DE EQUIPAMENTOS DE INFORMÁTICA, PRODUTOS ELETRÔNICOS E ÓPTICOS;1.9976;29516619.5016
2009;Estados Unidos;0311;Pesca marinha;13072682;03;0280;"Produção florestal; pesca e aquicultura";0311;03;A;03;PESCA Y ACUICULTURA;PESCA E AQÜICULTURA;1.9976;26113989.5632
2009;Estados Unidos;2393;Fabricação de outros produtos de porcelana e cerâmica;11982988;23;2300;Fabricação de produtos de minerais não metálicos;2311;23;C;23;FABRICACIÓN DE OTROS PRODUCTOS MINERALES NO METÁLICOS;FABRICAÇÃO DE PRODUTOS DE MINERAIS NÃO-METÁLICOS;1.9976;23937216.8288
2009;Estados Unidos;2812;Fabricação de equipamentos para energia hidráulica;11610798;28;2800;Fabricação de máquinas e equipamentos mecânicos;2811;28;C;28;FABRICACIÓN DE MAQUINARIA Y EQUIPO N.C.P.;FABRICAÇÃO DE MÁQUINAS E EQUIPAMENTOS;1.9976;23193730.0848
2009;Estados Unidos;3099;Fabricação de outros equipamentos de transporte n.c;11555813;30;3000;Fabricação de outros equipamentos de transporte, exceto veículos automotores;3011;30;C;30;FABRICACIÓN DE OTRO  EQUIPO DE TRANSPORTE;FABRICAÇÃO DE OUTROS EQUIPAMENTOS DE TRANSPORTE, EXCETO VEÍCULOS AUTOMOTORES;1.9976;23083892.0488
2009;Estados Unidos;1062;Fabricação de amidos e féculas;11189393;106;1093;Outros produtos alimentares;1061;106;C;106;Elaboración de productos de molinería, almidones y productos derivados del almidón;Moagem, fabricação de produtos amiláceos e de alimentos para animais;1.9976;22351931.4568
2009;Estados Unidos;2391;Fabricação de produtos refratários;10937396;23;2300;Fabricação de produtos de minerais não metálicos;2311;23;C;23;FABRICACIÓN DE OTROS PRODUCTOS MINERALES NO METÁLICOS;FABRICAÇÃO DE PRODUTOS DE MINERAIS NÃO-METÁLICOS;1.9976;21848542.2496
2009;Estados Unidos;1071;Fabricação de produtos de panificação;10926659;107;1092;Fabricação e refino de açúcar;1071;107;C;107;Elaboración de otros productos alimenticios;Fabricação e refino de açúcar;1.9976;21827094.018400002
2009;Estados Unidos;2910;Fabricação de veículos automotores;10789607;291;2991;Fabricação de automóveis, caminhões e ônibus, exceto peças;2910;291;C;291;Fabricación de vehículos automotores;Fabricação de automóveis, camionetas e utilitários;1.9976;21553318.9432
2009;Estados Unidos;1312;Tecelagem de têxteis;10583852;13;1300;Fabricação de produtos têxteis;1311;13;C;13;FABRICACIÓN DE PRODUCTOS TEXTILES;FABRICAÇÃO DE PRODUTOS TÊXTEIS;1.9976;21142302.7552
2009;Estados Unidos;2023;Fabricação de sabão e detergentes, produtos de limpeza e polimento, perfumes e produtos de toilette;10476698;202;2092;Fabricação de defensivos, desinfestantes, tintas e químicos diversos;2051;205;C;202;Fabricación de otros productos químicos;Fabricação de defensivos agrícolas e desinfestantes domissanitários;1.9976;20928251.9248
2009;Estados Unidos;2825;Fabricação de máquinas para processamento de alimentos, bebidas e tabaco;10408909;28;2800;Fabricação de máquinas e equipamentos mecânicos;2811;28;C;28;FABRICACIÓN DE MAQUINARIA Y EQUIPO N.C.P.;FABRICAÇÃO DE MÁQUINAS E EQUIPAMENTOS;1.9976;20792836.6184
2009;Estados Unidos;2512;Fabricação de tanques, reservatórios e recipientes de metal;10072574;25;2500;Fabricação de produtos de metal, exceto máquinas e equipamentos;2511;25;C;25;FABRICACIÓN DE PRODUCTOS ELABORADOS DE METAL, EXCEPTO MAQUINARIA Y EQUIPO;FABRICAÇÃO DE PRODUTOS DE METAL, EXCETO MÁQUINAS E EQUIPAMENTOS;1.9976;20120973.8224
2009;Estados Unidos;2816;Fabricação de equipamentos de elevação e manuseio;9347678;28;2800;Fabricação de máquinas e equipamentos mecânicos;2811;28;C;28;FABRICACIÓN DE MAQUINARIA Y EQUIPO N.C.P.;FABRICAÇÃO DE MÁQUINAS E EQUIPAMENTOS;1.9976;18672921.5728
2009;Estados Unidos;1311;Preparação e fiação de fibras têxteis;8897446;13;1300;Fabricação de produtos têxteis;1311;13;C;13;FABRICACIÓN DE PRODUCTOS TEXTILES;FABRICAÇÃO DE PRODUTOS TÊXTEIS;1.9976;17773538.1296
2009;Estados Unidos;2660;Fabricação de equipamentos de irradiação, eletromédicos e eletroterapêuticos;8696090;26;2600;Fabricação de equipamentos de informática, produtos eletrônicos e ópticos;2610;26;C;26;FABRICACIÓN DE PRODUCTOS DE INFORMÁTICA, DE ELECTRÓNICA Y DE ÓPTICA;FABRICAÇÃO DE EQUIPAMENTOS DE INFORMÁTICA, PRODUTOS ELETRÔNICOS E ÓPTICOS;1.9976;17371309.384
2009;Estados Unidos;2826;Fabricação de máquinas para produção de têxteis, vestuário e couro;7449020;28;2800;Fabricação de máquinas e equipamentos mecânicos;2811;28;C;28;FABRICACIÓN DE MAQUINARIA Y EQUIPO N.C.P.;FABRICAÇÃO DE MÁQUINAS E EQUIPAMENTOS;1.9976;14880162.352
2009;Estados Unidos;2431;Fundição de ferro e aço;7416836;243;2492;Metalurgia de metais não ferosos e a fundição de metais;2451;245;C;243;Fundición de metales;Fundição;1.9976;14815871.593600001
2009;Estados Unidos;0893;Extração de sal;6955280;08;0580;Extração de carvão mineral e de minerais não metálicos;0810;08;B;08;EXPLOTACIÓN DE OTRAS MINAS Y CANTERAS;EXTRAÇÃO DE MINERAIS NÃO-METÁLICOS;1.9976;13893867.328
2009;Estados Unidos;2750;Fabricação de eletrodomésticos;6460525;27;2700;Fabricação de máquinas e equipamentos elétricos;2710;27;C;27;FABRICACIÓN DE EQUIPO ELÉCTRICO;FABRICAÇÃO DE MÁQUINAS, APARELHOS E MATERIAIS ELÉTRICOS;1.9976;12905544.74
2009;Estados Unidos;2817;Fabricação de máquinas e equipamentos de escritório (exceto computadores e equipamentos periféricos);6329873;28;2800;Fabricação de máquinas e equipamentos mecânicos;2811;28;C;28;FABRICACIÓN DE MAQUINARIA Y EQUIPO N.C.P.;FABRICAÇÃO DE MÁQUINAS E EQUIPAMENTOS;1.9976;12644554.3048
2009;Estados Unidos;1104;"Fabricação de refrigerantes; produção de águas minerais e outras águas engarrafadas";5841486;11;1100;Fabricação de bebidas;1111;11;C;11;ELABORACIÓN DE BEBIDAS;FABRICAÇÃO DE BEBIDAS;1.9976;11668952.433600001
2009;Estados Unidos;3212;Fabricação de bijuterias e artigos relacionados;5725975;32;3180;Fabricação de móveis e de produtos de indústrias diversas;3211;32;C;32;OTRAS INDUSTRIAS MANUFACTURERAS;FABRICAÇÃO DE PRODUTOS DIVERSOS;1.9976;11438207.66
2009;Estados Unidos;0130;Cultivo de plantas;5243171;013;0191;Agricultura, inclusive o apoio à agricultura e a pós-colheita;0141;014;A;013;Propagación de plantas;Produção de sementes e mudas certificadas;1.9976;10473758.3896
2009;Estados Unidos;3011;Construção de navios e estruturas flutuantes;4862390;30;3000;Fabricação de outros equipamentos de transporte, exceto veículos automotores;3011;30;C;30;FABRICACIÓN DE OTRO  EQUIPO DE TRANSPORTE;FABRICAÇÃO DE OUTROS EQUIPAMENTOS DE TRANSPORTE, EXCETO VEÍCULOS AUTOMOTORES;1.9976;9713110.264
2009;Estados Unidos;2022;Fabricação de tintas, vernizes e produtos similares, tintas de impressão e mástiques;4649416;202;2092;Fabricação de defensivos, desinfestantes, tintas e químicos diversos;2051;205;C;202;Fabricación de otros productos químicos;Fabricação de defensivos agrícolas e desinfestantes domissanitários;1.9976;9287673.4016
2009;Estados Unidos;5811;Publicação de livros;4631789;58;5800;Edição e edição integrada à impressão;5811;58;J;58;ACTIVIDADES DE EDICIÓN;EDIÇÃO E EDIÇÃO INTEGRADA À IMPRESSÃO;1.9976;9252461.7064
2009;Estados Unidos;2720;Fabricação de baterias e acumuladores;3979708;27;2700;Fabricação de máquinas e equipamentos elétricos;2710;27;C;27;FABRICACIÓN DE EQUIPO ELÉCTRICO;FABRICAÇÃO DE MÁQUINAS, APARELHOS E MATERIAIS ELÉTRICOS;1.9976;7949864.7008
2009;Estados Unidos;1080;Fabricação de alimentos para animais;3839235;108;1093;Outros produtos alimentares;1061;106;C;108;Elaboración de piensos preparados para animales;Moagem, fabricação de produtos amiláceos e de alimentos para animais;1.9976;7669255.836
2009;Estados Unidos;2012;Fabricação de fertilizantes e compostos nitrogenados;3768070;201;1992;Fabricação de biocombustíveis;1931;193;C;201;Fabricación de sustancias químicas básicas, de abonos y compuestos de nitrógeno y de plásticos y caucho sintético en formas primarias;Fabricação de biocombustíveis;1.9976;7527096.632
2009;Estados Unidos;3091;Fabricação de motocicletas;3693300;30;3000;Fabricação de outros equipamentos de transporte, exceto veículos automotores;3011;30;C;30;FABRICACIÓN DE OTRO  EQUIPO DE TRANSPORTE;FABRICAÇÃO DE OUTROS EQUIPAMENTOS DE TRANSPORTE, EXCETO VEÍCULOS AUTOMOTORES;1.9976;7377736.08
2009;Estados Unidos;1061;Fabricação de produtos de moagem de grãos;3599716;106;1093;Outros produtos alimentares;1061;106;C;106;Elaboración de productos de molinería, almidones y productos derivados del almidón;Moagem, fabricação de produtos amiláceos e de alimentos para animais;1.9976;7190792.6816
2009;Estados Unidos;1391;Fabricação de tecidos de malha;3431637;13;1300;Fabricação de produtos têxteis;1311;13;C;13;FABRICACIÓN DE PRODUCTOS TEXTILES;FABRICAÇÃO DE PRODUTOS TÊXTEIS;1.9976;6855038.0712
2009;Estados Unidos;2815;Fabricação de fornos, fornos e queimadores de fornos;3291911;28;2800;Fabricação de máquinas e equipamentos mecânicos;2811;28;C;28;FABRICACIÓN DE MAQUINARIA Y EQUIPO N.C.P.;FABRICAÇÃO DE MÁQUINAS E EQUIPAMENTOS;1.9976;6575921.413600001
2009;Estados Unidos;3240;Fabricação de jogos e brinquedos;3259017;32;3180;Fabricação de móveis e de produtos de indústrias diversas;3211;32;C;32;OTRAS INDUSTRIAS MANUFACTURERAS;FABRICAÇÃO DE PRODUTOS DIVERSOS;1.9976;6510212.3592
2009;Estados Unidos;1393;Fabricação de tapetes e tapetes;3230123;13;1300;Fabricação de produtos têxteis;1311;13;C;13;FABRICACIÓN DE PRODUCTOS TEXTILES;FABRICAÇÃO DE PRODUTOS TÊXTEIS;1.9976;6452493.7048
2009;Estados Unidos;1702;Fabricação de papel e cartão canelados e de embalagens de papel e cartão;3043719;17;1700;Fabricação de celulose, papel e produtos de papel;1710;17;C;17;FABRICACIÓN DE PAPEL Y DE PRODUCTOS DE PAPEL;FABRICAÇÃO DE CELULOSE, PAPEL E PRODUTOS DE PAPEL;1.9976;6080133.0744
2009;Estados Unidos;1101;Fabricação de aguardentes e outras bebidas destiladas;2845009;11;1100;Fabricação de bebidas;1111;11;C;11;ELABORACIÓN DE BEBIDAS;FABRICAÇÃO DE BEBIDAS;1.9976;5683189.9784
2009;Estados Unidos;5819;Outras atividades de publicação;2807584;58;5800;Edição e edição integrada à impressão;5811;58;J;58;ACTIVIDADES DE EDICIÓN;EDIÇÃO E EDIÇÃO INTEGRADA À IMPRESSÃO;1.9976;5608429.7984
2009;Estados Unidos;2680;Fabricação de mídia magnética e óptica;2439175;26;2600;Fabricação de equipamentos de informática, produtos eletrônicos e ópticos;2610;26;C;26;FABRICACIÓN DE PRODUCTOS DE INFORMÁTICA, DE ELECTRÓNICA Y DE ÓPTICA;FABRICAÇÃO DE EQUIPAMENTOS DE INFORMÁTICA, PRODUTOS ELETRÔNICOS E ÓPTICOS;1.9976;4872495.98
2009;Estados Unidos;1050;Fabricação de produtos lácteos;2200893;105;1091;Abate e produtos de carne, inclusive os produtos do laticínio e da pesca;1051;105;C;105;Elaboración de productos lácteos;Laticínios;1.9976;4396503.8568
2009;Estados Unidos;2740;Fabricação de equipamentos de iluminação elétrica;2106051;27;2700;Fabricação de máquinas e equipamentos elétricos;2710;27;C;27;FABRICACIÓN DE EQUIPO ELÉCTRICO;FABRICAÇÃO DE MÁQUINAS, APARELHOS E MATERIAIS ELÉTRICOS;1.9976;4207047.4776
2009;Estados Unidos;3220;Fabricação de instrumentos musicais;1917071;32;3180;Fabricação de móveis e de produtos de indústrias diversas;3211;32;C;32;OTRAS INDUSTRIAS MANUFACTURERAS;FABRICAÇÃO DE PRODUTOS DIVERSOS;1.9976;3829541.0296
2009;Estados Unidos;0142;Criação de cavalos e outros equinos;1723289;014;0192;Pecuária, inclusive o apoio à pecuária;0151;015;A;014;Ganadería;Pecuária;1.9976;3442442.1064
2009;Estados Unidos;0116;Cultivo de culturas de fibra;1707360;011;0191;Agricultura, inclusive o apoio à agricultura e a pós-colheita;0111;011;A;011;Cultivo de plantas no perenes;Produção de lavouras temporárias;1.9976;3410622.336
2009;Estados Unidos;2818;Fabricação de ferramentas manuais acionadas por motor;1368227;28;2800;Fabricação de máquinas e equipamentos mecânicos;2811;28;C;28;FABRICACIÓN DE MAQUINARIA Y EQUIPO N.C.P.;FABRICAÇÃO DE MÁQUINAS E EQUIPAMENTOS;1.9976;2733170.2552
2009;Estados Unidos;0115;Cultivo de tabaco;1105658;011;0191;Agricultura, inclusive o apoio à agricultura e a pós-colheita;0111;011;A;011;Cultivo de plantas no perenes;Produção de lavouras temporárias;1.9976;2208662.4208
2009;Estados Unidos;2670;Fabricação de instrumentos ópticos e equipamento fotográfico;1055393;26;2600;Fabricação de equipamentos de informática, produtos eletrônicos e ópticos;2610;26;C;26;FABRICACIÓN DE PRODUCTOS DE INFORMÁTICA, DE ELECTRÓNICA Y DE ÓPTICA;FABRICAÇÃO DE EQUIPAMENTOS DE INFORMÁTICA, PRODUTOS ELETRÔNICOS E ÓPTICOS;1.9976;2108253.0568
2009;Estados Unidos;1623;Fabricação de embalagens de madeira;1028649;16;1500;Fabricação de calçados e de artefatos de couro;1510;15;C;16;"PRODUCCIÓN DE MADERA Y FABRICACIÓN DE PRODUCTOS DE MADERA Y CORCHO, EXCEPTO MUEBLES; FABRICACIÓN DE ARTÍCULOS DE PAJA Y DE MATERIALES TRENZABLES";PREPARAÇÃO DE COUROS E FABRICAÇÃO DE ARTEFATOS DE COURO, ARTIGOS PARA VIAGEM E CALÇADOS;1.9976;2054829.2424
2009;Estados Unidos;1430;Fabricação de vestuário de malha;928462;14;1400;Confecção de artefatos do vestuário e acessórios;1411;14;C;14;FABRICACIÓN DE PRENDAS DE VESTIR;CONFECÇÃO DE ARTIGOS DO VESTUÁRIO E ACESSÓRIOS;1.9976;1854695.6912
2009;Estados Unidos;1102;Fabricação de vinhos;878898;11;1100;Fabricação de bebidas;1111;11;C;11;ELABORACIÓN DE BEBIDAS;FABRICAÇÃO DE BEBIDAS;1.9976;1755686.6448000001
2009;Estados Unidos;0220;Exploração madeireira;809965;02;0280;"Produção florestal; pesca e aquicultura";0210;02;A;02;SILVICULTURA Y EXTRACCIÓN DE MADERA;PRODUÇÃO FLORESTAL;1.9976;1617986.084
2009;Estados Unidos;1420;Fabricação de artigos de peles;773547;14;1400;Confecção de artefatos do vestuário e acessórios;1411;14;C;14;FABRICACIÓN DE PRENDAS DE VESTIR;CONFECÇÃO DE ARTIGOS DO VESTUÁRIO E ACESSÓRIOS;1.9976;1545237.4872
2009;Estados Unidos;1103;Fabricação de malte e bebidas maltadas.;710224;11;1100;Fabricação de bebidas;1111;11;C;11;ELABORACIÓN DE BEBIDAS;FABRICAÇÃO DE BEBIDAS;1.9976;1418743.4624
2009;Estados Unidos;1074;Fabricação de macarrão, talharim, cuscuz e produtos farináceos semelhantes;623449;107;1092;Fabricação e refino de açúcar;1071;107;C;107;Elaboración de otros productos alimenticios;Fabricação e refino de açúcar;1.9976;1245401.7224
2009;Estados Unidos;2513;Fabricação de geradores de vapor, exceto caldeiras de aquecimento central de água quente;498846;25;2500;Fabricação de produtos de metal, exceto máquinas e equipamentos;2511;25;C;25;FABRICACIÓN DE PRODUCTOS ELABORADOS DE METAL, EXCEPTO MAQUINARIA Y EQUIPO;FABRICAÇÃO DE PRODUTOS DE METAL, EXCETO MÁQUINAS E EQUIPAMENTOS;1.9976;996494.7696
2009;Estados Unidos;3012;Construção de barcos de recreio e desportivos;498380;30;3000;Fabricação de outros equipamentos de transporte, exceto veículos automotores;3011;30;C;30;FABRICACIÓN DE OTRO  EQUIPO DE TRANSPORTE;FABRICAÇÃO DE OUTROS EQUIPAMENTOS DE TRANSPORTE, EXCETO VEÍCULOS AUTOMOTORES;1.9976;995563.888
2009;Estados Unidos;2731;Fabricação de cabos de fibra ótica;435849;27;2700;Fabricação de máquinas e equipamentos elétricos;2710;27;C;27;FABRICACIÓN DE EQUIPO ELÉCTRICO;FABRICAÇÃO DE MÁQUINAS, APARELHOS E MATERIAIS ELÉTRICOS;1.9976;870651.9624
2009;Estados Unidos;0119;Cultivo de outras culturas não perenes;425904;011;0191;Agricultura, inclusive o apoio à agricultura e a pós-colheita;0111;011;A;011;Cultivo de plantas no perenes;Produção de lavouras temporárias;1.9976;850785.8304
2009;Estados Unidos;3230;Fabricação de artigos esportivos;425408;32;3180;Fabricação de móveis e de produtos de indústrias diversas;3211;32;C;32;OTRAS INDUSTRIAS MANUFACTURERAS;FABRICAÇÃO DE PRODUTOS DIVERSOS;1.9976;849795.0208
2009;Estados Unidos;9102;Atividades de museus e operação de locais históricos e edifícios;390829;91;9080;Atividades artísticas, criativas e de espetáculos;9101;91;R;91;ACTIVIDADES DE BIBLIOTECAS, ARCHIVOS Y MUSEOS Y OTRAS ACTIVIDADES CULTURALES;ATIVIDADES LIGADAS AO PATRIMÔNIO CULTURAL E AMBIENTAL;1.9976;780720.0104
2009;Estados Unidos;0230;Coleta de produtos florestais não madeireiros;383790;02;0280;"Produção florestal; pesca e aquicultura";0210;02;A;02;SILVICULTURA Y EXTRACCIÓN DE MADERA;PRODUÇÃO FLORESTAL;1.9976;766658.904
2009;Estados Unidos;2030;Fabricação de fibras sintéticas ou artificiais;353088;203;2091;Fabricação de químicos orgânicos e inorgânicos, resinas e elastômeros;2040;204;C;203;Fabricación de fibras artificiales;Fabricação de fibras artificiais e sintéticas;1.9976;705328.5888
2009;Estados Unidos;2652;Fabricação de cronomêtros e relógios;292204;26;2600;Fabricação de equipamentos de informática, produtos eletrônicos e ópticos;2610;26;C;26;FABRICACIÓN DE PRODUCTOS DE INFORMÁTICA, DE ELECTRÓNICA Y DE ÓPTICA;FABRICAÇÃO DE EQUIPAMENTOS DE INFORMÁTICA, PRODUTOS ELETRÔNICOS E ÓPTICOS;1.9976;583706.7104
2009;Estados Unidos;5813;Publicação de jornais, revistas e periódicos;285987;58;5800;Edição e edição integrada à impressão;5811;58;J;58;ACTIVIDADES DE EDICIÓN;EDIÇÃO E EDIÇÃO INTEGRADA À IMPRESSÃO;1.9976;571287.6312000001
2009;Estados Unidos;0123;Cultivo de frutas cítricas;284476;012;0191;Agricultura, inclusive o apoio à agricultura e a pós-colheita;0111;011;A;012;Cultivo de plantas perennes;Produção de lavouras temporárias;1.9976;568269.2576
2009;Estados Unidos;0124;Cultivo de frutas pome e frutas de caroço;253344;012;0191;Agricultura, inclusive o apoio à agricultura e a pós-colheita;0111;011;A;012;Cultivo de plantas perennes;Produção de lavouras temporárias;1.9976;506079.9744
2009;Estados Unidos;1812;Atividades de serviço relacionadas à impressão;187809;18;1800;Impressão e reprodução de gravações;1811;18;C;18;IMPRESIÓN Y REPRODUCCIÓN DE GRABACIONES;IMPRESSÃO E REPRODUÇÃO DE GRAVAÇÕES;1.9976;375167.2584
2009;Estados Unidos;2395;Fabricação de artigos de concreto, cimento e gesso;147125;23;2300;Fabricação de produtos de minerais não metálicos;2311;23;C;23;FABRICACIÓN DE OTROS PRODUCTOS MINERALES NO METÁLICOS;FABRICAÇÃO DE PRODUTOS DE MINERAIS NÃO-METÁLICOS;1.9976;293896.9
2009;Estados Unidos;0126;Cultivo de frutas oleaginosas;120294;012;0191;Agricultura, inclusive o apoio à agricultura e a pós-colheita;0111;011;A;012;Cultivo de plantas perennes;Produção de lavouras temporárias;1.9976;240299.2944
2009;Estados Unidos;3092;Fabricação de bicicletas e carruagens inválidas;92797;30;3000;Fabricação de outros equipamentos de transporte, exceto veículos automotores;3011;30;C;30;FABRICACIÓN DE OTRO  EQUIPO DE TRANSPORTE;FABRICAÇÃO DE OUTROS EQUIPAMENTOS DE TRANSPORTE, EXCETO VEÍCULOS AUTOMOTORES;1.9976;185371.2872
2009;Estados Unidos;0129;Cultivo de outras culturas perenes;53286;012;0191;Agricultura, inclusive o apoio à agricultura e a pós-colheita;0111;011;A;012;Cultivo de plantas perennes;Produção de lavouras temporárias;1.9976;106444.1136
2009;Estados Unidos;0122;Cultivo de frutas tropicais e subtropicais;51938;012;0191;Agricultura, inclusive o apoio à agricultura e a pós-colheita;0111;011;A;012;Cultivo de plantas perennes;Produção de lavouras temporárias;1.9976;103751.3488
2009;Estados Unidos;5310;Atividades postais;13975;53;5280;Armazenamento, atividades auxiliares dos transportes e correio;5211;53;H;53;ALMACENAMIENTO Y ACTIVIDADES DE APOYO AL TRANSPORTE;ARMAZENAMENTO E ATIVIDADES AUXILIARES DOS TRANSPORTES;1.9976;27916.46
2009;Estados Unidos;0321;Aquicultura marinha;9788;03;0280;"Produção florestal; pesca e aquicultura";0311;03;A;03;PESCA Y ACUICULTURA;PESCA E AQÜICULTURA;1.9976;19552.5088
2009;Estados Unidos;7420;Atividades fotográficas;3592;74;7380;Outras atividades profissionais, científicas e técnicas;7410;74;M;74;OTRAS ACTIVIDADES PROFESIONALES, CIENTÍFICAS Y TÉCNICAS;OUTRAS ATIVIDADES PROFISSIONAIS, CIENTÍFICAS E TÉCNICAS;1.9976;7175.3792
2009;Estados Unidos;2394;Fabricação de cimento, cal e gesso;2474;23;2300;Fabricação de produtos de minerais não metálicos;2311;23;C;23;FABRICACIÓN DE OTROS PRODUCTOS MINERALES NO METÁLICOS;FABRICAÇÃO DE PRODUTOS DE MINERAIS NÃO-METÁLICOS;1.9976;4942.0624
2009;Estados Unidos;5911;Atividades de produção de filmes, vídeos e programas de televisão;1518;59;5980;Atividades de televisão, rádio, cinema e gravação/edição de som e imagem;5911;59;J;59;ACTIVIDADES DE PRODUCCIÓN DE PELÍCULAS CINEMATOGRÁFICAS, VÍDEOS Y PROGRAMAS DE TELEVISIÓN, GRABACIÓN SONORA Y EDICIÓN DE MÚSICA;"ATIVIDADES CINEMATOGRÁFICAS, PRODUÇÃO DE VÍDEOS E DE PROGRAMAS DE TELEVISÃO; GRAVAÇÃO DE SOM E EDIÇÃO DE MÚSICA";1.9976;3032.3568
2009;Estados Unidos;0891;Extração de minerais químicos e fertilizantes;674;08;0580;Extração de carvão mineral e de minerais não metálicos;0810;08;B;08;EXPLOTACIÓN DE OTRAS MINAS Y CANTERAS;EXTRAÇÃO DE MINERAIS NÃO-METÁLICOS;1.9976;1346.3824
2009;Estados Unidos;0510;Mineração de Carvão;132;05;0580;Extração de carvão mineral e de minerais não metálicos;0500;05;B;05;EXTRACCIÓN DE CARBÓN DE PIEDRA Y LIGNITO;EXTRAÇÃO DE CARVÃO MINERAL;1.9976;263.6832
2008;Estados Unidos;0610;Extração de petróleo bruto;4351080549;06;0680;Extração de petróleo e gás, inclusive as atividades de apoio;0600;06;B;06;EXTRACCIÓN DE PETRÓLEO CRUDO Y GAS NATURAL;EXTRAÇÃO DE PETRÓLEO E GÁS NATURAL;1.8346;7982492375.1954
2008;Estados Unidos;2410;Fabricação de ferro e aço básicos;3238935936;241;2491;Produção de ferro-gusa/ferroligas, siderurgia e tubos de aço sem costura;2411;241;C;241;Fabricación básica de hierro y acero;Produção de ferro-gusa e de ferroligas;1.8346;5942151868.1856
2008;Estados Unidos;3030;Fabricação de aviões e máquinas relacionadas;2493779555;30;3000;Fabricação de outros equipamentos de transporte, exceto veículos automotores;3011;30;C;30;FABRICACIÓN DE OTRO  EQUIPO DE TRANSPORTE;FABRICAÇÃO DE OUTROS EQUIPAMENTOS DE TRANSPORTE, EXCETO VEÍCULOS AUTOMOTORES;1.8346;4575087971.603
2008;Estados Unidos;2011;Fabricação de produtos químicos básicos;1676628349;201;1992;Fabricação de biocombustíveis;1931;193;C;201;Fabricación de sustancias químicas básicas, de abonos y compuestos de nitrógeno y de plásticos y caucho sintético en formas primarias;Fabricação de biocombustíveis;1.8346;3075942369.0754
2008;Estados Unidos;2420;Fabricação de metais preciosos e outros metais não ferrosos;1186269693;242;2492;Metalurgia de metais não ferosos e a fundição de metais;2441;244;C;242;Fabricación de productos primarios de metales preciosos y otros metales no ferrosos;Metalurgia dos metais não-ferrosos;1.8346;2176330378.7778
2008;Estados Unidos;2930;Fabricação de peças e acessórios para veículos automotores;1116189651;293;2992;Fabricação de peças e acessórios para veículos automotores;2941;294;C;293;Fabricación de partes, piezas y accesorios para vehículos automotores;Fabricação de peças e acessórios para veículos automotores;1.8346;2047761533.7246
2008;Estados Unidos;1701;Fabricação de polpa, papel e cartão;979892899;17;1700;Fabricação de celulose, papel e produtos de papel;1710;17;C;17;FABRICACIÓN DE PAPEL Y DE PRODUCTOS DE PAPEL;FABRICAÇÃO DE CELULOSE, PAPEL E PRODUTOS DE PAPEL;1.8346;1797711512.5054
2008;Estados Unidos;2710;Fabricação de motores elétricos, geradores, transformadores e aparelhos de distribuição e controle de energia elétrica;867158680;27;2700;Fabricação de máquinas e equipamentos elétricos;2710;27;C;27;FABRICACIÓN DE EQUIPO ELÉCTRICO;FABRICAÇÃO DE MÁQUINAS, APARELHOS E MATERIAIS ELÉTRICOS;1.8346;1590889314.328
2008;Estados Unidos;0127;Cultivo de bebidas da safra;705648492;012;0191;Agricultura, inclusive o apoio à agricultura e a pós-colheita;0111;011;A;012;Cultivo de plantas perennes;Produção de lavouras temporárias;1.8346;1294582723.4232
2008;Estados Unidos;2824;Fabricação de máquinas para mineração, exploração de pedreiras e construção;562288377;28;2800;Fabricação de máquinas e equipamentos mecânicos;2811;28;C;28;FABRICACIÓN DE MAQUINARIA Y EQUIPO N.C.P.;FABRICAÇÃO DE MÁQUINAS E EQUIPAMENTOS;1.8346;1031574256.4442
2008;Estados Unidos;1920;Fabricação de produtos petrolíferos refinados;544945397;192;1991;Refino de petróleo e coquerias;1921;192;C;192;Fabricación de productos de la refinación del petróleo;Fabricação de produtos derivados do petróleo;1.8346;999756825.3362
2008;Estados Unidos;2396;Corte, moldagem e acabamento de pedra;502953468;23;2300;Fabricação de produtos de minerais não metálicos;2311;23;C;23;FABRICACIÓN DE OTROS PRODUCTOS MINERALES NO METÁLICOS;FABRICAÇÃO DE PRODUTOS DE MINERAIS NÃO-METÁLICOS;1.8346;922718432.3928
2008;Estados Unidos;1520;Fabricação de calçado;486516342;15;1500;Fabricação de calçados e de artefatos de couro;1510;15;C;15;FABRICACIÓN DE PRODUCTOS DE CUERO Y PRODUCTOS CONEXOS;PREPARAÇÃO DE COUROS E FABRICAÇÃO DE ARTEFATOS DE COURO, ARTIGOS PARA VIAGEM E CALÇADOS;1.8346;892562881.0332
2008;Estados Unidos;1610;Serração e aplainamento de madeira;439338532;16;1500;Fabricação de calçados e de artefatos de couro;1510;15;C;16;"PRODUCCIÓN DE MADERA Y FABRICACIÓN DE PRODUCTOS DE MADERA Y CORCHO, EXCEPTO MUEBLES; FABRICACIÓN DE ARTÍCULOS DE PAJA Y DE MATERIALES TRENZABLES";PREPARAÇÃO DE COUROS E FABRICAÇÃO DE ARTEFATOS DE COURO, ARTIGOS PARA VIAGEM E CALÇADOS;1.8346;806010470.8072
2008;Estados Unidos;2813;Fabricação de outras bombas, compressores, torneiras e válvulas;380682116;28;2800;Fabricação de máquinas e equipamentos mecânicos;2811;28;C;28;FABRICACIÓN DE MAQUINARIA Y EQUIPO N.C.P.;FABRICAÇÃO DE MÁQUINAS E EQUIPAMENTOS;1.8346;698399410.0136
2008;Estados Unidos;1030;Processamento e conservação de frutas e legumes;364967715;103;1093;Outros produtos alimentares;1031;103;C;103;Elaboración y conservación de frutas, legumbres y hortalizas;Fabricação de conservas de frutas, legumes e outros vegetais;1.8346;669569769.939
2008;Estados Unidos;2211;"Fabricação de pneus e tubos; recauchutagem e reconstrução de pneus de borracha";342960322;22;1500;Fabricação de calçados e de artefatos de couro;1510;15;C;22;FABRICACIÓN DE PRODUCTOS DE CAUCHO Y PLÁSTICO;PREPARAÇÃO DE COUROS E FABRICAÇÃO DE ARTEFATOS DE COURO, ARTIGOS PARA VIAGEM E CALÇADOS;1.8346;629195006.7412
2008;Estados Unidos;1010;Processamento e conservação de carne;314151535;101;1091;Abate e produtos de carne, inclusive os produtos do laticínio e da pesca;1011;101;C;101;Elaboración y conservación de carne;Abate e fabricação de produtos de carne;1.8346;576342406.1110001
2008;Estados Unidos;1200;Fabricação de produtos de tabaco;300605596;12;1200;Fabricação de produtos do fumo;1210;12;C;12;ELABORACIÓN DE PRODUCTOS DE TABACO;FABRICAÇÃO DE PRODUTOS DO FUMO;1.8346;551491026.4216
2008;Estados Unidos;2814;Fabricação de rolamentos, engrenagens, engrenagens e elementos de acionamento;256496032;28;2800;Fabricação de máquinas e equipamentos mecânicos;2811;28;C;28;FABRICACIÓN DE MAQUINARIA Y EQUIPO N.C.P.;FABRICAÇÃO DE MÁQUINAS E EQUIPAMENTOS;1.8346;470567620.3072
2008;Estados Unidos;2599;Fabricação de outros produtos metálicos fabricados n.c;247044227;25;2500;Fabricação de produtos de metal, exceto máquinas e equipamentos;2511;25;C;25;FABRICACIÓN DE PRODUCTOS ELABORADOS DE METAL, EXCEPTO MAQUINARIA Y EQUIPO;FABRICAÇÃO DE PRODUTOS DE METAL, EXCETO MÁQUINAS E EQUIPAMENTOS;1.8346;453227338.8542
2008;Estados Unidos;2630;Fabricação de equipamentos de comunicação;208254706;26;2600;Fabricação de equipamentos de informática, produtos eletrônicos e ópticos;2610;26;C;26;FABRICACIÓN DE PRODUCTOS DE INFORMÁTICA, DE ELECTRÓNICA Y DE ÓPTICA;FABRICAÇÃO DE EQUIPAMENTOS DE INFORMÁTICA, PRODUTOS ELETRÔNICOS E ÓPTICOS;1.8346;382064083.6276
2008;Estados Unidos;2013;Fabricação de plásticos e borracha sintética em formas primárias;197759016;201;1992;Fabricação de biocombustíveis;1931;193;C;201;Fabricación de sustancias químicas básicas, de abonos y compuestos de nitrógeno y de plásticos y caucho sintético en formas primarias;Fabricação de biocombustíveis;1.8346;362808690.7536
2008;Estados Unidos;1079;Fabricação de outros produtos alimentícios n.c;180600393;107;1092;Fabricação e refino de açúcar;1071;107;C;107;Elaboración de otros productos alimenticios;Fabricação e refino de açúcar;1.8346;331329480.9978
2008;Estados Unidos;1511;Curtimento e vestuário de couro;177988572;15;1500;Fabricação de calçados e de artefatos de couro;1510;15;C;15;FABRICACIÓN DE PRODUCTOS DE CUERO Y PRODUCTOS CONEXOS;PREPARAÇÃO DE COUROS E FABRICAÇÃO DE ARTEFATOS DE COURO, ARTIGOS PARA VIAGEM E CALÇADOS;1.8346;326537834.1912
2008;Estados Unidos;1622;Fabricação de carpintaria e marcenaria de construtores;176506885;16;1500;Fabricação de calçados e de artefatos de couro;1510;15;C;16;"PRODUCCIÓN DE MADERA Y FABRICACIÓN DE PRODUCTOS DE MADERA Y CORCHO, EXCEPTO MUEBLES; FABRICACIÓN DE ARTÍCULOS DE PAJA Y DE MATERIALES TRENZABLES";PREPARAÇÃO DE COUROS E FABRICAÇÃO DE ARTEFATOS DE COURO, ARTIGOS PARA VIAGEM E CALÇADOS;1.8346;323819531.221
2008;Estados Unidos;0729;Extração de outros minérios de metais não ferrosos;173351678;072;0792;Extração de minerais metálicos não ferrosos, inclusive beneficiamentos;0721;072;B;072;Extracción de minerales metalíferos no ferrosos;Extração de minerais metálicos não-ferrosos;1.8346;318030988.4588
2008;Estados Unidos;0710;Extração de minério de ferro;162471775;071;0791;Extração de minério de ferro, inclusive beneficiamento e a aglomeração;0710;071;B;071;Extracción de minerales de hierro;Extração de minério de ferro;1.8346;298070718.415
2008;Estados Unidos;3100;Fabricação de móveis;159698631;31;3180;Fabricação de móveis e de produtos de indústrias diversas;3101;31;C;31;FABRICACIÓN DE MUEBLES;FABRICAÇÃO DE MÓVEIS;1.8346;292983108.4326
2008;Estados Unidos;1392;Fabricação de artigos têxteis confeccionados, exceto vestuário;154072319;13;1300;Fabricação de produtos têxteis;1311;13;C;13;FABRICACIÓN DE PRODUCTOS TEXTILES;FABRICAÇÃO DE PRODUTOS TÊXTEIS;1.8346;282661076.4374
2008;Estados Unidos;1073;Fabricação de cacau, chocolate e produtos de confeitaria;142825722;107;1092;Fabricação e refino de açúcar;1071;107;C;107;Elaboración de otros productos alimenticios;Fabricação e refino de açúcar;1.8346;262028069.5812
2008;Estados Unidos;2910;Fabricação de veículos automotores;142371381;291;2991;Fabricação de automóveis, caminhões e ônibus, exceto peças;2910;291;C;291;Fabricación de vehículos automotores;Fabricação de automóveis, camionetas e utilitários;1.8346;261194535.5826
2008;Estados Unidos;2029;Fabricação de outros produtos químicos n.c;141038831;202;2092;Fabricação de defensivos, desinfestantes, tintas e químicos diversos;2051;205;C;202;Fabricación de otros productos químicos;Fabricação de defensivos agrícolas e desinfestantes domissanitários;1.8346;258749839.3526
2008;Estados Unidos;0125;Cultivo de outras frutas e nozes;132867997;012;0191;Agricultura, inclusive o apoio à agricultura e a pós-colheita;0111;011;A;012;Cultivo de plantas perennes;Produção de lavouras temporárias;1.8346;243759627.2962
2008;Estados Unidos;2100;Fabricação de produtos farmacêuticos, produtos químicos medicinais e botânicos;129444812;21;2100;Fabricação de produtos farmoquímicos e farmacêuticos;2110;21;C;21;FABRICACIÓN DE PRODUCTOS FARMACÉUTICOS, SUSTANCIAS QUÍMICAS MEDICINALES Y PRODUCTOS BOTÁNICOS DE USO FARMACÉUTICO;FABRICAÇÃO DE PRODUTOS FARMOQUÍMICOS E FARMACÊUTICOS;1.8346;237479452.0952
2008;Estados Unidos;2520;Fabricação de armas e munições;123204991;25;2500;Fabricação de produtos de metal, exceto máquinas e equipamentos;2511;25;C;25;FABRICACIÓN DE PRODUCTOS ELABORADOS DE METAL, EXCEPTO MAQUINARIA Y EQUIPO;FABRICAÇÃO DE PRODUTOS DE METAL, EXCETO MÁQUINAS E EQUIPAMENTOS;1.8346;226031876.48860002
2008;Estados Unidos;1621;Fabricação de folheados e painéis derivados de madeira;122585744;16;1500;Fabricação de calçados e de artefatos de couro;1510;15;C;16;"PRODUCCIÓN DE MADERA Y FABRICACIÓN DE PRODUCTOS DE MADERA Y CORCHO, EXCEPTO MUEBLES; FABRICACIÓN DE ARTÍCULOS DE PAJA Y DE MATERIALES TRENZABLES";PREPARAÇÃO DE COUROS E FABRICAÇÃO DE ARTEFATOS DE COURO, ARTIGOS PARA VIAGEM E CALÇADOS;1.8346;224895805.9424
2008;Estados Unidos;2220;Fabricação de produtos plásticos;119910856;22;1500;Fabricação de calçados e de artefatos de couro;1510;15;C;22;FABRICACIÓN DE PRODUCTOS DE CAUCHO Y PLÁSTICO;PREPARAÇÃO DE COUROS E FABRICAÇÃO DE ARTEFATOS DE COURO, ARTIGOS PARA VIAGEM E CALÇADOS;1.8346;219988456.4176
2008;Estados Unidos;3020;Fabricação de locomotivas e material circulante;104967414;30;3000;Fabricação de outros equipamentos de transporte, exceto veículos automotores;3011;30;C;30;FABRICACIÓN DE OTRO  EQUIPO DE TRANSPORTE;FABRICAÇÃO DE OUTROS EQUIPAMENTOS DE TRANSPORTE, EXCETO VEÍCULOS AUTOMOTORES;1.8346;192573217.7244
2008;Estados Unidos;2593;Fabricação de cutelaria, ferramentas manuais e ferragens em geral;104689014;25;2500;Fabricação de produtos de metal, exceto máquinas e equipamentos;2511;25;C;25;FABRICACIÓN DE PRODUCTOS ELABORADOS DE METAL, EXCEPTO MAQUINARIA Y EQUIPO;FABRICAÇÃO DE PRODUTOS DE METAL, EXCETO MÁQUINAS E EQUIPAMENTOS;1.8346;192062465.0844
2008;Estados Unidos;2819;Fabricação de outras máquinas para uso geral;99801276;28;2800;Fabricação de máquinas e equipamentos mecânicos;2811;28;C;28;FABRICACIÓN DE MAQUINARIA Y EQUIPO N.C.P.;FABRICAÇÃO DE MÁQUINAS E EQUIPAMENTOS;1.8346;183095420.9496
2008;Estados Unidos;2392;Fabricação de materiais de construção de argila;93900316;23;2300;Fabricação de produtos de minerais não metálicos;2311;23;C;23;FABRICACIÓN DE OTROS PRODUCTOS MINERALES NO METÁLICOS;FABRICAÇÃO DE PRODUTOS DE MINERAIS NÃO-METÁLICOS;1.8346;172269519.7336
2008;Estados Unidos;1072;Fabricação de açúcar;85288837;107;1092;Fabricação e refino de açúcar;1071;107;C;107;Elaboración de otros productos alimenticios;Fabricação e refino de açúcar;1.8346;156470900.3602
2008;Estados Unidos;2399;Fabricação de outros produtos minerais não metálicos n.c;84755198;23;2300;Fabricação de produtos de minerais não metálicos;2311;23;C;23;FABRICACIÓN DE OTROS PRODUCTOS MINERALES NO METÁLICOS;FABRICAÇÃO DE PRODUTOS DE MINERAIS NÃO-METÁLICOS;1.8346;155491886.2508
2008;Estados Unidos;2651;Fabricação de equipamentos de medição, teste, navegação e controle;82495434;26;2600;Fabricação de equipamentos de informática, produtos eletrônicos e ópticos;2610;26;C;26;FABRICACIÓN DE PRODUCTOS DE INFORMÁTICA, DE ELECTRÓNICA Y DE ÓPTICA;FABRICAÇÃO DE EQUIPAMENTOS DE INFORMÁTICA, PRODUTOS ELETRÔNICOS E ÓPTICOS;1.8346;151346123.2164
2008;Estados Unidos;1020;Processamento e conservação de peixes, crustáceos e moluscos;81764021;102;1091;Abate e produtos de carne, inclusive os produtos do laticínio e da pesca;1020;102;C;102;Elaboración y conservación de pescado, crustáceos y moluscos;Preservação do pescado e fabricação de produtos do pescado;1.8346;150004272.9266
2008;Estados Unidos;1512;Fabricação de malas, bolsas e semelhantes, selaria e arreios;81706348;15;1500;Fabricação de calçados e de artefatos de couro;1510;15;C;15;FABRICACIÓN DE PRODUCTOS DE CUERO Y PRODUCTOS CONEXOS;PREPARAÇÃO DE COUROS E FABRICAÇÃO DE ARTEFATOS DE COURO, ARTIGOS PARA VIAGEM E CALÇADOS;1.8346;149898466.0408
2008;Estados Unidos;2821;Fabricação de maquinaria agrícola e florestal;78175797;28;2800;Fabricação de máquinas e equipamentos mecânicos;2811;28;C;28;FABRICACIÓN DE MAQUINARIA Y EQUIPO N.C.P.;FABRICAÇÃO DE MÁQUINAS E EQUIPAMENTOS;1.8346;143421317.1762
2008;Estados Unidos;3211;Fabricação de joalharia e artigos afins;76911935;32;3180;Fabricação de móveis e de produtos de indústrias diversas;3211;32;C;32;OTRAS INDUSTRIAS MANUFACTURERAS;FABRICAÇÃO DE PRODUTOS DIVERSOS;1.8346;141102635.951
2008;Estados Unidos;2219;Fabricação de outros produtos de borracha;68059796;22;1500;Fabricação de calçados e de artefatos de couro;1510;15;C;22;FABRICACIÓN DE PRODUCTOS DE CAUCHO Y PLÁSTICO;PREPARAÇÃO DE COUROS E FABRICAÇÃO DE ARTEFATOS DE COURO, ARTIGOS PARA VIAGEM E CALÇADOS;1.8346;124862501.7416
2008;Estados Unidos;1394;Fabricação de cordéis, cordas, cordéis e redes;60538116;13;1300;Fabricação de produtos têxteis;1311;13;C;13;FABRICACIÓN DE PRODUCTOS TEXTILES;FABRICAÇÃO DE PRODUTOS TÊXTEIS;1.8346;111063227.6136
2008;Estados Unidos;0810;Extração de pedra, areia e argila;52111520;08;0580;Extração de carvão mineral e de minerais não metálicos;0810;08;B;08;EXPLOTACIÓN DE OTRAS MINAS Y CANTERAS;EXTRAÇÃO DE MINERAIS NÃO-METÁLICOS;1.8346;95603794.59200001
2008;Estados Unidos;2790;Fabricação de outro equipamento elétrico;49337341;27;2700;Fabricação de máquinas e equipamentos elétricos;2710;27;C;27;FABRICACIÓN DE EQUIPO ELÉCTRICO;FABRICAÇÃO DE MÁQUINAS, APARELHOS E MATERIAIS ELÉTRICOS;1.8346;90514285.7986
2008;Estados Unidos;2620;Fabricação de computadores e equipamentos periféricos;48637130;26;2600;Fabricação de equipamentos de informática, produtos eletrônicos e ópticos;2610;26;C;26;FABRICACIÓN DE PRODUCTOS DE INFORMÁTICA, DE ELECTRÓNICA Y DE ÓPTICA;FABRICAÇÃO DE EQUIPAMENTOS DE INFORMÁTICA, PRODUTOS ELETRÔNICOS E ÓPTICOS;1.8346;89229678.698
2008;Estados Unidos;1312;Tecelagem de têxteis;47199096;13;1300;Fabricação de produtos têxteis;1311;13;C;13;FABRICACIÓN DE PRODUCTOS TEXTILES;FABRICAÇÃO DE PRODUTOS TÊXTEIS;1.8346;86591461.5216
2008;Estados Unidos;3250;Fabricação de instrumentos e suprimentos médicos e odontológicos;46292096;32;3180;Fabricação de móveis e de produtos de indústrias diversas;3211;32;C;32;OTRAS INDUSTRIAS MANUFACTURERAS;FABRICAÇÃO DE PRODUTOS DIVERSOS;1.8346;84927479.3216
2008;Estados Unidos;2822;Fabricação de máquinas e máquinas-ferramentas para moldagem de metais;44995033;28;2800;Fabricação de máquinas e equipamentos mecânicos;2811;28;C;28;FABRICACIÓN DE MAQUINARIA Y EQUIPO N.C.P.;FABRICAÇÃO DE MÁQUINAS E EQUIPAMENTOS;1.8346;82547887.5418
2008;Estados Unidos;3290;Outras manufaturas n.c.;43871663;32;3180;Fabricação de móveis e de produtos de indústrias diversas;3211;32;C;32;OTRAS INDUSTRIAS MANUFACTURERAS;FABRICAÇÃO DE PRODUTOS DIVERSOS;1.8346;80486952.9398
2008;Estados Unidos;1399;Fabricação de outros têxteis n.e.c.;43863410;13;1300;Fabricação de produtos têxteis;1311;13;C;13;FABRICACIÓN DE PRODUCTOS TEXTILES;FABRICAÇÃO DE PRODUTOS TÊXTEIS;1.8346;80471811.986
2008;Estados Unidos;0121;Cultivo de uvas;41233303;012;0191;Agricultura, inclusive o apoio à agricultura e a pós-colheita;0111;011;A;012;Cultivo de plantas perennes;Produção de lavouras temporárias;1.8346;75646617.6838
2008;Estados Unidos;1709;Fabricação de outros artigos de papel e cartão;40940620;17;1700;Fabricação de celulose, papel e produtos de papel;1710;17;C;17;FABRICACIÓN DE PAPEL Y DE PRODUCTOS DE PAPEL;FABRICAÇÃO DE CELULOSE, PAPEL E PRODUTOS DE PAPEL;1.8346;75109661.452
2008;Estados Unidos;1629;"Fabricação de outros produtos de madeira; fabricação de artigos de cortiça, de espartaria e cestaria";40678700;16;1500;Fabricação de calçados e de artefatos de couro;1510;15;C;16;"PRODUCCIÓN DE MADERA Y FABRICACIÓN DE PRODUCTOS DE MADERA Y CORCHO, EXCEPTO MUEBLES; FABRICACIÓN DE ARTÍCULOS DE PAJA Y DE MATERIALES TRENZABLES";PREPARAÇÃO DE COUROS E FABRICAÇÃO DE ARTEFATOS DE COURO, ARTIGOS PARA VIAGEM E CALÇADOS;1.8346;74629143.02
2008;Estados Unidos;2732;Fabricação de outros fios e cabos elétricos e eletrônicos;39842183;27;2700;Fabricação de máquinas e equipamentos elétricos;2710;27;C;27;FABRICACIÓN DE EQUIPO ELÉCTRICO;FABRICAÇÃO DE MÁQUINAS, APARELHOS E MATERIAIS ELÉTRICOS;1.8346;73094468.9318
2008;Estados Unidos;2811;Fabricação de motores e turbinas, exceto aeronaves, veículos e motores de ciclo;38977088;28;2800;Fabricação de máquinas e equipamentos mecânicos;2811;28;C;28;FABRICACIÓN DE MAQUINARIA Y EQUIPO N.C.P.;FABRICAÇÃO DE MÁQUINAS E EQUIPAMENTOS;1.8346;71507365.6448
2008;Estados Unidos;0113;Cultivo de hortaliças e melões, raízes e tubérculos;36493738;011;0191;Agricultura, inclusive o apoio à agricultura e a pós-colheita;0111;011;A;011;Cultivo de plantas no perenes;Produção de lavouras temporárias;1.8346;66951411.7348
2008;Estados Unidos;2610;Fabricação de componentes eletrônicos e placas;35007736;26;2600;Fabricação de equipamentos de informática, produtos eletrônicos e ópticos;2610;26;C;26;FABRICACIÓN DE PRODUCTOS DE INFORMÁTICA, DE ELECTRÓNICA Y DE ÓPTICA;FABRICAÇÃO DE EQUIPAMENTOS DE INFORMÁTICA, PRODUTOS ELETRÔNICOS E ÓPTICOS;1.8346;64225192.4656
2008;Estados Unidos;1410;Fabricação de vestuário, exceto vestuários de peles;33952936;14;1400;Confecção de artefatos do vestuário e acessórios;1411;14;C;14;FABRICACIÓN DE PRENDAS DE VESTIR;CONFECÇÃO DE ARTIGOS DO VESTUÁRIO E ACESSÓRIOS;1.8346;62290056.3856
2008;Estados Unidos;0128;Cultivo de especiarias, culturas aromáticas, medicamentosas e farmacêuticas;33626831;012;0191;Agricultura, inclusive o apoio à agricultura e a pós-colheita;0111;011;A;012;Cultivo de plantas perennes;Produção de lavouras temporárias;1.8346;61691784.1526
2008;Estados Unidos;3091;Fabricação de motocicletas;33063943;30;3000;Fabricação de outros equipamentos de transporte, exceto veículos automotores;3011;30;C;30;FABRICACIÓN DE OTRO  EQUIPO DE TRANSPORTE;FABRICAÇÃO DE OUTROS EQUIPAMENTOS DE TRANSPORTE, EXCETO VEÍCULOS AUTOMOTORES;1.8346;60659109.8278
2008;Estados Unidos;0149;Criação de outros animais;31976608;014;0192;Pecuária, inclusive o apoio à pecuária;0151;015;A;014;Ganadería;Pecuária;1.8346;58664285.0368
2008;Estados Unidos;2812;Fabricação de equipamentos para energia hidráulica;30753133;28;2800;Fabricação de máquinas e equipamentos mecânicos;2811;28;C;28;FABRICACIÓN DE MAQUINARIA Y EQUIPO N.C.P.;FABRICAÇÃO DE MÁQUINAS E EQUIPAMENTOS;1.8346;56419697.8018
2008;Estados Unidos;1040;Fabricação de óleos e gorduras vegetais e animais;29110569;104;1093;Outros produtos alimentares;1041;104;C;104;Elaboración de aceites y grasas de origen vegetal y animal;Fabricação de óleos e gorduras vegetais e animais;1.8346;53406249.8874
2008;Estados Unidos;1080;Fabricação de alimentos para animais;26844515;108;1093;Outros produtos alimentares;1061;106;C;108;Elaboración de piensos preparados para animales;Moagem, fabricação de produtos amiláceos e de alimentos para animais;1.8346;49248947.219
2008;Estados Unidos;2310;Fabricação de produtos de vidro e vidro;26355275;23;2300;Fabricação de produtos de minerais não metálicos;2311;23;C;23;FABRICACIÓN DE OTROS PRODUCTOS MINERALES NO METÁLICOS;FABRICAÇÃO DE PRODUTOS DE MINERAIS NÃO-METÁLICOS;1.8346;48351387.515
2008;Estados Unidos;2829;Fabricação de outras máquinas para fins especiais;25758367;28;2800;Fabricação de máquinas e equipamentos mecânicos;2811;28;C;28;FABRICACIÓN DE MAQUINARIA Y EQUIPO N.C.P.;FABRICAÇÃO DE MÁQUINAS E EQUIPAMENTOS;1.8346;47256300.0982
2008;Estados Unidos;3099;Fabricação de outros equipamentos de transporte n.c;21043071;30;3000;Fabricação de outros equipamentos de transporte, exceto veículos automotores;3011;30;C;30;FABRICACIÓN DE OTRO  EQUIPO DE TRANSPORTE;FABRICAÇÃO DE OUTROS EQUIPAMENTOS DE TRANSPORTE, EXCETO VEÍCULOS AUTOMOTORES;1.8346;38605618.0566
2008;Estados Unidos;2823;Fabricação de máquinas para metalurgia;20602301;28;2800;Fabricação de máquinas e equipamentos mecânicos;2811;28;C;28;FABRICACIÓN DE MAQUINARIA Y EQUIPO N.C.P.;FABRICAÇÃO DE MÁQUINAS E EQUIPAMENTOS;1.8346;37796981.4146
2008;Estados Unidos;2511;Fabricação de produtos metálicos estruturais;18421248;25;2500;Fabricação de produtos de metal, exceto máquinas e equipamentos;2511;25;C;25;FABRICACIÓN DE PRODUCTOS ELABORADOS DE METAL, EXCEPTO MAQUINARIA Y EQUIPO;FABRICAÇÃO DE PRODUTOS DE METAL, EXCETO MÁQUINAS E EQUIPAMENTOS;1.8346;33795621.5808
2008;Estados Unidos;2021;Fabricação de pesticidas e outros produtos agroquímicos;18382100;202;2092;Fabricação de defensivos, desinfestantes, tintas e químicos diversos;2051;205;C;202;Fabricación de otros productos químicos;Fabricação de defensivos agrícolas e desinfestantes domissanitários;1.8346;33723800.660000004
2008;Estados Unidos;2920;"Fabricação de carroçarias para veículos automotores; fabricação de reboques e semi-reboques";16253884;292;2991;Fabricação de automóveis, caminhões e ônibus, exceto peças;2930;293;C;292;"Fabricación de carrocerías para vehículos automotores; fabricación de remolques y semirremolques";Fabricação de cabines, carrocerias e reboques para veículos automotores;1.8346;29819375.5864
2008;Estados Unidos;2393;Fabricação de outros produtos de porcelana e cerâmica;15624045;23;2300;Fabricação de produtos de minerais não metálicos;2311;23;C;23;FABRICACIÓN DE OTROS PRODUCTOS MINERALES NO METÁLICOS;FABRICAÇÃO DE PRODUTOS DE MINERAIS NÃO-METÁLICOS;1.8346;28663872.957
2008;Estados Unidos;2431;Fundição de ferro e aço;14407138;243;2492;Metalurgia de metais não ferosos e a fundição de metais;2451;245;C;243;Fundición de metales;Fundição;1.8346;26431335.3748
2008;Estados Unidos;2512;Fabricação de tanques, reservatórios e recipientes de metal;14338266;25;2500;Fabricação de produtos de metal, exceto máquinas e equipamentos;2511;25;C;25;FABRICACIÓN DE PRODUCTOS ELABORADOS DE METAL, EXCEPTO MAQUINARIA Y EQUIPO;FABRICAÇÃO DE PRODUTOS DE METAL, EXCETO MÁQUINAS E EQUIPAMENTOS;1.8346;26304982.8036
2008;Estados Unidos;2640;Fabricação de produtos eletrônicos de consumo;14314955;26;2600;Fabricação de equipamentos de informática, produtos eletrônicos e ópticos;2610;26;C;26;FABRICACIÓN DE PRODUCTOS DE INFORMÁTICA, DE ELECTRÓNICA Y DE ÓPTICA;FABRICAÇÃO DE EQUIPAMENTOS DE INFORMÁTICA, PRODUTOS ELETRÔNICOS E ÓPTICOS;1.8346;26262216.443
2008;Estados Unidos;0311;Pesca marinha;14255103;03;0280;"Produção florestal; pesca e aquicultura";0311;03;A;03;PESCA Y ACUICULTURA;PESCA E AQÜICULTURA;1.8346;26152411.963800002
2008;Estados Unidos;2750;Fabricação de eletrodomésticos;12949103;27;2700;Fabricação de máquinas e equipamentos elétricos;2710;27;C;27;FABRICACIÓN DE EQUIPO ELÉCTRICO;FABRICAÇÃO DE MÁQUINAS, APARELHOS E MATERIAIS ELÉTRICOS;1.8346;23756424.3638
2008;Estados Unidos;0899;Outras atividades de mineração n.c;12077470;08;0580;Extração de carvão mineral e de minerais não metálicos;0810;08;B;08;EXPLOTACIÓN DE OTRAS MINAS Y CANTERAS;EXTRAÇÃO DE MINERAIS NÃO-METÁLICOS;1.8346;22157326.462
2008;Estados Unidos;2012;Fabricação de fertilizantes e compostos nitrogenados;11405231;201;1992;Fabricação de biocombustíveis;1931;193;C;201;Fabricación de sustancias químicas básicas, de abonos y compuestos de nitrógeno y de plásticos y caucho sintético en formas primarias;Fabricação de biocombustíveis;1.8346;20924036.7926
2008;Estados Unidos;0111;Cultivo de cereais (exceto arroz), leguminosas e oleaginosas;10629350;011;0191;Agricultura, inclusive o apoio à agricultura e a pós-colheita;0111;011;A;011;Cultivo de plantas no perenes;Produção de lavouras temporárias;1.8346;19500605.51
2008;Estados Unidos;2023;Fabricação de sabão e detergentes, produtos de limpeza e polimento, perfumes e produtos de toilette;10472721;202;2092;Fabricação de defensivos, desinfestantes, tintas e químicos diversos;2051;205;C;202;Fabricación de otros productos químicos;Fabricação de defensivos agrícolas e desinfestantes domissanitários;1.8346;19213253.9466
2008;Estados Unidos;2391;Fabricação de produtos refratários;10297090;23;2300;Fabricação de produtos de minerais não metálicos;2311;23;C;23;FABRICACIÓN DE OTROS PRODUCTOS MINERALES NO METÁLICOS;FABRICAÇÃO DE PRODUTOS DE MINERAIS NÃO-METÁLICOS;1.8346;18891041.314
2008;Estados Unidos;2817;Fabricação de máquinas e equipamentos de escritório (exceto computadores e equipamentos periféricos);9852916;28;2800;Fabricação de máquinas e equipamentos mecânicos;2811;28;C;28;FABRICACIÓN DE MAQUINARIA Y EQUIPO N.C.P.;FABRICAÇÃO DE MÁQUINAS E EQUIPAMENTOS;1.8346;18076159.6936
2008;Estados Unidos;2825;Fabricação de máquinas para processamento de alimentos, bebidas e tabaco;9510190;28;2800;Fabricação de máquinas e equipamentos mecânicos;2811;28;C;28;FABRICACIÓN DE MAQUINARIA Y EQUIPO N.C.P.;FABRICAÇÃO DE MÁQUINAS E EQUIPAMENTOS;1.8346;17447394.574
2008;Estados Unidos;1311;Preparação e fiação de fibras têxteis;8935363;13;1300;Fabricação de produtos têxteis;1311;13;C;13;FABRICACIÓN DE PRODUCTOS TEXTILES;FABRICAÇÃO DE PRODUTOS TÊXTEIS;1.8346;16392816.9598
2008;Estados Unidos;1071;Fabricação de produtos de panificação;8891108;107;1092;Fabricação e refino de açúcar;1071;107;C;107;Elaboración de otros productos alimenticios;Fabricação e refino de açúcar;1.8346;16311626.7368
2008;Estados Unidos;1062;Fabricação de amidos e féculas;7668253;106;1093;Outros produtos alimentares;1061;106;C;106;Elaboración de productos de molinería, almidones y productos derivados del almidón;Moagem, fabricação de produtos amiláceos e de alimentos para animais;1.8346;14068176.9538
2008;Estados Unidos;2660;Fabricação de equipamentos de irradiação, eletromédicos e eletroterapêuticos;7667629;26;2600;Fabricação de equipamentos de informática, produtos eletrônicos e ópticos;2610;26;C;26;FABRICACIÓN DE PRODUCTOS DE INFORMÁTICA, DE ELECTRÓNICA Y DE ÓPTICA;FABRICAÇÃO DE EQUIPAMENTOS DE INFORMÁTICA, PRODUTOS ELETRÔNICOS E ÓPTICOS;1.8346;14067032.1634
2008;Estados Unidos;2826;Fabricação de máquinas para produção de têxteis, vestuário e couro;7326511;28;2800;Fabricação de máquinas e equipamentos mecânicos;2811;28;C;28;FABRICACIÓN DE MAQUINARIA Y EQUIPO N.C.P.;FABRICAÇÃO DE MÁQUINAS E EQUIPAMENTOS;1.8346;13441217.0806
2008;Estados Unidos;1391;Fabricação de tecidos de malha;7210811;13;1300;Fabricação de produtos têxteis;1311;13;C;13;FABRICACIÓN DE PRODUCTOS TEXTILES;FABRICAÇÃO DE PRODUTOS TÊXTEIS;1.8346;13228953.8606
2008;Estados Unidos;2030;Fabricação de fibras sintéticas ou artificiais;6981376;203;2091;Fabricação de químicos orgânicos e inorgânicos, resinas e elastômeros;2040;204;C;203;Fabricación de fibras artificiales;Fabricação de fibras artificiais e sintéticas;1.8346;12808032.4096
2008;Estados Unidos;3212;Fabricação de bijuterias e artigos relacionados;6532405;32;3180;Fabricação de móveis e de produtos de indústrias diversas;3211;32;C;32;OTRAS INDUSTRIAS MANUFACTURERAS;FABRICAÇÃO DE PRODUTOS DIVERSOS;1.8346;11984350.213
2008;Estados Unidos;2816;Fabricação de equipamentos de elevação e manuseio;6240284;28;2800;Fabricação de máquinas e equipamentos mecânicos;2811;28;C;28;FABRICACIÓN DE MAQUINARIA Y EQUIPO N.C.P.;FABRICAÇÃO DE MÁQUINAS E EQUIPAMENTOS;1.8346;11448425.0264
2008;Estados Unidos;2022;Fabricação de tintas, vernizes e produtos similares, tintas de impressão e mástiques;5884307;202;2092;Fabricação de defensivos, desinfestantes, tintas e químicos diversos;2051;205;C;202;Fabricación de otros productos químicos;Fabricação de defensivos agrícolas e desinfestantes domissanitários;1.8346;10795349.6222
2008;Estados Unidos;2815;Fabricação de fornos, fornos e queimadores de fornos;5502039;28;2800;Fabricação de máquinas e equipamentos mecânicos;2811;28;C;28;FABRICACIÓN DE MAQUINARIA Y EQUIPO N.C.P.;FABRICAÇÃO DE MÁQUINAS E EQUIPAMENTOS;1.8346;10094040.7494
2008;Estados Unidos;0130;Cultivo de plantas;5389375;013;0191;Agricultura, inclusive o apoio à agricultura e a pós-colheita;0141;014;A;013;Propagación de plantas;Produção de sementes e mudas certificadas;1.8346;9887347.375
2008;Estados Unidos;2670;Fabricação de instrumentos ópticos e equipamento fotográfico;5258897;26;2600;Fabricação de equipamentos de informática, produtos eletrônicos e ópticos;2610;26;C;26;FABRICACIÓN DE PRODUCTOS DE INFORMÁTICA, DE ELECTRÓNICA Y DE ÓPTICA;FABRICAÇÃO DE EQUIPAMENTOS DE INFORMÁTICA, PRODUTOS ELETRÔNICOS E ÓPTICOS;1.8346;9647972.4362
2008;Estados Unidos;3240;Fabricação de jogos e brinquedos;5204623;32;3180;Fabricação de móveis e de produtos de indústrias diversas;3211;32;C;32;OTRAS INDUSTRIAS MANUFACTURERAS;FABRICAÇÃO DE PRODUTOS DIVERSOS;1.8346;9548401.355800001
2008;Estados Unidos;0115;Cultivo de tabaco;5196673;011;0191;Agricultura, inclusive o apoio à agricultura e a pós-colheita;0111;011;A;011;Cultivo de plantas no perenes;Produção de lavouras temporárias;1.8346;9533816.2858
2008;Estados Unidos;1702;Fabricação de papel e cartão canelados e de embalagens de papel e cartão;5082260;17;1700;Fabricação de celulose, papel e produtos de papel;1710;17;C;17;FABRICACIÓN DE PAPEL Y DE PRODUCTOS DE PAPEL;FABRICAÇÃO DE CELULOSE, PAPEL E PRODUTOS DE PAPEL;1.8346;9323914.196
2008;Estados Unidos;5819;Outras atividades de publicação;4861491;58;5800;Edição e edição integrada à impressão;5811;58;J;58;ACTIVIDADES DE EDICIÓN;EDIÇÃO E EDIÇÃO INTEGRADA À IMPRESSÃO;1.8346;8918891.3886
2008;Estados Unidos;5811;Publicação de livros;4771543;58;5800;Edição e edição integrada à impressão;5811;58;J;58;ACTIVIDADES DE EDICIÓN;EDIÇÃO E EDIÇÃO INTEGRADA À IMPRESSÃO;1.8346;8753872.7878
2008;Estados Unidos;3012;Construção de barcos de recreio e desportivos;4708242;30;3000;Fabricação de outros equipamentos de transporte, exceto veículos automotores;3011;30;C;30;FABRICACIÓN DE OTRO  EQUIPO DE TRANSPORTE;FABRICAÇÃO DE OUTROS EQUIPAMENTOS DE TRANSPORTE, EXCETO VEÍCULOS AUTOMOTORES;1.8346;8637740.7732
2008;Estados Unidos;2395;Fabricação de artigos de concreto, cimento e gesso;4681098;23;2300;Fabricação de produtos de minerais não metálicos;2311;23;C;23;FABRICACIÓN DE OTROS PRODUCTOS MINERALES NO METÁLICOS;FABRICAÇÃO DE PRODUTOS DE MINERAIS NÃO-METÁLICOS;1.8346;8587942.3908
2008;Estados Unidos;9000;Atividades criativas, artes e entretenimento;4422364;90;9080;Atividades artísticas, criativas e de espetáculos;9001;90;R;90;ACTIVIDADES CREATIVAS, ARTÍSTICAS Y DE ENTRETENIMIENTO;ATIVIDADES ARTÍSTICAS, CRIATIVAS E DE ESPETÁCULOS;1.8346;8113268.9944
2008;Estados Unidos;2680;Fabricação de mídia magnética e óptica;4347100;26;2600;Fabricação de equipamentos de informática, produtos eletrônicos e ópticos;2610;26;C;26;FABRICACIÓN DE PRODUCTOS DE INFORMÁTICA, DE ELECTRÓNICA Y DE ÓPTICA;FABRICAÇÃO DE EQUIPAMENTOS DE INFORMÁTICA, PRODUTOS ELETRÔNICOS E ÓPTICOS;1.8346;7975189.66
2008;Estados Unidos;2720;Fabricação de baterias e acumuladores;3984370;27;2700;Fabricação de máquinas e equipamentos elétricos;2710;27;C;27;FABRICACIÓN DE EQUIPO ELÉCTRICO;FABRICAÇÃO DE MÁQUINAS, APARELHOS E MATERIAIS ELÉTRICOS;1.8346;7309725.202
2008;Estados Unidos;2740;Fabricação de equipamentos de iluminação elétrica;3815665;27;2700;Fabricação de máquinas e equipamentos elétricos;2710;27;C;27;FABRICACIÓN DE EQUIPO ELÉCTRICO;FABRICAÇÃO DE MÁQUINAS, APARELHOS E MATERIAIS ELÉTRICOS;1.8346;7000219.009
2008;Estados Unidos;1050;Fabricação de produtos lácteos;3699576;105;1091;Abate e produtos de carne, inclusive os produtos do laticínio e da pesca;1051;105;C;105;Elaboración de productos lácteos;Laticínios;1.8346;6787242.1296
2008;Estados Unidos;1061;Fabricação de produtos de moagem de grãos;3547773;106;1093;Outros produtos alimentares;1061;106;C;106;Elaboración de productos de molinería, almidones y productos derivados del almidón;Moagem, fabricação de produtos amiláceos e de alimentos para animais;1.8346;6508744.3458
2008;Estados Unidos;1430;Fabricação de vestuário de malha;3313587;14;1400;Confecção de artefatos do vestuário e acessórios;1411;14;C;14;FABRICACIÓN DE PRENDAS DE VESTIR;CONFECÇÃO DE ARTIGOS DO VESTUÁRIO E ACESSÓRIOS;1.8346;6079106.7102
2008;Estados Unidos;1101;Fabricação de aguardentes e outras bebidas destiladas;3271786;11;1100;Fabricação de bebidas;1111;11;C;11;ELABORACIÓN DE BEBIDAS;FABRICAÇÃO DE BEBIDAS;1.8346;6002418.5956
2008;Estados Unidos;1104;"Fabricação de refrigerantes; produção de águas minerais e outras águas engarrafadas";3157574;11;1100;Fabricação de bebidas;1111;11;C;11;ELABORACIÓN DE BEBIDAS;FABRICAÇÃO DE BEBIDAS;1.8346;5792885.2604
2008;Estados Unidos;1393;Fabricação de tapetes e tapetes;2816927;13;1300;Fabricação de produtos têxteis;1311;13;C;13;FABRICACIÓN DE PRODUCTOS TEXTILES;FABRICAÇÃO DE PRODUTOS TÊXTEIS;1.8346;5167934.2742
2008;Estados Unidos;3220;Fabricação de instrumentos musicais;2496088;32;3180;Fabricação de móveis e de produtos de indústrias diversas;3211;32;C;32;OTRAS INDUSTRIAS MANUFACTURERAS;FABRICAÇÃO DE PRODUTOS DIVERSOS;1.8346;4579323.0448
2008;Estados Unidos;0142;Criação de cavalos e outros equinos;2198561;014;0192;Pecuária, inclusive o apoio à pecuária;0151;015;A;014;Ganadería;Pecuária;1.8346;4033480.0106
2008;Estados Unidos;0116;Cultivo de culturas de fibra;2157266;011;0191;Agricultura, inclusive o apoio à agricultura e a pós-colheita;0111;011;A;011;Cultivo de plantas no perenes;Produção de lavouras temporárias;1.8346;3957720.2036
2008;Estados Unidos;2818;Fabricação de ferramentas manuais acionadas por motor;1980470;28;2800;Fabricação de máquinas e equipamentos mecânicos;2811;28;C;28;FABRICACIÓN DE MAQUINARIA Y EQUIPO N.C.P.;FABRICAÇÃO DE MÁQUINAS E EQUIPAMENTOS;1.8346;3633370.262
2008;Estados Unidos;2394;Fabricação de cimento, cal e gesso;1764191;23;2300;Fabricação de produtos de minerais não metálicos;2311;23;C;23;FABRICACIÓN DE OTROS PRODUCTOS MINERALES NO METÁLICOS;FABRICAÇÃO DE PRODUTOS DE MINERAIS NÃO-METÁLICOS;1.8346;3236584.8086
2008;Estados Unidos;0230;Coleta de produtos florestais não madeireiros;1747530;02;0280;"Produção florestal; pesca e aquicultura";0210;02;A;02;SILVICULTURA Y EXTRACCIÓN DE MADERA;PRODUÇÃO FLORESTAL;1.8346;3206018.538
2008;Estados Unidos;1623;Fabricação de embalagens de madeira;1449571;16;1500;Fabricação de calçados e de artefatos de couro;1510;15;C;16;"PRODUCCIÓN DE MADERA Y FABRICACIÓN DE PRODUCTOS DE MADERA Y CORCHO, EXCEPTO MUEBLES; FABRICACIÓN DE ARTÍCULOS DE PAJA Y DE MATERIALES TRENZABLES";PREPARAÇÃO DE COUROS E FABRICAÇÃO DE ARTEFATOS DE COURO, ARTIGOS PARA VIAGEM E CALÇADOS;1.8346;2659382.9566
2008;Estados Unidos;1102;Fabricação de vinhos;1148001;11;1100;Fabricação de bebidas;1111;11;C;11;ELABORACIÓN DE BEBIDAS;FABRICAÇÃO DE BEBIDAS;1.8346;2106122.6346
2008;Estados Unidos;1420;Fabricação de artigos de peles;1043866;14;1400;Confecção de artefatos do vestuário e acessórios;1411;14;C;14;FABRICACIÓN DE PRENDAS DE VESTIR;CONFECÇÃO DE ARTIGOS DO VESTUÁRIO E ACESSÓRIOS;1.8346;1915076.5636
2008;Estados Unidos;2731;Fabricação de cabos de fibra ótica;1041518;27;2700;Fabricação de máquinas e equipamentos elétricos;2710;27;C;27;FABRICACIÓN DE EQUIPO ELÉCTRICO;FABRICAÇÃO DE MÁQUINAS, APARELHOS E MATERIAIS ELÉTRICOS;1.8346;1910768.9228
2008;Estados Unidos;1103;Fabricação de malte e bebidas maltadas.;995682;11;1100;Fabricação de bebidas;1111;11;C;11;ELABORACIÓN DE BEBIDAS;FABRICAÇÃO DE BEBIDAS;1.8346;1826678.1972
2008;Estados Unidos;1074;Fabricação de macarrão, talharim, cuscuz e produtos farináceos semelhantes;889533;107;1092;Fabricação e refino de açúcar;1071;107;C;107;Elaboración de otros productos alimenticios;Fabricação e refino de açúcar;1.8346;1631937.2418
2008;Estados Unidos;3230;Fabricação de artigos esportivos;815840;32;3180;Fabricação de móveis e de produtos de indústrias diversas;3211;32;C;32;OTRAS INDUSTRIAS MANUFACTURERAS;FABRICAÇÃO DE PRODUTOS DIVERSOS;1.8346;1496740.064
2008;Estados Unidos;0119;Cultivo de outras culturas não perenes;769441;011;0191;Agricultura, inclusive o apoio à agricultura e a pós-colheita;0111;011;A;011;Cultivo de plantas no perenes;Produção de lavouras temporárias;1.8346;1411616.4586
2008;Estados Unidos;2652;Fabricação de cronomêtros e relógios;464997;26;2600;Fabricação de equipamentos de informática, produtos eletrônicos e ópticos;2610;26;C;26;FABRICACIÓN DE PRODUCTOS DE INFORMÁTICA, DE ELECTRÓNICA Y DE ÓPTICA;FABRICAÇÃO DE EQUIPAMENTOS DE INFORMÁTICA, PRODUTOS ELETRÔNICOS E ÓPTICOS;1.8346;853083.4962
2008;Estados Unidos;1812;Atividades de serviço relacionadas à impressão;425199;18;1800;Impressão e reprodução de gravações;1811;18;C;18;IMPRESIÓN Y REPRODUCCIÓN DE GRABACIONES;IMPRESSÃO E REPRODUÇÃO DE GRAVAÇÕES;1.8346;780070.0854
2008;Estados Unidos;0893;Extração de sal;404642;08;0580;Extração de carvão mineral e de minerais não metálicos;0810;08;B;08;EXPLOTACIÓN DE OTRAS MINAS Y CANTERAS;EXTRAÇÃO DE MINERAIS NÃO-METÁLICOS;1.8346;742356.2132
2008;Estados Unidos;0220;Exploração madeireira;387375;02;0280;"Produção florestal; pesca e aquicultura";0210;02;A;02;SILVICULTURA Y EXTRACCIÓN DE MADERA;PRODUÇÃO FLORESTAL;1.8346;710678.175
2008;Estados Unidos;2513;Fabricação de geradores de vapor, exceto caldeiras de aquecimento central de água quente;315100;25;2500;Fabricação de produtos de metal, exceto máquinas e equipamentos;2511;25;C;25;FABRICACIÓN DE PRODUCTOS ELABORADOS DE METAL, EXCEPTO MAQUINARIA Y EQUIPO;FABRICAÇÃO DE PRODUTOS DE METAL, EXCETO MÁQUINAS E EQUIPAMENTOS;1.8346;578082.46
2008;Estados Unidos;5813;Publicação de jornais, revistas e periódicos;312561;58;5800;Edição e edição integrada à impressão;5811;58;J;58;ACTIVIDADES DE EDICIÓN;EDIÇÃO E EDIÇÃO INTEGRADA À IMPRESSÃO;1.8346;573424.4106
2008;Estados Unidos;0124;Cultivo de frutas pome e frutas de caroço;288034;012;0191;Agricultura, inclusive o apoio à agricultura e a pós-colheita;0111;011;A;012;Cultivo de plantas perennes;Produção de lavouras temporárias;1.8346;528427.1764
2008;Estados Unidos;3092;Fabricação de bicicletas e carruagens inválidas;153388;30;3000;Fabricação de outros equipamentos de transporte, exceto veículos automotores;3011;30;C;30;FABRICACIÓN DE OTRO  EQUIPO DE TRANSPORTE;FABRICAÇÃO DE OUTROS EQUIPAMENTOS DE TRANSPORTE, EXCETO VEÍCULOS AUTOMOTORES;1.8346;281405.6248
2008;Estados Unidos;0123;Cultivo de frutas cítricas;141626;012;0191;Agricultura, inclusive o apoio à agricultura e a pós-colheita;0111;011;A;012;Cultivo de plantas perennes;Produção de lavouras temporárias;1.8346;259827.0596
2008;Estados Unidos;0126;Cultivo de frutas oleaginosas;88233;012;0191;Agricultura, inclusive o apoio à agricultura e a pós-colheita;0111;011;A;012;Cultivo de plantas perennes;Produção de lavouras temporárias;1.8346;161872.2618
2008;Estados Unidos;5310;Atividades postais;61729;53;5280;Armazenamento, atividades auxiliares dos transportes e correio;5211;53;H;53;ALMACENAMIENTO Y ACTIVIDADES DE APOYO AL TRANSPORTE;ARMAZENAMENTO E ATIVIDADES AUXILIARES DOS TRANSPORTES;1.8346;113248.0234
2008;Estados Unidos;0129;Cultivo de outras culturas perenes;56852;012;0191;Agricultura, inclusive o apoio à agricultura e a pós-colheita;0111;011;A;012;Cultivo de plantas perennes;Produção de lavouras temporárias;1.8346;104300.6792
2008;Estados Unidos;0321;Aquicultura marinha;30753;03;0280;"Produção florestal; pesca e aquicultura";0311;03;A;03;PESCA Y ACUICULTURA;PESCA E AQÜICULTURA;1.8346;56419.4538
2008;Estados Unidos;9102;Atividades de museus e operação de locais históricos e edifícios;19115;91;9080;Atividades artísticas, criativas e de espetáculos;9101;91;R;91;ACTIVIDADES DE BIBLIOTECAS, ARCHIVOS Y MUSEOS Y OTRAS ACTIVIDADES CULTURALES;ATIVIDADES LIGADAS AO PATRIMÔNIO CULTURAL E AMBIENTAL;1.8346;35068.379
2008;Estados Unidos;3011;Construção de navios e estruturas flutuantes;17475;30;3000;Fabricação de outros equipamentos de transporte, exceto veículos automotores;3011;30;C;30;FABRICACIÓN DE OTRO  EQUIPO DE TRANSPORTE;FABRICAÇÃO DE OUTROS EQUIPAMENTOS DE TRANSPORTE, EXCETO VEÍCULOS AUTOMOTORES;1.8346;32059.635
2008;Estados Unidos;0146;Criação de aves de capoeira;14500;014;0192;Pecuária, inclusive o apoio à pecuária;0151;015;A;014;Ganadería;Pecuária;1.8346;26601.7
2008;Estados Unidos;5911;Atividades de produção de filmes, vídeos e programas de televisão;9477;59;5980;Atividades de televisão, rádio, cinema e gravação/edição de som e imagem;5911;59;J;59;ACTIVIDADES DE PRODUCCIÓN DE PELÍCULAS CINEMATOGRÁFICAS, VÍDEOS Y PROGRAMAS DE TELEVISIÓN, GRABACIÓN SONORA Y EDICIÓN DE MÚSICA;"ATIVIDADES CINEMATOGRÁFICAS, PRODUÇÃO DE VÍDEOS E DE PROGRAMAS DE TELEVISÃO; GRAVAÇÃO DE SOM E EDIÇÃO DE MÚSICA";1.8346;17386.5042
2008;Estados Unidos;0122;Cultivo de frutas tropicais e subtropicais;6162;012;0191;Agricultura, inclusive o apoio à agricultura e a pós-colheita;0111;011;A;012;Cultivo de plantas perennes;Produção de lavouras temporárias;1.8346;11304.8052
2008;Estados Unidos;0891;Extração de minerais químicos e fertilizantes;132;08;0580;Extração de carvão mineral e de minerais não metálicos;0810;08;B;08;EXPLOTACIÓN DE OTRAS MINAS Y CANTERAS;EXTRAÇÃO DE MINERAIS NÃO-METÁLICOS;1.8346;242.1672
2008;Estados Unidos;7420;Atividades fotográficas;1;74;7380;Outras atividades profissionais, científicas e técnicas;7410;74;M;74;OTRAS ACTIVIDADES PROFESIONALES, CIENTÍFICAS Y TÉCNICAS;OUTRAS ATIVIDADES PROFISSIONAIS, CIENTÍFICAS E TÉCNICAS;1.8346;1.8346
2007;Estados Unidos;0610;Extração de petróleo bruto;3138674417;06;0680;Extração de petróleo e gás, inclusive as atividades de apoio;0600;06;B;06;EXTRACCIÓN DE PETRÓLEO CRUDO Y GAS NATURAL;EXTRAÇÃO DE PETRÓLEO E GÁS NATURAL;1.9479;6113823896.8743
2007;Estados Unidos;2410;Fabricação de ferro e aço básicos;2680834007;241;2491;Produção de ferro-gusa/ferroligas, siderurgia e tubos de aço sem costura;2411;241;C;241;Fabricación básica de hierro y acero;Produção de ferro-gusa e de ferroligas;1.9479;5221996562.2353
2007;Estados Unidos;3030;Fabricação de aviões e máquinas relacionadas;1986910207;30;3000;Fabricação de outros equipamentos de transporte, exceto veículos automotores;3011;30;C;30;FABRICACIÓN DE OTRO  EQUIPO DE TRANSPORTE;FABRICAÇÃO DE OUTROS EQUIPAMENTOS DE TRANSPORTE, EXCETO VEÍCULOS AUTOMOTORES;1.9479;3870302392.2153
2007;Estados Unidos;2420;Fabricação de metais preciosos e outros metais não ferrosos;1451312159;242;2492;Metalurgia de metais não ferosos e a fundição de metais;2441;244;C;242;Fabricación de productos primarios de metales preciosos y otros metales no ferrosos;Metalurgia dos metais não-ferrosos;1.9479;2827010954.5161
2007;Estados Unidos;2930;Fabricação de peças e acessórios para veículos automotores;1248711334;293;2992;Fabricação de peças e acessórios para veículos automotores;2941;294;C;293;Fabricación de partes, piezas y accesorios para vehículos automotores;Fabricação de peças e acessórios para veículos automotores;1.9479;2432364807.4986
2007;Estados Unidos;2011;Fabricação de produtos químicos básicos;1145623483;201;1992;Fabricação de biocombustíveis;1931;193;C;201;Fabricación de sustancias químicas básicas, de abonos y compuestos de nitrógeno y de plásticos y caucho sintético en formas primarias;Fabricação de biocombustíveis;1.9479;2231559982.5357
2007;Estados Unidos;1701;Fabricação de polpa, papel e cartão;748451003;17;1700;Fabricação de celulose, papel e produtos de papel;1710;17;C;17;FABRICACIÓN DE PAPEL Y DE PRODUCTOS DE PAPEL;FABRICAÇÃO DE CELULOSE, PAPEL E PRODUTOS DE PAPEL;1.9479;1457907708.7437
2007;Estados Unidos;2710;Fabricação de motores elétricos, geradores, transformadores e aparelhos de distribuição e controle de energia elétrica;738968677;27;2700;Fabricação de máquinas e equipamentos elétricos;2710;27;C;27;FABRICACIÓN DE EQUIPO ELÉCTRICO;FABRICAÇÃO DE MÁQUINAS, APARELHOS E MATERIAIS ELÉTRICOS;1.9479;1439437085.9283
2007;Estados Unidos;1520;Fabricação de calçado;719680864;15;1500;Fabricação de calçados e de artefatos de couro;1510;15;C;15;FABRICACIÓN DE PRODUCTOS DE CUERO Y PRODUCTOS CONEXOS;PREPARAÇÃO DE COUROS E FABRICAÇÃO DE ARTEFATOS DE COURO, ARTIGOS PARA VIAGEM E CALÇADOS;1.9479;1401866354.9856
2007;Estados Unidos;2824;Fabricação de máquinas para mineração, exploração de pedreiras e construção;642288184;28;2800;Fabricação de máquinas e equipamentos mecânicos;2811;28;C;28;FABRICACIÓN DE MAQUINARIA Y EQUIPO N.C.P.;FABRICAÇÃO DE MÁQUINAS E EQUIPAMENTOS;1.9479;1251113153.6136
2007;Estados Unidos;2396;Corte, moldagem e acabamento de pedra;632501628;23;2300;Fabricação de produtos de minerais não metálicos;2311;23;C;23;FABRICACIÓN DE OTROS PRODUCTOS MINERALES NO METÁLICOS;FABRICAÇÃO DE PRODUTOS DE MINERAIS NÃO-METÁLICOS;1.9479;1232049921.1812
2007;Estados Unidos;0127;Cultivo de bebidas da safra;590458894;012;0191;Agricultura, inclusive o apoio à agricultura e a pós-colheita;0111;011;A;012;Cultivo de plantas perennes;Produção de lavouras temporárias;1.9479;1150154879.6226
2007;Estados Unidos;1610;Serração e aplainamento de madeira;566273238;16;1500;Fabricação de calçados e de artefatos de couro;1510;15;C;16;"PRODUCCIÓN DE MADERA Y FABRICACIÓN DE PRODUCTOS DE MADERA Y CORCHO, EXCEPTO MUEBLES; FABRICACIÓN DE ARTÍCULOS DE PAJA Y DE MATERIALES TRENZABLES";PREPARAÇÃO DE COUROS E FABRICAÇÃO DE ARTEFATOS DE COURO, ARTIGOS PARA VIAGEM E CALÇADOS;1.9479;1103043640.3002
2007;Estados Unidos;1030;Processamento e conservação de frutas e legumes;510248119;103;1093;Outros produtos alimentares;1031;103;C;103;Elaboración y conservación de frutas, legumbres y hortalizas;Fabricação de conservas de frutas, legumes e outros vegetais;1.9479;993912311.0001
2007;Estados Unidos;1920;Fabricação de produtos petrolíferos refinados;501549641;192;1991;Refino de petróleo e coquerias;1921;192;C;192;Fabricación de productos de la refinación del petróleo;Fabricação de produtos derivados do petróleo;1.9479;976968545.7039
2007;Estados Unidos;2813;Fabricação de outras bombas, compressores, torneiras e válvulas;478183226;28;2800;Fabricação de máquinas e equipamentos mecânicos;2811;28;C;28;FABRICACIÓN DE MAQUINARIA Y EQUIPO N.C.P.;FABRICAÇÃO DE MÁQUINAS E EQUIPAMENTOS;1.9479;931453105.9254
2007;Estados Unidos;1010;Processamento e conservação de carne;342212609;101;1091;Abate e produtos de carne, inclusive os produtos do laticínio e da pesca;1011;101;C;101;Elaboración y conservación de carne;Abate e fabricação de produtos de carne;1.9479;666595941.0711
2007;Estados Unidos;2211;"Fabricação de pneus e tubos; recauchutagem e reconstrução de pneus de borracha";333206482;22;1500;Fabricação de calçados e de artefatos de couro;1510;15;C;22;FABRICACIÓN DE PRODUCTOS DE CAUCHO Y PLÁSTICO;PREPARAÇÃO DE COUROS E FABRICAÇÃO DE ARTEFATOS DE COURO, ARTIGOS PARA VIAGEM E CALÇADOS;1.9479;649052906.2878
2007;Estados Unidos;1200;Fabricação de produtos de tabaco;277624196;12;1200;Fabricação de produtos do fumo;1210;12;C;12;ELABORACIÓN DE PRODUCTOS DE TABACO;FABRICAÇÃO DE PRODUTOS DO FUMO;1.9479;540784171.3884
2007;Estados Unidos;1622;Fabricação de carpintaria e marcenaria de construtores;258862840;16;1500;Fabricação de calçados e de artefatos de couro;1510;15;C;16;"PRODUCCIÓN DE MADERA Y FABRICACIÓN DE PRODUCTOS DE MADERA Y CORCHO, EXCEPTO MUEBLES; FABRICACIÓN DE ARTÍCULOS DE PAJA Y DE MATERIALES TRENZABLES";PREPARAÇÃO DE COUROS E FABRICAÇÃO DE ARTEFATOS DE COURO, ARTIGOS PARA VIAGEM E CALÇADOS;1.9479;504238926.036
2007;Estados Unidos;2814;Fabricação de rolamentos, engrenagens, engrenagens e elementos de acionamento;254001310;28;2800;Fabricação de máquinas e equipamentos mecânicos;2811;28;C;28;FABRICACIÓN DE MAQUINARIA Y EQUIPO N.C.P.;FABRICAÇÃO DE MÁQUINAS E EQUIPAMENTOS;1.9479;494769151.749
2007;Estados Unidos;2630;Fabricação de equipamentos de comunicação;253072661;26;2600;Fabricação de equipamentos de informática, produtos eletrônicos e ópticos;2610;26;C;26;FABRICACIÓN DE PRODUCTOS DE INFORMÁTICA, DE ELECTRÓNICA Y DE ÓPTICA;FABRICAÇÃO DE EQUIPAMENTOS DE INFORMÁTICA, PRODUTOS ELETRÔNICOS E ÓPTICOS;1.9479;492960236.3619
2007;Estados Unidos;1511;Curtimento e vestuário de couro;246524670;15;1500;Fabricação de calçados e de artefatos de couro;1510;15;C;15;FABRICACIÓN DE PRODUCTOS DE CUERO Y PRODUCTOS CONEXOS;PREPARAÇÃO DE COUROS E FABRICAÇÃO DE ARTEFATOS DE COURO, ARTIGOS PARA VIAGEM E CALÇADOS;1.9479;480205404.693
2007;Estados Unidos;3100;Fabricação de móveis;245946618;31;3180;Fabricação de móveis e de produtos de indústrias diversas;3101;31;C;31;FABRICACIÓN DE MUEBLES;FABRICAÇÃO DE MÓVEIS;1.9479;479079417.2022
2007;Estados Unidos;1621;Fabricação de folheados e painéis derivados de madeira;227397497;16;1500;Fabricação de calçados e de artefatos de couro;1510;15;C;16;"PRODUCCIÓN DE MADERA Y FABRICACIÓN DE PRODUCTOS DE MADERA Y CORCHO, EXCEPTO MUEBLES; FABRICACIÓN DE ARTÍCULOS DE PAJA Y DE MATERIALES TRENZABLES";PREPARAÇÃO DE COUROS E FABRICAÇÃO DE ARTEFATOS DE COURO, ARTIGOS PARA VIAGEM E CALÇADOS;1.9479;442947584.4063
2007;Estados Unidos;2599;Fabricação de outros produtos metálicos fabricados n.c;208119218;25;2500;Fabricação de produtos de metal, exceto máquinas e equipamentos;2511;25;C;25;FABRICACIÓN DE PRODUCTOS ELABORADOS DE METAL, EXCEPTO MAQUINARIA Y EQUIPO;FABRICAÇÃO DE PRODUTOS DE METAL, EXCETO MÁQUINAS E EQUIPAMENTOS;1.9479;405395424.7422
2007;Estados Unidos;2013;Fabricação de plásticos e borracha sintética em formas primárias;195463371;201;1992;Fabricação de biocombustíveis;1931;193;C;201;Fabricación de sustancias químicas básicas, de abonos y compuestos de nitrógeno y de plásticos y caucho sintético en formas primarias;Fabricação de biocombustíveis;1.9479;380743100.3709
2007;Estados Unidos;1392;Fabricação de artigos têxteis confeccionados, exceto vestuário;191230608;13;1300;Fabricação de produtos têxteis;1311;13;C;13;FABRICACIÓN DE PRODUCTOS TEXTILES;FABRICAÇÃO DE PRODUTOS TÊXTEIS;1.9479;372498101.3232
2007;Estados Unidos;2910;Fabricação de veículos automotores;189134343;291;2991;Fabricação de automóveis, caminhões e ônibus, exceto peças;2910;291;C;291;Fabricación de vehículos automotores;Fabricação de automóveis, camionetas e utilitários;1.9479;368414786.72969997
2007;Estados Unidos;2392;Fabricação de materiais de construção de argila;167214132;23;2300;Fabricação de produtos de minerais não metálicos;2311;23;C;23;FABRICACIÓN DE OTROS PRODUCTOS MINERALES NO METÁLICOS;FABRICAÇÃO DE PRODUTOS DE MINERAIS NÃO-METÁLICOS;1.9479;325716407.7228
2007;Estados Unidos;0125;Cultivo de outras frutas e nozes;162094228;012;0191;Agricultura, inclusive o apoio à agricultura e a pós-colheita;0111;011;A;012;Cultivo de plantas perennes;Produção de lavouras temporárias;1.9479;315743346.7212
2007;Estados Unidos;2029;Fabricação de outros produtos químicos n.c;147800150;202;2092;Fabricação de defensivos, desinfestantes, tintas e químicos diversos;2051;205;C;202;Fabricación de otros productos químicos;Fabricação de defensivos agrícolas e desinfestantes domissanitários;1.9479;287899912.185
2007;Estados Unidos;1073;Fabricação de cacau, chocolate e produtos de confeitaria;147277650;107;1092;Fabricação e refino de açúcar;1071;107;C;107;Elaboración de otros productos alimenticios;Fabricação e refino de açúcar;1.9479;286882134.435
2007;Estados Unidos;0710;Extração de minério de ferro;144617457;071;0791;Extração de minério de ferro, inclusive beneficiamento e a aglomeração;0710;071;B;071;Extracción de minerales de hierro;Extração de minério de ferro;1.9479;281700344.4903
2007;Estados Unidos;0729;Extração de outros minérios de metais não ferrosos;126394133;072;0792;Extração de minerais metálicos não ferrosos, inclusive beneficiamentos;0721;072;B;072;Extracción de minerales metalíferos no ferrosos;Extração de minerais metálicos não-ferrosos;1.9479;246203131.67069998
2007;Estados Unidos;2220;Fabricação de produtos plásticos;120310532;22;1500;Fabricação de calçados e de artefatos de couro;1510;15;C;22;FABRICACIÓN DE PRODUCTOS DE CAUCHO Y PLÁSTICO;PREPARAÇÃO DE COUROS E FABRICAÇÃO DE ARTEFATOS DE COURO, ARTIGOS PARA VIAGEM E CALÇADOS;1.9479;234352885.2828
2007;Estados Unidos;2593;Fabricação de cutelaria, ferramentas manuais e ferragens em geral;118867458;25;2500;Fabricação de produtos de metal, exceto máquinas e equipamentos;2511;25;C;25;FABRICACIÓN DE PRODUCTOS ELABORADOS DE METAL, EXCEPTO MAQUINARIA Y EQUIPO;FABRICAÇÃO DE PRODUTOS DE METAL, EXCETO MÁQUINAS E EQUIPAMENTOS;1.9479;231541921.4382
2007;Estados Unidos;2520;Fabricação de armas e munições;117821621;25;2500;Fabricação de produtos de metal, exceto máquinas e equipamentos;2511;25;C;25;FABRICACIÓN DE PRODUCTOS ELABORADOS DE METAL, EXCEPTO MAQUINARIA Y EQUIPO;FABRICAÇÃO DE PRODUTOS DE METAL, EXCETO MÁQUINAS E EQUIPAMENTOS;1.9479;229504735.5459
2007;Estados Unidos;1079;Fabricação de outros produtos alimentícios n.c;116268207;107;1092;Fabricação e refino de açúcar;1071;107;C;107;Elaboración de otros productos alimenticios;Fabricação e refino de açúcar;1.9479;226478840.41529998
2007;Estados Unidos;2819;Fabricação de outras máquinas para uso geral;115364688;28;2800;Fabricação de máquinas e equipamentos mecânicos;2811;28;C;28;FABRICACIÓN DE MAQUINARIA Y EQUIPO N.C.P.;FABRICAÇÃO DE MÁQUINAS E EQUIPAMENTOS;1.9479;224718875.7552
2007;Estados Unidos;2100;Fabricação de produtos farmacêuticos, produtos químicos medicinais e botânicos;114032561;21;2100;Fabricação de produtos farmoquímicos e farmacêuticos;2110;21;C;21;FABRICACIÓN DE PRODUCTOS FARMACÉUTICOS, SUSTANCIAS QUÍMICAS MEDICINALES Y PRODUCTOS BOTÁNICOS DE USO FARMACÉUTICO;FABRICAÇÃO DE PRODUTOS FARMOQUÍMICOS E FARMACÊUTICOS;1.9479;222124025.5719
2007;Estados Unidos;2651;Fabricação de equipamentos de medição, teste, navegação e controle;100271165;26;2600;Fabricação de equipamentos de informática, produtos eletrônicos e ópticos;2610;26;C;26;FABRICACIÓN DE PRODUCTOS DE INFORMÁTICA, DE ELECTRÓNICA Y DE ÓPTICA;FABRICAÇÃO DE EQUIPAMENTOS DE INFORMÁTICA, PRODUTOS ELETRÔNICOS E ÓPTICOS;1.9479;195318202.3035
2007;Estados Unidos;1072;Fabricação de açúcar;99611061;107;1092;Fabricação e refino de açúcar;1071;107;C;107;Elaboración de otros productos alimenticios;Fabricação e refino de açúcar;1.9479;194032385.7219
2007;Estados Unidos;1020;Processamento e conservação de peixes, crustáceos e moluscos;96066735;102;1091;Abate e produtos de carne, inclusive os produtos do laticínio e da pesca;1020;102;C;102;Elaboración y conservación de pescado, crustáceos y moluscos;Preservação do pescado e fabricação de produtos do pescado;1.9479;187128393.1065
2007;Estados Unidos;2732;Fabricação de outros fios e cabos elétricos e eletrônicos;91527736;27;2700;Fabricação de máquinas e equipamentos elétricos;2710;27;C;27;FABRICACIÓN DE EQUIPO ELÉCTRICO;FABRICAÇÃO DE MÁQUINAS, APARELHOS E MATERIAIS ELÉTRICOS;1.9479;178286876.9544
2007;Estados Unidos;1312;Tecelagem de têxteis;90176933;13;1300;Fabricação de produtos têxteis;1311;13;C;13;FABRICACIÓN DE PRODUCTOS TEXTILES;FABRICAÇÃO DE PRODUTOS TÊXTEIS;1.9479;175655647.7907
2007;Estados Unidos;2399;Fabricação de outros produtos minerais não metálicos n.c;89386470;23;2300;Fabricação de produtos de minerais não metálicos;2311;23;C;23;FABRICACIÓN DE OTROS PRODUCTOS MINERALES NO METÁLICOS;FABRICAÇÃO DE PRODUTOS DE MINERAIS NÃO-METÁLICOS;1.9479;174115904.913
2007;Estados Unidos;3211;Fabricação de joalharia e artigos afins;86468868;32;3180;Fabricação de móveis e de produtos de indústrias diversas;3211;32;C;32;OTRAS INDUSTRIAS MANUFACTURERAS;FABRICAÇÃO DE PRODUTOS DIVERSOS;1.9479;168432707.9772
2007;Estados Unidos;3020;Fabricação de locomotivas e material circulante;80418603;30;3000;Fabricação de outros equipamentos de transporte, exceto veículos automotores;3011;30;C;30;FABRICACIÓN DE OTRO  EQUIPO DE TRANSPORTE;FABRICAÇÃO DE OUTROS EQUIPAMENTOS DE TRANSPORTE, EXCETO VEÍCULOS AUTOMOTORES;1.9479;156647396.7837
2007;Estados Unidos;2821;Fabricação de maquinaria agrícola e florestal;80309885;28;2800;Fabricação de máquinas e equipamentos mecânicos;2811;28;C;28;FABRICACIÓN DE MAQUINARIA Y EQUIPO N.C.P.;FABRICAÇÃO DE MÁQUINAS E EQUIPAMENTOS;1.9479;156435624.9915
2007;Estados Unidos;2811;Fabricação de motores e turbinas, exceto aeronaves, veículos e motores de ciclo;76728538;28;2800;Fabricação de máquinas e equipamentos mecânicos;2811;28;C;28;FABRICACIÓN DE MAQUINARIA Y EQUIPO N.C.P.;FABRICAÇÃO DE MÁQUINAS E EQUIPAMENTOS;1.9479;149459519.1702
2007;Estados Unidos;2219;Fabricação de outros produtos de borracha;76016609;22;1500;Fabricação de calçados e de artefatos de couro;1510;15;C;22;FABRICACIÓN DE PRODUCTOS DE CAUCHO Y PLÁSTICO;PREPARAÇÃO DE COUROS E FABRICAÇÃO DE ARTEFATOS DE COURO, ARTIGOS PARA VIAGEM E CALÇADOS;1.9479;148072752.6711
2007;Estados Unidos;1512;Fabricação de malas, bolsas e semelhantes, selaria e arreios;74015913;15;1500;Fabricação de calçados e de artefatos de couro;1510;15;C;15;FABRICACIÓN DE PRODUCTOS DE CUERO Y PRODUCTOS CONEXOS;PREPARAÇÃO DE COUROS E FABRICAÇÃO DE ARTEFATOS DE COURO, ARTIGOS PARA VIAGEM E CALÇADOS;1.9479;144175596.9327
2007;Estados Unidos;1410;Fabricação de vestuário, exceto vestuários de peles;67132287;14;1400;Confecção de artefatos do vestuário e acessórios;1411;14;C;14;FABRICACIÓN DE PRENDAS DE VESTIR;CONFECÇÃO DE ARTIGOS DO VESTUÁRIO E ACESSÓRIOS;1.9479;130766981.8473
2007;Estados Unidos;1709;Fabricação de outros artigos de papel e cartão;65680654;17;1700;Fabricação de celulose, papel e produtos de papel;1710;17;C;17;FABRICACIÓN DE PAPEL Y DE PRODUCTOS DE PAPEL;FABRICAÇÃO DE CELULOSE, PAPEL E PRODUTOS DE PAPEL;1.9479;127939345.9266
2007;Estados Unidos;1629;"Fabricação de outros produtos de madeira; fabricação de artigos de cortiça, de espartaria e cestaria";57703884;16;1500;Fabricação de calçados e de artefatos de couro;1510;15;C;16;"PRODUCCIÓN DE MADERA Y FABRICACIÓN DE PRODUCTOS DE MADERA Y CORCHO, EXCEPTO MUEBLES; FABRICACIÓN DE ARTÍCULOS DE PAJA Y DE MATERIALES TRENZABLES";PREPARAÇÃO DE COUROS E FABRICAÇÃO DE ARTEFATOS DE COURO, ARTIGOS PARA VIAGEM E CALÇADOS;1.9479;112401395.6436
2007;Estados Unidos;2620;Fabricação de computadores e equipamentos periféricos;54802326;26;2600;Fabricação de equipamentos de informática, produtos eletrônicos e ópticos;2610;26;C;26;FABRICACIÓN DE PRODUCTOS DE INFORMÁTICA, DE ELECTRÓNICA Y DE ÓPTICA;FABRICAÇÃO DE EQUIPAMENTOS DE INFORMÁTICA, PRODUTOS ELETRÔNICOS E ÓPTICOS;1.9479;106749450.8154
2007;Estados Unidos;3290;Outras manufaturas n.c.;50740212;32;3180;Fabricação de móveis e de produtos de indústrias diversas;3211;32;C;32;OTRAS INDUSTRIAS MANUFACTURERAS;FABRICAÇÃO DE PRODUTOS DIVERSOS;1.9479;98836858.9548
2007;Estados Unidos;2790;Fabricação de outro equipamento elétrico;49904819;27;2700;Fabricação de máquinas e equipamentos elétricos;2710;27;C;27;FABRICACIÓN DE EQUIPO ELÉCTRICO;FABRICAÇÃO DE MÁQUINAS, APARELHOS E MATERIAIS ELÉTRICOS;1.9479;97209596.9301
2007;Estados Unidos;3091;Fabricação de motocicletas;48288567;30;3000;Fabricação de outros equipamentos de transporte, exceto veículos automotores;3011;30;C;30;FABRICACIÓN DE OTRO  EQUIPO DE TRANSPORTE;FABRICAÇÃO DE OUTROS EQUIPAMENTOS DE TRANSPORTE, EXCETO VEÍCULOS AUTOMOTORES;1.9479;94061299.6593
2007;Estados Unidos;0810;Extração de pedra, areia e argila;47053723;08;0580;Extração de carvão mineral e de minerais não metálicos;0810;08;B;08;EXPLOTACIÓN DE OTRAS MINAS Y CANTERAS;EXTRAÇÃO DE MINERAIS NÃO-METÁLICOS;1.9479;91655947.0317
2007;Estados Unidos;3011;Construção de navios e estruturas flutuantes;46934125;30;3000;Fabricação de outros equipamentos de transporte, exceto veículos automotores;3011;30;C;30;FABRICACIÓN DE OTRO  EQUIPO DE TRANSPORTE;FABRICAÇÃO DE OUTROS EQUIPAMENTOS DE TRANSPORTE, EXCETO VEÍCULOS AUTOMOTORES;1.9479;91422982.08749999
2007;Estados Unidos;3250;Fabricação de instrumentos e suprimentos médicos e odontológicos;45466362;32;3180;Fabricação de móveis e de produtos de indústrias diversas;3211;32;C;32;OTRAS INDUSTRIAS MANUFACTURERAS;FABRICAÇÃO DE PRODUTOS DIVERSOS;1.9479;88563926.5398
2007;Estados Unidos;0128;Cultivo de especiarias, culturas aromáticas, medicamentosas e farmacêuticas;44535065;012;0191;Agricultura, inclusive o apoio à agricultura e a pós-colheita;0111;011;A;012;Cultivo de plantas perennes;Produção de lavouras temporárias;1.9479;86749853.1135
2007;Estados Unidos;1399;Fabricação de outros têxteis n.e.c.;38811728;13;1300;Fabricação de produtos têxteis;1311;13;C;13;FABRICACIÓN DE PRODUCTOS TEXTILES;FABRICAÇÃO DE PRODUTOS TÊXTEIS;1.9479;75601364.9712
2007;Estados Unidos;2610;Fabricação de componentes eletrônicos e placas;36802496;26;2600;Fabricação de equipamentos de informática, produtos eletrônicos e ópticos;2610;26;C;26;FABRICACIÓN DE PRODUCTOS DE INFORMÁTICA, DE ELECTRÓNICA Y DE ÓPTICA;FABRICAÇÃO DE EQUIPAMENTOS DE INFORMÁTICA, PRODUTOS ELETRÔNICOS E ÓPTICOS;1.9479;71687581.9584
2007;Estados Unidos;1394;Fabricação de cordéis, cordas, cordéis e redes;34147078;13;1300;Fabricação de produtos têxteis;1311;13;C;13;FABRICACIÓN DE PRODUCTOS TEXTILES;FABRICAÇÃO DE PRODUTOS TÊXTEIS;1.9479;66515093.2362
2007;Estados Unidos;2829;Fabricação de outras máquinas para fins especiais;34139714;28;2800;Fabricação de máquinas e equipamentos mecânicos;2811;28;C;28;FABRICACIÓN DE MAQUINARIA Y EQUIPO N.C.P.;FABRICAÇÃO DE MÁQUINAS E EQUIPAMENTOS;1.9479;66500748.9006
2007;Estados Unidos;2822;Fabricação de máquinas e máquinas-ferramentas para moldagem de metais;30885828;28;2800;Fabricação de máquinas e equipamentos mecânicos;2811;28;C;28;FABRICACIÓN DE MAQUINARIA Y EQUIPO N.C.P.;FABRICAÇÃO DE MÁQUINAS E EQUIPAMENTOS;1.9479;60162504.3612
2007;Estados Unidos;0113;Cultivo de hortaliças e melões, raízes e tubérculos;29435416;011;0191;Agricultura, inclusive o apoio à agricultura e a pós-colheita;0111;011;A;011;Cultivo de plantas no perenes;Produção de lavouras temporárias;1.9479;57337246.8264
2007;Estados Unidos;2394;Fabricação de cimento, cal e gesso;29176503;23;2300;Fabricação de produtos de minerais não metálicos;2311;23;C;23;FABRICACIÓN DE OTROS PRODUCTOS MINERALES NO METÁLICOS;FABRICAÇÃO DE PRODUTOS DE MINERAIS NÃO-METÁLICOS;1.9479;56832910.1937
2007;Estados Unidos;2823;Fabricação de máquinas para metalurgia;27305821;28;2800;Fabricação de máquinas e equipamentos mecânicos;2811;28;C;28;FABRICACIÓN DE MAQUINARIA Y EQUIPO N.C.P.;FABRICAÇÃO DE MÁQUINAS E EQUIPAMENTOS;1.9479;53189008.7259
2007;Estados Unidos;1040;Fabricação de óleos e gorduras vegetais e animais;25695972;104;1093;Outros produtos alimentares;1041;104;C;104;Elaboración de aceites y grasas de origen vegetal y animal;Fabricação de óleos e gorduras vegetais e animais;1.9479;50053183.8588
2007;Estados Unidos;2640;Fabricação de produtos eletrônicos de consumo;24336916;26;2600;Fabricação de equipamentos de informática, produtos eletrônicos e ópticos;2610;26;C;26;FABRICACIÓN DE PRODUCTOS DE INFORMÁTICA, DE ELECTRÓNICA Y DE ÓPTICA;FABRICAÇÃO DE EQUIPAMENTOS DE INFORMÁTICA, PRODUTOS ELETRÔNICOS E ÓPTICOS;1.9479;47405878.6764
2007;Estados Unidos;2310;Fabricação de produtos de vidro e vidro;23461442;23;2300;Fabricação de produtos de minerais não metálicos;2311;23;C;23;FABRICACIÓN DE OTROS PRODUCTOS MINERALES NO METÁLICOS;FABRICAÇÃO DE PRODUTOS DE MINERAIS NÃO-METÁLICOS;1.9479;45700542.8718
2007;Estados Unidos;0121;Cultivo de uvas;23236812;012;0191;Agricultura, inclusive o apoio à agricultura e a pós-colheita;0111;011;A;012;Cultivo de plantas perennes;Produção de lavouras temporárias;1.9479;45262986.0948
2007;Estados Unidos;2812;Fabricação de equipamentos para energia hidráulica;21524593;28;2800;Fabricação de máquinas e equipamentos mecânicos;2811;28;C;28;FABRICACIÓN DE MAQUINARIA Y EQUIPO N.C.P.;FABRICAÇÃO DE MÁQUINAS E EQUIPAMENTOS;1.9479;41927754.7047
2007;Estados Unidos;0149;Criação de outros animais;19182399;014;0192;Pecuária, inclusive o apoio à pecuária;0151;015;A;014;Ganadería;Pecuária;1.9479;37365395.012099996
2007;Estados Unidos;0311;Pesca marinha;18492586;03;0280;"Produção florestal; pesca e aquicultura";0311;03;A;03;PESCA Y ACUICULTURA;PESCA E AQÜICULTURA;1.9479;36021708.2694
2007;Estados Unidos;2750;Fabricação de eletrodomésticos;17626324;27;2700;Fabricação de máquinas e equipamentos elétricos;2710;27;C;27;FABRICACIÓN DE EQUIPO ELÉCTRICO;FABRICAÇÃO DE MÁQUINAS, APARELHOS E MATERIAIS ELÉTRICOS;1.9479;34334316.5196
2007;Estados Unidos;2393;Fabricação de outros produtos de porcelana e cerâmica;14415218;23;2300;Fabricação de produtos de minerais não metálicos;2311;23;C;23;FABRICACIÓN DE OTROS PRODUCTOS MINERALES NO METÁLICOS;FABRICAÇÃO DE PRODUTOS DE MINERAIS NÃO-METÁLICOS;1.9479;28079403.1422
2007;Estados Unidos;2391;Fabricação de produtos refratários;14384114;23;2300;Fabricação de produtos de minerais não metálicos;2311;23;C;23;FABRICACIÓN DE OTROS PRODUCTOS MINERALES NO METÁLICOS;FABRICAÇÃO DE PRODUTOS DE MINERAIS NÃO-METÁLICOS;1.9479;28018815.6606
2007;Estados Unidos;2431;Fundição de ferro e aço;13953381;243;2492;Metalurgia de metais não ferosos e a fundição de metais;2451;245;C;243;Fundición de metales;Fundição;1.9479;27179790.8499
2007;Estados Unidos;0116;Cultivo de culturas de fibra;13480299;011;0191;Agricultura, inclusive o apoio à agricultura e a pós-colheita;0111;011;A;011;Cultivo de plantas no perenes;Produção de lavouras temporárias;1.9479;26258274.4221
2007;Estados Unidos;2825;Fabricação de máquinas para processamento de alimentos, bebidas e tabaco;12829475;28;2800;Fabricação de máquinas e equipamentos mecânicos;2811;28;C;28;FABRICACIÓN DE MAQUINARIA Y EQUIPO N.C.P.;FABRICAÇÃO DE MÁQUINAS E EQUIPAMENTOS;1.9479;24990534.3525
2007;Estados Unidos;1080;Fabricação de alimentos para animais;12700777;108;1093;Outros produtos alimentares;1061;106;C;108;Elaboración de piensos preparados para animales;Moagem, fabricação de produtos amiláceos e de alimentos para animais;1.9479;24739843.5183
2007;Estados Unidos;2021;Fabricação de pesticidas e outros produtos agroquímicos;11498376;202;2092;Fabricação de defensivos, desinfestantes, tintas e químicos diversos;2051;205;C;202;Fabricación de otros productos químicos;Fabricação de defensivos agrícolas e desinfestantes domissanitários;1.9479;22397686.6104
2007;Estados Unidos;2817;Fabricação de máquinas e equipamentos de escritório (exceto computadores e equipamentos periféricos);10895028;28;2800;Fabricação de máquinas e equipamentos mecânicos;2811;28;C;28;FABRICACIÓN DE MAQUINARIA Y EQUIPO N.C.P.;FABRICAÇÃO DE MÁQUINAS E EQUIPAMENTOS;1.9479;21222425.0412
2007;Estados Unidos;1311;Preparação e fiação de fibras têxteis;10683740;13;1300;Fabricação de produtos têxteis;1311;13;C;13;FABRICACIÓN DE PRODUCTOS TEXTILES;FABRICAÇÃO DE PRODUTOS TÊXTEIS;1.9479;20810857.145999998
2007;Estados Unidos;5811;Publicação de livros;10142277;58;5800;Edição e edição integrada à impressão;5811;58;J;58;ACTIVIDADES DE EDICIÓN;EDIÇÃO E EDIÇÃO INTEGRADA À IMPRESSÃO;1.9479;19756141.3683
2007;Estados Unidos;1623;Fabricação de embalagens de madeira;9962171;16;1500;Fabricação de calçados e de artefatos de couro;1510;15;C;16;"PRODUCCIÓN DE MADERA Y FABRICACIÓN DE PRODUCTOS DE MADERA Y CORCHO, EXCEPTO MUEBLES; FABRICACIÓN DE ARTÍCULOS DE PAJA Y DE MATERIALES TRENZABLES";PREPARAÇÃO DE COUROS E FABRICAÇÃO DE ARTEFATOS DE COURO, ARTIGOS PARA VIAGEM E CALÇADOS;1.9479;19405312.8909
2007;Estados Unidos;3240;Fabricação de jogos e brinquedos;9277425;32;3180;Fabricação de móveis e de produtos de indústrias diversas;3211;32;C;32;OTRAS INDUSTRIAS MANUFACTURERAS;FABRICAÇÃO DE PRODUTOS DIVERSOS;1.9479;18071496.1575
2007;Estados Unidos;2826;Fabricação de máquinas para produção de têxteis, vestuário e couro;9151542;28;2800;Fabricação de máquinas e equipamentos mecânicos;2811;28;C;28;FABRICACIÓN DE MAQUINARIA Y EQUIPO N.C.P.;FABRICAÇÃO DE MÁQUINAS E EQUIPAMENTOS;1.9479;17826288.6618
2007;Estados Unidos;2512;Fabricação de tanques, reservatórios e recipientes de metal;9119035;25;2500;Fabricação de produtos de metal, exceto máquinas e equipamentos;2511;25;C;25;FABRICACIÓN DE PRODUCTOS ELABORADOS DE METAL, EXCEPTO MAQUINARIA Y EQUIPO;FABRICAÇÃO DE PRODUTOS DE METAL, EXCETO MÁQUINAS E EQUIPAMENTOS;1.9479;17762968.276499998
2007;Estados Unidos;1062;Fabricação de amidos e féculas;8895682;106;1093;Outros produtos alimentares;1061;106;C;106;Elaboración de productos de molinería, almidones y productos derivados del almidón;Moagem, fabricação de produtos amiláceos e de alimentos para animais;1.9479;17327898.9678
2007;Estados Unidos;1071;Fabricação de produtos de panificação;7580438;107;1092;Fabricação e refino de açúcar;1071;107;C;107;Elaboración de otros productos alimenticios;Fabricação e refino de açúcar;1.9479;14765935.1802
2007;Estados Unidos;5819;Outras atividades de publicação;7536338;58;5800;Edição e edição integrada à impressão;5811;58;J;58;ACTIVIDADES DE EDICIÓN;EDIÇÃO E EDIÇÃO INTEGRADA À IMPRESSÃO;1.9479;14680032.7902
2007;Estados Unidos;2660;Fabricação de equipamentos de irradiação, eletromédicos e eletroterapêuticos;7322591;26;2600;Fabricação de equipamentos de informática, produtos eletrônicos e ópticos;2610;26;C;26;FABRICACIÓN DE PRODUCTOS DE INFORMÁTICA, DE ELECTRÓNICA Y DE ÓPTICA;FABRICAÇÃO DE EQUIPAMENTOS DE INFORMÁTICA, PRODUTOS ELETRÔNICOS E ÓPTICOS;1.9479;14263675.0089
2007;Estados Unidos;2023;Fabricação de sabão e detergentes, produtos de limpeza e polimento, perfumes e produtos de toilette;7290327;202;2092;Fabricação de defensivos, desinfestantes, tintas e químicos diversos;2051;205;C;202;Fabricación de otros productos químicos;Fabricação de defensivos agrícolas e desinfestantes domissanitários;1.9479;14200827.963299999
2007;Estados Unidos;1050;Fabricação de produtos lácteos;7006186;105;1091;Abate e produtos de carne, inclusive os produtos do laticínio e da pesca;1051;105;C;105;Elaboración de productos lácteos;Laticínios;1.9479;13647349.7094
2007;Estados Unidos;3212;Fabricação de bijuterias e artigos relacionados;6518470;32;3180;Fabricação de móveis e de produtos de indústrias diversas;3211;32;C;32;OTRAS INDUSTRIAS MANUFACTURERAS;FABRICAÇÃO DE PRODUTOS DIVERSOS;1.9479;12697327.713
2007;Estados Unidos;2022;Fabricação de tintas, vernizes e produtos similares, tintas de impressão e mástiques;6191292;202;2092;Fabricação de defensivos, desinfestantes, tintas e químicos diversos;2051;205;C;202;Fabricación de otros productos químicos;Fabricação de defensivos agrícolas e desinfestantes domissanitários;1.9479;12060017.6868
2007;Estados Unidos;1391;Fabricação de tecidos de malha;5749198;13;1300;Fabricação de produtos têxteis;1311;13;C;13;FABRICACIÓN DE PRODUCTOS TEXTILES;FABRICAÇÃO DE PRODUTOS TÊXTEIS;1.9479;11198862.7842
2007;Estados Unidos;0130;Cultivo de plantas;5653077;013;0191;Agricultura, inclusive o apoio à agricultura e a pós-colheita;0141;014;A;013;Propagación de plantas;Produção de sementes e mudas certificadas;1.9479;11011628.6883
2007;Estados Unidos;2012;Fabricação de fertilizantes e compostos nitrogenados;5416393;201;1992;Fabricação de biocombustíveis;1931;193;C;201;Fabricación de sustancias químicas básicas, de abonos y compuestos de nitrógeno y de plásticos y caucho sintético en formas primarias;Fabricação de biocombustíveis;1.9479;10550591.9247
2007;Estados Unidos;1702;Fabricação de papel e cartão canelados e de embalagens de papel e cartão;5311197;17;1700;Fabricação de celulose, papel e produtos de papel;1710;17;C;17;FABRICACIÓN DE PAPEL Y DE PRODUCTOS DE PAPEL;FABRICAÇÃO DE CELULOSE, PAPEL E PRODUTOS DE PAPEL;1.9479;10345680.6363
2007;Estados Unidos;2680;Fabricação de mídia magnética e óptica;5288087;26;2600;Fabricação de equipamentos de informática, produtos eletrônicos e ópticos;2610;26;C;26;FABRICACIÓN DE PRODUCTOS DE INFORMÁTICA, DE ELECTRÓNICA Y DE ÓPTICA;FABRICAÇÃO DE EQUIPAMENTOS DE INFORMÁTICA, PRODUTOS ELETRÔNICOS E ÓPTICOS;1.9479;10300664.667299999
2007;Estados Unidos;2815;Fabricação de fornos, fornos e queimadores de fornos;5123434;28;2800;Fabricação de máquinas e equipamentos mecânicos;2811;28;C;28;FABRICACIÓN DE MAQUINARIA Y EQUIPO N.C.P.;FABRICAÇÃO DE MÁQUINAS E EQUIPAMENTOS;1.9479;9979937.0886
2007;Estados Unidos;3012;Construção de barcos de recreio e desportivos;4765593;30;3000;Fabricação de outros equipamentos de transporte, exceto veículos automotores;3011;30;C;30;FABRICACIÓN DE OTRO  EQUIPO DE TRANSPORTE;FABRICAÇÃO DE OUTROS EQUIPAMENTOS DE TRANSPORTE, EXCETO VEÍCULOS AUTOMOTORES;1.9479;9282898.6047
2007;Estados Unidos;2816;Fabricação de equipamentos de elevação e manuseio;4453557;28;2800;Fabricação de máquinas e equipamentos mecânicos;2811;28;C;28;FABRICACIÓN DE MAQUINARIA Y EQUIPO N.C.P.;FABRICAÇÃO DE MÁQUINAS E EQUIPAMENTOS;1.9479;8675083.6803
2007;Estados Unidos;0899;Outras atividades de mineração n.c;4448388;08;0580;Extração de carvão mineral e de minerais não metálicos;0810;08;B;08;EXPLOTACIÓN DE OTRAS MINAS Y CANTERAS;EXTRAÇÃO DE MINERAIS NÃO-METÁLICOS;1.9479;8665014.985199999
2007;Estados Unidos;0111;Cultivo de cereais (exceto arroz), leguminosas e oleaginosas;4408491;011;0191;Agricultura, inclusive o apoio à agricultura e a pós-colheita;0111;011;A;011;Cultivo de plantas no perenes;Produção de lavouras temporárias;1.9479;8587299.6189
2007;Estados Unidos;2740;Fabricação de equipamentos de iluminação elétrica;4203549;27;2700;Fabricação de máquinas e equipamentos elétricos;2710;27;C;27;FABRICACIÓN DE EQUIPO ELÉCTRICO;FABRICAÇÃO DE MÁQUINAS, APARELHOS E MATERIAIS ELÉTRICOS;1.9479;8188093.0971
2007;Estados Unidos;2030;Fabricação de fibras sintéticas ou artificiais;4129632;203;2091;Fabricação de químicos orgânicos e inorgânicos, resinas e elastômeros;2040;204;C;203;Fabricación de fibras artificiales;Fabricação de fibras artificiais e sintéticas;1.9479;8044110.1728
2007;Estados Unidos;2720;Fabricação de baterias e acumuladores;4023307;27;2700;Fabricação de máquinas e equipamentos elétricos;2710;27;C;27;FABRICACIÓN DE EQUIPO ELÉCTRICO;FABRICAÇÃO DE MÁQUINAS, APARELHOS E MATERIAIS ELÉTRICOS;1.9479;7836999.7053
2007;Estados Unidos;2670;Fabricação de instrumentos ópticos e equipamento fotográfico;3827820;26;2600;Fabricação de equipamentos de informática, produtos eletrônicos e ópticos;2610;26;C;26;FABRICACIÓN DE PRODUCTOS DE INFORMÁTICA, DE ELECTRÓNICA Y DE ÓPTICA;FABRICAÇÃO DE EQUIPAMENTOS DE INFORMÁTICA, PRODUTOS ELETRÔNICOS E ÓPTICOS;1.9479;7456210.578
2007;Estados Unidos;1104;"Fabricação de refrigerantes; produção de águas minerais e outras águas engarrafadas";3475596;11;1100;Fabricação de bebidas;1111;11;C;11;ELABORACIÓN DE BEBIDAS;FABRICAÇÃO DE BEBIDAS;1.9479;6770113.4484
2007;Estados Unidos;9000;Atividades criativas, artes e entretenimento;3091083;90;9080;Atividades artísticas, criativas e de espetáculos;9001;90;R;90;ACTIVIDADES CREATIVAS, ARTÍSTICAS Y DE ENTRETENIMIENTO;ATIVIDADES ARTÍSTICAS, CRIATIVAS E DE ESPETÁCULOS;1.9479;6021120.5757
2007;Estados Unidos;3220;Fabricação de instrumentos musicais;3059037;32;3180;Fabricação de móveis e de produtos de indústrias diversas;3211;32;C;32;OTRAS INDUSTRIAS MANUFACTURERAS;FABRICAÇÃO DE PRODUTOS DIVERSOS;1.9479;5958698.1723
2007;Estados Unidos;2818;Fabricação de ferramentas manuais acionadas por motor;2884536;28;2800;Fabricação de máquinas e equipamentos mecânicos;2811;28;C;28;FABRICACIÓN DE MAQUINARIA Y EQUIPO N.C.P.;FABRICAÇÃO DE MÁQUINAS E EQUIPAMENTOS;1.9479;5618787.6744
2007;Estados Unidos;1430;Fabricação de vestuário de malha;2751023;14;1400;Confecção de artefatos do vestuário e acessórios;1411;14;C;14;FABRICACIÓN DE PRENDAS DE VESTIR;CONFECÇÃO DE ARTIGOS DO VESTUÁRIO E ACESSÓRIOS;1.9479;5358717.7017
2007;Estados Unidos;1101;Fabricação de aguardentes e outras bebidas destiladas;2663283;11;1100;Fabricação de bebidas;1111;11;C;11;ELABORACIÓN DE BEBIDAS;FABRICAÇÃO DE BEBIDAS;1.9479;5187808.9557
2007;Estados Unidos;1393;Fabricação de tapetes e tapetes;2494742;13;1300;Fabricação de produtos têxteis;1311;13;C;13;FABRICACIÓN DE PRODUCTOS TEXTILES;FABRICAÇÃO DE PRODUTOS TÊXTEIS;1.9479;4859507.9418
2007;Estados Unidos;0893;Extração de sal;2094346;08;0580;Extração de carvão mineral e de minerais não metálicos;0810;08;B;08;EXPLOTACIÓN DE OTRAS MINAS Y CANTERAS;EXTRAÇÃO DE MINERAIS NÃO-METÁLICOS;1.9479;4079576.5734
2007;Estados Unidos;0115;Cultivo de tabaco;1978492;011;0191;Agricultura, inclusive o apoio à agricultura e a pós-colheita;0111;011;A;011;Cultivo de plantas no perenes;Produção de lavouras temporárias;1.9479;3853904.5668
2007;Estados Unidos;1061;Fabricação de produtos de moagem de grãos;1966418;106;1093;Outros produtos alimentares;1061;106;C;106;Elaboración de productos de molinería, almidones y productos derivados del almidón;Moagem, fabricação de produtos amiláceos e de alimentos para animais;1.9479;3830385.6222
2007;Estados Unidos;3099;Fabricação de outros equipamentos de transporte n.c;1832486;30;3000;Fabricação de outros equipamentos de transporte, exceto veículos automotores;3011;30;C;30;FABRICACIÓN DE OTRO  EQUIPO DE TRANSPORTE;FABRICAÇÃO DE OUTROS EQUIPAMENTOS DE TRANSPORTE, EXCETO VEÍCULOS AUTOMOTORES;1.9479;3569499.4794
2007;Estados Unidos;0119;Cultivo de outras culturas não perenes;1693867;011;0191;Agricultura, inclusive o apoio à agricultura e a pós-colheita;0111;011;A;011;Cultivo de plantas no perenes;Produção de lavouras temporárias;1.9479;3299483.5293
2007;Estados Unidos;0142;Criação de cavalos e outros equinos;1678580;014;0192;Pecuária, inclusive o apoio à pecuária;0151;015;A;014;Ganadería;Pecuária;1.9479;3269705.982
2007;Estados Unidos;2511;Fabricação de produtos metálicos estruturais;1643606;25;2500;Fabricação de produtos de metal, exceto máquinas e equipamentos;2511;25;C;25;FABRICACIÓN DE PRODUCTOS ELABORADOS DE METAL, EXCEPTO MAQUINARIA Y EQUIPO;FABRICAÇÃO DE PRODUTOS DE METAL, EXCETO MÁQUINAS E EQUIPAMENTOS;1.9479;3201580.1274
2007;Estados Unidos;0230;Coleta de produtos florestais não madeireiros;1559395;02;0280;"Produção florestal; pesca e aquicultura";0210;02;A;02;SILVICULTURA Y EXTRACCIÓN DE MADERA;PRODUÇÃO FLORESTAL;1.9479;3037545.5205
2007;Estados Unidos;1812;Atividades de serviço relacionadas à impressão;1490403;18;1800;Impressão e reprodução de gravações;1811;18;C;18;IMPRESIÓN Y REPRODUCCIÓN DE GRABACIONES;IMPRESSÃO E REPRODUÇÃO DE GRAVAÇÕES;1.9479;2903156.0037
2007;Estados Unidos;3230;Fabricação de artigos esportivos;1206638;32;3180;Fabricação de móveis e de produtos de indústrias diversas;3211;32;C;32;OTRAS INDUSTRIAS MANUFACTURERAS;FABRICAÇÃO DE PRODUTOS DIVERSOS;1.9479;2350410.1602
2007;Estados Unidos;1420;Fabricação de artigos de peles;1123000;14;1400;Confecção de artefatos do vestuário e acessórios;1411;14;C;14;FABRICACIÓN DE PRENDAS DE VESTIR;CONFECÇÃO DE ARTIGOS DO VESTUÁRIO E ACESSÓRIOS;1.9479;2187491.7
2007;Estados Unidos;1103;Fabricação de malte e bebidas maltadas.;995119;11;1100;Fabricação de bebidas;1111;11;C;11;ELABORACIÓN DE BEBIDAS;FABRICAÇÃO DE BEBIDAS;1.9479;1938392.3000999999
2007;Estados Unidos;2920;"Fabricação de carroçarias para veículos automotores; fabricação de reboques e semi-reboques";945165;292;2991;Fabricação de automóveis, caminhões e ônibus, exceto peças;2930;293;C;292;"Fabricación de carrocerías para vehículos automotores; fabricación de remolques y semirremolques";Fabricação de cabines, carrocerias e reboques para veículos automotores;1.9479;1841086.9035
2007;Estados Unidos;1102;Fabricação de vinhos;897236;11;1100;Fabricação de bebidas;1111;11;C;11;ELABORACIÓN DE BEBIDAS;FABRICAÇÃO DE BEBIDAS;1.9479;1747726.0044
2007;Estados Unidos;2731;Fabricação de cabos de fibra ótica;862052;27;2700;Fabricação de máquinas e equipamentos elétricos;2710;27;C;27;FABRICACIÓN DE EQUIPO ELÉCTRICO;FABRICAÇÃO DE MÁQUINAS, APARELHOS E MATERIAIS ELÉTRICOS;1.9479;1679191.0908
2007;Estados Unidos;1074;Fabricação de macarrão, talharim, cuscuz e produtos farináceos semelhantes;722659;107;1092;Fabricação e refino de açúcar;1071;107;C;107;Elaboración de otros productos alimenticios;Fabricação e refino de açúcar;1.9479;1407667.4661
2007;Estados Unidos;5813;Publicação de jornais, revistas e periódicos;626578;58;5800;Edição e edição integrada à impressão;5811;58;J;58;ACTIVIDADES DE EDICIÓN;EDIÇÃO E EDIÇÃO INTEGRADA À IMPRESSÃO;1.9479;1220511.2862
2007;Estados Unidos;0220;Exploração madeireira;610890;02;0280;"Produção florestal; pesca e aquicultura";0210;02;A;02;SILVICULTURA Y EXTRACCIÓN DE MADERA;PRODUÇÃO FLORESTAL;1.9479;1189952.631
2007;Estados Unidos;2395;Fabricação de artigos de concreto, cimento e gesso;567293;23;2300;Fabricação de produtos de minerais não metálicos;2311;23;C;23;FABRICACIÓN DE OTROS PRODUCTOS MINERALES NO METÁLICOS;FABRICAÇÃO DE PRODUTOS DE MINERAIS NÃO-METÁLICOS;1.9479;1105030.0347
2007;Estados Unidos;2513;Fabricação de geradores de vapor, exceto caldeiras de aquecimento central de água quente;327157;25;2500;Fabricação de produtos de metal, exceto máquinas e equipamentos;2511;25;C;25;FABRICACIÓN DE PRODUCTOS ELABORADOS DE METAL, EXCEPTO MAQUINARIA Y EQUIPO;FABRICAÇÃO DE PRODUTOS DE METAL, EXCETO MÁQUINAS E EQUIPAMENTOS;1.9479;637269.1203
2007;Estados Unidos;0124;Cultivo de frutas pome e frutas de caroço;321629;012;0191;Agricultura, inclusive o apoio à agricultura e a pós-colheita;0111;011;A;012;Cultivo de plantas perennes;Produção de lavouras temporárias;1.9479;626501.1291
2007;Estados Unidos;3092;Fabricação de bicicletas e carruagens inválidas;313625;30;3000;Fabricação de outros equipamentos de transporte, exceto veículos automotores;3011;30;C;30;FABRICACIÓN DE OTRO  EQUIPO DE TRANSPORTE;FABRICAÇÃO DE OUTROS EQUIPAMENTOS DE TRANSPORTE, EXCETO VEÍCULOS AUTOMOTORES;1.9479;610910.1375
2007;Estados Unidos;2652;Fabricação de cronomêtros e relógios;218551;26;2600;Fabricação de equipamentos de informática, produtos eletrônicos e ópticos;2610;26;C;26;FABRICACIÓN DE PRODUCTOS DE INFORMÁTICA, DE ELECTRÓNICA Y DE ÓPTICA;FABRICAÇÃO DE EQUIPAMENTOS DE INFORMÁTICA, PRODUTOS ELETRÔNICOS E ÓPTICOS;1.9479;425715.4929
2007;Estados Unidos;0129;Cultivo de outras culturas perenes;137711;012;0191;Agricultura, inclusive o apoio à agricultura e a pós-colheita;0111;011;A;012;Cultivo de plantas perennes;Produção de lavouras temporárias;1.9479;268247.2569
2007;Estados Unidos;0123;Cultivo de frutas cítricas;102346;012;0191;Agricultura, inclusive o apoio à agricultura e a pós-colheita;0111;011;A;012;Cultivo de plantas perennes;Produção de lavouras temporárias;1.9479;199359.7734
2007;Estados Unidos;0126;Cultivo de frutas oleaginosas;91488;012;0191;Agricultura, inclusive o apoio à agricultura e a pós-colheita;0111;011;A;012;Cultivo de plantas perennes;Produção de lavouras temporárias;1.9479;178209.4752
2007;Estados Unidos;5911;Atividades de produção de filmes, vídeos e programas de televisão;14652;59;5980;Atividades de televisão, rádio, cinema e gravação/edição de som e imagem;5911;59;J;59;ACTIVIDADES DE PRODUCCIÓN DE PELÍCULAS CINEMATOGRÁFICAS, VÍDEOS Y PROGRAMAS DE TELEVISIÓN, GRABACIÓN SONORA Y EDICIÓN DE MÚSICA;"ATIVIDADES CINEMATOGRÁFICAS, PRODUÇÃO DE VÍDEOS E DE PROGRAMAS DE TELEVISÃO; GRAVAÇÃO DE SOM E EDIÇÃO DE MÚSICA";1.9479;28540.6308
2007;Estados Unidos;9102;Atividades de museus e operação de locais históricos e edifícios;12678;91;9080;Atividades artísticas, criativas e de espetáculos;9101;91;R;91;ACTIVIDADES DE BIBLIOTECAS, ARCHIVOS Y MUSEOS Y OTRAS ACTIVIDADES CULTURALES;ATIVIDADES LIGADAS AO PATRIMÔNIO CULTURAL E AMBIENTAL;1.9479;24695.4762
2007;Estados Unidos;5310;Atividades postais;11489;53;5280;Armazenamento, atividades auxiliares dos transportes e correio;5211;53;H;53;ALMACENAMIENTO Y ACTIVIDADES DE APOYO AL TRANSPORTE;ARMAZENAMENTO E ATIVIDADES AUXILIARES DOS TRANSPORTES;1.9479;22379.4231
2007;Estados Unidos;0122;Cultivo de frutas tropicais e subtropicais;4193;012;0191;Agricultura, inclusive o apoio à agricultura e a pós-colheita;0111;011;A;012;Cultivo de plantas perennes;Produção de lavouras temporárias;1.9479;8167.5446999999995
2007;Estados Unidos;0146;Criação de aves de capoeira;2000;014;0192;Pecuária, inclusive o apoio à pecuária;0151;015;A;014;Ganadería;Pecuária;1.9479;3895.7999999999997
2007;Estados Unidos;0321;Aquicultura marinha;723;03;0280;"Produção florestal; pesca e aquicultura";0311;03;A;03;PESCA Y ACUICULTURA;PESCA E AQÜICULTURA;1.9479;1408.3317
2007;Estados Unidos;0891;Extração de minerais químicos e fertilizantes;483;08;0580;Extração de carvão mineral e de minerais não metálicos;0810;08;B;08;EXPLOTACIÓN DE OTRAS MINAS Y CANTERAS;EXTRAÇÃO DE MINERAIS NÃO-METÁLICOS;1.9479;940.8357
2007;Estados Unidos;1910;Fabricação de produtos de forno de coque;231;191;1991;Refino de petróleo e coquerias;1910;191;C;191;Fabricación de productos de hornos de coque;Coquerias;1.9479;449.9649
2007;Estados Unidos;0112;Cultivo de arroz;0;011;0191;Agricultura, inclusive o apoio à agricultura e a pós-colheita;0111;011;A;011;Cultivo de plantas no perenes;Produção de lavouras temporárias;1.9479;0.0
2006;Estados Unidos;2410;Fabricação de ferro e aço básicos;2791844424;241;2491;Produção de ferro-gusa/ferroligas, siderurgia e tubos de aço sem costura;2411;241;C;241;Fabricación básica de hierro y acero;Produção de ferro-gusa e de ferroligas;2.1761;6075332651.0664
2006;Estados Unidos;0610;Extração de petróleo bruto;1958332006;06;0680;Extração de petróleo e gás, inclusive as atividades de apoio;0600;06;B;06;EXTRACCIÓN DE PETRÓLEO CRUDO Y GAS NATURAL;EXTRAÇÃO DE PETRÓLEO E GÁS NATURAL;2.1761;4261526278.2566
2006;Estados Unidos;2011;Fabricação de produtos químicos básicos;1525179201;201;1992;Fabricação de biocombustíveis;1931;193;C;201;Fabricación de sustancias químicas básicas, de abonos y compuestos de nitrógeno y de plásticos y caucho sintético en formas primarias;Fabricação de biocombustíveis;2.1761;3318942459.2960997
2006;Estados Unidos;2420;Fabricação de metais preciosos e outros metais não ferrosos;1508546981;242;2492;Metalurgia de metais não ferosos e a fundição de metais;2441;244;C;242;Fabricación de productos primarios de metales preciosos y otros metales no ferrosos;Metalurgia dos metais não-ferrosos;2.1761;3282749085.3540998
2006;Estados Unidos;2930;Fabricação de peças e acessórios para veículos automotores;1448582961;293;2992;Fabricação de peças e acessórios para veículos automotores;2941;294;C;293;Fabricación de partes, piezas y accesorios para vehículos automotores;Fabricação de peças e acessórios para veículos automotores;2.1761;3152261381.4321
2006;Estados Unidos;3030;Fabricação de aviões e máquinas relacionadas;1419031983;30;3000;Fabricação de outros equipamentos de transporte, exceto veículos automotores;3011;30;C;30;FABRICACIÓN DE OTRO  EQUIPO DE TRANSPORTE;FABRICAÇÃO DE OUTROS EQUIPAMENTOS DE TRANSPORTE, EXCETO VEÍCULOS AUTOMOTORES;2.1761;3087955498.2063
2006;Estados Unidos;1520;Fabricação de calçado;856350423;15;1500;Fabricação de calçados e de artefatos de couro;1510;15;C;15;FABRICACIÓN DE PRODUCTOS DE CUERO Y PRODUCTOS CONEXOS;PREPARAÇÃO DE COUROS E FABRICAÇÃO DE ARTEFATOS DE COURO, ARTIGOS PARA VIAGEM E CALÇADOS;2.1761;1863504155.4903
2006;Estados Unidos;1610;Serração e aplainamento de madeira;706019768;16;1500;Fabricação de calçados e de artefatos de couro;1510;15;C;16;"PRODUCCIÓN DE MADERA Y FABRICACIÓN DE PRODUCTOS DE MADERA Y CORCHO, EXCEPTO MUEBLES; FABRICACIÓN DE ARTÍCULOS DE PAJA Y DE MATERIALES TRENZABLES";PREPARAÇÃO DE COUROS E FABRICAÇÃO DE ARTEFATOS DE COURO, ARTIGOS PARA VIAGEM E CALÇADOS;2.1761;1536369617.1448
2006;Estados Unidos;2824;Fabricação de máquinas para mineração, exploração de pedreiras e construção;704514909;28;2800;Fabricação de máquinas e equipamentos mecânicos;2811;28;C;28;FABRICACIÓN DE MAQUINARIA Y EQUIPO N.C.P.;FABRICAÇÃO DE MÁQUINAS E EQUIPAMENTOS;2.1761;1533094893.4749
2006;Estados Unidos;2910;Fabricação de veículos automotores;640356445;291;2991;Fabricação de automóveis, caminhões e ônibus, exceto peças;2910;291;C;291;Fabricación de vehículos automotores;Fabricação de automóveis, camionetas e utilitários;2.1761;1393479659.9645
2006;Estados Unidos;2396;Corte, moldagem e acabamento de pedra;627730334;23;2300;Fabricação de produtos de minerais não metálicos;2311;23;C;23;FABRICACIÓN DE OTROS PRODUCTOS MINERALES NO METÁLICOS;FABRICAÇÃO DE PRODUTOS DE MINERAIS NÃO-METÁLICOS;2.1761;1366003979.8174
2006;Estados Unidos;1701;Fabricação de polpa, papel e cartão;599314096;17;1700;Fabricação de celulose, papel e produtos de papel;1710;17;C;17;FABRICACIÓN DE PAPEL Y DE PRODUCTOS DE PAPEL;FABRICAÇÃO DE CELULOSE, PAPEL E PRODUTOS DE PAPEL;2.1761;1304167404.3056
2006;Estados Unidos;0127;Cultivo de bebidas da safra;543006460;012;0191;Agricultura, inclusive o apoio à agricultura e a pós-colheita;0111;011;A;012;Cultivo de plantas perennes;Produção de lavouras temporárias;2.1761;1181636357.606
2006;Estados Unidos;2710;Fabricação de motores elétricos, geradores, transformadores e aparelhos de distribuição e controle de energia elétrica;534071542;27;2700;Fabricação de máquinas e equipamentos elétricos;2710;27;C;27;FABRICACIÓN DE EQUIPO ELÉCTRICO;FABRICAÇÃO DE MÁQUINAS, APARELHOS E MATERIAIS ELÉTRICOS;2.1761;1162193082.5462
2006;Estados Unidos;2630;Fabricação de equipamentos de comunicação;510052723;26;2600;Fabricação de equipamentos de informática, produtos eletrônicos e ópticos;2610;26;C;26;FABRICACIÓN DE PRODUCTOS DE INFORMÁTICA, DE ELECTRÓNICA Y DE ÓPTICA;FABRICAÇÃO DE EQUIPAMENTOS DE INFORMÁTICA, PRODUTOS ELETRÔNICOS E ÓPTICOS;2.1761;1109925730.5203
2006;Estados Unidos;2813;Fabricação de outras bombas, compressores, torneiras e válvulas;459268396;28;2800;Fabricação de máquinas e equipamentos mecânicos;2811;28;C;28;FABRICACIÓN DE MAQUINARIA Y EQUIPO N.C.P.;FABRICAÇÃO DE MÁQUINAS E EQUIPAMENTOS;2.1761;999413956.5356
2006;Estados Unidos;1920;Fabricação de produtos petrolíferos refinados;372149105;192;1991;Refino de petróleo e coquerias;1921;192;C;192;Fabricación de productos de la refinación del petróleo;Fabricação de produtos derivados do petróleo;2.1761;809833667.3905
2006;Estados Unidos;1621;Fabricação de folheados e painéis derivados de madeira;361152584;16;1500;Fabricação de calçados e de artefatos de couro;1510;15;C;16;"PRODUCCIÓN DE MADERA Y FABRICACIÓN DE PRODUCTOS DE MADERA Y CORCHO, EXCEPTO MUEBLES; FABRICACIÓN DE ARTÍCULOS DE PAJA Y DE MATERIALES TRENZABLES";PREPARAÇÃO DE COUROS E FABRICAÇÃO DE ARTEFATOS DE COURO, ARTIGOS PARA VIAGEM E CALÇADOS;2.1761;785904138.0424
2006;Estados Unidos;3100;Fabricação de móveis;297978717;31;3180;Fabricação de móveis e de produtos de indústrias diversas;3101;31;C;31;FABRICACIÓN DE MUEBLES;FABRICAÇÃO DE MÓVEIS;2.1761;648431486.0637
2006;Estados Unidos;1622;Fabricação de carpintaria e marcenaria de construtores;297583925;16;1500;Fabricação de calçados e de artefatos de couro;1510;15;C;16;"PRODUCCIÓN DE MADERA Y FABRICACIÓN DE PRODUCTOS DE MADERA Y CORCHO, EXCEPTO MUEBLES; FABRICACIÓN DE ARTÍCULOS DE PAJA Y DE MATERIALES TRENZABLES";PREPARAÇÃO DE COUROS E FABRICAÇÃO DE ARTEFATOS DE COURO, ARTIGOS PARA VIAGEM E CALÇADOS;2.1761;647572379.1925
2006;Estados Unidos;1010;Processamento e conservação de carne;286836073;101;1091;Abate e produtos de carne, inclusive os produtos do laticínio e da pesca;1011;101;C;101;Elaboración y conservación de carne;Abate e fabricação de produtos de carne;2.1761;624183978.4553
2006;Estados Unidos;1030;Processamento e conservação de frutas e legumes;284260224;103;1093;Outros produtos alimentares;1031;103;C;103;Elaboración y conservación de frutas, legumbres y hortalizas;Fabricação de conservas de frutas, legumes e outros vegetais;2.1761;618578673.4463999
2006;Estados Unidos;2814;Fabricação de rolamentos, engrenagens, engrenagens e elementos de acionamento;265867953;28;2800;Fabricação de máquinas e equipamentos mecânicos;2811;28;C;28;FABRICACIÓN DE MAQUINARIA Y EQUIPO N.C.P.;FABRICAÇÃO DE MÁQUINAS E EQUIPAMENTOS;2.1761;578555252.5232999
2006;Estados Unidos;1200;Fabricação de produtos de tabaco;242057463;12;1200;Fabricação de produtos do fumo;1210;12;C;12;ELABORACIÓN DE PRODUCTOS DE TABACO;FABRICAÇÃO DE PRODUTOS DO FUMO;2.1761;526741245.23429996
2006;Estados Unidos;2392;Fabricação de materiais de construção de argila;235095779;23;2300;Fabricação de produtos de minerais não metálicos;2311;23;C;23;FABRICACIÓN DE OTROS PRODUCTOS MINERALES NO METÁLICOS;FABRICAÇÃO DE PRODUTOS DE MINERAIS NÃO-METÁLICOS;2.1761;511591924.68189996
2006;Estados Unidos;2211;"Fabricação de pneus e tubos; recauchutagem e reconstrução de pneus de borracha";218978221;22;1500;Fabricação de calçados e de artefatos de couro;1510;15;C;22;FABRICACIÓN DE PRODUCTOS DE CAUCHO Y PLÁSTICO;PREPARAÇÃO DE COUROS E FABRICAÇÃO DE ARTEFATOS DE COURO, ARTIGOS PARA VIAGEM E CALÇADOS;2.1761;476518506.7181
2006;Estados Unidos;1511;Curtimento e vestuário de couro;206926280;15;1500;Fabricação de calçados e de artefatos de couro;1510;15;C;15;FABRICACIÓN DE PRODUCTOS DE CUERO Y PRODUCTOS CONEXOS;PREPARAÇÃO DE COUROS E FABRICAÇÃO DE ARTEFATOS DE COURO, ARTIGOS PARA VIAGEM E CALÇADOS;2.1761;450292277.908
2006;Estados Unidos;2599;Fabricação de outros produtos metálicos fabricados n.c;201715488;25;2500;Fabricação de produtos de metal, exceto máquinas e equipamentos;2511;25;C;25;FABRICACIÓN DE PRODUCTOS ELABORADOS DE METAL, EXCEPTO MAQUINARIA Y EQUIPO;FABRICAÇÃO DE PRODUTOS DE METAL, EXCETO MÁQUINAS E EQUIPAMENTOS;2.1761;438953073.4368
2006;Estados Unidos;2013;Fabricação de plásticos e borracha sintética em formas primárias;199816874;201;1992;Fabricação de biocombustíveis;1931;193;C;201;Fabricación de sustancias químicas básicas, de abonos y compuestos de nitrógeno y de plásticos y caucho sintético en formas primarias;Fabricação de biocombustíveis;2.1761;434821499.5114
2006;Estados Unidos;1392;Fabricação de artigos têxteis confeccionados, exceto vestuário;187483878;13;1300;Fabricação de produtos têxteis;1311;13;C;13;FABRICACIÓN DE PRODUCTOS TEXTILES;FABRICAÇÃO DE PRODUTOS TÊXTEIS;2.1761;407983666.9158
2006;Estados Unidos;1073;Fabricação de cacau, chocolate e produtos de confeitaria;183070081;107;1092;Fabricação e refino de açúcar;1071;107;C;107;Elaboración de otros productos alimenticios;Fabricação e refino de açúcar;2.1761;398378803.2641
2006;Estados Unidos;0710;Extração de minério de ferro;175349716;071;0791;Extração de minério de ferro, inclusive beneficiamento e a aglomeração;0710;071;B;071;Extracción de minerales de hierro;Extração de minério de ferro;2.1761;381578516.98759997
2006;Estados Unidos;0125;Cultivo de outras frutas e nozes;146882149;012;0191;Agricultura, inclusive o apoio à agricultura e a pós-colheita;0111;011;A;012;Cultivo de plantas perennes;Produção de lavouras temporárias;2.1761;319630244.4389
2006;Estados Unidos;2029;Fabricação de outros produtos químicos n.c;142637253;202;2092;Fabricação de defensivos, desinfestantes, tintas e químicos diversos;2051;205;C;202;Fabricación de otros productos químicos;Fabricação de defensivos agrícolas e desinfestantes domissanitários;2.1761;310392926.2533
2006;Estados Unidos;2811;Fabricação de motores e turbinas, exceto aeronaves, veículos e motores de ciclo;141461391;28;2800;Fabricação de máquinas e equipamentos mecânicos;2811;28;C;28;FABRICACIÓN DE MAQUINARIA Y EQUIPO N.C.P.;FABRICAÇÃO DE MÁQUINAS E EQUIPAMENTOS;2.1761;307834132.9551
2006;Estados Unidos;2220;Fabricação de produtos plásticos;123443513;22;1500;Fabricação de calçados e de artefatos de couro;1510;15;C;22;FABRICACIÓN DE PRODUCTOS DE CAUCHO Y PLÁSTICO;PREPARAÇÃO DE COUROS E FABRICAÇÃO DE ARTEFATOS DE COURO, ARTIGOS PARA VIAGEM E CALÇADOS;2.1761;268625428.6393
2006;Estados Unidos;2593;Fabricação de cutelaria, ferramentas manuais e ferragens em geral;111701638;25;2500;Fabricação de produtos de metal, exceto máquinas e equipamentos;2511;25;C;25;FABRICACIÓN DE PRODUCTOS ELABORADOS DE METAL, EXCEPTO MAQUINARIA Y EQUIPO;FABRICAÇÃO DE PRODUTOS DE METAL, EXCETO MÁQUINAS E EQUIPAMENTOS;2.1761;243073934.4518
2006;Estados Unidos;1020;Processamento e conservação de peixes, crustáceos e moluscos;110787181;102;1091;Abate e produtos de carne, inclusive os produtos do laticínio e da pesca;1020;102;C;102;Elaboración y conservación de pescado, crustáceos y moluscos;Preservação do pescado e fabricação de produtos do pescado;2.1761;241083984.5741
2006;Estados Unidos;1079;Fabricação de outros produtos alimentícios n.c;109628771;107;1092;Fabricação e refino de açúcar;1071;107;C;107;Elaboración de otros productos alimenticios;Fabricação e refino de açúcar;2.1761;238563168.5731
2006;Estados Unidos;2399;Fabricação de outros produtos minerais não metálicos n.c;104725581;23;2300;Fabricação de produtos de minerais não metálicos;2311;23;C;23;FABRICACIÓN DE OTROS PRODUCTOS MINERALES NO METÁLICOS;FABRICAÇÃO DE PRODUTOS DE MINERAIS NÃO-METÁLICOS;2.1761;227893336.8141
2006;Estados Unidos;1709;Fabricação de outros artigos de papel e cartão;102094472;17;1700;Fabricação de celulose, papel e produtos de papel;1710;17;C;17;FABRICACIÓN DE PAPEL Y DE PRODUCTOS DE PAPEL;FABRICAÇÃO DE CELULOSE, PAPEL E PRODUTOS DE PAPEL;2.1761;222167780.5192
2006;Estados Unidos;2819;Fabricação de outras máquinas para uso geral;100188297;28;2800;Fabricação de máquinas e equipamentos mecânicos;2811;28;C;28;FABRICACIÓN DE MAQUINARIA Y EQUIPO N.C.P.;FABRICAÇÃO DE MÁQUINAS E EQUIPAMENTOS;2.1761;218019753.10169998
2006;Estados Unidos;2732;Fabricação de outros fios e cabos elétricos e eletrônicos;94183120;27;2700;Fabricação de máquinas e equipamentos elétricos;2710;27;C;27;FABRICACIÓN DE EQUIPO ELÉCTRICO;FABRICAÇÃO DE MÁQUINAS, APARELHOS E MATERIAIS ELÉTRICOS;2.1761;204951887.43199998
2006;Estados Unidos;1629;"Fabricação de outros produtos de madeira; fabricação de artigos de cortiça, de espartaria e cestaria";94053330;16;1500;Fabricação de calçados e de artefatos de couro;1510;15;C;16;"PRODUCCIÓN DE MADERA Y FABRICACIÓN DE PRODUCTOS DE MADERA Y CORCHO, EXCEPTO MUEBLES; FABRICACIÓN DE ARTÍCULOS DE PAJA Y DE MATERIALES TRENZABLES";PREPARAÇÃO DE COUROS E FABRICAÇÃO DE ARTEFATOS DE COURO, ARTIGOS PARA VIAGEM E CALÇADOS;2.1761;204669451.413
2006;Estados Unidos;3020;Fabricação de locomotivas e material circulante;91794213;30;3000;Fabricação de outros equipamentos de transporte, exceto veículos automotores;3011;30;C;30;FABRICACIÓN DE OTRO  EQUIPO DE TRANSPORTE;FABRICAÇÃO DE OUTROS EQUIPAMENTOS DE TRANSPORTE, EXCETO VEÍCULOS AUTOMOTORES;2.1761;199753386.9093
2006;Estados Unidos;2829;Fabricação de outras máquinas para fins especiais;91633060;28;2800;Fabricação de máquinas e equipamentos mecânicos;2811;28;C;28;FABRICACIÓN DE MAQUINARIA Y EQUIPO N.C.P.;FABRICAÇÃO DE MÁQUINAS E EQUIPAMENTOS;2.1761;199402701.866
2006;Estados Unidos;1410;Fabricação de vestuário, exceto vestuários de peles;89385723;14;1400;Confecção de artefatos do vestuário e acessórios;1411;14;C;14;FABRICACIÓN DE PRENDAS DE VESTIR;CONFECÇÃO DE ARTIGOS DO VESTUÁRIO E ACESSÓRIOS;2.1761;194512271.82029998
2006;Estados Unidos;1072;Fabricação de açúcar;89336562;107;1092;Fabricação e refino de açúcar;1071;107;C;107;Elaboración de otros productos alimenticios;Fabricação e refino de açúcar;2.1761;194405292.5682
2006;Estados Unidos;1512;Fabricação de malas, bolsas e semelhantes, selaria e arreios;85872105;15;1500;Fabricação de calçados e de artefatos de couro;1510;15;C;15;FABRICACIÓN DE PRODUCTOS DE CUERO Y PRODUCTOS CONEXOS;PREPARAÇÃO DE COUROS E FABRICAÇÃO DE ARTEFATOS DE COURO, ARTIGOS PARA VIAGEM E CALÇADOS;2.1761;186866287.6905
2006;Estados Unidos;2651;Fabricação de equipamentos de medição, teste, navegação e controle;85442420;26;2600;Fabricação de equipamentos de informática, produtos eletrônicos e ópticos;2610;26;C;26;FABRICACIÓN DE PRODUCTOS DE INFORMÁTICA, DE ELECTRÓNICA Y DE ÓPTICA;FABRICAÇÃO DE EQUIPAMENTOS DE INFORMÁTICA, PRODUTOS ELETRÔNICOS E ÓPTICOS;2.1761;185931250.162
2006;Estados Unidos;0729;Extração de outros minérios de metais não ferrosos;84035683;072;0792;Extração de minerais metálicos não ferrosos, inclusive beneficiamentos;0721;072;B;072;Extracción de minerales metalíferos no ferrosos;Extração de minerais metálicos não-ferrosos;2.1761;182870049.77629998
2006;Estados Unidos;3211;Fabricação de joalharia e artigos afins;82198661;32;3180;Fabricação de móveis e de produtos de indústrias diversas;3211;32;C;32;OTRAS INDUSTRIAS MANUFACTURERAS;FABRICAÇÃO DE PRODUTOS DIVERSOS;2.1761;178872506.20209998
2006;Estados Unidos;2100;Fabricação de produtos farmacêuticos, produtos químicos medicinais e botânicos;77728800;21;2100;Fabricação de produtos farmoquímicos e farmacêuticos;2110;21;C;21;FABRICACIÓN DE PRODUCTOS FARMACÉUTICOS, SUSTANCIAS QUÍMICAS MEDICINALES Y PRODUCTOS BOTÁNICOS DE USO FARMACÉUTICO;FABRICAÇÃO DE PRODUTOS FARMOQUÍMICOS E FARMACÊUTICOS;2.1761;169145641.68
2006;Estados Unidos;2520;Fabricação de armas e munições;76553993;25;2500;Fabricação de produtos de metal, exceto máquinas e equipamentos;2511;25;C;25;FABRICACIÓN DE PRODUCTOS ELABORADOS DE METAL, EXCEPTO MAQUINARIA Y EQUIPO;FABRICAÇÃO DE PRODUTOS DE METAL, EXCETO MÁQUINAS E EQUIPAMENTOS;2.1761;166589144.1673
2006;Estados Unidos;2821;Fabricação de maquinaria agrícola e florestal;74136810;28;2800;Fabricação de máquinas e equipamentos mecânicos;2811;28;C;28;FABRICACIÓN DE MAQUINARIA Y EQUIPO N.C.P.;FABRICAÇÃO DE MÁQUINAS E EQUIPAMENTOS;2.1761;161329112.241
2006;Estados Unidos;3091;Fabricação de motocicletas;69587921;30;3000;Fabricação de outros equipamentos de transporte, exceto veículos automotores;3011;30;C;30;FABRICACIÓN DE OTRO  EQUIPO DE TRANSPORTE;FABRICAÇÃO DE OUTROS EQUIPAMENTOS DE TRANSPORTE, EXCETO VEÍCULOS AUTOMOTORES;2.1761;151430274.8881
2006;Estados Unidos;2640;Fabricação de produtos eletrônicos de consumo;63293040;26;2600;Fabricação de equipamentos de informática, produtos eletrônicos e ópticos;2610;26;C;26;FABRICACIÓN DE PRODUCTOS DE INFORMÁTICA, DE ELECTRÓNICA Y DE ÓPTICA;FABRICAÇÃO DE EQUIPAMENTOS DE INFORMÁTICA, PRODUTOS ELETRÔNICOS E ÓPTICOS;2.1761;137731984.34399998
2006;Estados Unidos;2219;Fabricação de outros produtos de borracha;63174822;22;1500;Fabricação de calçados e de artefatos de couro;1510;15;C;22;FABRICACIÓN DE PRODUCTOS DE CAUCHO Y PLÁSTICO;PREPARAÇÃO DE COUROS E FABRICAÇÃO DE ARTEFATOS DE COURO, ARTIGOS PARA VIAGEM E CALÇADOS;2.1761;137474730.1542
2006;Estados Unidos;2620;Fabricação de computadores e equipamentos periféricos;57850246;26;2600;Fabricação de equipamentos de informática, produtos eletrônicos e ópticos;2610;26;C;26;FABRICACIÓN DE PRODUCTOS DE INFORMÁTICA, DE ELECTRÓNICA Y DE ÓPTICA;FABRICAÇÃO DE EQUIPAMENTOS DE INFORMÁTICA, PRODUTOS ELETRÔNICOS E ÓPTICOS;2.1761;125887920.3206
2006;Estados Unidos;0810;Extração de pedra, areia e argila;53594533;08;0580;Extração de carvão mineral e de minerais não metálicos;0810;08;B;08;EXPLOTACIÓN DE OTRAS MINAS Y CANTERAS;EXTRAÇÃO DE MINERAIS NÃO-METÁLICOS;2.1761;116627063.2613
2006;Estados Unidos;1312;Tecelagem de têxteis;51213061;13;1300;Fabricação de produtos têxteis;1311;13;C;13;FABRICACIÓN DE PRODUCTOS TEXTILES;FABRICAÇÃO DE PRODUTOS TÊXTEIS;2.1761;111444742.0421
2006;Estados Unidos;0128;Cultivo de especiarias, culturas aromáticas, medicamentosas e farmacêuticas;43298617;012;0191;Agricultura, inclusive o apoio à agricultura e a pós-colheita;0111;011;A;012;Cultivo de plantas perennes;Produção de lavouras temporárias;2.1761;94222120.45369999
2006;Estados Unidos;2610;Fabricação de componentes eletrônicos e placas;41505229;26;2600;Fabricação de equipamentos de informática, produtos eletrônicos e ópticos;2610;26;C;26;FABRICACIÓN DE PRODUCTOS DE INFORMÁTICA, DE ELECTRÓNICA Y DE ÓPTICA;FABRICAÇÃO DE EQUIPAMENTOS DE INFORMÁTICA, PRODUTOS ELETRÔNICOS E ÓPTICOS;2.1761;90319528.82689999
2006;Estados Unidos;3290;Outras manufaturas n.c.;41166809;32;3180;Fabricação de móveis e de produtos de indústrias diversas;3211;32;C;32;OTRAS INDUSTRIAS MANUFACTURERAS;FABRICAÇÃO DE PRODUTOS DIVERSOS;2.1761;89583093.0649
2006;Estados Unidos;2790;Fabricação de outro equipamento elétrico;41148737;27;2700;Fabricação de máquinas e equipamentos elétricos;2710;27;C;27;FABRICACIÓN DE EQUIPO ELÉCTRICO;FABRICAÇÃO DE MÁQUINAS, APARELHOS E MATERIAIS ELÉTRICOS;2.1761;89543766.58569999
2006;Estados Unidos;1394;Fabricação de cordéis, cordas, cordéis e redes;38782596;13;1300;Fabricação de produtos têxteis;1311;13;C;13;FABRICACIÓN DE PRODUCTOS TEXTILES;FABRICAÇÃO DE PRODUTOS TÊXTEIS;2.1761;84394807.1556
2006;Estados Unidos;1311;Preparação e fiação de fibras têxteis;37267936;13;1300;Fabricação de produtos têxteis;1311;13;C;13;FABRICACIÓN DE PRODUCTOS TEXTILES;FABRICAÇÃO DE PRODUTOS TÊXTEIS;2.1761;81098755.5296
2006;Estados Unidos;3250;Fabricação de instrumentos e suprimentos médicos e odontológicos;36811614;32;3180;Fabricação de móveis e de produtos de indústrias diversas;3211;32;C;32;OTRAS INDUSTRIAS MANUFACTURERAS;FABRICAÇÃO DE PRODUTOS DIVERSOS;2.1761;80105753.2254
2006;Estados Unidos;2822;Fabricação de máquinas e máquinas-ferramentas para moldagem de metais;34308358;28;2800;Fabricação de máquinas e equipamentos mecânicos;2811;28;C;28;FABRICACIÓN DE MAQUINARIA Y EQUIPO N.C.P.;FABRICAÇÃO DE MÁQUINAS E EQUIPAMENTOS;2.1761;74658417.8438
2006;Estados Unidos;1399;Fabricação de outros têxteis n.e.c.;28967149;13;1300;Fabricação de produtos têxteis;1311;13;C;13;FABRICACIÓN DE PRODUCTOS TEXTILES;FABRICAÇÃO DE PRODUTOS TÊXTEIS;2.1761;63035412.9389
2006;Estados Unidos;0121;Cultivo de uvas;27736281;012;0191;Agricultura, inclusive o apoio à agricultura e a pós-colheita;0111;011;A;012;Cultivo de plantas perennes;Produção de lavouras temporárias;2.1761;60356921.0841
2006;Estados Unidos;0113;Cultivo de hortaliças e melões, raízes e tubérculos;27298964;011;0191;Agricultura, inclusive o apoio à agricultura e a pós-colheita;0111;011;A;011;Cultivo de plantas no perenes;Produção de lavouras temporárias;2.1761;59405275.560399994
2006;Estados Unidos;2310;Fabricação de produtos de vidro e vidro;24062353;23;2300;Fabricação de produtos de minerais não metálicos;2311;23;C;23;FABRICACIÓN DE OTROS PRODUCTOS MINERALES NO METÁLICOS;FABRICAÇÃO DE PRODUTOS DE MINERAIS NÃO-METÁLICOS;2.1761;52362086.363299996
2006;Estados Unidos;2823;Fabricação de máquinas para metalurgia;23370194;28;2800;Fabricação de máquinas e equipamentos mecânicos;2811;28;C;28;FABRICACIÓN DE MAQUINARIA Y EQUIPO N.C.P.;FABRICAÇÃO DE MÁQUINAS E EQUIPAMENTOS;2.1761;50855879.1634
2006;Estados Unidos;2825;Fabricação de máquinas para processamento de alimentos, bebidas e tabaco;20013626;28;2800;Fabricação de máquinas e equipamentos mecânicos;2811;28;C;28;FABRICACIÓN DE MAQUINARIA Y EQUIPO N.C.P.;FABRICAÇÃO DE MÁQUINAS E EQUIPAMENTOS;2.1761;43551651.5386
2006;Estados Unidos;2750;Fabricação de eletrodomésticos;20010980;27;2700;Fabricação de máquinas e equipamentos elétricos;2710;27;C;27;FABRICACIÓN DE EQUIPO ELÉCTRICO;FABRICAÇÃO DE MÁQUINAS, APARELHOS E MATERIAIS ELÉTRICOS;2.1761;43545893.578
2006;Estados Unidos;0311;Pesca marinha;19263365;03;0280;"Produção florestal; pesca e aquicultura";0311;03;A;03;PESCA Y ACUICULTURA;PESCA E AQÜICULTURA;2.1761;41919008.5765
2006;Estados Unidos;2431;Fundição de ferro e aço;19108200;243;2492;Metalurgia de metais não ferosos e a fundição de metais;2451;245;C;243;Fundición de metales;Fundição;2.1761;41581354.019999996
2006;Estados Unidos;1040;Fabricação de óleos e gorduras vegetais e animais;18457151;104;1093;Outros produtos alimentares;1041;104;C;104;Elaboración de aceites y grasas de origen vegetal y animal;Fabricação de óleos e gorduras vegetais e animais;2.1761;40164606.291099995
2006;Estados Unidos;0149;Criação de outros animais;17597769;014;0192;Pecuária, inclusive o apoio à pecuária;0151;015;A;014;Ganadería;Pecuária;2.1761;38294505.1209
2006;Estados Unidos;2812;Fabricação de equipamentos para energia hidráulica;16445316;28;2800;Fabricação de máquinas e equipamentos mecânicos;2811;28;C;28;FABRICACIÓN DE MAQUINARIA Y EQUIPO N.C.P.;FABRICAÇÃO DE MÁQUINAS E EQUIPAMENTOS;2.1761;35786652.147599995
2006;Estados Unidos;2393;Fabricação de outros produtos de porcelana e cerâmica;16422187;23;2300;Fabricação de produtos de minerais não metálicos;2311;23;C;23;FABRICACIÓN DE OTROS PRODUCTOS MINERALES NO METÁLICOS;FABRICAÇÃO DE PRODUTOS DE MINERAIS NÃO-METÁLICOS;2.1761;35736321.1307
2006;Estados Unidos;2012;Fabricação de fertilizantes e compostos nitrogenados;14989137;201;1992;Fabricação de biocombustíveis;1931;193;C;201;Fabricación de sustancias químicas básicas, de abonos y compuestos de nitrógeno y de plásticos y caucho sintético en formas primarias;Fabricação de biocombustíveis;2.1761;32617861.0257
2006;Estados Unidos;1623;Fabricação de embalagens de madeira;13888470;16;1500;Fabricação de calçados e de artefatos de couro;1510;15;C;16;"PRODUCCIÓN DE MADERA Y FABRICACIÓN DE PRODUCTOS DE MADERA Y CORCHO, EXCEPTO MUEBLES; FABRICACIÓN DE ARTÍCULOS DE PAJA Y DE MATERIALES TRENZABLES";PREPARAÇÃO DE COUROS E FABRICAÇÃO DE ARTEFATOS DE COURO, ARTIGOS PARA VIAGEM E CALÇADOS;2.1761;30222699.566999998
2006;Estados Unidos;2720;Fabricação de baterias e acumuladores;13651640;27;2700;Fabricação de máquinas e equipamentos elétricos;2710;27;C;27;FABRICACIÓN DE EQUIPO ELÉCTRICO;FABRICAÇÃO DE MÁQUINAS, APARELHOS E MATERIAIS ELÉTRICOS;2.1761;29707333.803999998
2006;Estados Unidos;2391;Fabricação de produtos refratários;12798772;23;2300;Fabricação de produtos de minerais não metálicos;2311;23;C;23;FABRICACIÓN DE OTROS PRODUCTOS MINERALES NO METÁLICOS;FABRICAÇÃO DE PRODUTOS DE MINERAIS NÃO-METÁLICOS;2.1761;27851407.749199998
2006;Estados Unidos;2394;Fabricação de cimento, cal e gesso;12054485;23;2300;Fabricação de produtos de minerais não metálicos;2311;23;C;23;FABRICACIÓN DE OTROS PRODUCTOS MINERALES NO METÁLICOS;FABRICAÇÃO DE PRODUTOS DE MINERAIS NÃO-METÁLICOS;2.1761;26231764.8085
2006;Estados Unidos;2030;Fabricação de fibras sintéticas ou artificiais;11502431;203;2091;Fabricação de químicos orgânicos e inorgânicos, resinas e elastômeros;2040;204;C;203;Fabricación de fibras artificiales;Fabricação de fibras artificiais e sintéticas;2.1761;25030440.099099997
2006;Estados Unidos;1071;Fabricação de produtos de panificação;11102092;107;1092;Fabricação e refino de açúcar;1071;107;C;107;Elaboración de otros productos alimenticios;Fabricação e refino de açúcar;2.1761;24159262.4012
2006;Estados Unidos;2826;Fabricação de máquinas para produção de têxteis, vestuário e couro;10677877;28;2800;Fabricação de máquinas e equipamentos mecânicos;2811;28;C;28;FABRICACIÓN DE MAQUINARIA Y EQUIPO N.C.P.;FABRICAÇÃO DE MÁQUINAS E EQUIPAMENTOS;2.1761;23236128.1397
2006;Estados Unidos;2817;Fabricação de máquinas e equipamentos de escritório (exceto computadores e equipamentos periféricos);10260192;28;2800;Fabricação de máquinas e equipamentos mecânicos;2811;28;C;28;FABRICACIÓN DE MAQUINARIA Y EQUIPO N.C.P.;FABRICAÇÃO DE MÁQUINAS E EQUIPAMENTOS;2.1761;22327203.8112
2006;Estados Unidos;3240;Fabricação de jogos e brinquedos;9685575;32;3180;Fabricação de móveis e de produtos de indústrias diversas;3211;32;C;32;OTRAS INDUSTRIAS MANUFACTURERAS;FABRICAÇÃO DE PRODUTOS DIVERSOS;2.1761;21076779.7575
2006;Estados Unidos;1050;Fabricação de produtos lácteos;9563171;105;1091;Abate e produtos de carne, inclusive os produtos do laticínio e da pesca;1051;105;C;105;Elaboración de productos lácteos;Laticínios;2.1761;20810416.4131
2006;Estados Unidos;3012;Construção de barcos de recreio e desportivos;9543931;30;3000;Fabricação de outros equipamentos de transporte, exceto veículos automotores;3011;30;C;30;FABRICACIÓN DE OTRO  EQUIPO DE TRANSPORTE;FABRICAÇÃO DE OUTROS EQUIPAMENTOS DE TRANSPORTE, EXCETO VEÍCULOS AUTOMOTORES;2.1761;20768548.2491
2006;Estados Unidos;5819;Outras atividades de publicação;9331190;58;5800;Edição e edição integrada à impressão;5811;58;J;58;ACTIVIDADES DE EDICIÓN;EDIÇÃO E EDIÇÃO INTEGRADA À IMPRESSÃO;2.1761;20305602.559
2006;Estados Unidos;2023;Fabricação de sabão e detergentes, produtos de limpeza e polimento, perfumes e produtos de toilette;8952418;202;2092;Fabricação de defensivos, desinfestantes, tintas e químicos diversos;2051;205;C;202;Fabricación de otros productos químicos;Fabricação de defensivos agrícolas e desinfestantes domissanitários;2.1761;19481356.8098
2006;Estados Unidos;2670;Fabricação de instrumentos ópticos e equipamento fotográfico;8879374;26;2600;Fabricação de equipamentos de informática, produtos eletrônicos e ópticos;2610;26;C;26;FABRICACIÓN DE PRODUCTOS DE INFORMÁTICA, DE ELECTRÓNICA Y DE ÓPTICA;FABRICAÇÃO DE EQUIPAMENTOS DE INFORMÁTICA, PRODUTOS ELETRÔNICOS E ÓPTICOS;2.1761;19322405.7614
2006;Estados Unidos;9000;Atividades criativas, artes e entretenimento;8578316;90;9080;Atividades artísticas, criativas e de espetáculos;9001;90;R;90;ACTIVIDADES CREATIVAS, ARTÍSTICAS Y DE ENTRETENIMIENTO;ATIVIDADES ARTÍSTICAS, CRIATIVAS E DE ESPETÁCULOS;2.1761;18667273.4476
2006;Estados Unidos;1391;Fabricação de tecidos de malha;8491204;13;1300;Fabricação de produtos têxteis;1311;13;C;13;FABRICACIÓN DE PRODUCTOS TEXTILES;FABRICAÇÃO DE PRODUTOS TÊXTEIS;2.1761;18477709.0244
2006;Estados Unidos;0116;Cultivo de culturas de fibra;8345648;011;0191;Agricultura, inclusive o apoio à agricultura e a pós-colheita;0111;011;A;011;Cultivo de plantas no perenes;Produção de lavouras temporárias;2.1761;18160964.6128
2006;Estados Unidos;1080;Fabricação de alimentos para animais;7986607;108;1093;Outros produtos alimentares;1061;106;C;108;Elaboración de piensos preparados para animales;Moagem, fabricação de produtos amiláceos e de alimentos para animais;2.1761;17379655.4927
2006;Estados Unidos;2680;Fabricação de mídia magnética e óptica;7787128;26;2600;Fabricação de equipamentos de informática, produtos eletrônicos e ópticos;2610;26;C;26;FABRICACIÓN DE PRODUCTOS DE INFORMÁTICA, DE ELECTRÓNICA Y DE ÓPTICA;FABRICAÇÃO DE EQUIPAMENTOS DE INFORMÁTICA, PRODUTOS ELETRÔNICOS E ÓPTICOS;2.1761;16945569.2408
2006;Estados Unidos;2816;Fabricação de equipamentos de elevação e manuseio;7363230;28;2800;Fabricação de máquinas e equipamentos mecânicos;2811;28;C;28;FABRICACIÓN DE MAQUINARIA Y EQUIPO N.C.P.;FABRICAÇÃO DE MÁQUINAS E EQUIPAMENTOS;2.1761;16023124.803
2006;Estados Unidos;2021;Fabricação de pesticidas e outros produtos agroquímicos;6927472;202;2092;Fabricação de defensivos, desinfestantes, tintas e químicos diversos;2051;205;C;202;Fabricación de otros productos químicos;Fabricação de defensivos agrícolas e desinfestantes domissanitários;2.1761;15074871.8192
2006;Estados Unidos;0899;Outras atividades de mineração n.c;6775664;08;0580;Extração de carvão mineral e de minerais não metálicos;0810;08;B;08;EXPLOTACIÓN DE OTRAS MINAS Y CANTERAS;EXTRAÇÃO DE MINERAIS NÃO-METÁLICOS;2.1761;14744522.430399999
2006;Estados Unidos;1062;Fabricação de amidos e féculas;6674896;106;1093;Outros produtos alimentares;1061;106;C;106;Elaboración de productos de molinería, almidones y productos derivados del almidón;Moagem, fabricação de produtos amiláceos e de alimentos para animais;2.1761;14525241.1856
2006;Estados Unidos;2511;Fabricação de produtos metálicos estruturais;6437907;25;2500;Fabricação de produtos de metal, exceto máquinas e equipamentos;2511;25;C;25;FABRICACIÓN DE PRODUCTOS ELABORADOS DE METAL, EXCEPTO MAQUINARIA Y EQUIPO;FABRICAÇÃO DE PRODUTOS DE METAL, EXCETO MÁQUINAS E EQUIPAMENTOS;2.1761;14009529.422699999
2006;Estados Unidos;5811;Publicação de livros;6393222;58;5800;Edição e edição integrada à impressão;5811;58;J;58;ACTIVIDADES DE EDICIÓN;EDIÇÃO E EDIÇÃO INTEGRADA À IMPRESSÃO;2.1761;13912290.394199999
2006;Estados Unidos;2395;Fabricação de artigos de concreto, cimento e gesso;5525039;23;2300;Fabricação de produtos de minerais não metálicos;2311;23;C;23;FABRICACIÓN DE OTROS PRODUCTOS MINERALES NO METÁLICOS;FABRICAÇÃO DE PRODUTOS DE MINERAIS NÃO-METÁLICOS;2.1761;12023037.367899999
2006;Estados Unidos;3212;Fabricação de bijuterias e artigos relacionados;5450787;32;3180;Fabricação de móveis e de produtos de indústrias diversas;3211;32;C;32;OTRAS INDUSTRIAS MANUFACTURERAS;FABRICAÇÃO DE PRODUTOS DIVERSOS;2.1761;11861457.590699999
2006;Estados Unidos;1430;Fabricação de vestuário de malha;5400746;14;1400;Confecção de artefatos do vestuário e acessórios;1411;14;C;14;FABRICACIÓN DE PRENDAS DE VESTIR;CONFECÇÃO DE ARTIGOS DO VESTUÁRIO E ACESSÓRIOS;2.1761;11752563.3706
2006;Estados Unidos;2022;Fabricação de tintas, vernizes e produtos similares, tintas de impressão e mástiques;5340546;202;2092;Fabricação de defensivos, desinfestantes, tintas e químicos diversos;2051;205;C;202;Fabricación de otros productos químicos;Fabricação de defensivos agrícolas e desinfestantes domissanitários;2.1761;11621562.1506
2006;Estados Unidos;0111;Cultivo de cereais (exceto arroz), leguminosas e oleaginosas;5328714;011;0191;Agricultura, inclusive o apoio à agricultura e a pós-colheita;0111;011;A;011;Cultivo de plantas no perenes;Produção de lavouras temporárias;2.1761;11595814.5354
2006;Estados Unidos;2740;Fabricação de equipamentos de iluminação elétrica;5043797;27;2700;Fabricação de máquinas e equipamentos elétricos;2710;27;C;27;FABRICACIÓN DE EQUIPO ELÉCTRICO;FABRICAÇÃO DE MÁQUINAS, APARELHOS E MATERIAIS ELÉTRICOS;2.1761;10975806.6517
2006;Estados Unidos;2815;Fabricação de fornos, fornos e queimadores de fornos;4988114;28;2800;Fabricação de máquinas e equipamentos mecânicos;2811;28;C;28;FABRICACIÓN DE MAQUINARIA Y EQUIPO N.C.P.;FABRICAÇÃO DE MÁQUINAS E EQUIPAMENTOS;2.1761;10854634.8754
2006;Estados Unidos;1702;Fabricação de papel e cartão canelados e de embalagens de papel e cartão;4828405;17;1700;Fabricação de celulose, papel e produtos de papel;1710;17;C;17;FABRICACIÓN DE PAPEL Y DE PRODUCTOS DE PAPEL;FABRICAÇÃO DE CELULOSE, PAPEL E PRODUTOS DE PAPEL;2.1761;10507092.1205
2006;Estados Unidos;2818;Fabricação de ferramentas manuais acionadas por motor;4461958;28;2800;Fabricação de máquinas e equipamentos mecânicos;2811;28;C;28;FABRICACIÓN DE MAQUINARIA Y EQUIPO N.C.P.;FABRICAÇÃO DE MÁQUINAS E EQUIPAMENTOS;2.1761;9709666.8038
2006;Estados Unidos;0130;Cultivo de plantas;4191956;013;0191;Agricultura, inclusive o apoio à agricultura e a pós-colheita;0141;014;A;013;Propagación de plantas;Produção de sementes e mudas certificadas;2.1761;9122115.4516
2006;Estados Unidos;2660;Fabricação de equipamentos de irradiação, eletromédicos e eletroterapêuticos;4152672;26;2600;Fabricação de equipamentos de informática, produtos eletrônicos e ópticos;2610;26;C;26;FABRICACIÓN DE PRODUCTOS DE INFORMÁTICA, DE ELECTRÓNICA Y DE ÓPTICA;FABRICAÇÃO DE EQUIPAMENTOS DE INFORMÁTICA, PRODUTOS ELETRÔNICOS E ÓPTICOS;2.1761;9036629.5392
2006;Estados Unidos;3220;Fabricação de instrumentos musicais;4066381;32;3180;Fabricação de móveis e de produtos de indústrias diversas;3211;32;C;32;OTRAS INDUSTRIAS MANUFACTURERAS;FABRICAÇÃO DE PRODUTOS DIVERSOS;2.1761;8848851.6941
2006;Estados Unidos;1104;"Fabricação de refrigerantes; produção de águas minerais e outras águas engarrafadas";3864799;11;1100;Fabricação de bebidas;1111;11;C;11;ELABORACIÓN DE BEBIDAS;FABRICAÇÃO DE BEBIDAS;2.1761;8410189.1039
2006;Estados Unidos;0893;Extração de sal;3799915;08;0580;Extração de carvão mineral e de minerais não metálicos;0810;08;B;08;EXPLOTACIÓN DE OTRAS MINAS Y CANTERAS;EXTRAÇÃO DE MINERAIS NÃO-METÁLICOS;2.1761;8268995.0315
2006;Estados Unidos;2512;Fabricação de tanques, reservatórios e recipientes de metal;3010306;25;2500;Fabricação de produtos de metal, exceto máquinas e equipamentos;2511;25;C;25;FABRICACIÓN DE PRODUCTOS ELABORADOS DE METAL, EXCEPTO MAQUINARIA Y EQUIPO;FABRICAÇÃO DE PRODUTOS DE METAL, EXCETO MÁQUINAS E EQUIPAMENTOS;2.1761;6550726.8866
2006;Estados Unidos;1393;Fabricação de tapetes e tapetes;2918616;13;1300;Fabricação de produtos têxteis;1311;13;C;13;FABRICACIÓN DE PRODUCTOS TEXTILES;FABRICAÇÃO DE PRODUTOS TÊXTEIS;2.1761;6351200.2776
2006;Estados Unidos;0119;Cultivo de outras culturas não perenes;2580737;011;0191;Agricultura, inclusive o apoio à agricultura e a pós-colheita;0111;011;A;011;Cultivo de plantas no perenes;Produção de lavouras temporárias;2.1761;5615941.7857
2006;Estados Unidos;1101;Fabricação de aguardentes e outras bebidas destiladas;2269417;11;1100;Fabricação de bebidas;1111;11;C;11;ELABORACIÓN DE BEBIDAS;FABRICAÇÃO DE BEBIDAS;2.1761;4938478.333699999
2006;Estados Unidos;2920;"Fabricação de carroçarias para veículos automotores; fabricação de reboques e semi-reboques";1878600;292;2991;Fabricação de automóveis, caminhões e ônibus, exceto peças;2930;293;C;292;"Fabricación de carrocerías para vehículos automotores; fabricación de remolques y semirremolques";Fabricação de cabines, carrocerias e reboques para veículos automotores;2.1761;4088021.46
2006;Estados Unidos;1061;Fabricação de produtos de moagem de grãos;1857499;106;1093;Outros produtos alimentares;1061;106;C;106;Elaboración de productos de molinería, almidones y productos derivados del almidón;Moagem, fabricação de produtos amiláceos e de alimentos para animais;2.1761;4042103.5738999997
2006;Estados Unidos;1103;Fabricação de malte e bebidas maltadas.;1799400;11;1100;Fabricação de bebidas;1111;11;C;11;ELABORACIÓN DE BEBIDAS;FABRICAÇÃO DE BEBIDAS;2.1761;3915674.34
2006;Estados Unidos;2513;Fabricação de geradores de vapor, exceto caldeiras de aquecimento central de água quente;1690698;25;2500;Fabricação de produtos de metal, exceto máquinas e equipamentos;2511;25;C;25;FABRICACIÓN DE PRODUCTOS ELABORADOS DE METAL, EXCEPTO MAQUINARIA Y EQUIPO;FABRICAÇÃO DE PRODUTOS DE METAL, EXCETO MÁQUINAS E EQUIPAMENTOS;2.1761;3679127.9178
2006;Estados Unidos;0142;Criação de cavalos e outros equinos;1568092;014;0192;Pecuária, inclusive o apoio à pecuária;0151;015;A;014;Ganadería;Pecuária;2.1761;3412325.0012
2006;Estados Unidos;1420;Fabricação de artigos de peles;1479355;14;1400;Confecção de artefatos do vestuário e acessórios;1411;14;C;14;FABRICACIÓN DE PRENDAS DE VESTIR;CONFECÇÃO DE ARTIGOS DO VESTUÁRIO E ACESSÓRIOS;2.1761;3219224.4155
2006;Estados Unidos;1812;Atividades de serviço relacionadas à impressão;1334880;18;1800;Impressão e reprodução de gravações;1811;18;C;18;IMPRESIÓN Y REPRODUCCIÓN DE GRABACIONES;IMPRESSÃO E REPRODUÇÃO DE GRAVAÇÕES;2.1761;2904832.368
2006;Estados Unidos;0115;Cultivo de tabaco;967132;011;0191;Agricultura, inclusive o apoio à agricultura e a pós-colheita;0111;011;A;011;Cultivo de plantas no perenes;Produção de lavouras temporárias;2.1761;2104575.9452
2006;Estados Unidos;0230;Coleta de produtos florestais não madeireiros;725286;02;0280;"Produção florestal; pesca e aquicultura";0210;02;A;02;SILVICULTURA Y EXTRACCIÓN DE MADERA;PRODUÇÃO FLORESTAL;2.1761;1578294.8646
2006;Estados Unidos;1074;Fabricação de macarrão, talharim, cuscuz e produtos farináceos semelhantes;702254;107;1092;Fabricação e refino de açúcar;1071;107;C;107;Elaboración de otros productos alimenticios;Fabricação e refino de açúcar;2.1761;1528174.9294
2006;Estados Unidos;3230;Fabricação de artigos esportivos;691223;32;3180;Fabricação de móveis e de produtos de indústrias diversas;3211;32;C;32;OTRAS INDUSTRIAS MANUFACTURERAS;FABRICAÇÃO DE PRODUTOS DIVERSOS;2.1761;1504170.3702999998
2006;Estados Unidos;1102;Fabricação de vinhos;679761;11;1100;Fabricação de bebidas;1111;11;C;11;ELABORACIÓN DE BEBIDAS;FABRICAÇÃO DE BEBIDAS;2.1761;1479227.9120999998
2006;Estados Unidos;0220;Exploração madeireira;562299;02;0280;"Produção florestal; pesca e aquicultura";0210;02;A;02;SILVICULTURA Y EXTRACCIÓN DE MADERA;PRODUÇÃO FLORESTAL;2.1761;1223618.8539
2006;Estados Unidos;2731;Fabricação de cabos de fibra ótica;509522;27;2700;Fabricação de máquinas e equipamentos elétricos;2710;27;C;27;FABRICACIÓN DE EQUIPO ELÉCTRICO;FABRICAÇÃO DE MÁQUINAS, APARELHOS E MATERIAIS ELÉTRICOS;2.1761;1108770.8242
2006;Estados Unidos;5813;Publicação de jornais, revistas e periódicos;458941;58;5800;Edição e edição integrada à impressão;5811;58;J;58;ACTIVIDADES DE EDICIÓN;EDIÇÃO E EDIÇÃO INTEGRADA À IMPRESSÃO;2.1761;998701.5101
2006;Estados Unidos;3011;Construção de navios e estruturas flutuantes;248963;30;3000;Fabricação de outros equipamentos de transporte, exceto veículos automotores;3011;30;C;30;FABRICACIÓN DE OTRO  EQUIPO DE TRANSPORTE;FABRICAÇÃO DE OUTROS EQUIPAMENTOS DE TRANSPORTE, EXCETO VEÍCULOS AUTOMOTORES;2.1761;541768.3843
2006;Estados Unidos;3099;Fabricação de outros equipamentos de transporte n.c;186663;30;3000;Fabricação de outros equipamentos de transporte, exceto veículos automotores;3011;30;C;30;FABRICACIÓN DE OTRO  EQUIPO DE TRANSPORTE;FABRICAÇÃO DE OUTROS EQUIPAMENTOS DE TRANSPORTE, EXCETO VEÍCULOS AUTOMOTORES;2.1761;406197.3543
2006;Estados Unidos;0126;Cultivo de frutas oleaginosas;123430;012;0191;Agricultura, inclusive o apoio à agricultura e a pós-colheita;0111;011;A;012;Cultivo de plantas perennes;Produção de lavouras temporárias;2.1761;268596.023
2006;Estados Unidos;0122;Cultivo de frutas tropicais e subtropicais;79869;012;0191;Agricultura, inclusive o apoio à agricultura e a pós-colheita;0111;011;A;012;Cultivo de plantas perennes;Produção de lavouras temporárias;2.1761;173802.9309
2006;Estados Unidos;2652;Fabricação de cronomêtros e relógios;67429;26;2600;Fabricação de equipamentos de informática, produtos eletrônicos e ópticos;2610;26;C;26;FABRICACIÓN DE PRODUCTOS DE INFORMÁTICA, DE ELECTRÓNICA Y DE ÓPTICA;FABRICAÇÃO DE EQUIPAMENTOS DE INFORMÁTICA, PRODUTOS ELETRÔNICOS E ÓPTICOS;2.1761;146732.2469
2006;Estados Unidos;0124;Cultivo de frutas pome e frutas de caroço;54876;012;0191;Agricultura, inclusive o apoio à agricultura e a pós-colheita;0111;011;A;012;Cultivo de plantas perennes;Produção de lavouras temporárias;2.1761;119415.6636
2006;Estados Unidos;0129;Cultivo de outras culturas perenes;53745;012;0191;Agricultura, inclusive o apoio à agricultura e a pós-colheita;0111;011;A;012;Cultivo de plantas perennes;Produção de lavouras temporárias;2.1761;116954.4945
2006;Estados Unidos;0123;Cultivo de frutas cítricas;41868;012;0191;Agricultura, inclusive o apoio à agricultura e a pós-colheita;0111;011;A;012;Cultivo de plantas perennes;Produção de lavouras temporárias;2.1761;91108.95479999999
2006;Estados Unidos;9102;Atividades de museus e operação de locais históricos e edifícios;21081;91;9080;Atividades artísticas, criativas e de espetáculos;9101;91;R;91;ACTIVIDADES DE BIBLIOTECAS, ARCHIVOS Y MUSEOS Y OTRAS ACTIVIDADES CULTURALES;ATIVIDADES LIGADAS AO PATRIMÔNIO CULTURAL E AMBIENTAL;2.1761;45874.3641
2006;Estados Unidos;5310;Atividades postais;12525;53;5280;Armazenamento, atividades auxiliares dos transportes e correio;5211;53;H;53;ALMACENAMIENTO Y ACTIVIDADES DE APOYO AL TRANSPORTE;ARMAZENAMENTO E ATIVIDADES AUXILIARES DOS TRANSPORTES;2.1761;27255.6525
2006;Estados Unidos;0891;Extração de minerais químicos e fertilizantes;10852;08;0580;Extração de carvão mineral e de minerais não metálicos;0810;08;B;08;EXPLOTACIÓN DE OTRAS MINAS Y CANTERAS;EXTRAÇÃO DE MINERAIS NÃO-METÁLICOS;2.1761;23615.0372
2006;Estados Unidos;3092;Fabricação de bicicletas e carruagens inválidas;3561;30;3000;Fabricação de outros equipamentos de transporte, exceto veículos automotores;3011;30;C;30;FABRICACIÓN DE OTRO  EQUIPO DE TRANSPORTE;FABRICAÇÃO DE OUTROS EQUIPAMENTOS DE TRANSPORTE, EXCETO VEÍCULOS AUTOMOTORES;2.1761;7749.0921
2006;Estados Unidos;0620;Extração de gás natural;10;06;0680;Extração de petróleo e gás, inclusive as atividades de apoio;0600;06;B;06;EXTRACCIÓN DE PETRÓLEO CRUDO Y GAS NATURAL;EXTRAÇÃO DE PETRÓLEO E GÁS NATURAL;2.1761;21.761
2005;Estados Unidos;2410;Fabricação de ferro e aço básicos;2753683182;241;2491;Produção de ferro-gusa/ferroligas, siderurgia e tubos de aço sem costura;2411;241;C;241;Fabricación básica de hierro y acero;Produção de ferro-gusa e de ferroligas;2.4352;6705769284.8064
2005;Estados Unidos;3030;Fabricação de aviões e máquinas relacionadas;2139017105;30;3000;Fabricação de outros equipamentos de transporte, exceto veículos automotores;3011;30;C;30;FABRICACIÓN DE OTRO  EQUIPO DE TRANSPORTE;FABRICAÇÃO DE OUTROS EQUIPAMENTOS DE TRANSPORTE, EXCETO VEÍCULOS AUTOMOTORES;2.4352;5208934454.096
2005;Estados Unidos;2930;Fabricação de peças e acessórios para veículos automotores;1301232034;293;2992;Fabricação de peças e acessórios para veículos automotores;2941;294;C;293;Fabricación de partes, piezas y accesorios para vehículos automotores;Fabricação de peças e acessórios para veículos automotores;2.4352;3168760249.1968
2005;Estados Unidos;2420;Fabricação de metais preciosos e outros metais não ferrosos;1246044032;242;2492;Metalurgia de metais não ferosos e a fundição de metais;2441;244;C;242;Fabricación de productos primarios de metales preciosos y otros metales no ferrosos;Metalurgia dos metais não-ferrosos;2.4352;3034366426.7264
2005;Estados Unidos;1520;Fabricação de calçado;951508393;15;1500;Fabricação de calçados e de artefatos de couro;1510;15;C;15;FABRICACIÓN DE PRODUCTOS DE CUERO Y PRODUCTOS CONEXOS;PREPARAÇÃO DE COUROS E FABRICAÇÃO DE ARTEFATOS DE COURO, ARTIGOS PARA VIAGEM E CALÇADOS;2.4352;2317113238.6336
2005;Estados Unidos;2630;Fabricação de equipamentos de comunicação;822331746;26;2600;Fabricação de equipamentos de informática, produtos eletrônicos e ópticos;2610;26;C;26;FABRICACIÓN DE PRODUCTOS DE INFORMÁTICA, DE ELECTRÓNICA Y DE ÓPTICA;FABRICAÇÃO DE EQUIPAMENTOS DE INFORMÁTICA, PRODUTOS ELETRÔNICOS E ÓPTICOS;2.4352;2002542267.8592
2005;Estados Unidos;2011;Fabricação de produtos químicos básicos;819021437;201;1992;Fabricação de biocombustíveis;1931;193;C;201;Fabricación de sustancias químicas básicas, de abonos y compuestos de nitrógeno y de plásticos y caucho sintético en formas primarias;Fabricação de biocombustíveis;2.4352;1994481003.3824
2005;Estados Unidos;0610;Extração de petróleo bruto;667292338;06;0680;Extração de petróleo e gás, inclusive as atividades de apoio;0600;06;B;06;EXTRACCIÓN DE PETRÓLEO CRUDO Y GAS NATURAL;EXTRAÇÃO DE PETRÓLEO E GÁS NATURAL;2.4352;1624990301.4976
2005;Estados Unidos;2824;Fabricação de máquinas para mineração, exploração de pedreiras e construção;664302792;28;2800;Fabricação de máquinas e equipamentos mecânicos;2811;28;C;28;FABRICACIÓN DE MAQUINARIA Y EQUIPO N.C.P.;FABRICAÇÃO DE MÁQUINAS E EQUIPAMENTOS;2.4352;1617710159.0784001
2005;Estados Unidos;1610;Serração e aplainamento de madeira;618890767;16;1500;Fabricação de calçados e de artefatos de couro;1510;15;C;16;"PRODUCCIÓN DE MADERA Y FABRICACIÓN DE PRODUCTOS DE MADERA Y CORCHO, EXCEPTO MUEBLES; FABRICACIÓN DE ARTÍCULOS DE PAJA Y DE MATERIALES TRENZABLES";PREPARAÇÃO DE COUROS E FABRICAÇÃO DE ARTEFATOS DE COURO, ARTIGOS PARA VIAGEM E CALÇADOS;2.4352;1507122795.7984
2005;Estados Unidos;2910;Fabricação de veículos automotores;581712683;291;2991;Fabricação de automóveis, caminhões e ônibus, exceto peças;2910;291;C;291;Fabricación de vehículos automotores;Fabricação de automóveis, camionetas e utilitários;2.4352;1416586725.6416001
2005;Estados Unidos;1920;Fabricação de produtos petrolíferos refinados;561155383;192;1991;Refino de petróleo e coquerias;1921;192;C;192;Fabricación de productos de la refinación del petróleo;Fabricação de produtos derivados do petróleo;2.4352;1366525588.6816
2005;Estados Unidos;1621;Fabricação de folheados e painéis derivados de madeira;524882579;16;1500;Fabricação de calçados e de artefatos de couro;1510;15;C;16;"PRODUCCIÓN DE MADERA Y FABRICACIÓN DE PRODUCTOS DE MADERA Y CORCHO, EXCEPTO MUEBLES; FABRICACIÓN DE ARTÍCULOS DE PAJA Y DE MATERIALES TRENZABLES";PREPARAÇÃO DE COUROS E FABRICAÇÃO DE ARTEFATOS DE COURO, ARTIGOS PARA VIAGEM E CALÇADOS;2.4352;1278194056.3808
2005;Estados Unidos;1701;Fabricação de polpa, papel e cartão;521687526;17;1700;Fabricação de celulose, papel e produtos de papel;1710;17;C;17;FABRICACIÓN DE PAPEL Y DE PRODUCTOS DE PAPEL;FABRICAÇÃO DE CELULOSE, PAPEL E PRODUTOS DE PAPEL;2.4352;1270413463.3152
2005;Estados Unidos;2813;Fabricação de outras bombas, compressores, torneiras e válvulas;469395114;28;2800;Fabricação de máquinas e equipamentos mecânicos;2811;28;C;28;FABRICACIÓN DE MAQUINARIA Y EQUIPO N.C.P.;FABRICAÇÃO DE MÁQUINAS E EQUIPAMENTOS;2.4352;1143070981.6128001
2005;Estados Unidos;2396;Corte, moldagem e acabamento de pedra;456243104;23;2300;Fabricação de produtos de minerais não metálicos;2311;23;C;23;FABRICACIÓN DE OTROS PRODUCTOS MINERALES NO METÁLICOS;FABRICAÇÃO DE PRODUTOS DE MINERAIS NÃO-METÁLICOS;2.4352;1111043206.8608
2005;Estados Unidos;0127;Cultivo de bebidas da safra;447926363;012;0191;Agricultura, inclusive o apoio à agricultura e a pós-colheita;0111;011;A;012;Cultivo de plantas perennes;Produção de lavouras temporárias;2.4352;1090790279.1776
2005;Estados Unidos;3100;Fabricação de móveis;391441623;31;3180;Fabricação de móveis e de produtos de indústrias diversas;3101;31;C;31;FABRICACIÓN DE MUEBLES;FABRICAÇÃO DE MÓVEIS;2.4352;953238640.3296
2005;Estados Unidos;2710;Fabricação de motores elétricos, geradores, transformadores e aparelhos de distribuição e controle de energia elétrica;381993738;27;2700;Fabricação de máquinas e equipamentos elétricos;2710;27;C;27;FABRICACIÓN DE EQUIPO ELÉCTRICO;FABRICAÇÃO DE MÁQUINAS, APARELHOS E MATERIAIS ELÉTRICOS;2.4352;930231150.7776
2005;Estados Unidos;2814;Fabricação de rolamentos, engrenagens, engrenagens e elementos de acionamento;255276372;28;2800;Fabricação de máquinas e equipamentos mecânicos;2811;28;C;28;FABRICACIÓN DE MAQUINARIA Y EQUIPO N.C.P.;FABRICAÇÃO DE MÁQUINAS E EQUIPAMENTOS;2.4352;621649021.0944
2005;Estados Unidos;1392;Fabricação de artigos têxteis confeccionados, exceto vestuário;250351039;13;1300;Fabricação de produtos têxteis;1311;13;C;13;FABRICACIÓN DE PRODUCTOS TEXTILES;FABRICAÇÃO DE PRODUTOS TÊXTEIS;2.4352;609654850.1728001
2005;Estados Unidos;1622;Fabricação de carpintaria e marcenaria de construtores;247178365;16;1500;Fabricação de calçados e de artefatos de couro;1510;15;C;16;"PRODUCCIÓN DE MADERA Y FABRICACIÓN DE PRODUCTOS DE MADERA Y CORCHO, EXCEPTO MUEBLES; FABRICACIÓN DE ARTÍCULOS DE PAJA Y DE MATERIALES TRENZABLES";PREPARAÇÃO DE COUROS E FABRICAÇÃO DE ARTEFATOS DE COURO, ARTIGOS PARA VIAGEM E CALÇADOS;2.4352;601928754.448
2005;Estados Unidos;2392;Fabricação de materiais de construção de argila;235032356;23;2300;Fabricação de produtos de minerais não metálicos;2311;23;C;23;FABRICACIÓN DE OTROS PRODUCTOS MINERALES NO METÁLICOS;FABRICAÇÃO DE PRODUTOS DE MINERAIS NÃO-METÁLICOS;2.4352;572350793.3312
2005;Estados Unidos;1010;Processamento e conservação de carne;218487213;101;1091;Abate e produtos de carne, inclusive os produtos do laticínio e da pesca;1011;101;C;101;Elaboración y conservación de carne;Abate e fabricação de produtos de carne;2.4352;532060061.0976
2005;Estados Unidos;2211;"Fabricação de pneus e tubos; recauchutagem e reconstrução de pneus de borracha";217872951;22;1500;Fabricação de calçados e de artefatos de couro;1510;15;C;22;FABRICACIÓN DE PRODUCTOS DE CAUCHO Y PLÁSTICO;PREPARAÇÃO DE COUROS E FABRICAÇÃO DE ARTEFATOS DE COURO, ARTIGOS PARA VIAGEM E CALÇADOS;2.4352;530564210.2752
2005;Estados Unidos;1030;Processamento e conservação de frutas e legumes;212783062;103;1093;Outros produtos alimentares;1031;103;C;103;Elaboración y conservación de frutas, legumbres y hortalizas;Fabricação de conservas de frutas, legumes e outros vegetais;2.4352;518169312.5824
2005;Estados Unidos;2013;Fabricação de plásticos e borracha sintética em formas primárias;205412354;201;1992;Fabricação de biocombustíveis;1931;193;C;201;Fabricación de sustancias químicas básicas, de abonos y compuestos de nitrógeno y de plásticos y caucho sintético en formas primarias;Fabricação de biocombustíveis;2.4352;500220164.4608
2005;Estados Unidos;2599;Fabricação de outros produtos metálicos fabricados n.c;194167592;25;2500;Fabricação de produtos de metal, exceto máquinas e equipamentos;2511;25;C;25;FABRICACIÓN DE PRODUCTOS ELABORADOS DE METAL, EXCEPTO MAQUINARIA Y EQUIPO;FABRICAÇÃO DE PRODUTOS DE METAL, EXCETO MÁQUINAS E EQUIPAMENTOS;2.4352;472836920.0384
2005;Estados Unidos;0710;Extração de minério de ferro;187260431;071;0791;Extração de minério de ferro, inclusive beneficiamento e a aglomeração;0710;071;B;071;Extracción de minerales de hierro;Extração de minério de ferro;2.4352;456016601.5712
2005;Estados Unidos;1073;Fabricação de cacau, chocolate e produtos de confeitaria;182744142;107;1092;Fabricação e refino de açúcar;1071;107;C;107;Elaboración de otros productos alimenticios;Fabricação e refino de açúcar;2.4352;445018534.5984
2005;Estados Unidos;1200;Fabricação de produtos de tabaco;166466107;12;1200;Fabricação de produtos do fumo;1210;12;C;12;ELABORACIÓN DE PRODUCTOS DE TABACO;FABRICAÇÃO DE PRODUTOS DO FUMO;2.4352;405378263.7664
2005;Estados Unidos;1511;Curtimento e vestuário de couro;161132137;15;1500;Fabricação de calçados e de artefatos de couro;1510;15;C;15;FABRICACIÓN DE PRODUCTOS DE CUERO Y PRODUCTOS CONEXOS;PREPARAÇÃO DE COUROS E FABRICAÇÃO DE ARTEFATOS DE COURO, ARTIGOS PARA VIAGEM E CALÇADOS;2.4352;392388980.0224
2005;Estados Unidos;0125;Cultivo de outras frutas e nozes;147915486;012;0191;Agricultura, inclusive o apoio à agricultura e a pós-colheita;0111;011;A;012;Cultivo de plantas perennes;Produção de lavouras temporárias;2.4352;360203791.5072
2005;Estados Unidos;2829;Fabricação de outras máquinas para fins especiais;132352073;28;2800;Fabricação de máquinas e equipamentos mecânicos;2811;28;C;28;FABRICACIÓN DE MAQUINARIA Y EQUIPO N.C.P.;FABRICAÇÃO DE MÁQUINAS E EQUIPAMENTOS;2.4352;322303768.1696
2005;Estados Unidos;1072;Fabricação de açúcar;130932770;107;1092;Fabricação e refino de açúcar;1071;107;C;107;Elaboración de otros productos alimenticios;Fabricação e refino de açúcar;2.4352;318847481.504
2005;Estados Unidos;2029;Fabricação de outros produtos químicos n.c;125667253;202;2092;Fabricação de defensivos, desinfestantes, tintas e químicos diversos;2051;205;C;202;Fabricación de otros productos químicos;Fabricação de defensivos agrícolas e desinfestantes domissanitários;2.4352;306024894.5056
2005;Estados Unidos;2821;Fabricação de maquinaria agrícola e florestal;125555341;28;2800;Fabricação de máquinas e equipamentos mecânicos;2811;28;C;28;FABRICACIÓN DE MAQUINARIA Y EQUIPO N.C.P.;FABRICAÇÃO DE MÁQUINAS E EQUIPAMENTOS;2.4352;305752366.40320003
2005;Estados Unidos;1410;Fabricação de vestuário, exceto vestuários de peles;119580100;14;1400;Confecção de artefatos do vestuário e acessórios;1411;14;C;14;FABRICACIÓN DE PRENDAS DE VESTIR;CONFECÇÃO DE ARTIGOS DO VESTUÁRIO E ACESSÓRIOS;2.4352;291201459.52
2005;Estados Unidos;0729;Extração de outros minérios de metais não ferrosos;118154872;072;0792;Extração de minerais metálicos não ferrosos, inclusive beneficiamentos;0721;072;B;072;Extracción de minerales metalíferos no ferrosos;Extração de minerais metálicos não-ferrosos;2.4352;287730744.2944
2005;Estados Unidos;1020;Processamento e conservação de peixes, crustáceos e moluscos;112218296;102;1091;Abate e produtos de carne, inclusive os produtos do laticínio e da pesca;1020;102;C;102;Elaboración y conservación de pescado, crustáceos y moluscos;Preservação do pescado e fabricação de produtos do pescado;2.4352;273273994.4192
2005;Estados Unidos;2651;Fabricação de equipamentos de medição, teste, navegação e controle;111288904;26;2600;Fabricação de equipamentos de informática, produtos eletrônicos e ópticos;2610;26;C;26;FABRICACIÓN DE PRODUCTOS DE INFORMÁTICA, DE ELECTRÓNICA Y DE ÓPTICA;FABRICAÇÃO DE EQUIPAMENTOS DE INFORMÁTICA, PRODUTOS ELETRÔNICOS E ÓPTICOS;2.4352;271010739.0208
2005;Estados Unidos;2811;Fabricação de motores e turbinas, exceto aeronaves, veículos e motores de ciclo;110319877;28;2800;Fabricação de máquinas e equipamentos mecânicos;2811;28;C;28;FABRICACIÓN DE MAQUINARIA Y EQUIPO N.C.P.;FABRICAÇÃO DE MÁQUINAS E EQUIPAMENTOS;2.4352;268650964.4704
2005;Estados Unidos;2593;Fabricação de cutelaria, ferramentas manuais e ferragens em geral;106756620;25;2500;Fabricação de produtos de metal, exceto máquinas e equipamentos;2511;25;C;25;FABRICACIÓN DE PRODUCTOS ELABORADOS DE METAL, EXCEPTO MAQUINARIA Y EQUIPO;FABRICAÇÃO DE PRODUTOS DE METAL, EXCETO MÁQUINAS E EQUIPAMENTOS;2.4352;259973721.024
2005;Estados Unidos;2220;Fabricação de produtos plásticos;106147862;22;1500;Fabricação de calçados e de artefatos de couro;1510;15;C;22;FABRICACIÓN DE PRODUCTOS DE CAUCHO Y PLÁSTICO;PREPARAÇÃO DE COUROS E FABRICAÇÃO DE ARTEFATOS DE COURO, ARTIGOS PARA VIAGEM E CALÇADOS;2.4352;258491273.5424
2005;Estados Unidos;1512;Fabricação de malas, bolsas e semelhantes, selaria e arreios;95466447;15;1500;Fabricação de calçados e de artefatos de couro;1510;15;C;15;FABRICACIÓN DE PRODUCTOS DE CUERO Y PRODUCTOS CONEXOS;PREPARAÇÃO DE COUROS E FABRICAÇÃO DE ARTEFATOS DE COURO, ARTIGOS PARA VIAGEM E CALÇADOS;2.4352;232479891.7344
2005;Estados Unidos;2399;Fabricação de outros produtos minerais não metálicos n.c;93652334;23;2300;Fabricação de produtos de minerais não metálicos;2311;23;C;23;FABRICACIÓN DE OTROS PRODUCTOS MINERALES NO METÁLICOS;FABRICAÇÃO DE PRODUTOS DE MINERAIS NÃO-METÁLICOS;2.4352;228062163.7568
2005;Estados Unidos;2819;Fabricação de outras máquinas para uso geral;93397307;28;2800;Fabricação de máquinas e equipamentos mecânicos;2811;28;C;28;FABRICACIÓN DE MAQUINARIA Y EQUIPO N.C.P.;FABRICAÇÃO DE MÁQUINAS E EQUIPAMENTOS;2.4352;227441122.0064
2005;Estados Unidos;1629;"Fabricação de outros produtos de madeira; fabricação de artigos de cortiça, de espartaria e cestaria";92429037;16;1500;Fabricação de calçados e de artefatos de couro;1510;15;C;16;"PRODUCCIÓN DE MADERA Y FABRICACIÓN DE PRODUCTOS DE MADERA Y CORCHO, EXCEPTO MUEBLES; FABRICACIÓN DE ARTÍCULOS DE PAJA Y DE MATERIALES TRENZABLES";PREPARAÇÃO DE COUROS E FABRICAÇÃO DE ARTEFATOS DE COURO, ARTIGOS PARA VIAGEM E CALÇADOS;2.4352;225083190.90240002
2005;Estados Unidos;1079;Fabricação de outros produtos alimentícios n.c;90644244;107;1092;Fabricação e refino de açúcar;1071;107;C;107;Elaboración de otros productos alimenticios;Fabricação e refino de açúcar;2.4352;220736862.9888
2005;Estados Unidos;3091;Fabricação de motocicletas;83940508;30;3000;Fabricação de outros equipamentos de transporte, exceto veículos automotores;3011;30;C;30;FABRICACIÓN DE OTRO  EQUIPO DE TRANSPORTE;FABRICAÇÃO DE OUTROS EQUIPAMENTOS DE TRANSPORTE, EXCETO VEÍCULOS AUTOMOTORES;2.4352;204411925.0816
2005;Estados Unidos;2100;Fabricação de produtos farmacêuticos, produtos químicos medicinais e botânicos;76125009;21;2100;Fabricação de produtos farmoquímicos e farmacêuticos;2110;21;C;21;FABRICACIÓN DE PRODUCTOS FARMACÉUTICOS, SUSTANCIAS QUÍMICAS MEDICINALES Y PRODUCTOS BOTÁNICOS DE USO FARMACÉUTICO;FABRICAÇÃO DE PRODUTOS FARMOQUÍMICOS E FARMACÊUTICOS;2.4352;185379621.9168
2005;Estados Unidos;3211;Fabricação de joalharia e artigos afins;69393770;32;3180;Fabricação de móveis e de produtos de indústrias diversas;3211;32;C;32;OTRAS INDUSTRIAS MANUFACTURERAS;FABRICAÇÃO DE PRODUTOS DIVERSOS;2.4352;168987708.704
2005;Estados Unidos;2620;Fabricação de computadores e equipamentos periféricos;66774286;26;2600;Fabricação de equipamentos de informática, produtos eletrônicos e ópticos;2610;26;C;26;FABRICACIÓN DE PRODUCTOS DE INFORMÁTICA, DE ELECTRÓNICA Y DE ÓPTICA;FABRICAÇÃO DE EQUIPAMENTOS DE INFORMÁTICA, PRODUTOS ELETRÔNICOS E ÓPTICOS;2.4352;162608741.2672
2005;Estados Unidos;2640;Fabricação de produtos eletrônicos de consumo;64036759;26;2600;Fabricação de equipamentos de informática, produtos eletrônicos e ópticos;2610;26;C;26;FABRICACIÓN DE PRODUCTOS DE INFORMÁTICA, DE ELECTRÓNICA Y DE ÓPTICA;FABRICAÇÃO DE EQUIPAMENTOS DE INFORMÁTICA, PRODUTOS ELETRÔNICOS E ÓPTICOS;2.4352;155942315.51680002
2005;Estados Unidos;2219;Fabricação de outros produtos de borracha;63664190;22;1500;Fabricação de calçados e de artefatos de couro;1510;15;C;22;FABRICACIÓN DE PRODUCTOS DE CAUCHO Y PLÁSTICO;PREPARAÇÃO DE COUROS E FABRICAÇÃO DE ARTEFATOS DE COURO, ARTIGOS PARA VIAGEM E CALÇADOS;2.4352;155035035.488
2005;Estados Unidos;3020;Fabricação de locomotivas e material circulante;56311756;30;3000;Fabricação de outros equipamentos de transporte, exceto veículos automotores;3011;30;C;30;FABRICACIÓN DE OTRO  EQUIPO DE TRANSPORTE;FABRICAÇÃO DE OUTROS EQUIPAMENTOS DE TRANSPORTE, EXCETO VEÍCULOS AUTOMOTORES;2.4352;137130388.2112
2005;Estados Unidos;2732;Fabricação de outros fios e cabos elétricos e eletrônicos;56225817;27;2700;Fabricação de máquinas e equipamentos elétricos;2710;27;C;27;FABRICACIÓN DE EQUIPO ELÉCTRICO;FABRICAÇÃO DE MÁQUINAS, APARELHOS E MATERIAIS ELÉTRICOS;2.4352;136921109.5584
2005;Estados Unidos;2822;Fabricação de máquinas e máquinas-ferramentas para moldagem de metais;54848537;28;2800;Fabricação de máquinas e equipamentos mecânicos;2811;28;C;28;FABRICACIÓN DE MAQUINARIA Y EQUIPO N.C.P.;FABRICAÇÃO DE MÁQUINAS E EQUIPAMENTOS;2.4352;133567157.30240001
2005;Estados Unidos;2520;Fabricação de armas e munições;52167016;25;2500;Fabricação de produtos de metal, exceto máquinas e equipamentos;2511;25;C;25;FABRICACIÓN DE PRODUCTOS ELABORADOS DE METAL, EXCEPTO MAQUINARIA Y EQUIPO;FABRICAÇÃO DE PRODUTOS DE METAL, EXCETO MÁQUINAS E EQUIPAMENTOS;2.4352;127037117.36320001
2005;Estados Unidos;1709;Fabricação de outros artigos de papel e cartão;51067713;17;1700;Fabricação de celulose, papel e produtos de papel;1710;17;C;17;FABRICACIÓN DE PAPEL Y DE PRODUCTOS DE PAPEL;FABRICAÇÃO DE CELULOSE, PAPEL E PRODUTOS DE PAPEL;2.4352;124360094.6976
2005;Estados Unidos;2610;Fabricação de componentes eletrônicos e placas;50608720;26;2600;Fabricação de equipamentos de informática, produtos eletrônicos e ópticos;2610;26;C;26;FABRICACIÓN DE PRODUCTOS DE INFORMÁTICA, DE ELECTRÓNICA Y DE ÓPTICA;FABRICAÇÃO DE EQUIPAMENTOS DE INFORMÁTICA, PRODUTOS ELETRÔNICOS E ÓPTICOS;2.4352;123242354.944
2005;Estados Unidos;2790;Fabricação de outro equipamento elétrico;48629000;27;2700;Fabricação de máquinas e equipamentos elétricos;2710;27;C;27;FABRICACIÓN DE EQUIPO ELÉCTRICO;FABRICAÇÃO DE MÁQUINAS, APARELHOS E MATERIAIS ELÉTRICOS;2.4352;118421340.8
2005;Estados Unidos;3250;Fabricação de instrumentos e suprimentos médicos e odontológicos;35893006;32;3180;Fabricação de móveis e de produtos de indústrias diversas;3211;32;C;32;OTRAS INDUSTRIAS MANUFACTURERAS;FABRICAÇÃO DE PRODUTOS DIVERSOS;2.4352;87406648.2112
2005;Estados Unidos;0810;Extração de pedra, areia e argila;35173288;08;0580;Extração de carvão mineral e de minerais não metálicos;0810;08;B;08;EXPLOTACIÓN DE OTRAS MINAS Y CANTERAS;EXTRAÇÃO DE MINERAIS NÃO-METÁLICOS;2.4352;85653990.9376
2005;Estados Unidos;3290;Outras manufaturas n.c.;35122208;32;3180;Fabricação de móveis e de produtos de indústrias diversas;3211;32;C;32;OTRAS INDUSTRIAS MANUFACTURERAS;FABRICAÇÃO DE PRODUTOS DIVERSOS;2.4352;85529600.9216
2005;Estados Unidos;0128;Cultivo de especiarias, culturas aromáticas, medicamentosas e farmacêuticas;32573183;012;0191;Agricultura, inclusive o apoio à agricultura e a pós-colheita;0111;011;A;012;Cultivo de plantas perennes;Produção de lavouras temporárias;2.4352;79322215.2416
2005;Estados Unidos;2310;Fabricação de produtos de vidro e vidro;31990315;23;2300;Fabricação de produtos de minerais não metálicos;2311;23;C;23;FABRICACIÓN DE OTROS PRODUCTOS MINERALES NO METÁLICOS;FABRICAÇÃO DE PRODUTOS DE MINERAIS NÃO-METÁLICOS;2.4352;77902815.088
2005;Estados Unidos;1399;Fabricação de outros têxteis n.e.c.;30806567;13;1300;Fabricação de produtos têxteis;1311;13;C;13;FABRICACIÓN DE PRODUCTOS TEXTILES;FABRICAÇÃO DE PRODUTOS TÊXTEIS;2.4352;75020151.9584
2005;Estados Unidos;1394;Fabricação de cordéis, cordas, cordéis e redes;30626614;13;1300;Fabricação de produtos têxteis;1311;13;C;13;FABRICACIÓN DE PRODUCTOS TEXTILES;FABRICAÇÃO DE PRODUTOS TÊXTEIS;2.4352;74581930.4128
2005;Estados Unidos;1040;Fabricação de óleos e gorduras vegetais e animais;29798672;104;1093;Outros produtos alimentares;1041;104;C;104;Elaboración de aceites y grasas de origen vegetal y animal;Fabricação de óleos e gorduras vegetais e animais;2.4352;72565726.0544
2005;Estados Unidos;2720;Fabricação de baterias e acumuladores;29071835;27;2700;Fabricação de máquinas e equipamentos elétricos;2710;27;C;27;FABRICACIÓN DE EQUIPO ELÉCTRICO;FABRICAÇÃO DE MÁQUINAS, APARELHOS E MATERIAIS ELÉTRICOS;2.4352;70795732.59200001
2005;Estados Unidos;2750;Fabricação de eletrodomésticos;24637857;27;2700;Fabricação de máquinas e equipamentos elétricos;2710;27;C;27;FABRICACIÓN DE EQUIPO ELÉCTRICO;FABRICAÇÃO DE MÁQUINAS, APARELHOS E MATERIAIS ELÉTRICOS;2.4352;59998109.3664
2005;Estados Unidos;1312;Tecelagem de têxteis;23955167;13;1300;Fabricação de produtos têxteis;1311;13;C;13;FABRICACIÓN DE PRODUCTOS TEXTILES;FABRICAÇÃO DE PRODUTOS TÊXTEIS;2.4352;58335622.6784
2005;Estados Unidos;0113;Cultivo de hortaliças e melões, raízes e tubérculos;23590631;011;0191;Agricultura, inclusive o apoio à agricultura e a pós-colheita;0111;011;A;011;Cultivo de plantas no perenes;Produção de lavouras temporárias;2.4352;57447904.6112
2005;Estados Unidos;0311;Pesca marinha;23575638;03;0280;"Produção florestal; pesca e aquicultura";0311;03;A;03;PESCA Y ACUICULTURA;PESCA E AQÜICULTURA;2.4352;57411393.6576
2005;Estados Unidos;1311;Preparação e fiação de fibras têxteis;21222620;13;1300;Fabricação de produtos têxteis;1311;13;C;13;FABRICACIÓN DE PRODUCTOS TEXTILES;FABRICAÇÃO DE PRODUTOS TÊXTEIS;2.4352;51681324.224
2005;Estados Unidos;1071;Fabricação de produtos de panificação;17821243;107;1092;Fabricação e refino de açúcar;1071;107;C;107;Elaboración de otros productos alimenticios;Fabricação e refino de açúcar;2.4352;43398290.9536
2005;Estados Unidos;0116;Cultivo de culturas de fibra;17517515;011;0191;Agricultura, inclusive o apoio à agricultura e a pós-colheita;0111;011;A;011;Cultivo de plantas no perenes;Produção de lavouras temporárias;2.4352;42658652.528
2005;Estados Unidos;2825;Fabricação de máquinas para processamento de alimentos, bebidas e tabaco;17134993;28;2800;Fabricação de máquinas e equipamentos mecânicos;2811;28;C;28;FABRICACIÓN DE MAQUINARIA Y EQUIPO N.C.P.;FABRICAÇÃO DE MÁQUINAS E EQUIPAMENTOS;2.4352;41727134.9536
2005;Estados Unidos;2823;Fabricação de máquinas para metalurgia;17090936;28;2800;Fabricação de máquinas e equipamentos mecânicos;2811;28;C;28;FABRICACIÓN DE MAQUINARIA Y EQUIPO N.C.P.;FABRICAÇÃO DE MÁQUINAS E EQUIPAMENTOS;2.4352;41619847.3472
2005;Estados Unidos;2431;Fundição de ferro e aço;16582277;243;2492;Metalurgia de metais não ferosos e a fundição de metais;2451;245;C;243;Fundición de metales;Fundição;2.4352;40381160.9504
2005;Estados Unidos;2393;Fabricação de outros produtos de porcelana e cerâmica;15207617;23;2300;Fabricação de produtos de minerais não metálicos;2311;23;C;23;FABRICACIÓN DE OTROS PRODUCTOS MINERALES NO METÁLICOS;FABRICAÇÃO DE PRODUTOS DE MINERAIS NÃO-METÁLICOS;2.4352;37033588.9184
2005;Estados Unidos;2817;Fabricação de máquinas e equipamentos de escritório (exceto computadores e equipamentos periféricos);14324592;28;2800;Fabricação de máquinas e equipamentos mecânicos;2811;28;C;28;FABRICACIÓN DE MAQUINARIA Y EQUIPO N.C.P.;FABRICAÇÃO DE MÁQUINAS E EQUIPAMENTOS;2.4352;34883246.4384
2005;Estados Unidos;0121;Cultivo de uvas;12989605;012;0191;Agricultura, inclusive o apoio à agricultura e a pós-colheita;0111;011;A;012;Cultivo de plantas perennes;Produção de lavouras temporárias;2.4352;31632286.096
2005;Estados Unidos;1050;Fabricação de produtos lácteos;12745253;105;1091;Abate e produtos de carne, inclusive os produtos do laticínio e da pesca;1051;105;C;105;Elaboración de productos lácteos;Laticínios;2.4352;31037240.1056
2005;Estados Unidos;2394;Fabricação de cimento, cal e gesso;11940608;23;2300;Fabricação de produtos de minerais não metálicos;2311;23;C;23;FABRICACIÓN DE OTROS PRODUCTOS MINERALES NO METÁLICOS;FABRICAÇÃO DE PRODUTOS DE MINERAIS NÃO-METÁLICOS;2.4352;29077768.6016
2005;Estados Unidos;2511;Fabricação de produtos metálicos estruturais;11929421;25;2500;Fabricação de produtos de metal, exceto máquinas e equipamentos;2511;25;C;25;FABRICACIÓN DE PRODUCTOS ELABORADOS DE METAL, EXCEPTO MAQUINARIA Y EQUIPO;FABRICAÇÃO DE PRODUTOS DE METAL, EXCETO MÁQUINAS E EQUIPAMENTOS;2.4352;29050526.0192
2005;Estados Unidos;2818;Fabricação de ferramentas manuais acionadas por motor;11855766;28;2800;Fabricação de máquinas e equipamentos mecânicos;2811;28;C;28;FABRICACIÓN DE MAQUINARIA Y EQUIPO N.C.P.;FABRICAÇÃO DE MÁQUINAS E EQUIPAMENTOS;2.4352;28871161.3632
2005;Estados Unidos;2816;Fabricação de equipamentos de elevação e manuseio;10962784;28;2800;Fabricação de máquinas e equipamentos mecânicos;2811;28;C;28;FABRICACIÓN DE MAQUINARIA Y EQUIPO N.C.P.;FABRICAÇÃO DE MÁQUINAS E EQUIPAMENTOS;2.4352;26696571.5968
2005;Estados Unidos;1623;Fabricação de embalagens de madeira;10308914;16;1500;Fabricação de calçados e de artefatos de couro;1510;15;C;16;"PRODUCCIÓN DE MADERA Y FABRICACIÓN DE PRODUCTOS DE MADERA Y CORCHO, EXCEPTO MUEBLES; FABRICACIÓN DE ARTÍCULOS DE PAJA Y DE MATERIALES TRENZABLES";PREPARAÇÃO DE COUROS E FABRICAÇÃO DE ARTEFATOS DE COURO, ARTIGOS PARA VIAGEM E CALÇADOS;2.4352;25104267.3728
2005;Estados Unidos;2391;Fabricação de produtos refratários;10286250;23;2300;Fabricação de produtos de minerais não metálicos;2311;23;C;23;FABRICACIÓN DE OTROS PRODUCTOS MINERALES NO METÁLICOS;FABRICAÇÃO DE PRODUTOS DE MINERAIS NÃO-METÁLICOS;2.4352;25049076.0
2005;Estados Unidos;2021;Fabricação de pesticidas e outros produtos agroquímicos;9661714;202;2092;Fabricação de defensivos, desinfestantes, tintas e químicos diversos;2051;205;C;202;Fabricación de otros productos químicos;Fabricação de defensivos agrícolas e desinfestantes domissanitários;2.4352;23528205.9328
2005;Estados Unidos;2023;Fabricação de sabão e detergentes, produtos de limpeza e polimento, perfumes e produtos de toilette;9357832;202;2092;Fabricação de defensivos, desinfestantes, tintas e químicos diversos;2051;205;C;202;Fabricación de otros productos químicos;Fabricação de defensivos agrícolas e desinfestantes domissanitários;2.4352;22788192.4864
2005;Estados Unidos;2812;Fabricação de equipamentos para energia hidráulica;9357307;28;2800;Fabricação de máquinas e equipamentos mecânicos;2811;28;C;28;FABRICACIÓN DE MAQUINARIA Y EQUIPO N.C.P.;FABRICAÇÃO DE MÁQUINAS E EQUIPAMENTOS;2.4352;22786914.0064
2005;Estados Unidos;3240;Fabricação de jogos e brinquedos;9312885;32;3180;Fabricação de móveis e de produtos de indústrias diversas;3211;32;C;32;OTRAS INDUSTRIAS MANUFACTURERAS;FABRICAÇÃO DE PRODUTOS DIVERSOS;2.4352;22678737.552
2005;Estados Unidos;2012;Fabricação de fertilizantes e compostos nitrogenados;9253367;201;1992;Fabricação de biocombustíveis;1931;193;C;201;Fabricación de sustancias químicas básicas, de abonos y compuestos de nitrógeno y de plásticos y caucho sintético en formas primarias;Fabricação de biocombustíveis;2.4352;22533799.3184
2005;Estados Unidos;1430;Fabricação de vestuário de malha;8932948;14;1400;Confecção de artefatos do vestuário e acessórios;1411;14;C;14;FABRICACIÓN DE PRENDAS DE VESTIR;CONFECÇÃO DE ARTIGOS DO VESTUÁRIO E ACESSÓRIOS;2.4352;21753514.9696
2005;Estados Unidos;2826;Fabricação de máquinas para produção de têxteis, vestuário e couro;8637620;28;2800;Fabricação de máquinas e equipamentos mecânicos;2811;28;C;28;FABRICACIÓN DE MAQUINARIA Y EQUIPO N.C.P.;FABRICAÇÃO DE MÁQUINAS E EQUIPAMENTOS;2.4352;21034332.224
2005;Estados Unidos;3012;Construção de barcos de recreio e desportivos;7817077;30;3000;Fabricação de outros equipamentos de transporte, exceto veículos automotores;3011;30;C;30;FABRICACIÓN DE OTRO  EQUIPO DE TRANSPORTE;FABRICAÇÃO DE OUTROS EQUIPAMENTOS DE TRANSPORTE, EXCETO VEÍCULOS AUTOMOTORES;2.4352;19036145.9104
2005;Estados Unidos;1391;Fabricação de tecidos de malha;7514042;13;1300;Fabricação de produtos têxteis;1311;13;C;13;FABRICACIÓN DE PRODUCTOS TEXTILES;FABRICAÇÃO DE PRODUTOS TÊXTEIS;2.4352;18298195.0784
2005;Estados Unidos;0111;Cultivo de cereais (exceto arroz), leguminosas e oleaginosas;7219338;011;0191;Agricultura, inclusive o apoio à agricultura e a pós-colheita;0111;011;A;011;Cultivo de plantas no perenes;Produção de lavouras temporárias;2.4352;17580531.8976
2005;Estados Unidos;2740;Fabricação de equipamentos de iluminação elétrica;6637247;27;2700;Fabricação de máquinas e equipamentos elétricos;2710;27;C;27;FABRICACIÓN DE EQUIPO ELÉCTRICO;FABRICAÇÃO DE MÁQUINAS, APARELHOS E MATERIAIS ELÉTRICOS;2.4352;16163023.8944
2005;Estados Unidos;0899;Outras atividades de mineração n.c;6603215;08;0580;Extração de carvão mineral e de minerais não metálicos;0810;08;B;08;EXPLOTACIÓN DE OTRAS MINAS Y CANTERAS;EXTRAÇÃO DE MINERAIS NÃO-METÁLICOS;2.4352;16080149.168
2005;Estados Unidos;2680;Fabricação de mídia magnética e óptica;6445895;26;2600;Fabricação de equipamentos de informática, produtos eletrônicos e ópticos;2610;26;C;26;FABRICACIÓN DE PRODUCTOS DE INFORMÁTICA, DE ELECTRÓNICA Y DE ÓPTICA;FABRICAÇÃO DE EQUIPAMENTOS DE INFORMÁTICA, PRODUTOS ELETRÔNICOS E ÓPTICOS;2.4352;15697043.504
2005;Estados Unidos;1702;Fabricação de papel e cartão canelados e de embalagens de papel e cartão;5976738;17;1700;Fabricação de celulose, papel e produtos de papel;1710;17;C;17;FABRICACIÓN DE PAPEL Y DE PRODUCTOS DE PAPEL;FABRICAÇÃO DE CELULOSE, PAPEL E PRODUTOS DE PAPEL;2.4352;14554552.3776
2005;Estados Unidos;2660;Fabricação de equipamentos de irradiação, eletromédicos e eletroterapêuticos;5885707;26;2600;Fabricação de equipamentos de informática, produtos eletrônicos e ópticos;2610;26;C;26;FABRICACIÓN DE PRODUCTOS DE INFORMÁTICA, DE ELECTRÓNICA Y DE ÓPTICA;FABRICAÇÃO DE EQUIPAMENTOS DE INFORMÁTICA, PRODUTOS ELETRÔNICOS E ÓPTICOS;2.4352;14332873.6864
2005;Estados Unidos;5811;Publicação de livros;5568464;58;5800;Edição e edição integrada à impressão;5811;58;J;58;ACTIVIDADES DE EDICIÓN;EDIÇÃO E EDIÇÃO INTEGRADA À IMPRESSÃO;2.4352;13560323.5328
2005;Estados Unidos;5819;Outras atividades de publicação;5386336;58;5800;Edição e edição integrada à impressão;5811;58;J;58;ACTIVIDADES DE EDICIÓN;EDIÇÃO E EDIÇÃO INTEGRADA À IMPRESSÃO;2.4352;13116805.4272
2005;Estados Unidos;1103;Fabricação de malte e bebidas maltadas.;5276600;11;1100;Fabricação de bebidas;1111;11;C;11;ELABORACIÓN DE BEBIDAS;FABRICAÇÃO DE BEBIDAS;2.4352;12849576.32
2005;Estados Unidos;0893;Extração de sal;5062336;08;0580;Extração de carvão mineral e de minerais não metálicos;0810;08;B;08;EXPLOTACIÓN DE OTRAS MINAS Y CANTERAS;EXTRAÇÃO DE MINERAIS NÃO-METÁLICOS;2.4352;12327800.6272
2005;Estados Unidos;0149;Criação de outros animais;4881893;014;0192;Pecuária, inclusive o apoio à pecuária;0151;015;A;014;Ganadería;Pecuária;2.4352;11888385.8336
2005;Estados Unidos;1062;Fabricação de amidos e féculas;4409175;106;1093;Outros produtos alimentares;1061;106;C;106;Elaboración de productos de molinería, almidones y productos derivados del almidón;Moagem, fabricação de produtos amiláceos e de alimentos para animais;2.4352;10737222.96
2005;Estados Unidos;2022;Fabricação de tintas, vernizes e produtos similares, tintas de impressão e mástiques;4221646;202;2092;Fabricação de defensivos, desinfestantes, tintas e químicos diversos;2051;205;C;202;Fabricación de otros productos químicos;Fabricação de defensivos agrícolas e desinfestantes domissanitários;2.4352;10280552.3392
2005;Estados Unidos;2030;Fabricação de fibras sintéticas ou artificiais;4041094;203;2091;Fabricação de químicos orgânicos e inorgânicos, resinas e elastômeros;2040;204;C;203;Fabricación de fibras artificiales;Fabricação de fibras artificiais e sintéticas;2.4352;9840872.1088
2005;Estados Unidos;1080;Fabricação de alimentos para animais;4000432;108;1093;Outros produtos alimentares;1061;106;C;108;Elaboración de piensos preparados para animales;Moagem, fabricação de produtos amiláceos e de alimentos para animais;2.4352;9741852.0064
2005;Estados Unidos;0119;Cultivo de outras culturas não perenes;3753146;011;0191;Agricultura, inclusive o apoio à agricultura e a pós-colheita;0111;011;A;011;Cultivo de plantas no perenes;Produção de lavouras temporárias;2.4352;9139661.1392
2005;Estados Unidos;3220;Fabricação de instrumentos musicais;3666204;32;3180;Fabricação de móveis e de produtos de indústrias diversas;3211;32;C;32;OTRAS INDUSTRIAS MANUFACTURERAS;FABRICAÇÃO DE PRODUTOS DIVERSOS;2.4352;8927939.980800001
2005;Estados Unidos;3212;Fabricação de bijuterias e artigos relacionados;3638349;32;3180;Fabricação de móveis e de produtos de indústrias diversas;3211;32;C;32;OTRAS INDUSTRIAS MANUFACTURERAS;FABRICAÇÃO DE PRODUTOS DIVERSOS;2.4352;8860107.4848
2005;Estados Unidos;2815;Fabricação de fornos, fornos e queimadores de fornos;3526758;28;2800;Fabricação de máquinas e equipamentos mecânicos;2811;28;C;28;FABRICACIÓN DE MAQUINARIA Y EQUIPO N.C.P.;FABRICAÇÃO DE MÁQUINAS E EQUIPAMENTOS;2.4352;8588361.0816
2005;Estados Unidos;0115;Cultivo de tabaco;3379514;011;0191;Agricultura, inclusive o apoio à agricultura e a pós-colheita;0111;011;A;011;Cultivo de plantas no perenes;Produção de lavouras temporárias;2.4352;8229792.4928
2005;Estados Unidos;1393;Fabricação de tapetes e tapetes;3238679;13;1300;Fabricação de produtos têxteis;1311;13;C;13;FABRICACIÓN DE PRODUCTOS TEXTILES;FABRICAÇÃO DE PRODUTOS TÊXTEIS;2.4352;7886831.1008
2005;Estados Unidos;2670;Fabricação de instrumentos ópticos e equipamento fotográfico;3115464;26;2600;Fabricação de equipamentos de informática, produtos eletrônicos e ópticos;2610;26;C;26;FABRICACIÓN DE PRODUCTOS DE INFORMÁTICA, DE ELECTRÓNICA Y DE ÓPTICA;FABRICAÇÃO DE EQUIPAMENTOS DE INFORMÁTICA, PRODUTOS ELETRÔNICOS E ÓPTICOS;2.4352;7586777.9328000005
2005;Estados Unidos;2512;Fabricação de tanques, reservatórios e recipientes de metal;2893078;25;2500;Fabricação de produtos de metal, exceto máquinas e equipamentos;2511;25;C;25;FABRICACIÓN DE PRODUCTOS ELABORADOS DE METAL, EXCEPTO MAQUINARIA Y EQUIPO;FABRICAÇÃO DE PRODUTOS DE METAL, EXCETO MÁQUINAS E EQUIPAMENTOS;2.4352;7045223.5456
2005;Estados Unidos;1104;"Fabricação de refrigerantes; produção de águas minerais e outras águas engarrafadas";2869714;11;1100;Fabricação de bebidas;1111;11;C;11;ELABORACIÓN DE BEBIDAS;FABRICAÇÃO DE BEBIDAS;2.4352;6988327.5328
2005;Estados Unidos;2513;Fabricação de geradores de vapor, exceto caldeiras de aquecimento central de água quente;2755330;25;2500;Fabricação de produtos de metal, exceto máquinas e equipamentos;2511;25;C;25;FABRICACIÓN DE PRODUCTOS ELABORADOS DE METAL, EXCEPTO MAQUINARIA Y EQUIPO;FABRICAÇÃO DE PRODUTOS DE METAL, EXCETO MÁQUINAS E EQUIPAMENTOS;2.4352;6709779.616
2005;Estados Unidos;0130;Cultivo de plantas;2653201;013;0191;Agricultura, inclusive o apoio à agricultura e a pós-colheita;0141;014;A;013;Propagación de plantas;Produção de sementes e mudas certificadas;2.4352;6461075.0752
2005;Estados Unidos;0220;Exploração madeireira;2169040;02;0280;"Produção florestal; pesca e aquicultura";0210;02;A;02;SILVICULTURA Y EXTRACCIÓN DE MADERA;PRODUÇÃO FLORESTAL;2.4352;5282046.208
2005;Estados Unidos;1101;Fabricação de aguardentes e outras bebidas destiladas;1704730;11;1100;Fabricação de bebidas;1111;11;C;11;ELABORACIÓN DE BEBIDAS;FABRICAÇÃO DE BEBIDAS;2.4352;4151358.4960000003
2005;Estados Unidos;9000;Atividades criativas, artes e entretenimento;1674777;90;9080;Atividades artísticas, criativas e de espetáculos;9001;90;R;90;ACTIVIDADES CREATIVAS, ARTÍSTICAS Y DE ENTRETENIMIENTO;ATIVIDADES ARTÍSTICAS, CRIATIVAS E DE ESPETÁCULOS;2.4352;4078416.9504
2005;Estados Unidos;2395;Fabricação de artigos de concreto, cimento e gesso;1250127;23;2300;Fabricação de produtos de minerais não metálicos;2311;23;C;23;FABRICACIÓN DE OTROS PRODUCTOS MINERALES NO METÁLICOS;FABRICAÇÃO DE PRODUTOS DE MINERAIS NÃO-METÁLICOS;2.4352;3044309.2704000003
2005;Estados Unidos;0142;Criação de cavalos e outros equinos;1037198;014;0192;Pecuária, inclusive o apoio à pecuária;0151;015;A;014;Ganadería;Pecuária;2.4352;2525784.5696
2005;Estados Unidos;1061;Fabricação de produtos de moagem de grãos;1021200;106;1093;Outros produtos alimentares;1061;106;C;106;Elaboración de productos de molinería, almidones y productos derivados del almidón;Moagem, fabricação de produtos amiláceos e de alimentos para animais;2.4352;2486826.24
2005;Estados Unidos;1420;Fabricação de artigos de peles;1019468;14;1400;Confecção de artefatos do vestuário e acessórios;1411;14;C;14;FABRICACIÓN DE PRENDAS DE VESTIR;CONFECÇÃO DE ARTIGOS DO VESTUÁRIO E ACESSÓRIOS;2.4352;2482608.4736
2005;Estados Unidos;2920;"Fabricação de carroçarias para veículos automotores; fabricação de reboques e semi-reboques";842311;292;2991;Fabricação de automóveis, caminhões e ônibus, exceto peças;2930;293;C;292;"Fabricación de carrocerías para vehículos automotores; fabricación de remolques y semirremolques";Fabricação de cabines, carrocerias e reboques para veículos automotores;2.4352;2051195.7472
2005;Estados Unidos;1812;Atividades de serviço relacionadas à impressão;837622;18;1800;Impressão e reprodução de gravações;1811;18;C;18;IMPRESIÓN Y REPRODUCCIÓN DE GRABACIONES;IMPRESSÃO E REPRODUÇÃO DE GRAVAÇÕES;2.4352;2039777.0944
2005;Estados Unidos;1074;Fabricação de macarrão, talharim, cuscuz e produtos farináceos semelhantes;752706;107;1092;Fabricação e refino de açúcar;1071;107;C;107;Elaboración de otros productos alimenticios;Fabricação e refino de açúcar;2.4352;1832989.6512
2005;Estados Unidos;0230;Coleta de produtos florestais não madeireiros;727699;02;0280;"Produção florestal; pesca e aquicultura";0210;02;A;02;SILVICULTURA Y EXTRACCIÓN DE MADERA;PRODUÇÃO FLORESTAL;2.4352;1772092.6048
2005;Estados Unidos;1102;Fabricação de vinhos;705542;11;1100;Fabricação de bebidas;1111;11;C;11;ELABORACIÓN DE BEBIDAS;FABRICAÇÃO DE BEBIDAS;2.4352;1718135.8784
2005;Estados Unidos;3230;Fabricação de artigos esportivos;688630;32;3180;Fabricação de móveis e de produtos de indústrias diversas;3211;32;C;32;OTRAS INDUSTRIAS MANUFACTURERAS;FABRICAÇÃO DE PRODUTOS DIVERSOS;2.4352;1676951.776
2005;Estados Unidos;5813;Publicação de jornais, revistas e periódicos;474371;58;5800;Edição e edição integrada à impressão;5811;58;J;58;ACTIVIDADES DE EDICIÓN;EDIÇÃO E EDIÇÃO INTEGRADA À IMPRESSÃO;2.4352;1155188.2592
2005;Estados Unidos;2731;Fabricação de cabos de fibra ótica;374917;27;2700;Fabricação de máquinas e equipamentos elétricos;2710;27;C;27;FABRICACIÓN DE EQUIPO ELÉCTRICO;FABRICAÇÃO DE MÁQUINAS, APARELHOS E MATERIAIS ELÉTRICOS;2.4352;912997.8784
2005;Estados Unidos;2652;Fabricação de cronomêtros e relógios;317974;26;2600;Fabricação de equipamentos de informática, produtos eletrônicos e ópticos;2610;26;C;26;FABRICACIÓN DE PRODUCTOS DE INFORMÁTICA, DE ELECTRÓNICA Y DE ÓPTICA;FABRICAÇÃO DE EQUIPAMENTOS DE INFORMÁTICA, PRODUTOS ELETRÔNICOS E ÓPTICOS;2.4352;774330.2848
2005;Estados Unidos;0124;Cultivo de frutas pome e frutas de caroço;195958;012;0191;Agricultura, inclusive o apoio à agricultura e a pós-colheita;0111;011;A;012;Cultivo de plantas perennes;Produção de lavouras temporárias;2.4352;477196.9216
2005;Estados Unidos;3099;Fabricação de outros equipamentos de transporte n.c;139519;30;3000;Fabricação de outros equipamentos de transporte, exceto veículos automotores;3011;30;C;30;FABRICACIÓN DE OTRO  EQUIPO DE TRANSPORTE;FABRICAÇÃO DE OUTROS EQUIPAMENTOS DE TRANSPORTE, EXCETO VEÍCULOS AUTOMOTORES;2.4352;339756.6688
2005;Estados Unidos;0126;Cultivo de frutas oleaginosas;99759;012;0191;Agricultura, inclusive o apoio à agricultura e a pós-colheita;0111;011;A;012;Cultivo de plantas perennes;Produção de lavouras temporárias;2.4352;242933.1168
2005;Estados Unidos;0146;Criação de aves de capoeira;89320;014;0192;Pecuária, inclusive o apoio à pecuária;0151;015;A;014;Ganadería;Pecuária;2.4352;217512.064
2005;Estados Unidos;0129;Cultivo de outras culturas perenes;81257;012;0191;Agricultura, inclusive o apoio à agricultura e a pós-colheita;0111;011;A;012;Cultivo de plantas perennes;Produção de lavouras temporárias;2.4352;197877.0464
2005;Estados Unidos;0123;Cultivo de frutas cítricas;68913;012;0191;Agricultura, inclusive o apoio à agricultura e a pós-colheita;0111;011;A;012;Cultivo de plantas perennes;Produção de lavouras temporárias;2.4352;167816.9376
2005;Estados Unidos;0122;Cultivo de frutas tropicais e subtropicais;66733;012;0191;Agricultura, inclusive o apoio à agricultura e a pós-colheita;0111;011;A;012;Cultivo de plantas perennes;Produção de lavouras temporárias;2.4352;162508.2016
2005;Estados Unidos;3092;Fabricação de bicicletas e carruagens inválidas;55022;30;3000;Fabricação de outros equipamentos de transporte, exceto veículos automotores;3011;30;C;30;FABRICACIÓN DE OTRO  EQUIPO DE TRANSPORTE;FABRICAÇÃO DE OUTROS EQUIPAMENTOS DE TRANSPORTE, EXCETO VEÍCULOS AUTOMOTORES;2.4352;133989.5744
2005;Estados Unidos;3011;Construção de navios e estruturas flutuantes;48553;30;3000;Fabricação de outros equipamentos de transporte, exceto veículos automotores;3011;30;C;30;FABRICACIÓN DE OTRO  EQUIPO DE TRANSPORTE;FABRICAÇÃO DE OUTROS EQUIPAMENTOS DE TRANSPORTE, EXCETO VEÍCULOS AUTOMOTORES;2.4352;118236.2656
2005;Estados Unidos;0891;Extração de minerais químicos e fertilizantes;37169;08;0580;Extração de carvão mineral e de minerais não metálicos;0810;08;B;08;EXPLOTACIÓN DE OTRAS MINAS Y CANTERAS;EXTRAÇÃO DE MINERAIS NÃO-METÁLICOS;2.4352;90513.9488
2005;Estados Unidos;9102;Atividades de museus e operação de locais históricos e edifícios;14915;91;9080;Atividades artísticas, criativas e de espetáculos;9101;91;R;91;ACTIVIDADES DE BIBLIOTECAS, ARCHIVOS Y MUSEOS Y OTRAS ACTIVIDADES CULTURALES;ATIVIDADES LIGADAS AO PATRIMÔNIO CULTURAL E AMBIENTAL;2.4352;36321.008
2005;Estados Unidos;5310;Atividades postais;8975;53;5280;Armazenamento, atividades auxiliares dos transportes e correio;5211;53;H;53;ALMACENAMIENTO Y ACTIVIDADES DE APOYO AL TRANSPORTE;ARMAZENAMENTO E ATIVIDADES AUXILIARES DOS TRANSPORTES;2.4352;21855.920000000002
2005;Estados Unidos;5911;Atividades de produção de filmes, vídeos e programas de televisão;6230;59;5980;Atividades de televisão, rádio, cinema e gravação/edição de som e imagem;5911;59;J;59;ACTIVIDADES DE PRODUCCIÓN DE PELÍCULAS CINEMATOGRÁFICAS, VÍDEOS Y PROGRAMAS DE TELEVISIÓN, GRABACIÓN SONORA Y EDICIÓN DE MÚSICA;"ATIVIDADES CINEMATOGRÁFICAS, PRODUÇÃO DE VÍDEOS E DE PROGRAMAS DE TELEVISÃO; GRAVAÇÃO DE SOM E EDIÇÃO DE MÚSICA";2.4352;15171.296
2005;Estados Unidos;7420;Atividades fotográficas;489;74;7380;Outras atividades profissionais, científicas e técnicas;7410;74;M;74;OTRAS ACTIVIDADES PROFESIONALES, CIENTÍFICAS Y TÉCNICAS;OUTRAS ATIVIDADES PROFISSIONAIS, CIENTÍFICAS E TÉCNICAS;2.4352;1190.8128
2005;Estados Unidos;0620;Extração de gás natural;200;06;0680;Extração de petróleo e gás, inclusive as atividades de apoio;0600;06;B;06;EXTRACCIÓN DE PETRÓLEO CRUDO Y GAS NATURAL;EXTRAÇÃO DE PETRÓLEO E GÁS NATURAL;2.4352;487.04
2005;Estados Unidos;0321;Aquicultura marinha;24;03;0280;"Produção florestal; pesca e aquicultura";0311;03;A;03;PESCA Y ACUICULTURA;PESCA E AQÜICULTURA;2.4352;58.4448
2004;Estados Unidos;3030;Fabricação de aviões e máquinas relacionadas;2475620074;30;3000;Fabricação de outros equipamentos de transporte, exceto veículos automotores;3011;30;C;30;FABRICACIÓN DE OTRO  EQUIPO DE TRANSPORTE;FABRICAÇÃO DE OUTROS EQUIPAMENTOS DE TRANSPORTE, EXCETO VEÍCULOS AUTOMOTORES;2.9259;7243416774.5166
2004;Estados Unidos;2410;Fabricação de ferro e aço básicos;2250233821;241;2491;Produção de ferro-gusa/ferroligas, siderurgia e tubos de aço sem costura;2411;241;C;241;Fabricación básica de hierro y acero;Produção de ferro-gusa e de ferroligas;2.9259;6583959136.8639
2004;Estados Unidos;2420;Fabricação de metais preciosos e outros metais não ferrosos;1176708291;242;2492;Metalurgia de metais não ferosos e a fundição de metais;2441;244;C;242;Fabricación de productos primarios de metales preciosos y otros metales no ferrosos;Metalurgia dos metais não-ferrosos;2.9259;3442930788.6369
2004;Estados Unidos;2930;Fabricação de peças e acessórios para veículos automotores;1095000404;293;2992;Fabricação de peças e acessórios para veículos automotores;2941;294;C;293;Fabricación de partes, piezas y accesorios para vehículos automotores;Fabricação de peças e acessórios para veículos automotores;2.9259;3203861682.0636
2004;Estados Unidos;1520;Fabricação de calçado;1026215075;15;1500;Fabricação de calçados e de artefatos de couro;1510;15;C;15;FABRICACIÓN DE PRODUCTOS DE CUERO Y PRODUCTOS CONEXOS;PREPARAÇÃO DE COUROS E FABRICAÇÃO DE ARTEFATOS DE COURO, ARTIGOS PARA VIAGEM E CALÇADOS;2.9259;3002602687.9425
2004;Estados Unidos;1920;Fabricação de produtos petrolíferos refinados;911739003;192;1991;Refino de petróleo e coquerias;1921;192;C;192;Fabricación de productos de la refinación del petróleo;Fabricação de produtos derivados do petróleo;2.9259;2667657148.8777
2004;Estados Unidos;2011;Fabricação de produtos químicos básicos;614043485;201;1992;Fabricação de biocombustíveis;1931;193;C;201;Fabricación de sustancias químicas básicas, de abonos y compuestos de nitrógeno y de plásticos y caucho sintético en formas primarias;Fabricação de biocombustíveis;2.9259;1796629832.7615
2004;Estados Unidos;1610;Serração e aplainamento de madeira;486612617;16;1500;Fabricação de calçados e de artefatos de couro;1510;15;C;16;"PRODUCCIÓN DE MADERA Y FABRICACIÓN DE PRODUCTOS DE MADERA Y CORCHO, EXCEPTO MUEBLES; FABRICACIÓN DE ARTÍCULOS DE PAJA Y DE MATERIALES TRENZABLES";PREPARAÇÃO DE COUROS E FABRICAÇÃO DE ARTEFATOS DE COURO, ARTIGOS PARA VIAGEM E CALÇADOS;2.9259;1423779856.0802999
2004;Estados Unidos;2824;Fabricação de máquinas para mineração, exploração de pedreiras e construção;475643283;28;2800;Fabricação de máquinas e equipamentos mecânicos;2811;28;C;28;FABRICACIÓN DE MAQUINARIA Y EQUIPO N.C.P.;FABRICAÇÃO DE MÁQUINAS E EQUIPAMENTOS;2.9259;1391684681.7297
2004;Estados Unidos;1621;Fabricação de folheados e painéis derivados de madeira;475628454;16;1500;Fabricação de calçados e de artefatos de couro;1510;15;C;16;"PRODUCCIÓN DE MADERA Y FABRICACIÓN DE PRODUCTOS DE MADERA Y CORCHO, EXCEPTO MUEBLES; FABRICACIÓN DE ARTÍCULOS DE PAJA Y DE MATERIALES TRENZABLES";PREPARAÇÃO DE COUROS E FABRICAÇÃO DE ARTEFATOS DE COURO, ARTIGOS PARA VIAGEM E CALÇADOS;2.9259;1391641293.5586
2004;Estados Unidos;1701;Fabricação de polpa, papel e cartão;474390214;17;1700;Fabricação de celulose, papel e produtos de papel;1710;17;C;17;FABRICACIÓN DE PAPEL Y DE PRODUCTOS DE PAPEL;FABRICAÇÃO DE CELULOSE, PAPEL E PRODUTOS DE PAPEL;2.9259;1388018327.1426
2004;Estados Unidos;2813;Fabricação de outras bombas, compressores, torneiras e válvulas;429090915;28;2800;Fabricação de máquinas e equipamentos mecânicos;2811;28;C;28;FABRICACIÓN DE MAQUINARIA Y EQUIPO N.C.P.;FABRICAÇÃO DE MÁQUINAS E EQUIPAMENTOS;2.9259;1255477108.1985
2004;Estados Unidos;2910;Fabricação de veículos automotores;407214764;291;2991;Fabricação de automóveis, caminhões e ônibus, exceto peças;2910;291;C;291;Fabricación de vehículos automotores;Fabricação de automóveis, camionetas e utilitários;2.9259;1191469677.9876
2004;Estados Unidos;3100;Fabricação de móveis;371076266;31;3180;Fabricação de móveis e de produtos de indústrias diversas;3101;31;C;31;FABRICACIÓN DE MUEBLES;FABRICAÇÃO DE MÓVEIS;2.9259;1085732046.6894
2004;Estados Unidos;2630;Fabricação de equipamentos de comunicação;341417404;26;2600;Fabricação de equipamentos de informática, produtos eletrônicos e ópticos;2610;26;C;26;FABRICACIÓN DE PRODUCTOS DE INFORMÁTICA, DE ELECTRÓNICA Y DE ÓPTICA;FABRICAÇÃO DE EQUIPAMENTOS DE INFORMÁTICA, PRODUTOS ELETRÔNICOS E ÓPTICOS;2.9259;998953182.3636
2004;Estados Unidos;2396;Corte, moldagem e acabamento de pedra;333610951;23;2300;Fabricação de produtos de minerais não metálicos;2311;23;C;23;FABRICACIÓN DE OTROS PRODUCTOS MINERALES NO METÁLICOS;FABRICAÇÃO DE PRODUTOS DE MINERAIS NÃO-METÁLICOS;2.9259;976112281.5309
2004;Estados Unidos;0610;Extração de petróleo bruto;329983939;06;0680;Extração de petróleo e gás, inclusive as atividades de apoio;0600;06;B;06;EXTRACCIÓN DE PETRÓLEO CRUDO Y GAS NATURAL;EXTRAÇÃO DE PETRÓLEO E GÁS NATURAL;2.9259;965500007.1201
2004;Estados Unidos;0127;Cultivo de bebidas da safra;314932530;012;0191;Agricultura, inclusive o apoio à agricultura e a pós-colheita;0111;011;A;012;Cultivo de plantas perennes;Produção de lavouras temporárias;2.9259;921461089.527
2004;Estados Unidos;1622;Fabricação de carpintaria e marcenaria de construtores;285620379;16;1500;Fabricação de calçados e de artefatos de couro;1510;15;C;16;"PRODUCCIÓN DE MADERA Y FABRICACIÓN DE PRODUCTOS DE MADERA Y CORCHO, EXCEPTO MUEBLES; FABRICACIÓN DE ARTÍCULOS DE PAJA Y DE MATERIALES TRENZABLES";PREPARAÇÃO DE COUROS E FABRICAÇÃO DE ARTEFATOS DE COURO, ARTIGOS PARA VIAGEM E CALÇADOS;2.9259;835696666.9161
2004;Estados Unidos;1392;Fabricação de artigos têxteis confeccionados, exceto vestuário;229370812;13;1300;Fabricação de produtos têxteis;1311;13;C;13;FABRICACIÓN DE PRODUCTOS TEXTILES;FABRICAÇÃO DE PRODUTOS TÊXTEIS;2.9259;671116058.8307999
2004;Estados Unidos;2710;Fabricação de motores elétricos, geradores, transformadores e aparelhos de distribuição e controle de energia elétrica;217971939;27;2700;Fabricação de máquinas e equipamentos elétricos;2710;27;C;27;FABRICACIÓN DE EQUIPO ELÉCTRICO;FABRICAÇÃO DE MÁQUINAS, APARELHOS E MATERIAIS ELÉTRICOS;2.9259;637764096.3201
2004;Estados Unidos;2814;Fabricação de rolamentos, engrenagens, engrenagens e elementos de acionamento;210626542;28;2800;Fabricação de máquinas e equipamentos mecânicos;2811;28;C;28;FABRICACIÓN DE MAQUINARIA Y EQUIPO N.C.P.;FABRICAÇÃO DE MÁQUINAS E EQUIPAMENTOS;2.9259;616272199.2378
2004;Estados Unidos;1629;"Fabricação de outros produtos de madeira; fabricação de artigos de cortiça, de espartaria e cestaria";205366969;16;1500;Fabricação de calçados e de artefatos de couro;1510;15;C;16;"PRODUCCIÓN DE MADERA Y FABRICACIÓN DE PRODUCTOS DE MADERA Y CORCHO, EXCEPTO MUEBLES; FABRICACIÓN DE ARTÍCULOS DE PAJA Y DE MATERIALES TRENZABLES";PREPARAÇÃO DE COUROS E FABRICAÇÃO DE ARTEFATOS DE COURO, ARTIGOS PARA VIAGEM E CALÇADOS;2.9259;600883214.5971
2004;Estados Unidos;1010;Processamento e conservação de carne;200883288;101;1091;Abate e produtos de carne, inclusive os produtos do laticínio e da pesca;1011;101;C;101;Elaboración y conservación de carne;Abate e fabricação de produtos de carne;2.9259;587764412.3592
2004;Estados Unidos;2392;Fabricação de materiais de construção de argila;196763177;23;2300;Fabricação de produtos de minerais não metálicos;2311;23;C;23;FABRICACIÓN DE OTROS PRODUCTOS MINERALES NO METÁLICOS;FABRICAÇÃO DE PRODUTOS DE MINERAIS NÃO-METÁLICOS;2.9259;575709379.5843
2004;Estados Unidos;1200;Fabricação de produtos de tabaco;195844164;12;1200;Fabricação de produtos do fumo;1210;12;C;12;ELABORACIÓN DE PRODUCTOS DE TABACO;FABRICAÇÃO DE PRODUTOS DO FUMO;2.9259;573020439.4476
2004;Estados Unidos;2211;"Fabricação de pneus e tubos; recauchutagem e reconstrução de pneus de borracha";176223962;22;1500;Fabricação de calçados e de artefatos de couro;1510;15;C;22;FABRICACIÓN DE PRODUCTOS DE CAUCHO Y PLÁSTICO;PREPARAÇÃO DE COUROS E FABRICAÇÃO DE ARTEFATOS DE COURO, ARTIGOS PARA VIAGEM E CALÇADOS;2.9259;515613690.4158
2004;Estados Unidos;2599;Fabricação de outros produtos metálicos fabricados n.c;158813065;25;2500;Fabricação de produtos de metal, exceto máquinas e equipamentos;2511;25;C;25;FABRICACIÓN DE PRODUCTOS ELABORADOS DE METAL, EXCEPTO MAQUINARIA Y EQUIPO;FABRICAÇÃO DE PRODUTOS DE METAL, EXCETO MÁQUINAS E EQUIPAMENTOS;2.9259;464671146.8835
2004;Estados Unidos;1073;Fabricação de cacau, chocolate e produtos de confeitaria;158605319;107;1092;Fabricação e refino de açúcar;1071;107;C;107;Elaboración de otros productos alimenticios;Fabricação e refino de açúcar;2.9259;464063302.8621
2004;Estados Unidos;1030;Processamento e conservação de frutas e legumes;155560826;103;1093;Outros produtos alimentares;1031;103;C;103;Elaboración y conservación de frutas, legumbres y hortalizas;Fabricação de conservas de frutas, legumes e outros vegetais;2.9259;455155420.7934
2004;Estados Unidos;0125;Cultivo de outras frutas e nozes;152633924;012;0191;Agricultura, inclusive o apoio à agricultura e a pós-colheita;0111;011;A;012;Cultivo de plantas perennes;Produção de lavouras temporárias;2.9259;446591598.2316
2004;Estados Unidos;2640;Fabricação de produtos eletrônicos de consumo;151489317;26;2600;Fabricação de equipamentos de informática, produtos eletrônicos e ópticos;2610;26;C;26;FABRICACIÓN DE PRODUCTOS DE INFORMÁTICA, DE ELECTRÓNICA Y DE ÓPTICA;FABRICAÇÃO DE EQUIPAMENTOS DE INFORMÁTICA, PRODUTOS ELETRÔNICOS E ÓPTICOS;2.9259;443242592.6103
2004;Estados Unidos;1020;Processamento e conservação de peixes, crustáceos e moluscos;139513696;102;1091;Abate e produtos de carne, inclusive os produtos do laticínio e da pesca;1020;102;C;102;Elaboración y conservación de pescado, crustáceos y moluscos;Preservação do pescado e fabricação de produtos do pescado;2.9259;408203123.1264
2004;Estados Unidos;0710;Extração de minério de ferro;136383906;071;0791;Extração de minério de ferro, inclusive beneficiamento e a aglomeração;0710;071;B;071;Extracción de minerales de hierro;Extração de minério de ferro;2.9259;399045670.5654
2004;Estados Unidos;1040;Fabricação de óleos e gorduras vegetais e animais;124647621;104;1093;Outros produtos alimentares;1041;104;C;104;Elaboración de aceites y grasas de origen vegetal y animal;Fabricação de óleos e gorduras vegetais e animais;2.9259;364706474.2839
2004;Estados Unidos;1410;Fabricação de vestuário, exceto vestuários de peles;120809027;14;1400;Confecção de artefatos do vestuário e acessórios;1411;14;C;14;FABRICACIÓN DE PRENDAS DE VESTIR;CONFECÇÃO DE ARTIGOS DO VESTUÁRIO E ACESSÓRIOS;2.9259;353475132.09929997
2004;Estados Unidos;1511;Curtimento e vestuário de couro;118450070;15;1500;Fabricação de calçados e de artefatos de couro;1510;15;C;15;FABRICACIÓN DE PRODUCTOS DE CUERO Y PRODUCTOS CONEXOS;PREPARAÇÃO DE COUROS E FABRICAÇÃO DE ARTEFATOS DE COURO, ARTIGOS PARA VIAGEM E CALÇADOS;2.9259;346573059.81299996
2004;Estados Unidos;2029;Fabricação de outros produtos químicos n.c;115559522;202;2092;Fabricação de defensivos, desinfestantes, tintas e químicos diversos;2051;205;C;202;Fabricación de otros productos químicos;Fabricação de defensivos agrícolas e desinfestantes domissanitários;2.9259;338115605.4198
2004;Estados Unidos;2013;Fabricação de plásticos e borracha sintética em formas primárias;102699807;201;1992;Fabricação de biocombustíveis;1931;193;C;201;Fabricación de sustancias químicas básicas, de abonos y compuestos de nitrógeno y de plásticos y caucho sintético en formas primarias;Fabricação de biocombustíveis;2.9259;300489365.3013
2004;Estados Unidos;1512;Fabricação de malas, bolsas e semelhantes, selaria e arreios;95758560;15;1500;Fabricação de calçados e de artefatos de couro;1510;15;C;15;FABRICACIÓN DE PRODUCTOS DE CUERO Y PRODUCTOS CONEXOS;PREPARAÇÃO DE COUROS E FABRICAÇÃO DE ARTEFATOS DE COURO, ARTIGOS PARA VIAGEM E CALÇADOS;2.9259;280179970.704
2004;Estados Unidos;2821;Fabricação de maquinaria agrícola e florestal;95310395;28;2800;Fabricação de máquinas e equipamentos mecânicos;2811;28;C;28;FABRICACIÓN DE MAQUINARIA Y EQUIPO N.C.P.;FABRICAÇÃO DE MÁQUINAS E EQUIPAMENTOS;2.9259;278868684.7305
2004;Estados Unidos;2220;Fabricação de produtos plásticos;89611517;22;1500;Fabricação de calçados e de artefatos de couro;1510;15;C;22;FABRICACIÓN DE PRODUCTOS DE CAUCHO Y PLÁSTICO;PREPARAÇÃO DE COUROS E FABRICAÇÃO DE ARTEFATOS DE COURO, ARTIGOS PARA VIAGEM E CALÇADOS;2.9259;262194337.5903
2004;Estados Unidos;2593;Fabricação de cutelaria, ferramentas manuais e ferragens em geral;88541270;25;2500;Fabricação de produtos de metal, exceto máquinas e equipamentos;2511;25;C;25;FABRICACIÓN DE PRODUCTOS ELABORADOS DE METAL, EXCEPTO MAQUINARIA Y EQUIPO;FABRICAÇÃO DE PRODUTOS DE METAL, EXCETO MÁQUINAS E EQUIPAMENTOS;2.9259;259062901.893
2004;Estados Unidos;0729;Extração de outros minérios de metais não ferrosos;82756433;072;0792;Extração de minerais metálicos não ferrosos, inclusive beneficiamentos;0721;072;B;072;Extracción de minerales metalíferos no ferrosos;Extração de minerais metálicos não-ferrosos;2.9259;242137047.3147
2004;Estados Unidos;2399;Fabricação de outros produtos minerais não metálicos n.c;82695494;23;2300;Fabricação de produtos de minerais não metálicos;2311;23;C;23;FABRICACIÓN DE OTROS PRODUCTOS MINERALES NO METÁLICOS;FABRICAÇÃO DE PRODUTOS DE MINERAIS NÃO-METÁLICOS;2.9259;241958745.8946
2004;Estados Unidos;2819;Fabricação de outras máquinas para uso geral;81722156;28;2800;Fabricação de máquinas e equipamentos mecânicos;2811;28;C;28;FABRICACIÓN DE MAQUINARIA Y EQUIPO N.C.P.;FABRICAÇÃO DE MÁQUINAS E EQUIPAMENTOS;2.9259;239110856.2404
2004;Estados Unidos;2610;Fabricação de componentes eletrônicos e placas;78030819;26;2600;Fabricação de equipamentos de informática, produtos eletrônicos e ópticos;2610;26;C;26;FABRICACIÓN DE PRODUCTOS DE INFORMÁTICA, DE ELECTRÓNICA Y DE ÓPTICA;FABRICAÇÃO DE EQUIPAMENTOS DE INFORMÁTICA, PRODUTOS ELETRÔNICOS E ÓPTICOS;2.9259;228310373.3121
2004;Estados Unidos;2651;Fabricação de equipamentos de medição, teste, navegação e controle;76105676;26;2600;Fabricação de equipamentos de informática, produtos eletrônicos e ópticos;2610;26;C;26;FABRICACIÓN DE PRODUCTOS DE INFORMÁTICA, DE ELECTRÓNICA Y DE ÓPTICA;FABRICAÇÃO DE EQUIPAMENTOS DE INFORMÁTICA, PRODUTOS ELETRÔNICOS E ÓPTICOS;2.9259;222677597.4084
2004;Estados Unidos;3091;Fabricação de motocicletas;74030124;30;3000;Fabricação de outros equipamentos de transporte, exceto veículos automotores;3011;30;C;30;FABRICACIÓN DE OTRO  EQUIPO DE TRANSPORTE;FABRICAÇÃO DE OUTROS EQUIPAMENTOS DE TRANSPORTE, EXCETO VEÍCULOS AUTOMOTORES;2.9259;216604739.8116
2004;Estados Unidos;0111;Cultivo de cereais (exceto arroz), leguminosas e oleaginosas;72903022;011;0191;Agricultura, inclusive o apoio à agricultura e a pós-colheita;0111;011;A;011;Cultivo de plantas no perenes;Produção de lavouras temporárias;2.9259;213306952.0698
2004;Estados Unidos;2829;Fabricação de outras máquinas para fins especiais;71256408;28;2800;Fabricação de máquinas e equipamentos mecânicos;2811;28;C;28;FABRICACIÓN DE MAQUINARIA Y EQUIPO N.C.P.;FABRICAÇÃO DE MÁQUINAS E EQUIPAMENTOS;2.9259;208489124.1672
2004;Estados Unidos;1072;Fabricação de açúcar;62624791;107;1092;Fabricação e refino de açúcar;1071;107;C;107;Elaboración de otros productos alimenticios;Fabricação e refino de açúcar;2.9259;183233875.9869
2004;Estados Unidos;1079;Fabricação de outros produtos alimentícios n.c;61671379;107;1092;Fabricação e refino de açúcar;1071;107;C;107;Elaboración de otros productos alimenticios;Fabricação e refino de açúcar;2.9259;180444287.8161
2004;Estados Unidos;1709;Fabricação de outros artigos de papel e cartão;60461414;17;1700;Fabricação de celulose, papel e produtos de papel;1710;17;C;17;FABRICACIÓN DE PAPEL Y DE PRODUCTOS DE PAPEL;FABRICAÇÃO DE CELULOSE, PAPEL E PRODUTOS DE PAPEL;2.9259;176904051.22259998
2004;Estados Unidos;2620;Fabricação de computadores e equipamentos periféricos;60270808;26;2600;Fabricação de equipamentos de informática, produtos eletrônicos e ópticos;2610;26;C;26;FABRICACIÓN DE PRODUCTOS DE INFORMÁTICA, DE ELECTRÓNICA Y DE ÓPTICA;FABRICAÇÃO DE EQUIPAMENTOS DE INFORMÁTICA, PRODUTOS ELETRÔNICOS E ÓPTICOS;2.9259;176346357.1272
2004;Estados Unidos;2219;Fabricação de outros produtos de borracha;55232168;22;1500;Fabricação de calçados e de artefatos de couro;1510;15;C;22;FABRICACIÓN DE PRODUCTOS DE CAUCHO Y PLÁSTICO;PREPARAÇÃO DE COUROS E FABRICAÇÃO DE ARTEFATOS DE COURO, ARTIGOS PARA VIAGEM E CALÇADOS;2.9259;161603800.35119998
2004;Estados Unidos;2520;Fabricação de armas e munições;54968361;25;2500;Fabricação de produtos de metal, exceto máquinas e equipamentos;2511;25;C;25;FABRICACIÓN DE PRODUCTOS ELABORADOS DE METAL, EXCEPTO MAQUINARIA Y EQUIPO;FABRICAÇÃO DE PRODUTOS DE METAL, EXCETO MÁQUINAS E EQUIPAMENTOS;2.9259;160831927.4499
2004;Estados Unidos;2822;Fabricação de máquinas e máquinas-ferramentas para moldagem de metais;52452611;28;2800;Fabricação de máquinas e equipamentos mecânicos;2811;28;C;28;FABRICACIÓN DE MAQUINARIA Y EQUIPO N.C.P.;FABRICAÇÃO DE MÁQUINAS E EQUIPAMENTOS;2.9259;153471094.5249
2004;Estados Unidos;3211;Fabricação de joalharia e artigos afins;50585695;32;3180;Fabricação de móveis e de produtos de indústrias diversas;3211;32;C;32;OTRAS INDUSTRIAS MANUFACTURERAS;FABRICAÇÃO DE PRODUTOS DIVERSOS;2.9259;148008685.0005
2004;Estados Unidos;2790;Fabricação de outro equipamento elétrico;44859610;27;2700;Fabricação de máquinas e equipamentos elétricos;2710;27;C;27;FABRICACIÓN DE EQUIPO ELÉCTRICO;FABRICAÇÃO DE MÁQUINAS, APARELHOS E MATERIAIS ELÉTRICOS;2.9259;131254732.899
2004;Estados Unidos;2310;Fabricação de produtos de vidro e vidro;43885672;23;2300;Fabricação de produtos de minerais não metálicos;2311;23;C;23;FABRICACIÓN DE OTROS PRODUCTOS MINERALES NO METÁLICOS;FABRICAÇÃO DE PRODUTOS DE MINERAIS NÃO-METÁLICOS;2.9259;128405087.7048
2004;Estados Unidos;2732;Fabricação de outros fios e cabos elétricos e eletrônicos;43841005;27;2700;Fabricação de máquinas e equipamentos elétricos;2710;27;C;27;FABRICACIÓN DE EQUIPO ELÉCTRICO;FABRICAÇÃO DE MÁQUINAS, APARELHOS E MATERIAIS ELÉTRICOS;2.9259;128274396.5295
2004;Estados Unidos;2750;Fabricação de eletrodomésticos;37883332;27;2700;Fabricação de máquinas e equipamentos elétricos;2710;27;C;27;FABRICACIÓN DE EQUIPO ELÉCTRICO;FABRICAÇÃO DE MÁQUINAS, APARELHOS E MATERIAIS ELÉTRICOS;2.9259;110842841.0988
2004;Estados Unidos;0810;Extração de pedra, areia e argila;36832870;08;0580;Extração de carvão mineral e de minerais não metálicos;0810;08;B;08;EXPLOTACIÓN DE OTRAS MINAS Y CANTERAS;EXTRAÇÃO DE MINERAIS NÃO-METÁLICOS;2.9259;107769294.333
2004;Estados Unidos;0128;Cultivo de especiarias, culturas aromáticas, medicamentosas e farmacêuticas;35091369;012;0191;Agricultura, inclusive o apoio à agricultura e a pós-colheita;0111;011;A;012;Cultivo de plantas perennes;Produção de lavouras temporárias;2.9259;102673836.5571
2004;Estados Unidos;3290;Outras manufaturas n.c.;34198281;32;3180;Fabricação de móveis e de produtos de indústrias diversas;3211;32;C;32;OTRAS INDUSTRIAS MANUFACTURERAS;FABRICAÇÃO DE PRODUTOS DIVERSOS;2.9259;100060750.3779
2004;Estados Unidos;2100;Fabricação de produtos farmacêuticos, produtos químicos medicinais e botânicos;33795355;21;2100;Fabricação de produtos farmoquímicos e farmacêuticos;2110;21;C;21;FABRICACIÓN DE PRODUCTOS FARMACÉUTICOS, SUSTANCIAS QUÍMICAS MEDICINALES Y PRODUCTOS BOTÁNICOS DE USO FARMACÉUTICO;FABRICAÇÃO DE PRODUTOS FARMOQUÍMICOS E FARMACÊUTICOS;2.9259;98881829.1945
2004;Estados Unidos;1311;Preparação e fiação de fibras têxteis;32102504;13;1300;Fabricação de produtos têxteis;1311;13;C;13;FABRICACIÓN DE PRODUCTOS TEXTILES;FABRICAÇÃO DE PRODUTOS TÊXTEIS;2.9259;93928716.4536
2004;Estados Unidos;1394;Fabricação de cordéis, cordas, cordéis e redes;31315974;13;1300;Fabricação de produtos têxteis;1311;13;C;13;FABRICACIÓN DE PRODUCTOS TEXTILES;FABRICAÇÃO DE PRODUTOS TÊXTEIS;2.9259;91627408.3266
2004;Estados Unidos;0311;Pesca marinha;30546387;03;0280;"Produção florestal; pesca e aquicultura";0311;03;A;03;PESCA Y ACUICULTURA;PESCA E AQÜICULTURA;2.9259;89375673.7233
2004;Estados Unidos;3020;Fabricação de locomotivas e material circulante;30189750;30;3000;Fabricação de outros equipamentos de transporte, exceto veículos automotores;3011;30;C;30;FABRICACIÓN DE OTRO  EQUIPO DE TRANSPORTE;FABRICAÇÃO DE OUTROS EQUIPAMENTOS DE TRANSPORTE, EXCETO VEÍCULOS AUTOMOTORES;2.9259;88332189.52499999
2004;Estados Unidos;2811;Fabricação de motores e turbinas, exceto aeronaves, veículos e motores de ciclo;27281373;28;2800;Fabricação de máquinas e equipamentos mecânicos;2811;28;C;28;FABRICACIÓN DE MAQUINARIA Y EQUIPO N.C.P.;FABRICAÇÃO DE MÁQUINAS E EQUIPAMENTOS;2.9259;79822569.2607
2004;Estados Unidos;2720;Fabricação de baterias e acumuladores;26108152;27;2700;Fabricação de máquinas e equipamentos elétricos;2710;27;C;27;FABRICACIÓN DE EQUIPO ELÉCTRICO;FABRICAÇÃO DE MÁQUINAS, APARELHOS E MATERIAIS ELÉTRICOS;2.9259;76389841.9368
2004;Estados Unidos;3250;Fabricação de instrumentos e suprimentos médicos e odontológicos;26097220;32;3180;Fabricação de móveis e de produtos de indústrias diversas;3211;32;C;32;OTRAS INDUSTRIAS MANUFACTURERAS;FABRICAÇÃO DE PRODUTOS DIVERSOS;2.9259;76357855.998
2004;Estados Unidos;1399;Fabricação de outros têxteis n.e.c.;25916531;13;1300;Fabricação de produtos têxteis;1311;13;C;13;FABRICACIÓN DE PRODUCTOS TEXTILES;FABRICAÇÃO DE PRODUTOS TÊXTEIS;2.9259;75829178.0529
2004;Estados Unidos;1312;Tecelagem de têxteis;23502284;13;1300;Fabricação de produtos têxteis;1311;13;C;13;FABRICACIÓN DE PRODUCTOS TEXTILES;FABRICAÇÃO DE PRODUTOS TÊXTEIS;2.9259;68765332.7556
2004;Estados Unidos;2431;Fundição de ferro e aço;20496808;243;2492;Metalurgia de metais não ferosos e a fundição de metais;2451;245;C;243;Fundición de metales;Fundição;2.9259;59971610.5272
2004;Estados Unidos;0113;Cultivo de hortaliças e melões, raízes e tubérculos;20316926;011;0191;Agricultura, inclusive o apoio à agricultura e a pós-colheita;0111;011;A;011;Cultivo de plantas no perenes;Produção de lavouras temporárias;2.9259;59445293.7834
2004;Estados Unidos;1071;Fabricação de produtos de panificação;19406899;107;1092;Fabricação e refino de açúcar;1071;107;C;107;Elaboración de otros productos alimenticios;Fabricação e refino de açúcar;2.9259;56782645.784099996
2004;Estados Unidos;2818;Fabricação de ferramentas manuais acionadas por motor;15620141;28;2800;Fabricação de máquinas e equipamentos mecânicos;2811;28;C;28;FABRICACIÓN DE MAQUINARIA Y EQUIPO N.C.P.;FABRICAÇÃO DE MÁQUINAS E EQUIPAMENTOS;2.9259;45702970.5519
2004;Estados Unidos;2012;Fabricação de fertilizantes e compostos nitrogenados;15453103;201;1992;Fabricação de biocombustíveis;1931;193;C;201;Fabricación de sustancias químicas básicas, de abonos y compuestos de nitrógeno y de plásticos y caucho sintético en formas primarias;Fabricação de biocombustíveis;2.9259;45214234.0677
2004;Estados Unidos;2030;Fabricação de fibras sintéticas ou artificiais;14931840;203;2091;Fabricação de químicos orgânicos e inorgânicos, resinas e elastômeros;2040;204;C;203;Fabricación de fibras artificiales;Fabricação de fibras artificiais e sintéticas;2.9259;43689070.655999996
2004;Estados Unidos;2826;Fabricação de máquinas para produção de têxteis, vestuário e couro;14203704;28;2800;Fabricação de máquinas e equipamentos mecânicos;2811;28;C;28;FABRICACIÓN DE MAQUINARIA Y EQUIPO N.C.P.;FABRICAÇÃO DE MÁQUINAS E EQUIPAMENTOS;2.9259;41558617.5336
2004;Estados Unidos;2021;Fabricação de pesticidas e outros produtos agroquímicos;13759226;202;2092;Fabricação de defensivos, desinfestantes, tintas e químicos diversos;2051;205;C;202;Fabricación de otros productos químicos;Fabricação de defensivos agrícolas e desinfestantes domissanitários;2.9259;40258119.3534
2004;Estados Unidos;2393;Fabricação de outros produtos de porcelana e cerâmica;13648806;23;2300;Fabricação de produtos de minerais não metálicos;2311;23;C;23;FABRICACIÓN DE OTROS PRODUCTOS MINERALES NO METÁLICOS;FABRICAÇÃO DE PRODUTOS DE MINERAIS NÃO-METÁLICOS;2.9259;39935041.4754
2004;Estados Unidos;1430;Fabricação de vestuário de malha;12925493;14;1400;Confecção de artefatos do vestuário e acessórios;1411;14;C;14;FABRICACIÓN DE PRENDAS DE VESTIR;CONFECÇÃO DE ARTIGOS DO VESTUÁRIO E ACESSÓRIOS;2.9259;37818699.9687
2004;Estados Unidos;0899;Outras atividades de mineração n.c;12255310;08;0580;Extração de carvão mineral e de minerais não metálicos;0810;08;B;08;EXPLOTACIÓN DE OTRAS MINAS Y CANTERAS;EXTRAÇÃO DE MINERAIS NÃO-METÁLICOS;2.9259;35857811.529
2004;Estados Unidos;2816;Fabricação de equipamentos de elevação e manuseio;11753076;28;2800;Fabricação de máquinas e equipamentos mecânicos;2811;28;C;28;FABRICACIÓN DE MAQUINARIA Y EQUIPO N.C.P.;FABRICAÇÃO DE MÁQUINAS E EQUIPAMENTOS;2.9259;34388325.0684
2004;Estados Unidos;2825;Fabricação de máquinas para processamento de alimentos, bebidas e tabaco;11692011;28;2800;Fabricação de máquinas e equipamentos mecânicos;2811;28;C;28;FABRICACIÓN DE MAQUINARIA Y EQUIPO N.C.P.;FABRICAÇÃO DE MÁQUINAS E EQUIPAMENTOS;2.9259;34209654.9849
2004;Estados Unidos;2823;Fabricação de máquinas para metalurgia;11628602;28;2800;Fabricação de máquinas e equipamentos mecânicos;2811;28;C;28;FABRICACIÓN DE MAQUINARIA Y EQUIPO N.C.P.;FABRICAÇÃO DE MÁQUINAS E EQUIPAMENTOS;2.9259;34024126.5918
2004;Estados Unidos;3240;Fabricação de jogos e brinquedos;11067044;32;3180;Fabricação de móveis e de produtos de indústrias diversas;3211;32;C;32;OTRAS INDUSTRIAS MANUFACTURERAS;FABRICAÇÃO DE PRODUTOS DIVERSOS;2.9259;32381064.0396
2004;Estados Unidos;2023;Fabricação de sabão e detergentes, produtos de limpeza e polimento, perfumes e produtos de toilette;9538159;202;2092;Fabricação de defensivos, desinfestantes, tintas e químicos diversos;2051;205;C;202;Fabricación de otros productos químicos;Fabricação de defensivos agrícolas e desinfestantes domissanitários;2.9259;27907699.4181
2004;Estados Unidos;2817;Fabricação de máquinas e equipamentos de escritório (exceto computadores e equipamentos periféricos);9270984;28;2800;Fabricação de máquinas e equipamentos mecânicos;2811;28;C;28;FABRICACIÓN DE MAQUINARIA Y EQUIPO N.C.P.;FABRICAÇÃO DE MÁQUINAS E EQUIPAMENTOS;2.9259;27125972.0856
2004;Estados Unidos;1623;Fabricação de embalagens de madeira;9250217;16;1500;Fabricação de calçados e de artefatos de couro;1510;15;C;16;"PRODUCCIÓN DE MADERA Y FABRICACIÓN DE PRODUCTOS DE MADERA Y CORCHO, EXCEPTO MUEBLES; FABRICACIÓN DE ARTÍCULOS DE PAJA Y DE MATERIALES TRENZABLES";PREPARAÇÃO DE COUROS E FABRICAÇÃO DE ARTEFATOS DE COURO, ARTIGOS PARA VIAGEM E CALÇADOS;2.9259;27065209.9203
2004;Estados Unidos;1391;Fabricação de tecidos de malha;9187612;13;1300;Fabricação de produtos têxteis;1311;13;C;13;FABRICACIÓN DE PRODUCTOS TEXTILES;FABRICAÇÃO DE PRODUTOS TÊXTEIS;2.9259;26882033.950799998
2004;Estados Unidos;2394;Fabricação de cimento, cal e gesso;9061333;23;2300;Fabricação de produtos de minerais não metálicos;2311;23;C;23;FABRICACIÓN DE OTROS PRODUCTOS MINERALES NO METÁLICOS;FABRICAÇÃO DE PRODUTOS DE MINERAIS NÃO-METÁLICOS;2.9259;26512554.2247
2004;Estados Unidos;2391;Fabricação de produtos refratários;8622895;23;2300;Fabricação de produtos de minerais não metálicos;2311;23;C;23;FABRICACIÓN DE OTROS PRODUCTOS MINERALES NO METÁLICOS;FABRICAÇÃO DE PRODUTOS DE MINERAIS NÃO-METÁLICOS;2.9259;25229728.480499998
2004;Estados Unidos;2740;Fabricação de equipamentos de iluminação elétrica;8432057;27;2700;Fabricação de máquinas e equipamentos elétricos;2710;27;C;27;FABRICACIÓN DE EQUIPO ELÉCTRICO;FABRICAÇÃO DE MÁQUINAS, APARELHOS E MATERIAIS ELÉTRICOS;2.9259;24671355.5763
2004;Estados Unidos;5811;Publicação de livros;8112198;58;5800;Edição e edição integrada à impressão;5811;58;J;58;ACTIVIDADES DE EDICIÓN;EDIÇÃO E EDIÇÃO INTEGRADA À IMPRESSÃO;2.9259;23735480.1282
2004;Estados Unidos;1050;Fabricação de produtos lácteos;7952375;105;1091;Abate e produtos de carne, inclusive os produtos do laticínio e da pesca;1051;105;C;105;Elaboración de productos lácteos;Laticínios;2.9259;23267854.0125
2004;Estados Unidos;0149;Criação de outros animais;6974358;014;0192;Pecuária, inclusive o apoio à pecuária;0151;015;A;014;Ganadería;Pecuária;2.9259;20406274.0722
2004;Estados Unidos;1702;Fabricação de papel e cartão canelados e de embalagens de papel e cartão;6562137;17;1700;Fabricação de celulose, papel e produtos de papel;1710;17;C;17;FABRICACIÓN DE PAPEL Y DE PRODUCTOS DE PAPEL;FABRICAÇÃO DE CELULOSE, PAPEL E PRODUTOS DE PAPEL;2.9259;19200156.6483
2004;Estados Unidos;2812;Fabricação de equipamentos para energia hidráulica;6281947;28;2800;Fabricação de máquinas e equipamentos mecânicos;2811;28;C;28;FABRICACIÓN DE MAQUINARIA Y EQUIPO N.C.P.;FABRICAÇÃO DE MÁQUINAS E EQUIPAMENTOS;2.9259;18380348.7273
2004;Estados Unidos;3011;Construção de navios e estruturas flutuantes;6281929;30;3000;Fabricação de outros equipamentos de transporte, exceto veículos automotores;3011;30;C;30;FABRICACIÓN DE OTRO  EQUIPO DE TRANSPORTE;FABRICAÇÃO DE OUTROS EQUIPAMENTOS DE TRANSPORTE, EXCETO VEÍCULOS AUTOMOTORES;2.9259;18380296.0611
2004;Estados Unidos;0115;Cultivo de tabaco;5526164;011;0191;Agricultura, inclusive o apoio à agricultura e a pós-colheita;0111;011;A;011;Cultivo de plantas no perenes;Produção de lavouras temporárias;2.9259;16169003.2476
2004;Estados Unidos;2660;Fabricação de equipamentos de irradiação, eletromédicos e eletroterapêuticos;4864868;26;2600;Fabricação de equipamentos de informática, produtos eletrônicos e ópticos;2610;26;C;26;FABRICACIÓN DE PRODUCTOS DE INFORMÁTICA, DE ELECTRÓNICA Y DE ÓPTICA;FABRICAÇÃO DE EQUIPAMENTOS DE INFORMÁTICA, PRODUTOS ELETRÔNICOS E ÓPTICOS;2.9259;14234117.2812
2004;Estados Unidos;1062;Fabricação de amidos e féculas;4530807;106;1093;Outros produtos alimentares;1061;106;C;106;Elaboración de productos de molinería, almidones y productos derivados del almidón;Moagem, fabricação de produtos amiláceos e de alimentos para animais;2.9259;13256688.201299999
2004;Estados Unidos;3012;Construção de barcos de recreio e desportivos;4247872;30;3000;Fabricação de outros equipamentos de transporte, exceto veículos automotores;3011;30;C;30;FABRICACIÓN DE OTRO  EQUIPO DE TRANSPORTE;FABRICAÇÃO DE OUTROS EQUIPAMENTOS DE TRANSPORTE, EXCETO VEÍCULOS AUTOMOTORES;2.9259;12428848.684799999
2004;Estados Unidos;0116;Cultivo de culturas de fibra;4235864;011;0191;Agricultura, inclusive o apoio à agricultura e a pós-colheita;0111;011;A;011;Cultivo de plantas no perenes;Produção de lavouras temporárias;2.9259;12393714.477599999
2004;Estados Unidos;2022;Fabricação de tintas, vernizes e produtos similares, tintas de impressão e mástiques;4171567;202;2092;Fabricação de defensivos, desinfestantes, tintas e químicos diversos;2051;205;C;202;Fabricación de otros productos químicos;Fabricação de defensivos agrícolas e desinfestantes domissanitários;2.9259;12205587.8853
2004;Estados Unidos;0121;Cultivo de uvas;3906535;012;0191;Agricultura, inclusive o apoio à agricultura e a pós-colheita;0111;011;A;012;Cultivo de plantas perennes;Produção de lavouras temporárias;2.9259;11430130.7565
2004;Estados Unidos;1104;"Fabricação de refrigerantes; produção de águas minerais e outras águas engarrafadas";3596719;11;1100;Fabricação de bebidas;1111;11;C;11;ELABORACIÓN DE BEBIDAS;FABRICAÇÃO DE BEBIDAS;2.9259;10523640.1221
2004;Estados Unidos;9000;Atividades criativas, artes e entretenimento;3589801;90;9080;Atividades artísticas, criativas e de espetáculos;9001;90;R;90;ACTIVIDADES CREATIVAS, ARTÍSTICAS Y DE ENTRETENIMIENTO;ATIVIDADES ARTÍSTICAS, CRIATIVAS E DE ESPETÁCULOS;2.9259;10503398.7459
2004;Estados Unidos;5819;Outras atividades de publicação;3460499;58;5800;Edição e edição integrada à impressão;5811;58;J;58;ACTIVIDADES DE EDICIÓN;EDIÇÃO E EDIÇÃO INTEGRADA À IMPRESSÃO;2.9259;10125074.0241
2004;Estados Unidos;2511;Fabricação de produtos metálicos estruturais;3370914;25;2500;Fabricação de produtos de metal, exceto máquinas e equipamentos;2511;25;C;25;FABRICACIÓN DE PRODUCTOS ELABORADOS DE METAL, EXCEPTO MAQUINARIA Y EQUIPO;FABRICAÇÃO DE PRODUTOS DE METAL, EXCETO MÁQUINAS E EQUIPAMENTOS;2.9259;9862957.2726
2004;Estados Unidos;2680;Fabricação de mídia magnética e óptica;3039154;26;2600;Fabricação de equipamentos de informática, produtos eletrônicos e ópticos;2610;26;C;26;FABRICACIÓN DE PRODUCTOS DE INFORMÁTICA, DE ELECTRÓNICA Y DE ÓPTICA;FABRICAÇÃO DE EQUIPAMENTOS DE INFORMÁTICA, PRODUTOS ELETRÔNICOS E ÓPTICOS;2.9259;8892260.6886
2004;Estados Unidos;2512;Fabricação de tanques, reservatórios e recipientes de metal;2989655;25;2500;Fabricação de produtos de metal, exceto máquinas e equipamentos;2511;25;C;25;FABRICACIÓN DE PRODUCTOS ELABORADOS DE METAL, EXCEPTO MAQUINARIA Y EQUIPO;FABRICAÇÃO DE PRODUTOS DE METAL, EXCETO MÁQUINAS E EQUIPAMENTOS;2.9259;8747431.5645
2004;Estados Unidos;0119;Cultivo de outras culturas não perenes;2918898;011;0191;Agricultura, inclusive o apoio à agricultura e a pós-colheita;0111;011;A;011;Cultivo de plantas no perenes;Produção de lavouras temporárias;2.9259;8540403.6582
2004;Estados Unidos;2670;Fabricação de instrumentos ópticos e equipamento fotográfico;2858910;26;2600;Fabricação de equipamentos de informática, produtos eletrônicos e ópticos;2610;26;C;26;FABRICACIÓN DE PRODUCTOS DE INFORMÁTICA, DE ELECTRÓNICA Y DE ÓPTICA;FABRICAÇÃO DE EQUIPAMENTOS DE INFORMÁTICA, PRODUTOS ELETRÔNICOS E ÓPTICOS;2.9259;8364884.768999999
2004;Estados Unidos;3220;Fabricação de instrumentos musicais;2684590;32;3180;Fabricação de móveis e de produtos de indústrias diversas;3211;32;C;32;OTRAS INDUSTRIAS MANUFACTURERAS;FABRICAÇÃO DE PRODUTOS DIVERSOS;2.9259;7854841.881
2004;Estados Unidos;0220;Exploração madeireira;2234362;02;0280;"Produção florestal; pesca e aquicultura";0210;02;A;02;SILVICULTURA Y EXTRACCIÓN DE MADERA;PRODUÇÃO FLORESTAL;2.9259;6537519.7758
2004;Estados Unidos;1393;Fabricação de tapetes e tapetes;2045614;13;1300;Fabricação de produtos têxteis;1311;13;C;13;FABRICACIÓN DE PRODUCTOS TEXTILES;FABRICAÇÃO DE PRODUTOS TÊXTEIS;2.9259;5985262.0026
2004;Estados Unidos;0893;Extração de sal;1722349;08;0580;Extração de carvão mineral e de minerais não metálicos;0810;08;B;08;EXPLOTACIÓN DE OTRAS MINAS Y CANTERAS;EXTRAÇÃO DE MINERAIS NÃO-METÁLICOS;2.9259;5039420.9391
2004;Estados Unidos;0130;Cultivo de plantas;1678298;013;0191;Agricultura, inclusive o apoio à agricultura e a pós-colheita;0141;014;A;013;Propagación de plantas;Produção de sementes e mudas certificadas;2.9259;4910532.118199999
2004;Estados Unidos;1080;Fabricação de alimentos para animais;1645305;108;1093;Outros produtos alimentares;1061;106;C;108;Elaboración de piensos preparados para animales;Moagem, fabricação de produtos amiláceos e de alimentos para animais;2.9259;4813997.8995
2004;Estados Unidos;2815;Fabricação de fornos, fornos e queimadores de fornos;1499642;28;2800;Fabricação de máquinas e equipamentos mecânicos;2811;28;C;28;FABRICACIÓN DE MAQUINARIA Y EQUIPO N.C.P.;FABRICAÇÃO DE MÁQUINAS E EQUIPAMENTOS;2.9259;4387802.5278
2004;Estados Unidos;1101;Fabricação de aguardentes e outras bebidas destiladas;1414611;11;1100;Fabricação de bebidas;1111;11;C;11;ELABORACIÓN DE BEBIDAS;FABRICAÇÃO DE BEBIDAS;2.9259;4139010.3249
2004;Estados Unidos;2513;Fabricação de geradores de vapor, exceto caldeiras de aquecimento central de água quente;954890;25;2500;Fabricação de produtos de metal, exceto máquinas e equipamentos;2511;25;C;25;FABRICACIÓN DE PRODUCTOS ELABORADOS DE METAL, EXCEPTO MAQUINARIA Y EQUIPO;FABRICAÇÃO DE PRODUTOS DE METAL, EXCETO MÁQUINAS E EQUIPAMENTOS;2.9259;2793912.651
2004;Estados Unidos;1061;Fabricação de produtos de moagem de grãos;887456;106;1093;Outros produtos alimentares;1061;106;C;106;Elaboración de productos de molinería, almidones y productos derivados del almidón;Moagem, fabricação de produtos amiláceos e de alimentos para animais;2.9259;2596607.5104
2004;Estados Unidos;0124;Cultivo de frutas pome e frutas de caroço;870095;012;0191;Agricultura, inclusive o apoio à agricultura e a pós-colheita;0111;011;A;012;Cultivo de plantas perennes;Produção de lavouras temporárias;2.9259;2545810.9605
2004;Estados Unidos;0142;Criação de cavalos e outros equinos;804000;014;0192;Pecuária, inclusive o apoio à pecuária;0151;015;A;014;Ganadería;Pecuária;2.9259;2352423.6
2004;Estados Unidos;2920;"Fabricação de carroçarias para veículos automotores; fabricação de reboques e semi-reboques";741101;292;2991;Fabricação de automóveis, caminhões e ônibus, exceto peças;2930;293;C;292;"Fabricación de carrocerías para vehículos automotores; fabricación de remolques y semirremolques";Fabricação de cabines, carrocerias e reboques para veículos automotores;2.9259;2168387.4159
2004;Estados Unidos;0230;Coleta de produtos florestais não madeireiros;705720;02;0280;"Produção florestal; pesca e aquicultura";0210;02;A;02;SILVICULTURA Y EXTRACCIÓN DE MADERA;PRODUÇÃO FLORESTAL;2.9259;2064866.148
2004;Estados Unidos;2395;Fabricação de artigos de concreto, cimento e gesso;687014;23;2300;Fabricação de produtos de minerais não metálicos;2311;23;C;23;FABRICACIÓN DE OTROS PRODUCTOS MINERALES NO METÁLICOS;FABRICAÇÃO DE PRODUTOS DE MINERAIS NÃO-METÁLICOS;2.9259;2010134.2626
2004;Estados Unidos;3230;Fabricação de artigos esportivos;573003;32;3180;Fabricação de móveis e de produtos de indústrias diversas;3211;32;C;32;OTRAS INDUSTRIAS MANUFACTURERAS;FABRICAÇÃO DE PRODUTOS DIVERSOS;2.9259;1676549.4777
2004;Estados Unidos;1812;Atividades de serviço relacionadas à impressão;516128;18;1800;Impressão e reprodução de gravações;1811;18;C;18;IMPRESIÓN Y REPRODUCCIÓN DE GRABACIONES;IMPRESSÃO E REPRODUÇÃO DE GRAVAÇÕES;2.9259;1510138.9152
2004;Estados Unidos;1420;Fabricação de artigos de peles;502068;14;1400;Confecção de artefatos do vestuário e acessórios;1411;14;C;14;FABRICACIÓN DE PRENDAS DE VESTIR;CONFECÇÃO DE ARTIGOS DO VESTUÁRIO E ACESSÓRIOS;2.9259;1469000.7612
2004;Estados Unidos;3212;Fabricação de bijuterias e artigos relacionados;486125;32;3180;Fabricação de móveis e de produtos de indústrias diversas;3211;32;C;32;OTRAS INDUSTRIAS MANUFACTURERAS;FABRICAÇÃO DE PRODUTOS DIVERSOS;2.9259;1422353.1375
2004;Estados Unidos;1074;Fabricação de macarrão, talharim, cuscuz e produtos farináceos semelhantes;463845;107;1092;Fabricação e refino de açúcar;1071;107;C;107;Elaboración de otros productos alimenticios;Fabricação e refino de açúcar;2.9259;1357164.0855
2004;Estados Unidos;2731;Fabricação de cabos de fibra ótica;419137;27;2700;Fabricação de máquinas e equipamentos elétricos;2710;27;C;27;FABRICACIÓN DE EQUIPO ELÉCTRICO;FABRICAÇÃO DE MÁQUINAS, APARELHOS E MATERIAIS ELÉTRICOS;2.9259;1226352.9483
2004;Estados Unidos;2652;Fabricação de cronomêtros e relógios;377560;26;2600;Fabricação de equipamentos de informática, produtos eletrônicos e ópticos;2610;26;C;26;FABRICACIÓN DE PRODUCTOS DE INFORMÁTICA, DE ELECTRÓNICA Y DE ÓPTICA;FABRICAÇÃO DE EQUIPAMENTOS DE INFORMÁTICA, PRODUTOS ELETRÔNICOS E ÓPTICOS;2.9259;1104702.804
2004;Estados Unidos;1103;Fabricação de malte e bebidas maltadas.;352078;11;1100;Fabricação de bebidas;1111;11;C;11;ELABORACIÓN DE BEBIDAS;FABRICAÇÃO DE BEBIDAS;2.9259;1030145.0202
2004;Estados Unidos;1102;Fabricação de vinhos;317091;11;1100;Fabricação de bebidas;1111;11;C;11;ELABORACIÓN DE BEBIDAS;FABRICAÇÃO DE BEBIDAS;2.9259;927776.5569
2004;Estados Unidos;0123;Cultivo de frutas cítricas;283819;012;0191;Agricultura, inclusive o apoio à agricultura e a pós-colheita;0111;011;A;012;Cultivo de plantas perennes;Produção de lavouras temporárias;2.9259;830426.0120999999
2004;Estados Unidos;5813;Publicação de jornais, revistas e periódicos;267297;58;5800;Edição e edição integrada à impressão;5811;58;J;58;ACTIVIDADES DE EDICIÓN;EDIÇÃO E EDIÇÃO INTEGRADA À IMPRESSÃO;2.9259;782084.2923
2004;Estados Unidos;0321;Aquicultura marinha;221298;03;0280;"Produção florestal; pesca e aquicultura";0311;03;A;03;PESCA Y ACUICULTURA;PESCA E AQÜICULTURA;2.9259;647495.8182
2004;Estados Unidos;3099;Fabricação de outros equipamentos de transporte n.c;140080;30;3000;Fabricação de outros equipamentos de transporte, exceto veículos automotores;3011;30;C;30;FABRICACIÓN DE OTRO  EQUIPO DE TRANSPORTE;FABRICAÇÃO DE OUTROS EQUIPAMENTOS DE TRANSPORTE, EXCETO VEÍCULOS AUTOMOTORES;2.9259;409860.072
2004;Estados Unidos;0891;Extração de minerais químicos e fertilizantes;134505;08;0580;Extração de carvão mineral e de minerais não metálicos;0810;08;B;08;EXPLOTACIÓN DE OTRAS MINAS Y CANTERAS;EXTRAÇÃO DE MINERAIS NÃO-METÁLICOS;2.9259;393548.17949999997
2004;Estados Unidos;0126;Cultivo de frutas oleaginosas;65733;012;0191;Agricultura, inclusive o apoio à agricultura e a pós-colheita;0111;011;A;012;Cultivo de plantas perennes;Produção de lavouras temporárias;2.9259;192328.18469999998
2004;Estados Unidos;5310;Atividades postais;8968;53;5280;Armazenamento, atividades auxiliares dos transportes e correio;5211;53;H;53;ALMACENAMIENTO Y ACTIVIDADES DE APOYO AL TRANSPORTE;ARMAZENAMENTO E ATIVIDADES AUXILIARES DOS TRANSPORTES;2.9259;26239.4712
2004;Estados Unidos;0122;Cultivo de frutas tropicais e subtropicais;8691;012;0191;Agricultura, inclusive o apoio à agricultura e a pós-colheita;0111;011;A;012;Cultivo de plantas perennes;Produção de lavouras temporárias;2.9259;25428.9969
2004;Estados Unidos;3092;Fabricação de bicicletas e carruagens inválidas;2891;30;3000;Fabricação de outros equipamentos de transporte, exceto veículos automotores;3011;30;C;30;FABRICACIÓN DE OTRO  EQUIPO DE TRANSPORTE;FABRICAÇÃO DE OUTROS EQUIPAMENTOS DE TRANSPORTE, EXCETO VEÍCULOS AUTOMOTORES;2.9259;8458.7769
2004;Estados Unidos;0129;Cultivo de outras culturas perenes;2473;012;0191;Agricultura, inclusive o apoio à agricultura e a pós-colheita;0111;011;A;012;Cultivo de plantas perennes;Produção de lavouras temporárias;2.9259;7235.7507
2004;Estados Unidos;7420;Atividades fotográficas;1145;74;7380;Outras atividades profissionais, científicas e técnicas;7410;74;M;74;OTRAS ACTIVIDADES PROFESIONALES, CIENTÍFICAS Y TÉCNICAS;OUTRAS ATIVIDADES PROFISSIONAIS, CIENTÍFICAS E TÉCNICAS;2.9259;3350.1555
2004;Estados Unidos;3830;Recuperação de Materiais;101;38;3680;Água, esgoto e gestão de resíduos;3811;38;E;38;"RECOGIDA, TRATAMIENTO Y ELIMINACIÓN DE DESECHOS; RECUPERACIÓN DE MATERIALES";"COLETA, TRATAMENTO E DISPOSIÇÃO DE RESÍDUOS; RECUPERAÇÃO DE MATERIAIS";2.9259;295.5159
2003;Estados Unidos;3030;Fabricação de aviões e máquinas relacionadas;1788290438;30;3000;Fabricação de outros equipamentos de transporte, exceto veículos automotores;3011;30;C;30;FABRICACIÓN DE OTRO  EQUIPO DE TRANSPORTE;FABRICAÇÃO DE OUTROS EQUIPAMENTOS DE TRANSPORTE, EXCETO VEÍCULOS AUTOMOTORES;3.0783;5504894455.2954
2003;Estados Unidos;1920;Fabricação de produtos petrolíferos refinados;1245716363;192;1991;Refino de petróleo e coquerias;1921;192;C;192;Fabricación de productos de la refinación del petróleo;Fabricação de produtos derivados do petróleo;3.0783;3834688680.2229
2003;Estados Unidos;2410;Fabricação de ferro e aço básicos;1053179528;241;2491;Produção de ferro-gusa/ferroligas, siderurgia e tubos de aço sem costura;2411;241;C;241;Fabricación básica de hierro y acero;Produção de ferro-gusa e de ferroligas;3.0783;3242002541.0424
2003;Estados Unidos;1520;Fabricação de calçado;996550575;15;1500;Fabricação de calçados e de artefatos de couro;1510;15;C;15;FABRICACIÓN DE PRODUCTOS DE CUERO Y PRODUCTOS CONEXOS;PREPARAÇÃO DE COUROS E FABRICAÇÃO DE ARTEFATOS DE COURO, ARTIGOS PARA VIAGEM E CALÇADOS;3.0783;3067681635.0225
2003;Estados Unidos;2630;Fabricação de equipamentos de comunicação;972581474;26;2600;Fabricação de equipamentos de informática, produtos eletrônicos e ópticos;2610;26;C;26;FABRICACIÓN DE PRODUCTOS DE INFORMÁTICA, DE ELECTRÓNICA Y DE ÓPTICA;FABRICAÇÃO DE EQUIPAMENTOS DE INFORMÁTICA, PRODUTOS ELETRÔNICOS E ÓPTICOS;3.0783;2993897551.4142
2003;Estados Unidos;2910;Fabricação de veículos automotores;829415108;291;2991;Fabricação de automóveis, caminhões e ônibus, exceto peças;2910;291;C;291;Fabricación de vehículos automotores;Fabricação de automóveis, camionetas e utilitários;3.0783;2553188526.9564
2003;Estados Unidos;2930;Fabricação de peças e acessórios para veículos automotores;809858203;293;2992;Fabricação de peças e acessórios para veículos automotores;2941;294;C;293;Fabricación de partes, piezas y accesorios para vehículos automotores;Fabricação de peças e acessórios para veículos automotores;3.0783;2492986506.2949
2003;Estados Unidos;2420;Fabricação de metais preciosos e outros metais não ferrosos;644677420;242;2492;Metalurgia de metais não ferosos e a fundição de metais;2441;244;C;242;Fabricación de productos primarios de metales preciosos y otros metales no ferrosos;Metalurgia dos metais não-ferrosos;3.0783;1984510501.986
2003;Estados Unidos;1701;Fabricação de polpa, papel e cartão;540796199;17;1700;Fabricação de celulose, papel e produtos de papel;1710;17;C;17;FABRICACIÓN DE PAPEL Y DE PRODUCTOS DE PAPEL;FABRICAÇÃO DE CELULOSE, PAPEL E PRODUTOS DE PAPEL;3.0783;1664732939.3817
2003;Estados Unidos;2011;Fabricação de produtos químicos básicos;437828363;201;1992;Fabricação de biocombustíveis;1931;193;C;201;Fabricación de sustancias químicas básicas, de abonos y compuestos de nitrógeno y de plásticos y caucho sintético en formas primarias;Fabricação de biocombustíveis;3.0783;1347767049.8229
2003;Estados Unidos;2813;Fabricação de outras bombas, compressores, torneiras e válvulas;379811785;28;2800;Fabricação de máquinas e equipamentos mecânicos;2811;28;C;28;FABRICACIÓN DE MAQUINARIA Y EQUIPO N.C.P.;FABRICAÇÃO DE MÁQUINAS E EQUIPAMENTOS;3.0783;1169174617.7655
2003;Estados Unidos;0610;Extração de petróleo bruto;348191333;06;0680;Extração de petróleo e gás, inclusive as atividades de apoio;0600;06;B;06;EXTRACCIÓN DE PETRÓLEO CRUDO Y GAS NATURAL;EXTRAÇÃO DE PETRÓLEO E GÁS NATURAL;3.0783;1071837380.3739
2003;Estados Unidos;1610;Serração e aplainamento de madeira;303699063;16;1500;Fabricação de calçados e de artefatos de couro;1510;15;C;16;"PRODUCCIÓN DE MADERA Y FABRICACIÓN DE PRODUCTOS DE MADERA Y CORCHO, EXCEPTO MUEBLES; FABRICACIÓN DE ARTÍCULOS DE PAJA Y DE MATERIALES TRENZABLES";PREPARAÇÃO DE COUROS E FABRICAÇÃO DE ARTEFATOS DE COURO, ARTIGOS PARA VIAGEM E CALÇADOS;3.0783;934876825.6329
2003;Estados Unidos;1621;Fabricação de folheados e painéis derivados de madeira;302898002;16;1500;Fabricação de calçados e de artefatos de couro;1510;15;C;16;"PRODUCCIÓN DE MADERA Y FABRICACIÓN DE PRODUCTOS DE MADERA Y CORCHO, EXCEPTO MUEBLES; FABRICACIÓN DE ARTÍCULOS DE PAJA Y DE MATERIALES TRENZABLES";PREPARAÇÃO DE COUROS E FABRICAÇÃO DE ARTEFATOS DE COURO, ARTIGOS PARA VIAGEM E CALÇADOS;3.0783;932410919.5566
2003;Estados Unidos;3100;Fabricação de móveis;264613160;31;3180;Fabricação de móveis e de produtos de indústrias diversas;3101;31;C;31;FABRICACIÓN DE MUEBLES;FABRICAÇÃO DE MÓVEIS;3.0783;814558690.428
2003;Estados Unidos;0127;Cultivo de bebidas da safra;256701460;012;0191;Agricultura, inclusive o apoio à agricultura e a pós-colheita;0111;011;A;012;Cultivo de plantas perennes;Produção de lavouras temporárias;3.0783;790204104.318
2003;Estados Unidos;2710;Fabricação de motores elétricos, geradores, transformadores e aparelhos de distribuição e controle de energia elétrica;225404411;27;2700;Fabricação de máquinas e equipamentos elétricos;2710;27;C;27;FABRICACIÓN DE EQUIPO ELÉCTRICO;FABRICAÇÃO DE MÁQUINAS, APARELHOS E MATERIAIS ELÉTRICOS;3.0783;693862398.3813
2003;Estados Unidos;2824;Fabricação de máquinas para mineração, exploração de pedreiras e construção;221029017;28;2800;Fabricação de máquinas e equipamentos mecânicos;2811;28;C;28;FABRICACIÓN DE MAQUINARIA Y EQUIPO N.C.P.;FABRICAÇÃO DE MÁQUINAS E EQUIPAMENTOS;3.0783;680393623.0311
2003;Estados Unidos;2396;Corte, moldagem e acabamento de pedra;216728919;23;2300;Fabricação de produtos de minerais não metálicos;2311;23;C;23;FABRICACIÓN DE OTROS PRODUCTOS MINERALES NO METÁLICOS;FABRICAÇÃO DE PRODUTOS DE MINERAIS NÃO-METÁLICOS;3.0783;667156631.3577
2003;Estados Unidos;1030;Processamento e conservação de frutas e legumes;215022713;103;1093;Outros produtos alimentares;1031;103;C;103;Elaboración y conservación de frutas, legumbres y hortalizas;Fabricação de conservas de frutas, legumes e outros vegetais;3.0783;661904417.4279
2003;Estados Unidos;1392;Fabricação de artigos têxteis confeccionados, exceto vestuário;208330238;13;1300;Fabricação de produtos têxteis;1311;13;C;13;FABRICACIÓN DE PRODUCTOS TEXTILES;FABRICAÇÃO DE PRODUTOS TÊXTEIS;3.0783;641302971.6354
2003;Estados Unidos;1200;Fabricação de produtos de tabaco;194232220;12;1200;Fabricação de produtos do fumo;1210;12;C;12;ELABORACIÓN DE PRODUCTOS DE TABACO;FABRICAÇÃO DE PRODUTOS DO FUMO;3.0783;597905042.826
2003;Estados Unidos;2640;Fabricação de produtos eletrônicos de consumo;183807602;26;2600;Fabricação de equipamentos de informática, produtos eletrônicos e ópticos;2610;26;C;26;FABRICACIÓN DE PRODUCTOS DE INFORMÁTICA, DE ELECTRÓNICA Y DE ÓPTICA;FABRICAÇÃO DE EQUIPAMENTOS DE INFORMÁTICA, PRODUTOS ELETRÔNICOS E ÓPTICOS;3.0783;565814941.2366
2003;Estados Unidos;1020;Processamento e conservação de peixes, crustáceos e moluscos;169645162;102;1091;Abate e produtos de carne, inclusive os produtos do laticínio e da pesca;1020;102;C;102;Elaboración y conservación de pescado, crustáceos y moluscos;Preservação do pescado e fabricação de produtos do pescado;3.0783;522218702.1846
2003;Estados Unidos;1010;Processamento e conservação de carne;156887933;101;1091;Abate e produtos de carne, inclusive os produtos do laticínio e da pesca;1011;101;C;101;Elaboración y conservación de carne;Abate e fabricação de produtos de carne;3.0783;482948124.1539
2003;Estados Unidos;2211;"Fabricação de pneus e tubos; recauchutagem e reconstrução de pneus de borracha";156764903;22;1500;Fabricação de calçados e de artefatos de couro;1510;15;C;22;FABRICACIÓN DE PRODUCTOS DE CAUCHO Y PLÁSTICO;PREPARAÇÃO DE COUROS E FABRICAÇÃO DE ARTEFATOS DE COURO, ARTIGOS PARA VIAGEM E CALÇADOS;3.0783;482569400.9049
2003;Estados Unidos;1073;Fabricação de cacau, chocolate e produtos de confeitaria;155404002;107;1092;Fabricação e refino de açúcar;1071;107;C;107;Elaboración de otros productos alimenticios;Fabricação e refino de açúcar;3.0783;478380139.3566
2003;Estados Unidos;1629;"Fabricação de outros produtos de madeira; fabricação de artigos de cortiça, de espartaria e cestaria";150447628;16;1500;Fabricação de calçados e de artefatos de couro;1510;15;C;16;"PRODUCCIÓN DE MADERA Y FABRICACIÓN DE PRODUCTOS DE MADERA Y CORCHO, EXCEPTO MUEBLES; FABRICACIÓN DE ARTÍCULOS DE PAJA Y DE MATERIALES TRENZABLES";PREPARAÇÃO DE COUROS E FABRICAÇÃO DE ARTEFATOS DE COURO, ARTIGOS PARA VIAGEM E CALÇADOS;3.0783;463122933.2724
2003;Estados Unidos;2814;Fabricação de rolamentos, engrenagens, engrenagens e elementos de acionamento;140938595;28;2800;Fabricação de máquinas e equipamentos mecânicos;2811;28;C;28;FABRICACIÓN DE MAQUINARIA Y EQUIPO N.C.P.;FABRICAÇÃO DE MÁQUINAS E EQUIPAMENTOS;3.0783;433851276.9885
2003;Estados Unidos;1410;Fabricação de vestuário, exceto vestuários de peles;138657336;14;1400;Confecção de artefatos do vestuário e acessórios;1411;14;C;14;FABRICACIÓN DE PRENDAS DE VESTIR;CONFECÇÃO DE ARTIGOS DO VESTUÁRIO E ACESSÓRIOS;3.0783;426828877.4088
2003;Estados Unidos;2392;Fabricação de materiais de construção de argila;135423489;23;2300;Fabricação de produtos de minerais não metálicos;2311;23;C;23;FABRICACIÓN DE OTROS PRODUCTOS MINERALES NO METÁLICOS;FABRICAÇÃO DE PRODUTOS DE MINERAIS NÃO-METÁLICOS;3.0783;416874126.1887
2003;Estados Unidos;1622;Fabricação de carpintaria e marcenaria de construtores;134430776;16;1500;Fabricação de calçados e de artefatos de couro;1510;15;C;16;"PRODUCCIÓN DE MADERA Y FABRICACIÓN DE PRODUCTOS DE MADERA Y CORCHO, EXCEPTO MUEBLES; FABRICACIÓN DE ARTÍCULOS DE PAJA Y DE MATERIALES TRENZABLES";PREPARAÇÃO DE COUROS E FABRICAÇÃO DE ARTEFATOS DE COURO, ARTIGOS PARA VIAGEM E CALÇADOS;3.0783;413818257.7608
2003;Estados Unidos;0710;Extração de minério de ferro;126970246;071;0791;Extração de minério de ferro, inclusive beneficiamento e a aglomeração;0710;071;B;071;Extracción de minerales de hierro;Extração de minério de ferro;3.0783;390852508.2618
2003;Estados Unidos;0125;Cultivo de outras frutas e nozes;116601231;012;0191;Agricultura, inclusive o apoio à agricultura e a pós-colheita;0111;011;A;012;Cultivo de plantas perennes;Produção de lavouras temporárias;3.0783;358933569.3873
2003;Estados Unidos;2599;Fabricação de outros produtos metálicos fabricados n.c;114088163;25;2500;Fabricação de produtos de metal, exceto máquinas e equipamentos;2511;25;C;25;FABRICACIÓN DE PRODUCTOS ELABORADOS DE METAL, EXCEPTO MAQUINARIA Y EQUIPO;FABRICAÇÃO DE PRODUTOS DE METAL, EXCETO MÁQUINAS E EQUIPAMENTOS;3.0783;351197592.16290003
2003;Estados Unidos;2029;Fabricação de outros produtos químicos n.c;105078264;202;2092;Fabricação de defensivos, desinfestantes, tintas e químicos diversos;2051;205;C;202;Fabricación de otros productos químicos;Fabricação de defensivos agrícolas e desinfestantes domissanitários;3.0783;323462420.0712
2003;Estados Unidos;2013;Fabricação de plásticos e borracha sintética em formas primárias;103984877;201;1992;Fabricação de biocombustíveis;1931;193;C;201;Fabricación de sustancias químicas básicas, de abonos y compuestos de nitrógeno y de plásticos y caucho sintético en formas primarias;Fabricação de biocombustíveis;3.0783;320096646.8691
2003;Estados Unidos;1511;Curtimento e vestuário de couro;95996228;15;1500;Fabricação de calçados e de artefatos de couro;1510;15;C;15;FABRICACIÓN DE PRODUCTOS DE CUERO Y PRODUCTOS CONEXOS;PREPARAÇÃO DE COUROS E FABRICAÇÃO DE ARTEFATOS DE COURO, ARTIGOS PARA VIAGEM E CALÇADOS;3.0783;295505188.6524
2003;Estados Unidos;2829;Fabricação de outras máquinas para fins especiais;84535965;28;2800;Fabricação de máquinas e equipamentos mecânicos;2811;28;C;28;FABRICACIÓN DE MAQUINARIA Y EQUIPO N.C.P.;FABRICAÇÃO DE MÁQUINAS E EQUIPAMENTOS;3.0783;260227061.0595
2003;Estados Unidos;2819;Fabricação de outras máquinas para uso geral;83739734;28;2800;Fabricação de máquinas e equipamentos mecânicos;2811;28;C;28;FABRICACIÓN DE MAQUINARIA Y EQUIPO N.C.P.;FABRICAÇÃO DE MÁQUINAS E EQUIPAMENTOS;3.0783;257776023.1722
2003;Estados Unidos;2220;Fabricação de produtos plásticos;83616033;22;1500;Fabricação de calçados e de artefatos de couro;1510;15;C;22;FABRICACIÓN DE PRODUCTOS DE CAUCHO Y PLÁSTICO;PREPARAÇÃO DE COUROS E FABRICAÇÃO DE ARTEFATOS DE COURO, ARTIGOS PARA VIAGEM E CALÇADOS;3.0783;257395234.38390002
2003;Estados Unidos;2610;Fabricação de componentes eletrônicos e placas;81077638;26;2600;Fabricação de equipamentos de informática, produtos eletrônicos e ópticos;2610;26;C;26;FABRICACIÓN DE PRODUCTOS DE INFORMÁTICA, DE ELECTRÓNICA Y DE ÓPTICA;FABRICAÇÃO DE EQUIPAMENTOS DE INFORMÁTICA, PRODUTOS ELETRÔNICOS E ÓPTICOS;3.0783;249581293.0554
2003;Estados Unidos;2593;Fabricação de cutelaria, ferramentas manuais e ferragens em geral;78865043;25;2500;Fabricação de produtos de metal, exceto máquinas e equipamentos;2511;25;C;25;FABRICACIÓN DE PRODUCTOS ELABORADOS DE METAL, EXCEPTO MAQUINARIA Y EQUIPO;FABRICAÇÃO DE PRODUTOS DE METAL, EXCETO MÁQUINAS E EQUIPAMENTOS;3.0783;242770261.8669
2003;Estados Unidos;1072;Fabricação de açúcar;77732091;107;1092;Fabricação e refino de açúcar;1071;107;C;107;Elaboración de otros productos alimenticios;Fabricação e refino de açúcar;3.0783;239282695.7253
2003;Estados Unidos;1512;Fabricação de malas, bolsas e semelhantes, selaria e arreios;77015211;15;1500;Fabricação de calçados e de artefatos de couro;1510;15;C;15;FABRICACIÓN DE PRODUCTOS DE CUERO Y PRODUCTOS CONEXOS;PREPARAÇÃO DE COUROS E FABRICAÇÃO DE ARTEFATOS DE COURO, ARTIGOS PARA VIAGEM E CALÇADOS;3.0783;237075924.0213
2003;Estados Unidos;2620;Fabricação de computadores e equipamentos periféricos;70455155;26;2600;Fabricação de equipamentos de informática, produtos eletrônicos e ópticos;2610;26;C;26;FABRICACIÓN DE PRODUCTOS DE INFORMÁTICA, DE ELECTRÓNICA Y DE ÓPTICA;FABRICAÇÃO DE EQUIPAMENTOS DE INFORMÁTICA, PRODUTOS ELETRÔNICOS E ÓPTICOS;3.0783;216882103.6365
2003;Estados Unidos;2399;Fabricação de outros produtos minerais não metálicos n.c;67228832;23;2300;Fabricação de produtos de minerais não metálicos;2311;23;C;23;FABRICACIÓN DE OTROS PRODUCTOS MINERALES NO METÁLICOS;FABRICAÇÃO DE PRODUTOS DE MINERAIS NÃO-METÁLICOS;3.0783;206950513.5456
2003;Estados Unidos;1079;Fabricação de outros produtos alimentícios n.c;65631187;107;1092;Fabricação e refino de açúcar;1071;107;C;107;Elaboración de otros productos alimenticios;Fabricação e refino de açúcar;3.0783;202032482.9421
2003;Estados Unidos;2651;Fabricação de equipamentos de medição, teste, navegação e controle;63350222;26;2600;Fabricação de equipamentos de informática, produtos eletrônicos e ópticos;2610;26;C;26;FABRICACIÓN DE PRODUCTOS DE INFORMÁTICA, DE ELECTRÓNICA Y DE ÓPTICA;FABRICAÇÃO DE EQUIPAMENTOS DE INFORMÁTICA, PRODUTOS ELETRÔNICOS E ÓPTICOS;3.0783;195010988.3826
2003;Estados Unidos;3091;Fabricação de motocicletas;55271680;30;3000;Fabricação de outros equipamentos de transporte, exceto veículos automotores;3011;30;C;30;FABRICACIÓN DE OTRO  EQUIPO DE TRANSPORTE;FABRICAÇÃO DE OUTROS EQUIPAMENTOS DE TRANSPORTE, EXCETO VEÍCULOS AUTOMOTORES;3.0783;170142812.544
2003;Estados Unidos;2821;Fabricação de maquinaria agrícola e florestal;54648876;28;2800;Fabricação de máquinas e equipamentos mecânicos;2811;28;C;28;FABRICACIÓN DE MAQUINARIA Y EQUIPO N.C.P.;FABRICAÇÃO DE MÁQUINAS E EQUIPAMENTOS;3.0783;168225634.9908
2003;Estados Unidos;1709;Fabricação de outros artigos de papel e cartão;48799396;17;1700;Fabricação de celulose, papel e produtos de papel;1710;17;C;17;FABRICACIÓN DE PAPEL Y DE PRODUCTOS DE PAPEL;FABRICAÇÃO DE CELULOSE, PAPEL E PRODUTOS DE PAPEL;3.0783;150219180.7068
2003;Estados Unidos;2790;Fabricação de outro equipamento elétrico;47966529;27;2700;Fabricação de máquinas e equipamentos elétricos;2710;27;C;27;FABRICACIÓN DE EQUIPO ELÉCTRICO;FABRICAÇÃO DE MÁQUINAS, APARELHOS E MATERIAIS ELÉTRICOS;3.0783;147655366.2207
2003;Estados Unidos;2219;Fabricação de outros produtos de borracha;46518003;22;1500;Fabricação de calçados e de artefatos de couro;1510;15;C;22;FABRICACIÓN DE PRODUCTOS DE CAUCHO Y PLÁSTICO;PREPARAÇÃO DE COUROS E FABRICAÇÃO DE ARTEFATOS DE COURO, ARTIGOS PARA VIAGEM E CALÇADOS;3.0783;143196368.6349
2003;Estados Unidos;3211;Fabricação de joalharia e artigos afins;45181006;32;3180;Fabricação de móveis e de produtos de indústrias diversas;3211;32;C;32;OTRAS INDUSTRIAS MANUFACTURERAS;FABRICAÇÃO DE PRODUTOS DIVERSOS;3.0783;139080690.7698
2003;Estados Unidos;2520;Fabricação de armas e munições;40655277;25;2500;Fabricação de produtos de metal, exceto máquinas e equipamentos;2511;25;C;25;FABRICACIÓN DE PRODUCTOS ELABORADOS DE METAL, EXCEPTO MAQUINARIA Y EQUIPO;FABRICAÇÃO DE PRODUTOS DE METAL, EXCETO MÁQUINAS E EQUIPAMENTOS;3.0783;125149139.1891
2003;Estados Unidos;0810;Extração de pedra, areia e argila;35844204;08;0580;Extração de carvão mineral e de minerais não metálicos;0810;08;B;08;EXPLOTACIÓN DE OTRAS MINAS Y CANTERAS;EXTRAÇÃO DE MINERAIS NÃO-METÁLICOS;3.0783;110339213.1732
2003;Estados Unidos;2310;Fabricação de produtos de vidro e vidro;35406140;23;2300;Fabricação de produtos de minerais não metálicos;2311;23;C;23;FABRICACIÓN DE OTROS PRODUCTOS MINERALES NO METÁLICOS;FABRICAÇÃO DE PRODUTOS DE MINERAIS NÃO-METÁLICOS;3.0783;108990720.762
2003;Estados Unidos;0729;Extração de outros minérios de metais não ferrosos;35139430;072;0792;Extração de minerais metálicos não ferrosos, inclusive beneficiamentos;0721;072;B;072;Extracción de minerales metalíferos no ferrosos;Extração de minerais metálicos não-ferrosos;3.0783;108169707.369
2003;Estados Unidos;3290;Outras manufaturas n.c.;34075865;32;3180;Fabricação de móveis e de produtos de indústrias diversas;3211;32;C;32;OTRAS INDUSTRIAS MANUFACTURERAS;FABRICAÇÃO DE PRODUTOS DIVERSOS;3.0783;104895735.2295
2003;Estados Unidos;2826;Fabricação de máquinas para produção de têxteis, vestuário e couro;33843449;28;2800;Fabricação de máquinas e equipamentos mecânicos;2811;28;C;28;FABRICACIÓN DE MAQUINARIA Y EQUIPO N.C.P.;FABRICAÇÃO DE MÁQUINAS E EQUIPAMENTOS;3.0783;104180289.0567
2003;Estados Unidos;0113;Cultivo de hortaliças e melões, raízes e tubérculos;31512018;011;0191;Agricultura, inclusive o apoio à agricultura e a pós-colheita;0111;011;A;011;Cultivo de plantas no perenes;Produção de lavouras temporárias;3.0783;97003445.0094
2003;Estados Unidos;0311;Pesca marinha;31235481;03;0280;"Produção florestal; pesca e aquicultura";0311;03;A;03;PESCA Y ACUICULTURA;PESCA E AQÜICULTURA;3.0783;96152181.1623
2003;Estados Unidos;0128;Cultivo de especiarias, culturas aromáticas, medicamentosas e farmacêuticas;28474711;012;0191;Agricultura, inclusive o apoio à agricultura e a pós-colheita;0111;011;A;012;Cultivo de plantas perennes;Produção de lavouras temporárias;3.0783;87653702.8713
2003;Estados Unidos;1311;Preparação e fiação de fibras têxteis;28040290;13;1300;Fabricação de produtos têxteis;1311;13;C;13;FABRICACIÓN DE PRODUCTOS TEXTILES;FABRICAÇÃO DE PRODUTOS TÊXTEIS;3.0783;86316424.707
2003;Estados Unidos;3020;Fabricação de locomotivas e material circulante;27823344;30;3000;Fabricação de outros equipamentos de transporte, exceto veículos automotores;3011;30;C;30;FABRICACIÓN DE OTRO  EQUIPO DE TRANSPORTE;FABRICAÇÃO DE OUTROS EQUIPAMENTOS DE TRANSPORTE, EXCETO VEÍCULOS AUTOMOTORES;3.0783;85648599.8352
2003;Estados Unidos;3250;Fabricação de instrumentos e suprimentos médicos e odontológicos;26512680;32;3180;Fabricação de móveis e de produtos de indústrias diversas;3211;32;C;32;OTRAS INDUSTRIAS MANUFACTURERAS;FABRICAÇÃO DE PRODUTOS DIVERSOS;3.0783;81613982.844
2003;Estados Unidos;2732;Fabricação de outros fios e cabos elétricos e eletrônicos;25830048;27;2700;Fabricação de máquinas e equipamentos elétricos;2710;27;C;27;FABRICACIÓN DE EQUIPO ELÉCTRICO;FABRICAÇÃO DE MÁQUINAS, APARELHOS E MATERIAIS ELÉTRICOS;3.0783;79512636.75840001
2003;Estados Unidos;2750;Fabricação de eletrodomésticos;25219083;27;2700;Fabricação de máquinas e equipamentos elétricos;2710;27;C;27;FABRICACIÓN DE EQUIPO ELÉCTRICO;FABRICAÇÃO DE MÁQUINAS, APARELHOS E MATERIAIS ELÉTRICOS;3.0783;77631903.1989
2003;Estados Unidos;1394;Fabricação de cordéis, cordas, cordéis e redes;23358235;13;1300;Fabricação de produtos têxteis;1311;13;C;13;FABRICACIÓN DE PRODUCTOS TEXTILES;FABRICAÇÃO DE PRODUTOS TÊXTEIS;3.0783;71903654.8005
2003;Estados Unidos;2822;Fabricação de máquinas e máquinas-ferramentas para moldagem de metais;22238424;28;2800;Fabricação de máquinas e equipamentos mecânicos;2811;28;C;28;FABRICACIÓN DE MAQUINARIA Y EQUIPO N.C.P.;FABRICAÇÃO DE MÁQUINAS E EQUIPAMENTOS;3.0783;68456540.5992
2003;Estados Unidos;1040;Fabricação de óleos e gorduras vegetais e animais;18362413;104;1093;Outros produtos alimentares;1041;104;C;104;Elaboración de aceites y grasas de origen vegetal y animal;Fabricação de óleos e gorduras vegetais e animais;3.0783;56525015.9379
2003;Estados Unidos;2431;Fundição de ferro e aço;17523115;243;2492;Metalurgia de metais não ferosos e a fundição de metais;2451;245;C;243;Fundición de metales;Fundição;3.0783;53941404.9045
2003;Estados Unidos;1399;Fabricação de outros têxteis n.e.c.;16484415;13;1300;Fabricação de produtos têxteis;1311;13;C;13;FABRICACIÓN DE PRODUCTOS TEXTILES;FABRICAÇÃO DE PRODUTOS TÊXTEIS;3.0783;50743974.6945
2003;Estados Unidos;0149;Criação de outros animais;16313555;014;0192;Pecuária, inclusive o apoio à pecuária;0151;015;A;014;Ganadería;Pecuária;3.0783;50218016.3565
2003;Estados Unidos;1312;Tecelagem de têxteis;14829179;13;1300;Fabricação de produtos têxteis;1311;13;C;13;FABRICACIÓN DE PRODUCTOS TEXTILES;FABRICAÇÃO DE PRODUTOS TÊXTEIS;3.0783;45648661.7157
2003;Estados Unidos;2393;Fabricação de outros produtos de porcelana e cerâmica;13172257;23;2300;Fabricação de produtos de minerais não metálicos;2311;23;C;23;FABRICACIÓN DE OTROS PRODUCTOS MINERALES NO METÁLICOS;FABRICAÇÃO DE PRODUTOS DE MINERAIS NÃO-METÁLICOS;3.0783;40548158.7231
2003;Estados Unidos;2720;Fabricação de baterias e acumuladores;12980811;27;2700;Fabricação de máquinas e equipamentos elétricos;2710;27;C;27;FABRICACIÓN DE EQUIPO ELÉCTRICO;FABRICAÇÃO DE MÁQUINAS, APARELHOS E MATERIAIS ELÉTRICOS;3.0783;39958830.5013
2003;Estados Unidos;1430;Fabricação de vestuário de malha;12433444;14;1400;Confecção de artefatos do vestuário e acessórios;1411;14;C;14;FABRICACIÓN DE PRENDAS DE VESTIR;CONFECÇÃO DE ARTIGOS DO VESTUÁRIO E ACESSÓRIOS;3.0783;38273870.6652
2003;Estados Unidos;2818;Fabricação de ferramentas manuais acionadas por motor;12122118;28;2800;Fabricação de máquinas e equipamentos mecânicos;2811;28;C;28;FABRICACIÓN DE MAQUINARIA Y EQUIPO N.C.P.;FABRICAÇÃO DE MÁQUINAS E EQUIPAMENTOS;3.0783;37315515.8394
2003;Estados Unidos;2021;Fabricação de pesticidas e outros produtos agroquímicos;12111198;202;2092;Fabricação de defensivos, desinfestantes, tintas e químicos diversos;2051;205;C;202;Fabricación de otros productos químicos;Fabricação de defensivos agrícolas e desinfestantes domissanitários;3.0783;37281900.8034
2003;Estados Unidos;2100;Fabricação de produtos farmacêuticos, produtos químicos medicinais e botânicos;12021760;21;2100;Fabricação de produtos farmoquímicos e farmacêuticos;2110;21;C;21;FABRICACIÓN DE PRODUCTOS FARMACÉUTICOS, SUSTANCIAS QUÍMICAS MEDICINALES Y PRODUCTOS BOTÁNICOS DE USO FARMACÉUTICO;FABRICAÇÃO DE PRODUTOS FARMOQUÍMICOS E FARMACÊUTICOS;3.0783;37006583.808
2003;Estados Unidos;1391;Fabricação de tecidos de malha;11430825;13;1300;Fabricação de produtos têxteis;1311;13;C;13;FABRICACIÓN DE PRODUCTOS TEXTILES;FABRICAÇÃO DE PRODUTOS TÊXTEIS;3.0783;35187508.597500004
2003;Estados Unidos;2811;Fabricação de motores e turbinas, exceto aeronaves, veículos e motores de ciclo;10643884;28;2800;Fabricação de máquinas e equipamentos mecânicos;2811;28;C;28;FABRICACIÓN DE MAQUINARIA Y EQUIPO N.C.P.;FABRICAÇÃO DE MÁQUINAS E EQUIPAMENTOS;3.0783;32765068.117200002
2003;Estados Unidos;1071;Fabricação de produtos de panificação;10471587;107;1092;Fabricação e refino de açúcar;1071;107;C;107;Elaboración de otros productos alimenticios;Fabricação e refino de açúcar;3.0783;32234686.2621
2003;Estados Unidos;2391;Fabricação de produtos refratários;8718168;23;2300;Fabricação de produtos de minerais não metálicos;2311;23;C;23;FABRICACIÓN DE OTROS PRODUCTOS MINERALES NO METÁLICOS;FABRICAÇÃO DE PRODUTOS DE MINERAIS NÃO-METÁLICOS;3.0783;26837136.5544
2003;Estados Unidos;2823;Fabricação de máquinas para metalurgia;8589475;28;2800;Fabricação de máquinas e equipamentos mecânicos;2811;28;C;28;FABRICACIÓN DE MAQUINARIA Y EQUIPO N.C.P.;FABRICAÇÃO DE MÁQUINAS E EQUIPAMENTOS;3.0783;26440980.892500002
2003;Estados Unidos;2023;Fabricação de sabão e detergentes, produtos de limpeza e polimento, perfumes e produtos de toilette;8261533;202;2092;Fabricação de defensivos, desinfestantes, tintas e químicos diversos;2051;205;C;202;Fabricación de otros productos químicos;Fabricação de defensivos agrícolas e desinfestantes domissanitários;3.0783;25431477.0339
2003;Estados Unidos;2012;Fabricação de fertilizantes e compostos nitrogenados;7566846;201;1992;Fabricação de biocombustíveis;1931;193;C;201;Fabricación de sustancias químicas básicas, de abonos y compuestos de nitrógeno y de plásticos y caucho sintético en formas primarias;Fabricação de biocombustíveis;3.0783;23293022.0418
2003;Estados Unidos;1050;Fabricação de produtos lácteos;7495187;105;1091;Abate e produtos de carne, inclusive os produtos do laticínio e da pesca;1051;105;C;105;Elaboración de productos lácteos;Laticínios;3.0783;23072434.1421
2003;Estados Unidos;3240;Fabricação de jogos e brinquedos;7464368;32;3180;Fabricação de móveis e de produtos de indústrias diversas;3211;32;C;32;OTRAS INDUSTRIAS MANUFACTURERAS;FABRICAÇÃO DE PRODUTOS DIVERSOS;3.0783;22977564.0144
2003;Estados Unidos;2825;Fabricação de máquinas para processamento de alimentos, bebidas e tabaco;7232352;28;2800;Fabricação de máquinas e equipamentos mecânicos;2811;28;C;28;FABRICACIÓN DE MAQUINARIA Y EQUIPO N.C.P.;FABRICAÇÃO DE MÁQUINAS E EQUIPAMENTOS;3.0783;22263349.1616
2003;Estados Unidos;2660;Fabricação de equipamentos de irradiação, eletromédicos e eletroterapêuticos;7048709;26;2600;Fabricação de equipamentos de informática, produtos eletrônicos e ópticos;2610;26;C;26;FABRICACIÓN DE PRODUCTOS DE INFORMÁTICA, DE ELECTRÓNICA Y DE ÓPTICA;FABRICAÇÃO DE EQUIPAMENTOS DE INFORMÁTICA, PRODUTOS ELETRÔNICOS E ÓPTICOS;3.0783;21698040.9147
2003;Estados Unidos;2394;Fabricação de cimento, cal e gesso;6949710;23;2300;Fabricação de produtos de minerais não metálicos;2311;23;C;23;FABRICACIÓN DE OTROS PRODUCTOS MINERALES NO METÁLICOS;FABRICAÇÃO DE PRODUTOS DE MINERAIS NÃO-METÁLICOS;3.0783;21393292.293
2003;Estados Unidos;0899;Outras atividades de mineração n.c;6784977;08;0580;Extração de carvão mineral e de minerais não metálicos;0810;08;B;08;EXPLOTACIÓN DE OTRAS MINAS Y CANTERAS;EXTRAÇÃO DE MINERAIS NÃO-METÁLICOS;3.0783;20886194.6991
2003;Estados Unidos;2740;Fabricação de equipamentos de iluminação elétrica;6497932;27;2700;Fabricação de máquinas e equipamentos elétricos;2710;27;C;27;FABRICACIÓN DE EQUIPO ELÉCTRICO;FABRICAÇÃO DE MÁQUINAS, APARELHOS E MATERIAIS ELÉTRICOS;3.0783;20002584.075600002
2003;Estados Unidos;2816;Fabricação de equipamentos de elevação e manuseio;6449692;28;2800;Fabricação de máquinas e equipamentos mecânicos;2811;28;C;28;FABRICACIÓN DE MAQUINARIA Y EQUIPO N.C.P.;FABRICAÇÃO DE MÁQUINAS E EQUIPAMENTOS;3.0783;19854086.8836
2003;Estados Unidos;2812;Fabricação de equipamentos para energia hidráulica;5561425;28;2800;Fabricação de máquinas e equipamentos mecânicos;2811;28;C;28;FABRICACIÓN DE MAQUINARIA Y EQUIPO N.C.P.;FABRICAÇÃO DE MÁQUINAS E EQUIPAMENTOS;3.0783;17119734.5775
2003;Estados Unidos;1623;Fabricação de embalagens de madeira;5475778;16;1500;Fabricação de calçados e de artefatos de couro;1510;15;C;16;"PRODUCCIÓN DE MADERA Y FABRICACIÓN DE PRODUCTOS DE MADERA Y CORCHO, EXCEPTO MUEBLES; FABRICACIÓN DE ARTÍCULOS DE PAJA Y DE MATERIALES TRENZABLES";PREPARAÇÃO DE COUROS E FABRICAÇÃO DE ARTEFATOS DE COURO, ARTIGOS PARA VIAGEM E CALÇADOS;3.0783;16856087.4174
2003;Estados Unidos;2680;Fabricação de mídia magnética e óptica;5348859;26;2600;Fabricação de equipamentos de informática, produtos eletrônicos e ópticos;2610;26;C;26;FABRICACIÓN DE PRODUCTOS DE INFORMÁTICA, DE ELECTRÓNICA Y DE ÓPTICA;FABRICAÇÃO DE EQUIPAMENTOS DE INFORMÁTICA, PRODUTOS ELETRÔNICOS E ÓPTICOS;3.0783;16465392.6597
2003;Estados Unidos;5811;Publicação de livros;5108656;58;5800;Edição e edição integrada à impressão;5811;58;J;58;ACTIVIDADES DE EDICIÓN;EDIÇÃO E EDIÇÃO INTEGRADA À IMPRESSÃO;3.0783;15725975.764800001
2003;Estados Unidos;1080;Fabricação de alimentos para animais;4785927;108;1093;Outros produtos alimentares;1061;106;C;108;Elaboración de piensos preparados para animales;Moagem, fabricação de produtos amiláceos e de alimentos para animais;3.0783;14732519.0841
2003;Estados Unidos;1393;Fabricação de tapetes e tapetes;4471522;13;1300;Fabricação de produtos têxteis;1311;13;C;13;FABRICACIÓN DE PRODUCTOS TEXTILES;FABRICAÇÃO DE PRODUTOS TÊXTEIS;3.0783;13764686.1726
2003;Estados Unidos;1062;Fabricação de amidos e féculas;4077839;106;1093;Outros produtos alimentares;1061;106;C;106;Elaboración de productos de molinería, almidones y productos derivados del almidón;Moagem, fabricação de produtos amiláceos e de alimentos para animais;3.0783;12552811.7937
2003;Estados Unidos;1702;Fabricação de papel e cartão canelados e de embalagens de papel e cartão;3225463;17;1700;Fabricação de celulose, papel e produtos de papel;1710;17;C;17;FABRICACIÓN DE PAPEL Y DE PRODUCTOS DE PAPEL;FABRICAÇÃO DE CELULOSE, PAPEL E PRODUTOS DE PAPEL;3.0783;9928942.7529
2003;Estados Unidos;2030;Fabricação de fibras sintéticas ou artificiais;3113942;203;2091;Fabricação de químicos orgânicos e inorgânicos, resinas e elastômeros;2040;204;C;203;Fabricación de fibras artificiales;Fabricação de fibras artificiais e sintéticas;3.0783;9585647.6586
2003;Estados Unidos;2670;Fabricação de instrumentos ópticos e equipamento fotográfico;3008826;26;2600;Fabricação de equipamentos de informática, produtos eletrônicos e ópticos;2610;26;C;26;FABRICACIÓN DE PRODUCTOS DE INFORMÁTICA, DE ELECTRÓNICA Y DE ÓPTICA;FABRICAÇÃO DE EQUIPAMENTOS DE INFORMÁTICA, PRODUTOS ELETRÔNICOS E ÓPTICOS;3.0783;9262069.0758
2003;Estados Unidos;2817;Fabricação de máquinas e equipamentos de escritório (exceto computadores e equipamentos periféricos);2924528;28;2800;Fabricação de máquinas e equipamentos mecânicos;2811;28;C;28;FABRICACIÓN DE MAQUINARIA Y EQUIPO N.C.P.;FABRICAÇÃO DE MÁQUINAS E EQUIPAMENTOS;3.0783;9002574.5424
2003;Estados Unidos;2022;Fabricação de tintas, vernizes e produtos similares, tintas de impressão e mástiques;2721391;202;2092;Fabricação de defensivos, desinfestantes, tintas e químicos diversos;2051;205;C;202;Fabricación de otros productos químicos;Fabricação de defensivos agrícolas e desinfestantes domissanitários;3.0783;8377257.9153
2003;Estados Unidos;5819;Outras atividades de publicação;2346841;58;5800;Edição e edição integrada à impressão;5811;58;J;58;ACTIVIDADES DE EDICIÓN;EDIÇÃO E EDIÇÃO INTEGRADA À IMPRESSÃO;3.0783;7224280.6503
2003;Estados Unidos;2511;Fabricação de produtos metálicos estruturais;2189287;25;2500;Fabricação de produtos de metal, exceto máquinas e equipamentos;2511;25;C;25;FABRICACIÓN DE PRODUCTOS ELABORADOS DE METAL, EXCEPTO MAQUINARIA Y EQUIPO;FABRICAÇÃO DE PRODUTOS DE METAL, EXCETO MÁQUINAS E EQUIPAMENTOS;3.0783;6739282.1721
2003;Estados Unidos;0893;Extração de sal;1961388;08;0580;Extração de carvão mineral e de minerais não metálicos;0810;08;B;08;EXPLOTACIÓN DE OTRAS MINAS Y CANTERAS;EXTRAÇÃO DE MINERAIS NÃO-METÁLICOS;3.0783;6037740.6804
2003;Estados Unidos;0119;Cultivo de outras culturas não perenes;1886303;011;0191;Agricultura, inclusive o apoio à agricultura e a pós-colheita;0111;011;A;011;Cultivo de plantas no perenes;Produção de lavouras temporárias;3.0783;5806606.5249
2003;Estados Unidos;2395;Fabricação de artigos de concreto, cimento e gesso;1803234;23;2300;Fabricação de produtos de minerais não metálicos;2311;23;C;23;FABRICACIÓN DE OTROS PRODUCTOS MINERALES NO METÁLICOS;FABRICAÇÃO DE PRODUTOS DE MINERAIS NÃO-METÁLICOS;3.0783;5550895.2222
2003;Estados Unidos;0121;Cultivo de uvas;1763854;012;0191;Agricultura, inclusive o apoio à agricultura e a pós-colheita;0111;011;A;012;Cultivo de plantas perennes;Produção de lavouras temporárias;3.0783;5429671.7682
2003;Estados Unidos;1104;"Fabricação de refrigerantes; produção de águas minerais e outras águas engarrafadas";1653053;11;1100;Fabricação de bebidas;1111;11;C;11;ELABORACIÓN DE BEBIDAS;FABRICAÇÃO DE BEBIDAS;3.0783;5088593.0499
2003;Estados Unidos;0116;Cultivo de culturas de fibra;1536495;011;0191;Agricultura, inclusive o apoio à agricultura e a pós-colheita;0111;011;A;011;Cultivo de plantas no perenes;Produção de lavouras temporárias;3.0783;4729792.5585
2003;Estados Unidos;3230;Fabricação de artigos esportivos;1408254;32;3180;Fabricação de móveis e de produtos de indústrias diversas;3211;32;C;32;OTRAS INDUSTRIAS MANUFACTURERAS;FABRICAÇÃO DE PRODUTOS DIVERSOS;3.0783;4335028.2882
2003;Estados Unidos;2815;Fabricação de fornos, fornos e queimadores de fornos;1381610;28;2800;Fabricação de máquinas e equipamentos mecânicos;2811;28;C;28;FABRICACIÓN DE MAQUINARIA Y EQUIPO N.C.P.;FABRICAÇÃO DE MÁQUINAS E EQUIPAMENTOS;3.0783;4253010.063
2003;Estados Unidos;3220;Fabricação de instrumentos musicais;1300101;32;3180;Fabricação de móveis e de produtos de indústrias diversas;3211;32;C;32;OTRAS INDUSTRIAS MANUFACTURERAS;FABRICAÇÃO DE PRODUTOS DIVERSOS;3.0783;4002100.9083000002
2003;Estados Unidos;0130;Cultivo de plantas;1195179;013;0191;Agricultura, inclusive o apoio à agricultura e a pós-colheita;0141;014;A;013;Propagación de plantas;Produção de sementes e mudas certificadas;3.0783;3679119.5157
2003;Estados Unidos;1061;Fabricação de produtos de moagem de grãos;1174567;106;1093;Outros produtos alimentares;1061;106;C;106;Elaboración de productos de molinería, almidones y productos derivados del almidón;Moagem, fabricação de produtos amiláceos e de alimentos para animais;3.0783;3615669.5961
2003;Estados Unidos;9000;Atividades criativas, artes e entretenimento;1121601;90;9080;Atividades artísticas, criativas e de espetáculos;9001;90;R;90;ACTIVIDADES CREATIVAS, ARTÍSTICAS Y DE ENTRETENIMIENTO;ATIVIDADES ARTÍSTICAS, CRIATIVAS E DE ESPETÁCULOS;3.0783;3452624.3583
2003;Estados Unidos;0111;Cultivo de cereais (exceto arroz), leguminosas e oleaginosas;1105339;011;0191;Agricultura, inclusive o apoio à agricultura e a pós-colheita;0111;011;A;011;Cultivo de plantas no perenes;Produção de lavouras temporárias;3.0783;3402565.0437000003
2003;Estados Unidos;0115;Cultivo de tabaco;996404;011;0191;Agricultura, inclusive o apoio à agricultura e a pós-colheita;0111;011;A;011;Cultivo de plantas no perenes;Produção de lavouras temporárias;3.0783;3067230.4332
2003;Estados Unidos;2512;Fabricação de tanques, reservatórios e recipientes de metal;966683;25;2500;Fabricação de produtos de metal, exceto máquinas e equipamentos;2511;25;C;25;FABRICACIÓN DE PRODUCTOS ELABORADOS DE METAL, EXCEPTO MAQUINARIA Y EQUIPO;FABRICAÇÃO DE PRODUTOS DE METAL, EXCETO MÁQUINAS E EQUIPAMENTOS;3.0783;2975740.2789000003
2003;Estados Unidos;9102;Atividades de museus e operação de locais históricos e edifícios;921750;91;9080;Atividades artísticas, criativas e de espetáculos;9101;91;R;91;ACTIVIDADES DE BIBLIOTECAS, ARCHIVOS Y MUSEOS Y OTRAS ACTIVIDADES CULTURALES;ATIVIDADES LIGADAS AO PATRIMÔNIO CULTURAL E AMBIENTAL;3.0783;2837423.025
2003;Estados Unidos;0142;Criação de cavalos e outros equinos;889274;014;0192;Pecuária, inclusive o apoio à pecuária;0151;015;A;014;Ganadería;Pecuária;3.0783;2737452.1542
2003;Estados Unidos;1101;Fabricação de aguardentes e outras bebidas destiladas;702838;11;1100;Fabricação de bebidas;1111;11;C;11;ELABORACIÓN DE BEBIDAS;FABRICAÇÃO DE BEBIDAS;3.0783;2163546.2154
2003;Estados Unidos;0230;Coleta de produtos florestais não madeireiros;679343;02;0280;"Produção florestal; pesca e aquicultura";0210;02;A;02;SILVICULTURA Y EXTRACCIÓN DE MADERA;PRODUÇÃO FLORESTAL;3.0783;2091221.5569
2003;Estados Unidos;2731;Fabricação de cabos de fibra ótica;628836;27;2700;Fabricação de máquinas e equipamentos elétricos;2710;27;C;27;FABRICACIÓN DE EQUIPO ELÉCTRICO;FABRICAÇÃO DE MÁQUINAS, APARELHOS E MATERIAIS ELÉTRICOS;3.0783;1935745.8588
2003;Estados Unidos;1420;Fabricação de artigos de peles;516179;14;1400;Confecção de artefatos do vestuário e acessórios;1411;14;C;14;FABRICACIÓN DE PRENDAS DE VESTIR;CONFECÇÃO DE ARTIGOS DO VESTUÁRIO E ACESSÓRIOS;3.0783;1588953.8157
2003;Estados Unidos;0220;Exploração madeireira;486445;02;0280;"Produção florestal; pesca e aquicultura";0210;02;A;02;SILVICULTURA Y EXTRACCIÓN DE MADERA;PRODUÇÃO FLORESTAL;3.0783;1497423.6435
2003;Estados Unidos;1074;Fabricação de macarrão, talharim, cuscuz e produtos farináceos semelhantes;410480;107;1092;Fabricação e refino de açúcar;1071;107;C;107;Elaboración de otros productos alimenticios;Fabricação e refino de açúcar;3.0783;1263580.584
2003;Estados Unidos;2513;Fabricação de geradores de vapor, exceto caldeiras de aquecimento central de água quente;376437;25;2500;Fabricação de produtos de metal, exceto máquinas e equipamentos;2511;25;C;25;FABRICACIÓN DE PRODUCTOS ELABORADOS DE METAL, EXCEPTO MAQUINARIA Y EQUIPO;FABRICAÇÃO DE PRODUTOS DE METAL, EXCETO MÁQUINAS E EQUIPAMENTOS;3.0783;1158786.0171
2003;Estados Unidos;5813;Publicação de jornais, revistas e periódicos;352205;58;5800;Edição e edição integrada à impressão;5811;58;J;58;ACTIVIDADES DE EDICIÓN;EDIÇÃO E EDIÇÃO INTEGRADA À IMPRESSÃO;3.0783;1084192.6515
2003;Estados Unidos;3012;Construção de barcos de recreio e desportivos;334311;30;3000;Fabricação de outros equipamentos de transporte, exceto veículos automotores;3011;30;C;30;FABRICACIÓN DE OTRO  EQUIPO DE TRANSPORTE;FABRICAÇÃO DE OUTROS EQUIPAMENTOS DE TRANSPORTE, EXCETO VEÍCULOS AUTOMOTORES;3.0783;1029109.5513
2003;Estados Unidos;3212;Fabricação de bijuterias e artigos relacionados;264215;32;3180;Fabricação de móveis e de produtos de indústrias diversas;3211;32;C;32;OTRAS INDUSTRIAS MANUFACTURERAS;FABRICAÇÃO DE PRODUTOS DIVERSOS;3.0783;813333.0345000001
2003;Estados Unidos;2652;Fabricação de cronomêtros e relógios;262727;26;2600;Fabricação de equipamentos de informática, produtos eletrônicos e ópticos;2610;26;C;26;FABRICACIÓN DE PRODUCTOS DE INFORMÁTICA, DE ELECTRÓNICA Y DE ÓPTICA;FABRICAÇÃO DE EQUIPAMENTOS DE INFORMÁTICA, PRODUTOS ELETRÔNICOS E ÓPTICOS;3.0783;808752.5241
2003;Estados Unidos;2920;"Fabricação de carroçarias para veículos automotores; fabricação de reboques e semi-reboques";250256;292;2991;Fabricação de automóveis, caminhões e ônibus, exceto peças;2930;293;C;292;"Fabricación de carrocerías para vehículos automotores; fabricación de remolques y semirremolques";Fabricação de cabines, carrocerias e reboques para veículos automotores;3.0783;770363.0448
2003;Estados Unidos;1103;Fabricação de malte e bebidas maltadas.;203188;11;1100;Fabricação de bebidas;1111;11;C;11;ELABORACIÓN DE BEBIDAS;FABRICAÇÃO DE BEBIDAS;3.0783;625473.6204
2003;Estados Unidos;0124;Cultivo de frutas pome e frutas de caroço;141476;012;0191;Agricultura, inclusive o apoio à agricultura e a pós-colheita;0111;011;A;012;Cultivo de plantas perennes;Produção de lavouras temporárias;3.0783;435505.5708
2003;Estados Unidos;3099;Fabricação de outros equipamentos de transporte n.c;107848;30;3000;Fabricação de outros equipamentos de transporte, exceto veículos automotores;3011;30;C;30;FABRICACIÓN DE OTRO  EQUIPO DE TRANSPORTE;FABRICAÇÃO DE OUTROS EQUIPAMENTOS DE TRANSPORTE, EXCETO VEÍCULOS AUTOMOTORES;3.0783;331988.4984
2003;Estados Unidos;1102;Fabricação de vinhos;101956;11;1100;Fabricação de bebidas;1111;11;C;11;ELABORACIÓN DE BEBIDAS;FABRICAÇÃO DE BEBIDAS;3.0783;313851.1548
2003;Estados Unidos;0891;Extração de minerais químicos e fertilizantes;75929;08;0580;Extração de carvão mineral e de minerais não metálicos;0810;08;B;08;EXPLOTACIÓN DE OTRAS MINAS Y CANTERAS;EXTRAÇÃO DE MINERAIS NÃO-METÁLICOS;3.0783;233732.2407
2003;Estados Unidos;3011;Construção de navios e estruturas flutuantes;72974;30;3000;Fabricação de outros equipamentos de transporte, exceto veículos automotores;3011;30;C;30;FABRICACIÓN DE OTRO  EQUIPO DE TRANSPORTE;FABRICAÇÃO DE OUTROS EQUIPAMENTOS DE TRANSPORTE, EXCETO VEÍCULOS AUTOMOTORES;3.0783;224635.8642
2003;Estados Unidos;0144;Criação de ovelhas e cabras;59715;014;0192;Pecuária, inclusive o apoio à pecuária;0151;015;A;014;Ganadería;Pecuária;3.0783;183820.6845
2003;Estados Unidos;0126;Cultivo de frutas oleaginosas;54680;012;0191;Agricultura, inclusive o apoio à agricultura e a pós-colheita;0111;011;A;012;Cultivo de plantas perennes;Produção de lavouras temporárias;3.0783;168321.444
2003;Estados Unidos;7420;Atividades fotográficas;27789;74;7380;Outras atividades profissionais, científicas e técnicas;7410;74;M;74;OTRAS ACTIVIDADES PROFESIONALES, CIENTÍFICAS Y TÉCNICAS;OUTRAS ATIVIDADES PROFISSIONAIS, CIENTÍFICAS E TÉCNICAS;3.0783;85542.8787
2003;Estados Unidos;1812;Atividades de serviço relacionadas à impressão;21200;18;1800;Impressão e reprodução de gravações;1811;18;C;18;IMPRESIÓN Y REPRODUCCIÓN DE GRABACIONES;IMPRESSÃO E REPRODUÇÃO DE GRAVAÇÕES;3.0783;65259.96
2003;Estados Unidos;0122;Cultivo de frutas tropicais e subtropicais;16431;012;0191;Agricultura, inclusive o apoio à agricultura e a pós-colheita;0111;011;A;012;Cultivo de plantas perennes;Produção de lavouras temporárias;3.0783;50579.5473
2003;Estados Unidos;0123;Cultivo de frutas cítricas;12486;012;0191;Agricultura, inclusive o apoio à agricultura e a pós-colheita;0111;011;A;012;Cultivo de plantas perennes;Produção de lavouras temporárias;3.0783;38435.6538
2003;Estados Unidos;5310;Atividades postais;6596;53;5280;Armazenamento, atividades auxiliares dos transportes e correio;5211;53;H;53;ALMACENAMIENTO Y ACTIVIDADES DE APOYO AL TRANSPORTE;ARMAZENAMENTO E ATIVIDADES AUXILIARES DOS TRANSPORTES;3.0783;20304.466800000002
2003;Estados Unidos;0129;Cultivo de outras culturas perenes;5897;012;0191;Agricultura, inclusive o apoio à agricultura e a pós-colheita;0111;011;A;012;Cultivo de plantas perennes;Produção de lavouras temporárias;3.0783;18152.7351
2003;Estados Unidos;0321;Aquicultura marinha;4253;03;0280;"Produção florestal; pesca e aquicultura";0311;03;A;03;PESCA Y ACUICULTURA;PESCA E AQÜICULTURA;3.0783;13092.009900000001
2003;Estados Unidos;3092;Fabricação de bicicletas e carruagens inválidas;1256;30;3000;Fabricação de outros equipamentos de transporte, exceto veículos automotores;3011;30;C;30;FABRICACIÓN DE OTRO  EQUIPO DE TRANSPORTE;FABRICAÇÃO DE OUTROS EQUIPAMENTOS DE TRANSPORTE, EXCETO VEÍCULOS AUTOMOTORES;3.0783;3866.3448
2003;Estados Unidos;0112;Cultivo de arroz;56;011;0191;Agricultura, inclusive o apoio à agricultura e a pós-colheita;0111;011;A;011;Cultivo de plantas no perenes;Produção de lavouras temporárias;3.0783;172.3848
2003;Estados Unidos;1910;Fabricação de produtos de forno de coque;43;191;1991;Refino de petróleo e coquerias;1910;191;C;191;Fabricación de productos de hornos de coque;Coquerias;3.0783;132.36690000000002
2002;Estados Unidos;3030;Fabricação de aviões e máquinas relacionadas;2298659104;30;3000;Fabricação de outros equipamentos de transporte, exceto veículos automotores;3011;30;C;30;FABRICACIÓN DE OTRO  EQUIPO DE TRANSPORTE;FABRICAÇÃO DE OUTROS EQUIPAMENTOS DE TRANSPORTE, EXCETO VEÍCULOS AUTOMOTORES;2.9212;6714842974.604799
2002;Estados Unidos;2410;Fabricação de ferro e aço básicos;1172579559;241;2491;Produção de ferro-gusa/ferroligas, siderurgia e tubos de aço sem costura;2411;241;C;241;Fabricación básica de hierro y acero;Produção de ferro-gusa e de ferroligas;2.9212;3425339407.7507997
2002;Estados Unidos;2630;Fabricação de equipamentos de comunicação;1033799777;26;2600;Fabricação de equipamentos de informática, produtos eletrônicos e ópticos;2610;26;C;26;FABRICACIÓN DE PRODUCTOS DE INFORMÁTICA, DE ELECTRÓNICA Y DE ÓPTICA;FABRICAÇÃO DE EQUIPAMENTOS DE INFORMÁTICA, PRODUTOS ELETRÔNICOS E ÓPTICOS;2.9212;3019935908.5723996
2002;Estados Unidos;1520;Fabricação de calçado;1024455682;15;1500;Fabricação de calçados e de artefatos de couro;1510;15;C;15;FABRICACIÓN DE PRODUCTOS DE CUERO Y PRODUCTOS CONEXOS;PREPARAÇÃO DE COUROS E FABRICAÇÃO DE ARTEFATOS DE COURO, ARTIGOS PARA VIAGEM E CALÇADOS;2.9212;2992639938.2584
2002;Estados Unidos;2910;Fabricação de veículos automotores;844973447;291;2991;Fabricação de automóveis, caminhões e ônibus, exceto peças;2910;291;C;291;Fabricación de vehículos automotores;Fabricação de automóveis, camionetas e utilitários;2.9212;2468336433.3764
2002;Estados Unidos;2930;Fabricação de peças e acessórios para veículos automotores;723732292;293;2992;Fabricação de peças e acessórios para veículos automotores;2941;294;C;293;Fabricación de partes, piezas y accesorios para vehículos automotores;Fabricação de peças e acessórios para veículos automotores;2.9212;2114166771.3904
2002;Estados Unidos;1920;Fabricação de produtos petrolíferos refinados;687086581;192;1991;Refino de petróleo e coquerias;1921;192;C;192;Fabricación de productos de la refinación del petróleo;Fabricação de produtos derivados do petróleo;2.9212;2007117320.4171999
2002;Estados Unidos;2420;Fabricação de metais preciosos e outros metais não ferrosos;596293500;242;2492;Metalurgia de metais não ferosos e a fundição de metais;2441;244;C;242;Fabricación de productos primarios de metales preciosos y otros metales no ferrosos;Metalurgia dos metais não-ferrosos;2.9212;1741892572.1999998
2002;Estados Unidos;1701;Fabricação de polpa, papel e cartão;398860606;17;1700;Fabricação de celulose, papel e produtos de papel;1710;17;C;17;FABRICACIÓN DE PAPEL Y DE PRODUCTOS DE PAPEL;FABRICAÇÃO DE CELULOSE, PAPEL E PRODUTOS DE PAPEL;2.9212;1165151602.2472
2002;Estados Unidos;2011;Fabricação de produtos químicos básicos;382962110;201;1992;Fabricação de biocombustíveis;1931;193;C;201;Fabricación de sustancias químicas básicas, de abonos y compuestos de nitrógeno y de plásticos y caucho sintético en formas primarias;Fabricação de biocombustíveis;2.9212;1118708915.7319999
2002;Estados Unidos;2813;Fabricação de outras bombas, compressores, torneiras e válvulas;363367167;28;2800;Fabricação de máquinas e equipamentos mecânicos;2811;28;C;28;FABRICACIÓN DE MAQUINARIA Y EQUIPO N.C.P.;FABRICAÇÃO DE MÁQUINAS E EQUIPAMENTOS;2.9212;1061468168.2404
2002;Estados Unidos;1610;Serração e aplainamento de madeira;275954327;16;1500;Fabricação de calçados e de artefatos de couro;1510;15;C;16;"PRODUCCIÓN DE MADERA Y FABRICACIÓN DE PRODUCTOS DE MADERA Y CORCHO, EXCEPTO MUEBLES; FABRICACIÓN DE ARTÍCULOS DE PAJA Y DE MATERIALES TRENZABLES";PREPARAÇÃO DE COUROS E FABRICAÇÃO DE ARTEFATOS DE COURO, ARTIGOS PARA VIAGEM E CALÇADOS;2.9212;806117780.0323999
2002;Estados Unidos;3100;Fabricação de móveis;237813134;31;3180;Fabricação de móveis e de produtos de indústrias diversas;3101;31;C;31;FABRICACIÓN DE MUEBLES;FABRICAÇÃO DE MÓVEIS;2.9212;694699727.0408
2002;Estados Unidos;2640;Fabricação de produtos eletrônicos de consumo;209355177;26;2600;Fabricação de equipamentos de informática, produtos eletrônicos e ópticos;2610;26;C;26;FABRICACIÓN DE PRODUCTOS DE INFORMÁTICA, DE ELECTRÓNICA Y DE ÓPTICA;FABRICAÇÃO DE EQUIPAMENTOS DE INFORMÁTICA, PRODUTOS ELETRÔNICOS E ÓPTICOS;2.9212;611568343.0524
2002;Estados Unidos;2710;Fabricação de motores elétricos, geradores, transformadores e aparelhos de distribuição e controle de energia elétrica;208599357;27;2700;Fabricação de máquinas e equipamentos elétricos;2710;27;C;27;FABRICACIÓN DE EQUIPO ELÉCTRICO;FABRICAÇÃO DE MÁQUINAS, APARELHOS E MATERIAIS ELÉTRICOS;2.9212;609360441.6683999
2002;Estados Unidos;0127;Cultivo de bebidas da safra;208123368;012;0191;Agricultura, inclusive o apoio à agricultura e a pós-colheita;0111;011;A;012;Cultivo de plantas perennes;Produção de lavouras temporárias;2.9212;607969982.6015999
2002;Estados Unidos;0610;Extração de petróleo bruto;186304962;06;0680;Extração de petróleo e gás, inclusive as atividades de apoio;0600;06;B;06;EXTRACCIÓN DE PETRÓLEO CRUDO Y GAS NATURAL;EXTRAÇÃO DE PETRÓLEO E GÁS NATURAL;2.9212;544234054.9943999
2002;Estados Unidos;1621;Fabricação de folheados e painéis derivados de madeira;185677234;16;1500;Fabricação de calçados e de artefatos de couro;1510;15;C;16;"PRODUCCIÓN DE MADERA Y FABRICACIÓN DE PRODUCTOS DE MADERA Y CORCHO, EXCEPTO MUEBLES; FABRICACIÓN DE ARTÍCULOS DE PAJA Y DE MATERIALES TRENZABLES";PREPARAÇÃO DE COUROS E FABRICAÇÃO DE ARTEFATOS DE COURO, ARTIGOS PARA VIAGEM E CALÇADOS;2.9212;542400335.9607999
2002;Estados Unidos;1392;Fabricação de artigos têxteis confeccionados, exceto vestuário;184004567;13;1300;Fabricação de produtos têxteis;1311;13;C;13;FABRICACIÓN DE PRODUCTOS TEXTILES;FABRICAÇÃO DE PRODUTOS TÊXTEIS;2.9212;537514141.1204
2002;Estados Unidos;1030;Processamento e conservação de frutas e legumes;177061879;103;1093;Outros produtos alimentares;1031;103;C;103;Elaboración y conservación de frutas, legumbres y hortalizas;Fabricação de conservas de frutas, legumes e outros vegetais;2.9212;517233160.93479997
2002;Estados Unidos;1200;Fabricação de produtos de tabaco;168526812;12;1200;Fabricação de produtos do fumo;1210;12;C;12;ELABORACIÓN DE PRODUCTOS DE TABACO;FABRICAÇÃO DE PRODUTOS DO FUMO;2.9212;492300523.2144
2002;Estados Unidos;1629;"Fabricação de outros produtos de madeira; fabricação de artigos de cortiça, de espartaria e cestaria";162735740;16;1500;Fabricação de calçados e de artefatos de couro;1510;15;C;16;"PRODUCCIÓN DE MADERA Y FABRICACIÓN DE PRODUCTOS DE MADERA Y CORCHO, EXCEPTO MUEBLES; FABRICACIÓN DE ARTÍCULOS DE PAJA Y DE MATERIALES TRENZABLES";PREPARAÇÃO DE COUROS E FABRICAÇÃO DE ARTEFATOS DE COURO, ARTIGOS PARA VIAGEM E CALÇADOS;2.9212;475383643.68799996
2002;Estados Unidos;1020;Processamento e conservação de peixes, crustáceos e moluscos;160185268;102;1091;Abate e produtos de carne, inclusive os produtos do laticínio e da pesca;1020;102;C;102;Elaboración y conservación de pescado, crustáceos y moluscos;Preservação do pescado e fabricação de produtos do pescado;2.9212;467933204.88159996
2002;Estados Unidos;2824;Fabricação de máquinas para mineração, exploração de pedreiras e construção;156320768;28;2800;Fabricação de máquinas e equipamentos mecânicos;2811;28;C;28;FABRICACIÓN DE MAQUINARIA Y EQUIPO N.C.P.;FABRICAÇÃO DE MÁQUINAS E EQUIPAMENTOS;2.9212;456644227.4816
2002;Estados Unidos;2396;Corte, moldagem e acabamento de pedra;154351351;23;2300;Fabricação de produtos de minerais não metálicos;2311;23;C;23;FABRICACIÓN DE OTROS PRODUCTOS MINERALES NO METÁLICOS;FABRICAÇÃO DE PRODUTOS DE MINERAIS NÃO-METÁLICOS;2.9212;450891166.5412
2002;Estados Unidos;0710;Extração de minério de ferro;141373747;071;0791;Extração de minério de ferro, inclusive beneficiamento e a aglomeração;0710;071;B;071;Extracción de minerales de hierro;Extração de minério de ferro;2.9212;412980989.73639995
2002;Estados Unidos;2211;"Fabricação de pneus e tubos; recauchutagem e reconstrução de pneus de borracha";139091444;22;1500;Fabricação de calçados e de artefatos de couro;1510;15;C;22;FABRICACIÓN DE PRODUCTOS DE CAUCHO Y PLÁSTICO;PREPARAÇÃO DE COUROS E FABRICAÇÃO DE ARTEFATOS DE COURO, ARTIGOS PARA VIAGEM E CALÇADOS;2.9212;406313926.21279997
2002;Estados Unidos;1010;Processamento e conservação de carne;125616915;101;1091;Abate e produtos de carne, inclusive os produtos do laticínio e da pesca;1011;101;C;101;Elaboración y conservación de carne;Abate e fabricação de produtos de carne;2.9212;366952132.098
2002;Estados Unidos;2814;Fabricação de rolamentos, engrenagens, engrenagens e elementos de acionamento;123079898;28;2800;Fabricação de máquinas e equipamentos mecânicos;2811;28;C;28;FABRICACIÓN DE MAQUINARIA Y EQUIPO N.C.P.;FABRICAÇÃO DE MÁQUINAS E EQUIPAMENTOS;2.9212;359540998.0376
2002;Estados Unidos;1622;Fabricação de carpintaria e marcenaria de construtores;111964086;16;1500;Fabricação de calçados e de artefatos de couro;1510;15;C;16;"PRODUCCIÓN DE MADERA Y FABRICACIÓN DE PRODUCTOS DE MADERA Y CORCHO, EXCEPTO MUEBLES; FABRICACIÓN DE ARTÍCULOS DE PAJA Y DE MATERIALES TRENZABLES";PREPARAÇÃO DE COUROS E FABRICAÇÃO DE ARTEFATOS DE COURO, ARTIGOS PARA VIAGEM E CALÇADOS;2.9212;327069488.0232
2002;Estados Unidos;2610;Fabricação de componentes eletrônicos e placas;111260608;26;2600;Fabricação de equipamentos de informática, produtos eletrônicos e ópticos;2610;26;C;26;FABRICACIÓN DE PRODUCTOS DE INFORMÁTICA, DE ELECTRÓNICA Y DE ÓPTICA;FABRICAÇÃO DE EQUIPAMENTOS DE INFORMÁTICA, PRODUTOS ELETRÔNICOS E ÓPTICOS;2.9212;325014488.08959997
2002;Estados Unidos;1410;Fabricação de vestuário, exceto vestuários de peles;110302001;14;1400;Confecção de artefatos do vestuário e acessórios;1411;14;C;14;FABRICACIÓN DE PRENDAS DE VESTIR;CONFECÇÃO DE ARTIGOS DO VESTUÁRIO E ACESSÓRIOS;2.9212;322214205.32119995
2002;Estados Unidos;1511;Curtimento e vestuário de couro;107627111;15;1500;Fabricação de calçados e de artefatos de couro;1510;15;C;15;FABRICACIÓN DE PRODUCTOS DE CUERO Y PRODUCTOS CONEXOS;PREPARAÇÃO DE COUROS E FABRICAÇÃO DE ARTEFATOS DE COURO, ARTIGOS PARA VIAGEM E CALÇADOS;2.9212;314400316.6532
2002;Estados Unidos;2392;Fabricação de materiais de construção de argila;104251085;23;2300;Fabricação de produtos de minerais não metálicos;2311;23;C;23;FABRICACIÓN DE OTROS PRODUCTOS MINERALES NO METÁLICOS;FABRICAÇÃO DE PRODUTOS DE MINERAIS NÃO-METÁLICOS;2.9212;304538269.502
2002;Estados Unidos;2599;Fabricação de outros produtos metálicos fabricados n.c;96665190;25;2500;Fabricação de produtos de metal, exceto máquinas e equipamentos;2511;25;C;25;FABRICACIÓN DE PRODUCTOS ELABORADOS DE METAL, EXCEPTO MAQUINARIA Y EQUIPO;FABRICAÇÃO DE PRODUTOS DE METAL, EXCETO MÁQUINAS E EQUIPAMENTOS;2.9212;282378353.028
2002;Estados Unidos;2651;Fabricação de equipamentos de medição, teste, navegação e controle;95890455;26;2600;Fabricação de equipamentos de informática, produtos eletrônicos e ópticos;2610;26;C;26;FABRICACIÓN DE PRODUCTOS DE INFORMÁTICA, DE ELECTRÓNICA Y DE ÓPTICA;FABRICAÇÃO DE EQUIPAMENTOS DE INFORMÁTICA, PRODUTOS ELETRÔNICOS E ÓPTICOS;2.9212;280115197.14599997
2002;Estados Unidos;2029;Fabricação de outros produtos químicos n.c;85626078;202;2092;Fabricação de defensivos, desinfestantes, tintas e químicos diversos;2051;205;C;202;Fabricación de otros productos químicos;Fabricação de defensivos agrícolas e desinfestantes domissanitários;2.9212;250130899.05359998
2002;Estados Unidos;0125;Cultivo de outras frutas e nozes;85609336;012;0191;Agricultura, inclusive o apoio à agricultura e a pós-colheita;0111;011;A;012;Cultivo de plantas perennes;Produção de lavouras temporárias;2.9212;250081992.3232
2002;Estados Unidos;2013;Fabricação de plásticos e borracha sintética em formas primárias;79496940;201;1992;Fabricação de biocombustíveis;1931;193;C;201;Fabricación de sustancias químicas básicas, de abonos y compuestos de nitrógeno y de plásticos y caucho sintético en formas primarias;Fabricação de biocombustíveis;2.9212;232226461.128
2002;Estados Unidos;1512;Fabricação de malas, bolsas e semelhantes, selaria e arreios;72438630;15;1500;Fabricação de calçados e de artefatos de couro;1510;15;C;15;FABRICACIÓN DE PRODUCTOS DE CUERO Y PRODUCTOS CONEXOS;PREPARAÇÃO DE COUROS E FABRICAÇÃO DE ARTEFATOS DE COURO, ARTIGOS PARA VIAGEM E CALÇADOS;2.9212;211607725.95599997
2002;Estados Unidos;2829;Fabricação de outras máquinas para fins especiais;70127962;28;2800;Fabricação de máquinas e equipamentos mecânicos;2811;28;C;28;FABRICACIÓN DE MAQUINARIA Y EQUIPO N.C.P.;FABRICAÇÃO DE MÁQUINAS E EQUIPAMENTOS;2.9212;204857802.5944
2002;Estados Unidos;1073;Fabricação de cacau, chocolate e produtos de confeitaria;69471896;107;1092;Fabricação e refino de açúcar;1071;107;C;107;Elaboración de otros productos alimenticios;Fabricação e refino de açúcar;2.9212;202941302.59519997
2002;Estados Unidos;2620;Fabricação de computadores e equipamentos periféricos;65066043;26;2600;Fabricação de equipamentos de informática, produtos eletrônicos e ópticos;2610;26;C;26;FABRICACIÓN DE PRODUCTOS DE INFORMÁTICA, DE ELECTRÓNICA Y DE ÓPTICA;FABRICAÇÃO DE EQUIPAMENTOS DE INFORMÁTICA, PRODUTOS ELETRÔNICOS E ÓPTICOS;2.9212;190070924.8116
2002;Estados Unidos;2399;Fabricação de outros produtos minerais não metálicos n.c;55704433;23;2300;Fabricação de produtos de minerais não metálicos;2311;23;C;23;FABRICACIÓN DE OTROS PRODUCTOS MINERALES NO METÁLICOS;FABRICAÇÃO DE PRODUTOS DE MINERAIS NÃO-METÁLICOS;2.9212;162723789.6796
2002;Estados Unidos;2790;Fabricação de outro equipamento elétrico;52838434;27;2700;Fabricação de máquinas e equipamentos elétricos;2710;27;C;27;FABRICACIÓN DE EQUIPO ELÉCTRICO;FABRICAÇÃO DE MÁQUINAS, APARELHOS E MATERIAIS ELÉTRICOS;2.9212;154351633.4008
2002;Estados Unidos;2520;Fabricação de armas e munições;49864461;25;2500;Fabricação de produtos de metal, exceto máquinas e equipamentos;2511;25;C;25;FABRICACIÓN DE PRODUCTOS ELABORADOS DE METAL, EXCEPTO MAQUINARIA Y EQUIPO;FABRICAÇÃO DE PRODUTOS DE METAL, EXCETO MÁQUINAS E EQUIPAMENTOS;2.9212;145664063.4732
2002;Estados Unidos;1072;Fabricação de açúcar;47545732;107;1092;Fabricação e refino de açúcar;1071;107;C;107;Elaboración de otros productos alimenticios;Fabricação e refino de açúcar;2.9212;138890592.3184
2002;Estados Unidos;1079;Fabricação de outros produtos alimentícios n.c;43918726;107;1092;Fabricação e refino de açúcar;1071;107;C;107;Elaboración de otros productos alimenticios;Fabricação e refino de açúcar;2.9212;128295382.39119999
2002;Estados Unidos;2593;Fabricação de cutelaria, ferramentas manuais e ferragens em geral;43627646;25;2500;Fabricação de produtos de metal, exceto máquinas e equipamentos;2511;25;C;25;FABRICACIÓN DE PRODUCTOS ELABORADOS DE METAL, EXCEPTO MAQUINARIA Y EQUIPO;FABRICAÇÃO DE PRODUTOS DE METAL, EXCETO MÁQUINAS E EQUIPAMENTOS;2.9212;127445079.4952
2002;Estados Unidos;2819;Fabricação de outras máquinas para uso geral;43496664;28;2800;Fabricação de máquinas e equipamentos mecânicos;2811;28;C;28;FABRICACIÓN DE MAQUINARIA Y EQUIPO N.C.P.;FABRICAÇÃO DE MÁQUINAS E EQUIPAMENTOS;2.9212;127062454.87679999
2002;Estados Unidos;2821;Fabricação de maquinaria agrícola e florestal;43446040;28;2800;Fabricação de máquinas e equipamentos mecânicos;2811;28;C;28;FABRICACIÓN DE MAQUINARIA Y EQUIPO N.C.P.;FABRICAÇÃO DE MÁQUINAS E EQUIPAMENTOS;2.9212;126914572.048
2002;Estados Unidos;2219;Fabricação de outros produtos de borracha;40875067;22;1500;Fabricação de calçados e de artefatos de couro;1510;15;C;22;FABRICACIÓN DE PRODUCTOS DE CAUCHO Y PLÁSTICO;PREPARAÇÃO DE COUROS E FABRICAÇÃO DE ARTEFATOS DE COURO, ARTIGOS PARA VIAGEM E CALÇADOS;2.9212;119404245.72039999
2002;Estados Unidos;1709;Fabricação de outros artigos de papel e cartão;40731769;17;1700;Fabricação de celulose, papel e produtos de papel;1710;17;C;17;FABRICACIÓN DE PAPEL Y DE PRODUCTOS DE PAPEL;FABRICAÇÃO DE CELULOSE, PAPEL E PRODUTOS DE PAPEL;2.9212;118985643.6028
2002;Estados Unidos;2220;Fabricação de produtos plásticos;39292576;22;1500;Fabricação de calçados e de artefatos de couro;1510;15;C;22;FABRICACIÓN DE PRODUCTOS DE CAUCHO Y PLÁSTICO;PREPARAÇÃO DE COUROS E FABRICAÇÃO DE ARTEFATOS DE COURO, ARTIGOS PARA VIAGEM E CALÇADOS;2.9212;114781473.0112
2002;Estados Unidos;3091;Fabricação de motocicletas;39067001;30;3000;Fabricação de outros equipamentos de transporte, exceto veículos automotores;3011;30;C;30;FABRICACIÓN DE OTRO  EQUIPO DE TRANSPORTE;FABRICAÇÃO DE OUTROS EQUIPAMENTOS DE TRANSPORTE, EXCETO VEÍCULOS AUTOMOTORES;2.9212;114122523.3212
2002;Estados Unidos;2310;Fabricação de produtos de vidro e vidro;38255275;23;2300;Fabricação de produtos de minerais não metálicos;2311;23;C;23;FABRICACIÓN DE OTROS PRODUCTOS MINERALES NO METÁLICOS;FABRICAÇÃO DE PRODUTOS DE MINERAIS NÃO-METÁLICOS;2.9212;111751309.33
2002;Estados Unidos;3211;Fabricação de joalharia e artigos afins;37648809;32;3180;Fabricação de móveis e de produtos de indústrias diversas;3211;32;C;32;OTRAS INDUSTRIAS MANUFACTURERAS;FABRICAÇÃO DE PRODUTOS DIVERSOS;2.9212;109979700.8508
2002;Estados Unidos;3290;Outras manufaturas n.c.;36107987;32;3180;Fabricação de móveis e de produtos de indústrias diversas;3211;32;C;32;OTRAS INDUSTRIAS MANUFACTURERAS;FABRICAÇÃO DE PRODUTOS DIVERSOS;2.9212;105478651.62439999
2002;Estados Unidos;1040;Fabricação de óleos e gorduras vegetais e animais;32395328;104;1093;Outros produtos alimentares;1041;104;C;104;Elaboración de aceites y grasas de origen vegetal y animal;Fabricação de óleos e gorduras vegetais e animais;2.9212;94633232.15359999
2002;Estados Unidos;3020;Fabricação de locomotivas e material circulante;32331092;30;3000;Fabricação de outros equipamentos de transporte, exceto veículos automotores;3011;30;C;30;FABRICACIÓN DE OTRO  EQUIPO DE TRANSPORTE;FABRICAÇÃO DE OUTROS EQUIPAMENTOS DE TRANSPORTE, EXCETO VEÍCULOS AUTOMOTORES;2.9212;94445585.9504
2002;Estados Unidos;0128;Cultivo de especiarias, culturas aromáticas, medicamentosas e farmacêuticas;30877811;012;0191;Agricultura, inclusive o apoio à agricultura e a pós-colheita;0111;011;A;012;Cultivo de plantas perennes;Produção de lavouras temporárias;2.9212;90200261.49319999
2002;Estados Unidos;0311;Pesca marinha;29823707;03;0280;"Produção florestal; pesca e aquicultura";0311;03;A;03;PESCA Y ACUICULTURA;PESCA E AQÜICULTURA;2.9212;87121012.88839999
2002;Estados Unidos;0113;Cultivo de hortaliças e melões, raízes e tubérculos;26904323;011;0191;Agricultura, inclusive o apoio à agricultura e a pós-colheita;0111;011;A;011;Cultivo de plantas no perenes;Produção de lavouras temporárias;2.9212;78592908.3476
2002;Estados Unidos;2826;Fabricação de máquinas para produção de têxteis, vestuário e couro;26556857;28;2800;Fabricação de máquinas e equipamentos mecânicos;2811;28;C;28;FABRICACIÓN DE MAQUINARIA Y EQUIPO N.C.P.;FABRICAÇÃO DE MÁQUINAS E EQUIPAMENTOS;2.9212;77577890.66839999
2002;Estados Unidos;3250;Fabricação de instrumentos e suprimentos médicos e odontológicos;23601454;32;3180;Fabricação de móveis e de produtos de indústrias diversas;3211;32;C;32;OTRAS INDUSTRIAS MANUFACTURERAS;FABRICAÇÃO DE PRODUTOS DIVERSOS;2.9212;68944567.4248
2002;Estados Unidos;0810;Extração de pedra, areia e argila;21845382;08;0580;Extração de carvão mineral e de minerais não metálicos;0810;08;B;08;EXPLOTACIÓN DE OTRAS MINAS Y CANTERAS;EXTRAÇÃO DE MINERAIS NÃO-METÁLICOS;2.9212;63814729.898399994
2002;Estados Unidos;0729;Extração de outros minérios de metais não ferrosos;20528657;072;0792;Extração de minerais metálicos não ferrosos, inclusive beneficiamentos;0721;072;B;072;Extracción de minerales metalíferos no ferrosos;Extração de minerais metálicos não-ferrosos;2.9212;59968312.82839999
2002;Estados Unidos;1311;Preparação e fiação de fibras têxteis;19808945;13;1300;Fabricação de produtos têxteis;1311;13;C;13;FABRICACIÓN DE PRODUCTOS TEXTILES;FABRICAÇÃO DE PRODUTOS TÊXTEIS;2.9212;57865890.133999996
2002;Estados Unidos;2100;Fabricação de produtos farmacêuticos, produtos químicos medicinais e botânicos;17694009;21;2100;Fabricação de produtos farmoquímicos e farmacêuticos;2110;21;C;21;FABRICACIÓN DE PRODUCTOS FARMACÉUTICOS, SUSTANCIAS QUÍMICAS MEDICINALES Y PRODUCTOS BOTÁNICOS DE USO FARMACÉUTICO;FABRICAÇÃO DE PRODUTOS FARMOQUÍMICOS E FARMACÊUTICOS;2.9212;51687739.090799995
2002;Estados Unidos;1394;Fabricação de cordéis, cordas, cordéis e redes;16690146;13;1300;Fabricação de produtos têxteis;1311;13;C;13;FABRICACIÓN DE PRODUCTOS TEXTILES;FABRICAÇÃO DE PRODUTOS TÊXTEIS;2.9212;48755254.49519999
2002;Estados Unidos;2021;Fabricação de pesticidas e outros produtos agroquímicos;15791643;202;2092;Fabricação de defensivos, desinfestantes, tintas e químicos diversos;2051;205;C;202;Fabricación de otros productos químicos;Fabricação de defensivos agrícolas e desinfestantes domissanitários;2.9212;46130547.5316
2002;Estados Unidos;2822;Fabricação de máquinas e máquinas-ferramentas para moldagem de metais;15607283;28;2800;Fabricação de máquinas e equipamentos mecânicos;2811;28;C;28;FABRICACIÓN DE MAQUINARIA Y EQUIPO N.C.P.;FABRICAÇÃO DE MÁQUINAS E EQUIPAMENTOS;2.9212;45591995.099599995
2002;Estados Unidos;2732;Fabricação de outros fios e cabos elétricos e eletrônicos;15099309;27;2700;Fabricação de máquinas e equipamentos elétricos;2710;27;C;27;FABRICACIÓN DE EQUIPO ELÉCTRICO;FABRICAÇÃO DE MÁQUINAS, APARELHOS E MATERIAIS ELÉTRICOS;2.9212;44108101.450799994
2002;Estados Unidos;2393;Fabricação de outros produtos de porcelana e cerâmica;14580452;23;2300;Fabricação de produtos de minerais não metálicos;2311;23;C;23;FABRICACIÓN DE OTROS PRODUCTOS MINERALES NO METÁLICOS;FABRICAÇÃO DE PRODUTOS DE MINERAIS NÃO-METÁLICOS;2.9212;42592416.3824
2002;Estados Unidos;2720;Fabricação de baterias e acumuladores;13969494;27;2700;Fabricação de máquinas e equipamentos elétricos;2710;27;C;27;FABRICACIÓN DE EQUIPO ELÉCTRICO;FABRICAÇÃO DE MÁQUINAS, APARELHOS E MATERIAIS ELÉTRICOS;2.9212;40807685.8728
2002;Estados Unidos;0149;Criação de outros animais;12682527;014;0192;Pecuária, inclusive o apoio à pecuária;0151;015;A;014;Ganadería;Pecuária;2.9212;37048197.8724
2002;Estados Unidos;2817;Fabricação de máquinas e equipamentos de escritório (exceto computadores e equipamentos periféricos);12557558;28;2800;Fabricação de máquinas e equipamentos mecânicos;2811;28;C;28;FABRICACIÓN DE MAQUINARIA Y EQUIPO N.C.P.;FABRICAÇÃO DE MÁQUINAS E EQUIPAMENTOS;2.9212;36683138.4296
2002;Estados Unidos;1312;Tecelagem de têxteis;11937694;13;1300;Fabricação de produtos têxteis;1311;13;C;13;FABRICACIÓN DE PRODUCTOS TEXTILES;FABRICAÇÃO DE PRODUTOS TÊXTEIS;2.9212;34872391.712799996
2002;Estados Unidos;2511;Fabricação de produtos metálicos estruturais;11708188;25;2500;Fabricação de produtos de metal, exceto máquinas e equipamentos;2511;25;C;25;FABRICACIÓN DE PRODUCTOS ELABORADOS DE METAL, EXCEPTO MAQUINARIA Y EQUIPO;FABRICAÇÃO DE PRODUTOS DE METAL, EXCETO MÁQUINAS E EQUIPAMENTOS;2.9212;34201958.7856
2002;Estados Unidos;2811;Fabricação de motores e turbinas, exceto aeronaves, veículos e motores de ciclo;11230836;28;2800;Fabricação de máquinas e equipamentos mecânicos;2811;28;C;28;FABRICACIÓN DE MAQUINARIA Y EQUIPO N.C.P.;FABRICAÇÃO DE MÁQUINAS E EQUIPAMENTOS;2.9212;32807518.1232
2002;Estados Unidos;2431;Fundição de ferro e aço;11093981;243;2492;Metalurgia de metais não ferosos e a fundição de metais;2451;245;C;243;Fundición de metales;Fundição;2.9212;32407737.297199998
2002;Estados Unidos;1399;Fabricação de outros têxteis n.e.c.;10270622;13;1300;Fabricação de produtos têxteis;1311;13;C;13;FABRICACIÓN DE PRODUCTOS TEXTILES;FABRICAÇÃO DE PRODUTOS TÊXTEIS;2.9212;30002540.986399997
2002;Estados Unidos;2818;Fabricação de ferramentas manuais acionadas por motor;9853237;28;2800;Fabricação de máquinas e equipamentos mecânicos;2811;28;C;28;FABRICACIÓN DE MAQUINARIA Y EQUIPO N.C.P.;FABRICAÇÃO DE MÁQUINAS E EQUIPAMENTOS;2.9212;28783275.924399998
2002;Estados Unidos;2823;Fabricação de máquinas para metalurgia;9625947;28;2800;Fabricação de máquinas e equipamentos mecânicos;2811;28;C;28;FABRICACIÓN DE MAQUINARIA Y EQUIPO N.C.P.;FABRICAÇÃO DE MÁQUINAS E EQUIPAMENTOS;2.9212;28119316.376399998
2002;Estados Unidos;2825;Fabricação de máquinas para processamento de alimentos, bebidas e tabaco;8326242;28;2800;Fabricação de máquinas e equipamentos mecânicos;2811;28;C;28;FABRICACIÓN DE MAQUINARIA Y EQUIPO N.C.P.;FABRICAÇÃO DE MÁQUINAS E EQUIPAMENTOS;2.9212;24322618.1304
2002;Estados Unidos;2391;Fabricação de produtos refratários;7554964;23;2300;Fabricação de produtos de minerais não metálicos;2311;23;C;23;FABRICACIÓN DE OTROS PRODUCTOS MINERALES NO METÁLICOS;FABRICAÇÃO DE PRODUTOS DE MINERAIS NÃO-METÁLICOS;2.9212;22069560.836799998
2002;Estados Unidos;2750;Fabricação de eletrodomésticos;7401524;27;2700;Fabricação de máquinas e equipamentos elétricos;2710;27;C;27;FABRICACIÓN DE EQUIPO ELÉCTRICO;FABRICAÇÃO DE MÁQUINAS, APARELHOS E MATERIAIS ELÉTRICOS;2.9212;21621331.9088
2002;Estados Unidos;3240;Fabricação de jogos e brinquedos;7338283;32;3180;Fabricação de móveis e de produtos de indústrias diversas;3211;32;C;32;OTRAS INDUSTRIAS MANUFACTURERAS;FABRICAÇÃO DE PRODUTOS DIVERSOS;2.9212;21436592.299599998
2002;Estados Unidos;2023;Fabricação de sabão e detergentes, produtos de limpeza e polimento, perfumes e produtos de toilette;7327382;202;2092;Fabricação de defensivos, desinfestantes, tintas e químicos diversos;2051;205;C;202;Fabricación de otros productos químicos;Fabricação de defensivos agrícolas e desinfestantes domissanitários;2.9212;21404748.2984
2002;Estados Unidos;1391;Fabricação de tecidos de malha;7121800;13;1300;Fabricação de produtos têxteis;1311;13;C;13;FABRICACIÓN DE PRODUCTOS TEXTILES;FABRICAÇÃO DE PRODUTOS TÊXTEIS;2.9212;20804202.16
2002;Estados Unidos;1071;Fabricação de produtos de panificação;6699667;107;1092;Fabricação e refino de açúcar;1071;107;C;107;Elaboración de otros productos alimenticios;Fabricação e refino de açúcar;2.9212;19571067.240399998
2002;Estados Unidos;1430;Fabricação de vestuário de malha;6035390;14;1400;Confecção de artefatos do vestuário e acessórios;1411;14;C;14;FABRICACIÓN DE PRENDAS DE VESTIR;CONFECÇÃO DE ARTIGOS DO VESTUÁRIO E ACESSÓRIOS;2.9212;17630581.268
2002;Estados Unidos;2660;Fabricação de equipamentos de irradiação, eletromédicos e eletroterapêuticos;5926514;26;2600;Fabricação de equipamentos de informática, produtos eletrônicos e ópticos;2610;26;C;26;FABRICACIÓN DE PRODUCTOS DE INFORMÁTICA, DE ELECTRÓNICA Y DE ÓPTICA;FABRICAÇÃO DE EQUIPAMENTOS DE INFORMÁTICA, PRODUTOS ELETRÔNICOS E ÓPTICOS;2.9212;17312532.696799997
2002;Estados Unidos;2740;Fabricação de equipamentos de iluminação elétrica;5924132;27;2700;Fabricação de máquinas e equipamentos elétricos;2710;27;C;27;FABRICACIÓN DE EQUIPO ELÉCTRICO;FABRICAÇÃO DE MÁQUINAS, APARELHOS E MATERIAIS ELÉTRICOS;2.9212;17305574.398399998
2002;Estados Unidos;1050;Fabricação de produtos lácteos;5678306;105;1091;Abate e produtos de carne, inclusive os produtos do laticínio e da pesca;1051;105;C;105;Elaboración de productos lácteos;Laticínios;2.9212;16587467.4872
2002;Estados Unidos;1393;Fabricação de tapetes e tapetes;5644981;13;1300;Fabricação de produtos têxteis;1311;13;C;13;FABRICACIÓN DE PRODUCTOS TEXTILES;FABRICAÇÃO DE PRODUTOS TÊXTEIS;2.9212;16490118.4972
2002;Estados Unidos;2816;Fabricação de equipamentos de elevação e manuseio;5366325;28;2800;Fabricação de máquinas e equipamentos mecânicos;2811;28;C;28;FABRICACIÓN DE MAQUINARIA Y EQUIPO N.C.P.;FABRICAÇÃO DE MÁQUINAS E EQUIPAMENTOS;2.9212;15676108.589999998
2002;Estados Unidos;1623;Fabricação de embalagens de madeira;5138372;16;1500;Fabricação de calçados e de artefatos de couro;1510;15;C;16;"PRODUCCIÓN DE MADERA Y FABRICACIÓN DE PRODUCTOS DE MADERA Y CORCHO, EXCEPTO MUEBLES; FABRICACIÓN DE ARTÍCULOS DE PAJA Y DE MATERIALES TRENZABLES";PREPARAÇÃO DE COUROS E FABRICAÇÃO DE ARTEFATOS DE COURO, ARTIGOS PARA VIAGEM E CALÇADOS;2.9212;15010212.2864
2002;Estados Unidos;0899;Outras atividades de mineração n.c;5036134;08;0580;Extração de carvão mineral e de minerais não metálicos;0810;08;B;08;EXPLOTACIÓN DE OTRAS MINAS Y CANTERAS;EXTRAÇÃO DE MINERAIS NÃO-METÁLICOS;2.9212;14711554.6408
2002;Estados Unidos;2812;Fabricação de equipamentos para energia hidráulica;4623570;28;2800;Fabricação de máquinas e equipamentos mecânicos;2811;28;C;28;FABRICACIÓN DE MAQUINARIA Y EQUIPO N.C.P.;FABRICAÇÃO DE MÁQUINAS E EQUIPAMENTOS;2.9212;13506372.683999998
2002;Estados Unidos;1080;Fabricação de alimentos para animais;3944776;108;1093;Outros produtos alimentares;1061;106;C;108;Elaboración de piensos preparados para animales;Moagem, fabricação de produtos amiláceos e de alimentos para animais;2.9212;11523479.651199998
2002;Estados Unidos;2030;Fabricação de fibras sintéticas ou artificiais;3902087;203;2091;Fabricação de químicos orgânicos e inorgânicos, resinas e elastômeros;2040;204;C;203;Fabricación de fibras artificiales;Fabricação de fibras artificiais e sintéticas;2.9212;11398776.5444
2002;Estados Unidos;2012;Fabricação de fertilizantes e compostos nitrogenados;3826799;201;1992;Fabricação de biocombustíveis;1931;193;C;201;Fabricación de sustancias químicas básicas, de abonos y compuestos de nitrógeno y de plásticos y caucho sintético en formas primarias;Fabricação de biocombustíveis;2.9212;11178845.238799999
2002;Estados Unidos;2731;Fabricação de cabos de fibra ótica;3630290;27;2700;Fabricação de máquinas e equipamentos elétricos;2710;27;C;27;FABRICACIÓN DE EQUIPO ELÉCTRICO;FABRICAÇÃO DE MÁQUINAS, APARELHOS E MATERIAIS ELÉTRICOS;2.9212;10604803.148
2002;Estados Unidos;1062;Fabricação de amidos e féculas;3382514;106;1093;Outros produtos alimentares;1061;106;C;106;Elaboración de productos de molinería, almidones y productos derivados del almidón;Moagem, fabricação de produtos amiláceos e de alimentos para animais;2.9212;9880999.8968
2002;Estados Unidos;2670;Fabricação de instrumentos ópticos e equipamento fotográfico;2937895;26;2600;Fabricação de equipamentos de informática, produtos eletrônicos e ópticos;2610;26;C;26;FABRICACIÓN DE PRODUCTOS DE INFORMÁTICA, DE ELECTRÓNICA Y DE ÓPTICA;FABRICAÇÃO DE EQUIPAMENTOS DE INFORMÁTICA, PRODUTOS ELETRÔNICOS E ÓPTICOS;2.9212;8582178.874
2002;Estados Unidos;0111;Cultivo de cereais (exceto arroz), leguminosas e oleaginosas;2466354;011;0191;Agricultura, inclusive o apoio à agricultura e a pós-colheita;0111;011;A;011;Cultivo de plantas no perenes;Produção de lavouras temporárias;2.9212;7204713.304799999
2002;Estados Unidos;2680;Fabricação de mídia magnética e óptica;2274150;26;2600;Fabricação de equipamentos de informática, produtos eletrônicos e ópticos;2610;26;C;26;FABRICACIÓN DE PRODUCTOS DE INFORMÁTICA, DE ELECTRÓNICA Y DE ÓPTICA;FABRICAÇÃO DE EQUIPAMENTOS DE INFORMÁTICA, PRODUTOS ELETRÔNICOS E ÓPTICOS;2.9212;6643246.9799999995
2002;Estados Unidos;1702;Fabricação de papel e cartão canelados e de embalagens de papel e cartão;2134502;17;1700;Fabricação de celulose, papel e produtos de papel;1710;17;C;17;FABRICACIÓN DE PAPEL Y DE PRODUCTOS DE PAPEL;FABRICAÇÃO DE CELULOSE, PAPEL E PRODUTOS DE PAPEL;2.9212;6235307.2424
2002;Estados Unidos;3012;Construção de barcos de recreio e desportivos;2066567;30;3000;Fabricação de outros equipamentos de transporte, exceto veículos automotores;3011;30;C;30;FABRICACIÓN DE OTRO  EQUIPO DE TRANSPORTE;FABRICAÇÃO DE OUTROS EQUIPAMENTOS DE TRANSPORTE, EXCETO VEÍCULOS AUTOMOTORES;2.9212;6036855.5204
2002;Estados Unidos;5819;Outras atividades de publicação;1863194;58;5800;Edição e edição integrada à impressão;5811;58;J;58;ACTIVIDADES DE EDICIÓN;EDIÇÃO E EDIÇÃO INTEGRADA À IMPRESSÃO;2.9212;5442762.3127999995
2002;Estados Unidos;2394;Fabricação de cimento, cal e gesso;1855532;23;2300;Fabricação de produtos de minerais não metálicos;2311;23;C;23;FABRICACIÓN DE OTROS PRODUCTOS MINERALES NO METÁLICOS;FABRICAÇÃO DE PRODUTOS DE MINERAIS NÃO-METÁLICOS;2.9212;5420380.0784
2002;Estados Unidos;3220;Fabricação de instrumentos musicais;1491929;32;3180;Fabricação de móveis e de produtos de indústrias diversas;3211;32;C;32;OTRAS INDUSTRIAS MANUFACTURERAS;FABRICAÇÃO DE PRODUTOS DIVERSOS;2.9212;4358222.9947999995
2002;Estados Unidos;2815;Fabricação de fornos, fornos e queimadores de fornos;1266549;28;2800;Fabricação de máquinas e equipamentos mecânicos;2811;28;C;28;FABRICACIÓN DE MAQUINARIA Y EQUIPO N.C.P.;FABRICAÇÃO DE MÁQUINAS E EQUIPAMENTOS;2.9212;3699842.9387999997
2002;Estados Unidos;5811;Publicação de livros;1240630;58;5800;Edição e edição integrada à impressão;5811;58;J;58;ACTIVIDADES DE EDICIÓN;EDIÇÃO E EDIÇÃO INTEGRADA À IMPRESSÃO;2.9212;3624128.3559999997
2002;Estados Unidos;0893;Extração de sal;1111681;08;0580;Extração de carvão mineral e de minerais não metálicos;0810;08;B;08;EXPLOTACIÓN DE OTRAS MINAS Y CANTERAS;EXTRAÇÃO DE MINERAIS NÃO-METÁLICOS;2.9212;3247442.5371999997
2002;Estados Unidos;2022;Fabricação de tintas, vernizes e produtos similares, tintas de impressão e mástiques;1107808;202;2092;Fabricação de defensivos, desinfestantes, tintas e químicos diversos;2051;205;C;202;Fabricación de otros productos químicos;Fabricação de defensivos agrícolas e desinfestantes domissanitários;2.9212;3236128.7295999997
2002;Estados Unidos;2512;Fabricação de tanques, reservatórios e recipientes de metal;1105440;25;2500;Fabricação de produtos de metal, exceto máquinas e equipamentos;2511;25;C;25;FABRICACIÓN DE PRODUCTOS ELABORADOS DE METAL, EXCEPTO MAQUINARIA Y EQUIPO;FABRICAÇÃO DE PRODUTOS DE METAL, EXCETO MÁQUINAS E EQUIPAMENTOS;2.9212;3229211.3279999997
2002;Estados Unidos;0115;Cultivo de tabaco;1059936;011;0191;Agricultura, inclusive o apoio à agricultura e a pós-colheita;0111;011;A;011;Cultivo de plantas no perenes;Produção de lavouras temporárias;2.9212;3096285.0431999997
2002;Estados Unidos;1104;"Fabricação de refrigerantes; produção de águas minerais e outras águas engarrafadas";915429;11;1100;Fabricação de bebidas;1111;11;C;11;ELABORACIÓN DE BEBIDAS;FABRICAÇÃO DE BEBIDAS;2.9212;2674151.1947999997
2002;Estados Unidos;0230;Coleta de produtos florestais não madeireiros;677332;02;0280;"Produção florestal; pesca e aquicultura";0210;02;A;02;SILVICULTURA Y EXTRACCIÓN DE MADERA;PRODUÇÃO FLORESTAL;2.9212;1978622.2384
2002;Estados Unidos;0142;Criação de cavalos e outros equinos;656754;014;0192;Pecuária, inclusive o apoio à pecuária;0151;015;A;014;Ganadería;Pecuária;2.9212;1918509.7847999998
2002;Estados Unidos;0130;Cultivo de plantas;646829;013;0191;Agricultura, inclusive o apoio à agricultura e a pós-colheita;0141;014;A;013;Propagación de plantas;Produção de sementes e mudas certificadas;2.9212;1889516.8747999999
2002;Estados Unidos;9000;Atividades criativas, artes e entretenimento;644001;90;9080;Atividades artísticas, criativas e de espetáculos;9001;90;R;90;ACTIVIDADES CREATIVAS, ARTÍSTICAS Y DE ENTRETENIMIENTO;ATIVIDADES ARTÍSTICAS, CRIATIVAS E DE ESPETÁCULOS;2.9212;1881255.7211999998
2002;Estados Unidos;0119;Cultivo de outras culturas não perenes;632688;011;0191;Agricultura, inclusive o apoio à agricultura e a pós-colheita;0111;011;A;011;Cultivo de plantas no perenes;Produção de lavouras temporárias;2.9212;1848208.1856
2002;Estados Unidos;1061;Fabricação de produtos de moagem de grãos;549446;106;1093;Outros produtos alimentares;1061;106;C;106;Elaboración de productos de molinería, almidones y productos derivados del almidón;Moagem, fabricação de produtos amiláceos e de alimentos para animais;2.9212;1605041.6552
2002;Estados Unidos;3230;Fabricação de artigos esportivos;547751;32;3180;Fabricação de móveis e de produtos de indústrias diversas;3211;32;C;32;OTRAS INDUSTRIAS MANUFACTURERAS;FABRICAÇÃO DE PRODUTOS DIVERSOS;2.9212;1600090.2211999998
2002;Estados Unidos;0121;Cultivo de uvas;510817;012;0191;Agricultura, inclusive o apoio à agricultura e a pós-colheita;0111;011;A;012;Cultivo de plantas perennes;Produção de lavouras temporárias;2.9212;1492198.6204
2002;Estados Unidos;5813;Publicação de jornais, revistas e periódicos;498126;58;5800;Edição e edição integrada à impressão;5811;58;J;58;ACTIVIDADES DE EDICIÓN;EDIÇÃO E EDIÇÃO INTEGRADA À IMPRESSÃO;2.9212;1455125.6712
2002;Estados Unidos;2395;Fabricação de artigos de concreto, cimento e gesso;464912;23;2300;Fabricação de produtos de minerais não metálicos;2311;23;C;23;FABRICACIÓN DE OTROS PRODUCTOS MINERALES NO METÁLICOS;FABRICAÇÃO DE PRODUTOS DE MINERAIS NÃO-METÁLICOS;2.9212;1358100.9344
2002;Estados Unidos;1101;Fabricação de aguardentes e outras bebidas destiladas;397498;11;1100;Fabricação de bebidas;1111;11;C;11;ELABORACIÓN DE BEBIDAS;FABRICAÇÃO DE BEBIDAS;2.9212;1161171.1576
2002;Estados Unidos;2652;Fabricação de cronomêtros e relógios;380129;26;2600;Fabricação de equipamentos de informática, produtos eletrônicos e ópticos;2610;26;C;26;FABRICACIÓN DE PRODUCTOS DE INFORMÁTICA, DE ELECTRÓNICA Y DE ÓPTICA;FABRICAÇÃO DE EQUIPAMENTOS DE INFORMÁTICA, PRODUTOS ELETRÔNICOS E ÓPTICOS;2.9212;1110432.8347999998
2002;Estados Unidos;2920;"Fabricação de carroçarias para veículos automotores; fabricação de reboques e semi-reboques";337526;292;2991;Fabricação de automóveis, caminhões e ônibus, exceto peças;2930;293;C;292;"Fabricación de carrocerías para vehículos automotores; fabricación de remolques y semirremolques";Fabricação de cabines, carrocerias e reboques para veículos automotores;2.9212;985980.9511999999
2002;Estados Unidos;2513;Fabricação de geradores de vapor, exceto caldeiras de aquecimento central de água quente;326577;25;2500;Fabricação de produtos de metal, exceto máquinas e equipamentos;2511;25;C;25;FABRICACIÓN DE PRODUCTOS ELABORADOS DE METAL, EXCEPTO MAQUINARIA Y EQUIPO;FABRICAÇÃO DE PRODUTOS DE METAL, EXCETO MÁQUINAS E EQUIPAMENTOS;2.9212;953996.7324
2002;Estados Unidos;3212;Fabricação de bijuterias e artigos relacionados;271289;32;3180;Fabricação de móveis e de produtos de indústrias diversas;3211;32;C;32;OTRAS INDUSTRIAS MANUFACTURERAS;FABRICAÇÃO DE PRODUTOS DIVERSOS;2.9212;792489.4267999999
2002;Estados Unidos;1420;Fabricação de artigos de peles;253288;14;1400;Confecção de artefatos do vestuário e acessórios;1411;14;C;14;FABRICACIÓN DE PRENDAS DE VESTIR;CONFECÇÃO DE ARTIGOS DO VESTUÁRIO E ACESSÓRIOS;2.9212;739904.9055999999
2002;Estados Unidos;1074;Fabricação de macarrão, talharim, cuscuz e produtos farináceos semelhantes;237160;107;1092;Fabricação e refino de açúcar;1071;107;C;107;Elaboración de otros productos alimenticios;Fabricação e refino de açúcar;2.9212;692791.7919999999
2002;Estados Unidos;0124;Cultivo de frutas pome e frutas de caroço;124297;012;0191;Agricultura, inclusive o apoio à agricultura e a pós-colheita;0111;011;A;012;Cultivo de plantas perennes;Produção de lavouras temporárias;2.9212;363096.39639999997
2002;Estados Unidos;1103;Fabricação de malte e bebidas maltadas.;96970;11;1100;Fabricação de bebidas;1111;11;C;11;ELABORACIÓN DE BEBIDAS;FABRICAÇÃO DE BEBIDAS;2.9212;283268.76399999997
2002;Estados Unidos;0144;Criação de ovelhas e cabras;86362;014;0192;Pecuária, inclusive o apoio à pecuária;0151;015;A;014;Ganadería;Pecuária;2.9212;252280.6744
2002;Estados Unidos;0220;Exploração madeireira;67599;02;0280;"Produção florestal; pesca e aquicultura";0210;02;A;02;SILVICULTURA Y EXTRACCIÓN DE MADERA;PRODUÇÃO FLORESTAL;2.9212;197470.19879999998
2002;Estados Unidos;3099;Fabricação de outros equipamentos de transporte n.c;63614;30;3000;Fabricação de outros equipamentos de transporte, exceto veículos automotores;3011;30;C;30;FABRICACIÓN DE OTRO  EQUIPO DE TRANSPORTE;FABRICAÇÃO DE OUTROS EQUIPAMENTOS DE TRANSPORTE, EXCETO VEÍCULOS AUTOMOTORES;2.9212;185829.2168
2002;Estados Unidos;0321;Aquicultura marinha;58883;03;0280;"Produção florestal; pesca e aquicultura";0311;03;A;03;PESCA Y ACUICULTURA;PESCA E AQÜICULTURA;2.9212;172009.0196
2002;Estados Unidos;1102;Fabricação de vinhos;58292;11;1100;Fabricação de bebidas;1111;11;C;11;ELABORACIÓN DE BEBIDAS;FABRICAÇÃO DE BEBIDAS;2.9212;170282.5904
2002;Estados Unidos;0126;Cultivo de frutas oleaginosas;46578;012;0191;Agricultura, inclusive o apoio à agricultura e a pós-colheita;0111;011;A;012;Cultivo de plantas perennes;Produção de lavouras temporárias;2.9212;136063.6536
2002;Estados Unidos;3011;Construção de navios e estruturas flutuantes;38155;30;3000;Fabricação de outros equipamentos de transporte, exceto veículos automotores;3011;30;C;30;FABRICACIÓN DE OTRO  EQUIPO DE TRANSPORTE;FABRICAÇÃO DE OUTROS EQUIPAMENTOS DE TRANSPORTE, EXCETO VEÍCULOS AUTOMOTORES;2.9212;111458.386
2002;Estados Unidos;0122;Cultivo de frutas tropicais e subtropicais;18367;012;0191;Agricultura, inclusive o apoio à agricultura e a pós-colheita;0111;011;A;012;Cultivo de plantas perennes;Produção de lavouras temporárias;2.9212;53653.6804
2002;Estados Unidos;5310;Atividades postais;12320;53;5280;Armazenamento, atividades auxiliares dos transportes e correio;5211;53;H;53;ALMACENAMIENTO Y ACTIVIDADES DE APOYO AL TRANSPORTE;ARMAZENAMENTO E ATIVIDADES AUXILIARES DOS TRANSPORTES;2.9212;35989.184
2002;Estados Unidos;3092;Fabricação de bicicletas e carruagens inválidas;7590;30;3000;Fabricação de outros equipamentos de transporte, exceto veículos automotores;3011;30;C;30;FABRICACIÓN DE OTRO  EQUIPO DE TRANSPORTE;FABRICAÇÃO DE OUTROS EQUIPAMENTOS DE TRANSPORTE, EXCETO VEÍCULOS AUTOMOTORES;2.9212;22171.908
2002;Estados Unidos;7420;Atividades fotográficas;3464;74;7380;Outras atividades profissionais, científicas e técnicas;7410;74;M;74;OTRAS ACTIVIDADES PROFESIONALES, CIENTÍFICAS Y TÉCNICAS;OUTRAS ATIVIDADES PROFISSIONAIS, CIENTÍFICAS E TÉCNICAS;2.9212;10119.0368
2002;Estados Unidos;0891;Extração de minerais químicos e fertilizantes;3126;08;0580;Extração de carvão mineral e de minerais não metálicos;0810;08;B;08;EXPLOTACIÓN DE OTRAS MINAS Y CANTERAS;EXTRAÇÃO DE MINERAIS NÃO-METÁLICOS;2.9212;9131.671199999999
2002;Estados Unidos;9102;Atividades de museus e operação de locais históricos e edifícios;2158;91;9080;Atividades artísticas, criativas e de espetáculos;9101;91;R;91;ACTIVIDADES DE BIBLIOTECAS, ARCHIVOS Y MUSEOS Y OTRAS ACTIVIDADES CULTURALES;ATIVIDADES LIGADAS AO PATRIMÔNIO CULTURAL E AMBIENTAL;2.9212;6303.9496
2002;Estados Unidos;1812;Atividades de serviço relacionadas à impressão;1012;18;1800;Impressão e reprodução de gravações;1811;18;C;18;IMPRESIÓN Y REPRODUCCIÓN DE GRABACIONES;IMPRESSÃO E REPRODUÇÃO DE GRAVAÇÕES;2.9212;2956.2544
2002;Estados Unidos;0112;Cultivo de arroz;730;011;0191;Agricultura, inclusive o apoio à agricultura e a pós-colheita;0111;011;A;011;Cultivo de plantas no perenes;Produção de lavouras temporárias;2.9212;2132.4759999999997
2002;Estados Unidos;0620;Extração de gás natural;610;06;0680;Extração de petróleo e gás, inclusive as atividades de apoio;0600;06;B;06;EXTRACCIÓN DE PETRÓLEO CRUDO Y GAS NATURAL;EXTRAÇÃO DE PETRÓLEO E GÁS NATURAL;2.9212;1781.9319999999998
2002;Estados Unidos;0129;Cultivo de outras culturas perenes;353;012;0191;Agricultura, inclusive o apoio à agricultura e a pós-colheita;0111;011;A;012;Cultivo de plantas perennes;Produção de lavouras temporárias;2.9212;1031.1835999999998
2001;Estados Unidos;3030;Fabricação de aviões e máquinas relacionadas;2443522411;30;3000;Fabricação de outros equipamentos de transporte, exceto veículos automotores;3011;30;C;30;FABRICACIÓN DE OTRO  EQUIPO DE TRANSPORTE;FABRICAÇÃO DE OUTROS EQUIPAMENTOS DE TRANSPORTE, EXCETO VEÍCULOS AUTOMOTORES;2.3504;5743255074.8144
2001;Estados Unidos;2410;Fabricação de ferro e aço básicos;1140420196;241;2491;Produção de ferro-gusa/ferroligas, siderurgia e tubos de aço sem costura;2411;241;C;241;Fabricación básica de hierro y acero;Produção de ferro-gusa e de ferroligas;2.3504;2680443628.6784
2001;Estados Unidos;1520;Fabricação de calçado;1104874537;15;1500;Fabricação de calçados e de artefatos de couro;1510;15;C;15;FABRICACIÓN DE PRODUCTOS DE CUERO Y PRODUCTOS CONEXOS;PREPARAÇÃO DE COUROS E FABRICAÇÃO DE ARTEFATOS DE COURO, ARTIGOS PARA VIAGEM E CALÇADOS;2.3504;2596897111.7648
2001;Estados Unidos;1920;Fabricação de produtos petrolíferos refinados;989458168;192;1991;Refino de petróleo e coquerias;1921;192;C;192;Fabricación de productos de la refinación del petróleo;Fabricação de produtos derivados do petróleo;2.3504;2325622478.0672
2001;Estados Unidos;2630;Fabricação de equipamentos de comunicação;852746205;26;2600;Fabricação de equipamentos de informática, produtos eletrônicos e ópticos;2610;26;C;26;FABRICACIÓN DE PRODUCTOS DE INFORMÁTICA, DE ELECTRÓNICA Y DE ÓPTICA;FABRICAÇÃO DE EQUIPAMENTOS DE INFORMÁTICA, PRODUTOS ELETRÔNICOS E ÓPTICOS;2.3504;2004294680.232
2001;Estados Unidos;2910;Fabricação de veículos automotores;648907030;291;2991;Fabricação de automóveis, caminhões e ônibus, exceto peças;2910;291;C;291;Fabricación de vehículos automotores;Fabricação de automóveis, camionetas e utilitários;2.3504;1525191083.312
2001;Estados Unidos;2930;Fabricação de peças e acessórios para veículos automotores;567045569;293;2992;Fabricação de peças e acessórios para veículos automotores;2941;294;C;293;Fabricación de partes, piezas y accesorios para vehículos automotores;Fabricação de peças e acessórios para veículos automotores;2.3504;1332783905.3776
2001;Estados Unidos;2420;Fabricação de metais preciosos e outros metais não ferrosos;527739537;242;2492;Metalurgia de metais não ferosos e a fundição de metais;2441;244;C;242;Fabricación de productos primarios de metales preciosos y otros metales no ferrosos;Metalurgia dos metais não-ferrosos;2.3504;1240399007.7648
2001;Estados Unidos;1701;Fabricação de polpa, papel e cartão;380987691;17;1700;Fabricação de celulose, papel e produtos de papel;1710;17;C;17;FABRICACIÓN DE PAPEL Y DE PRODUCTOS DE PAPEL;FABRICAÇÃO DE CELULOSE, PAPEL E PRODUTOS DE PAPEL;2.3504;895473468.9264001
2001;Estados Unidos;2011;Fabricação de produtos químicos básicos;367133451;201;1992;Fabricação de biocombustíveis;1931;193;C;201;Fabricación de sustancias químicas básicas, de abonos y compuestos de nitrógeno y de plásticos y caucho sintético en formas primarias;Fabricação de biocombustíveis;2.3504;862910463.2304
2001;Estados Unidos;2813;Fabricação de outras bombas, compressores, torneiras e válvulas;277468162;28;2800;Fabricação de máquinas e equipamentos mecânicos;2811;28;C;28;FABRICACIÓN DE MAQUINARIA Y EQUIPO N.C.P.;FABRICAÇÃO DE MÁQUINAS E EQUIPAMENTOS;2.3504;652161167.9648
2001;Estados Unidos;2640;Fabricação de produtos eletrônicos de consumo;276931171;26;2600;Fabricação de equipamentos de informática, produtos eletrônicos e ópticos;2610;26;C;26;FABRICACIÓN DE PRODUCTOS DE INFORMÁTICA, DE ELECTRÓNICA Y DE ÓPTICA;FABRICAÇÃO DE EQUIPAMENTOS DE INFORMÁTICA, PRODUTOS ELETRÔNICOS E ÓPTICOS;2.3504;650899024.3184
2001;Estados Unidos;1610;Serração e aplainamento de madeira;238747994;16;1500;Fabricação de calçados e de artefatos de couro;1510;15;C;16;"PRODUCCIÓN DE MADERA Y FABRICACIÓN DE PRODUCTOS DE MADERA Y CORCHO, EXCEPTO MUEBLES; FABRICACIÓN DE ARTÍCULOS DE PAJA Y DE MATERIALES TRENZABLES";PREPARAÇÃO DE COUROS E FABRICAÇÃO DE ARTEFATOS DE COURO, ARTIGOS PARA VIAGEM E CALÇADOS;2.3504;561153285.0976
2001;Estados Unidos;2710;Fabricação de motores elétricos, geradores, transformadores e aparelhos de distribuição e controle de energia elétrica;202853380;27;2700;Fabricação de máquinas e equipamentos elétricos;2710;27;C;27;FABRICACIÓN DE EQUIPO ELÉCTRICO;FABRICAÇÃO DE MÁQUINAS, APARELHOS E MATERIAIS ELÉTRICOS;2.3504;476786584.352
2001;Estados Unidos;1200;Fabricação de produtos de tabaco;158035933;12;1200;Fabricação de produtos do fumo;1210;12;C;12;ELABORACIÓN DE PRODUCTOS DE TABACO;FABRICAÇÃO DE PRODUTOS DO FUMO;2.3504;371447656.9232
2001;Estados Unidos;3100;Fabricação de móveis;154046043;31;3180;Fabricação de móveis e de produtos de indústrias diversas;3101;31;C;31;FABRICACIÓN DE MUEBLES;FABRICAÇÃO DE MÓVEIS;2.3504;362069819.4672
2001;Estados Unidos;0127;Cultivo de bebidas da safra;148145491;012;0191;Agricultura, inclusive o apoio à agricultura e a pós-colheita;0111;011;A;012;Cultivo de plantas perennes;Produção de lavouras temporárias;2.3504;348201162.0464
2001;Estados Unidos;1030;Processamento e conservação de frutas e legumes;128370075;103;1093;Outros produtos alimentares;1031;103;C;103;Elaboración y conservación de frutas, legumbres y hortalizas;Fabricação de conservas de frutas, legumes e outros vegetais;2.3504;301721024.28000003
2001;Estados Unidos;2211;"Fabricação de pneus e tubos; recauchutagem e reconstrução de pneus de borracha";125082192;22;1500;Fabricação de calçados e de artefatos de couro;1510;15;C;22;FABRICACIÓN DE PRODUCTOS DE CAUCHO Y PLÁSTICO;PREPARAÇÃO DE COUROS E FABRICAÇÃO DE ARTEFATOS DE COURO, ARTIGOS PARA VIAGEM E CALÇADOS;2.3504;293993184.0768
2001;Estados Unidos;1020;Processamento e conservação de peixes, crustáceos e moluscos;121747139;102;1091;Abate e produtos de carne, inclusive os produtos do laticínio e da pesca;1020;102;C;102;Elaboración y conservación de pescado, crustáceos y moluscos;Preservação do pescado e fabricação de produtos do pescado;2.3504;286154475.50560004
2001;Estados Unidos;1621;Fabricação de folheados e painéis derivados de madeira;118641644;16;1500;Fabricação de calçados e de artefatos de couro;1510;15;C;16;"PRODUCCIÓN DE MADERA Y FABRICACIÓN DE PRODUCTOS DE MADERA Y CORCHO, EXCEPTO MUEBLES; FABRICACIÓN DE ARTÍCULOS DE PAJA Y DE MATERIALES TRENZABLES";PREPARAÇÃO DE COUROS E FABRICAÇÃO DE ARTEFATOS DE COURO, ARTIGOS PARA VIAGEM E CALÇADOS;2.3504;278855320.0576
2001;Estados Unidos;2824;Fabricação de máquinas para mineração, exploração de pedreiras e construção;116628951;28;2800;Fabricação de máquinas e equipamentos mecânicos;2811;28;C;28;FABRICACIÓN DE MAQUINARIA Y EQUIPO N.C.P.;FABRICAÇÃO DE MÁQUINAS E EQUIPAMENTOS;2.3504;274124686.4304
2001;Estados Unidos;1629;"Fabricação de outros produtos de madeira; fabricação de artigos de cortiça, de espartaria e cestaria";116161481;16;1500;Fabricação de calçados e de artefatos de couro;1510;15;C;16;"PRODUCCIÓN DE MADERA Y FABRICACIÓN DE PRODUCTOS DE MADERA Y CORCHO, EXCEPTO MUEBLES; FABRICACIÓN DE ARTÍCULOS DE PAJA Y DE MATERIALES TRENZABLES";PREPARAÇÃO DE COUROS E FABRICAÇÃO DE ARTEFATOS DE COURO, ARTIGOS PARA VIAGEM E CALÇADOS;2.3504;273025944.9424
2001;Estados Unidos;2396;Corte, moldagem e acabamento de pedra;111571489;23;2300;Fabricação de produtos de minerais não metálicos;2311;23;C;23;FABRICACIÓN DE OTROS PRODUCTOS MINERALES NO METÁLICOS;FABRICAÇÃO DE PRODUTOS DE MINERAIS NÃO-METÁLICOS;2.3504;262237627.74560001
2001;Estados Unidos;2651;Fabricação de equipamentos de medição, teste, navegação e controle;110417573;26;2600;Fabricação de equipamentos de informática, produtos eletrônicos e ópticos;2610;26;C;26;FABRICACIÓN DE PRODUCTOS DE INFORMÁTICA, DE ELECTRÓNICA Y DE ÓPTICA;FABRICAÇÃO DE EQUIPAMENTOS DE INFORMÁTICA, PRODUTOS ELETRÔNICOS E ÓPTICOS;2.3504;259525463.5792
2001;Estados Unidos;2814;Fabricação de rolamentos, engrenagens, engrenagens e elementos de acionamento;102363695;28;2800;Fabricação de máquinas e equipamentos mecânicos;2811;28;C;28;FABRICACIÓN DE MAQUINARIA Y EQUIPO N.C.P.;FABRICAÇÃO DE MÁQUINAS E EQUIPAMENTOS;2.3504;240595628.72800002
2001;Estados Unidos;1410;Fabricação de vestuário, exceto vestuários de peles;99638208;14;1400;Confecção de artefatos do vestuário e acessórios;1411;14;C;14;FABRICACIÓN DE PRENDAS DE VESTIR;CONFECÇÃO DE ARTIGOS DO VESTUÁRIO E ACESSÓRIOS;2.3504;234189644.0832
2001;Estados Unidos;2620;Fabricação de computadores e equipamentos periféricos;99508335;26;2600;Fabricação de equipamentos de informática, produtos eletrônicos e ópticos;2610;26;C;26;FABRICACIÓN DE PRODUCTOS DE INFORMÁTICA, DE ELECTRÓNICA Y DE ÓPTICA;FABRICAÇÃO DE EQUIPAMENTOS DE INFORMÁTICA, PRODUTOS ELETRÔNICOS E ÓPTICOS;2.3504;233884390.584
2001;Estados Unidos;0710;Extração de minério de ferro;99128024;071;0791;Extração de minério de ferro, inclusive beneficiamento e a aglomeração;0710;071;B;071;Extracción de minerales de hierro;Extração de minério de ferro;2.3504;232990507.6096
2001;Estados Unidos;1511;Curtimento e vestuário de couro;99057241;15;1500;Fabricação de calçados e de artefatos de couro;1510;15;C;15;FABRICACIÓN DE PRODUCTOS DE CUERO Y PRODUCTOS CONEXOS;PREPARAÇÃO DE COUROS E FABRICAÇÃO DE ARTEFATOS DE COURO, ARTIGOS PARA VIAGEM E CALÇADOS;2.3504;232824139.2464
2001;Estados Unidos;2610;Fabricação de componentes eletrônicos e placas;98605092;26;2600;Fabricação de equipamentos de informática, produtos eletrônicos e ópticos;2610;26;C;26;FABRICACIÓN DE PRODUCTOS DE INFORMÁTICA, DE ELECTRÓNICA Y DE ÓPTICA;FABRICAÇÃO DE EQUIPAMENTOS DE INFORMÁTICA, PRODUTOS ELETRÔNICOS E ÓPTICOS;2.3504;231761408.23680001
2001;Estados Unidos;1392;Fabricação de artigos têxteis confeccionados, exceto vestuário;98229955;13;1300;Fabricação de produtos têxteis;1311;13;C;13;FABRICACIÓN DE PRODUCTOS TEXTILES;FABRICAÇÃO DE PRODUTOS TÊXTEIS;2.3504;230879686.232
2001;Estados Unidos;0125;Cultivo de outras frutas e nozes;94470153;012;0191;Agricultura, inclusive o apoio à agricultura e a pós-colheita;0111;011;A;012;Cultivo de plantas perennes;Produção de lavouras temporárias;2.3504;222042647.6112
2001;Estados Unidos;1010;Processamento e conservação de carne;90345917;101;1091;Abate e produtos de carne, inclusive os produtos do laticínio e da pesca;1011;101;C;101;Elaboración y conservación de carne;Abate e fabricação de produtos de carne;2.3504;212349043.3168
2001;Estados Unidos;2029;Fabricação de outros produtos químicos n.c;87626969;202;2092;Fabricação de defensivos, desinfestantes, tintas e químicos diversos;2051;205;C;202;Fabricación de otros productos químicos;Fabricação de defensivos agrícolas e desinfestantes domissanitários;2.3504;205958427.93760002
2001;Estados Unidos;2599;Fabricação de outros produtos metálicos fabricados n.c;82143784;25;2500;Fabricação de produtos de metal, exceto máquinas e equipamentos;2511;25;C;25;FABRICACIÓN DE PRODUCTOS ELABORADOS DE METAL, EXCEPTO MAQUINARIA Y EQUIPO;FABRICAÇÃO DE PRODUTOS DE METAL, EXCETO MÁQUINAS E EQUIPAMENTOS;2.3504;193070749.9136
2001;Estados Unidos;1622;Fabricação de carpintaria e marcenaria de construtores;76985168;16;1500;Fabricação de calçados e de artefatos de couro;1510;15;C;16;"PRODUCCIÓN DE MADERA Y FABRICACIÓN DE PRODUCTOS DE MADERA Y CORCHO, EXCEPTO MUEBLES; FABRICACIÓN DE ARTÍCULOS DE PAJA Y DE MATERIALES TRENZABLES";PREPARAÇÃO DE COUROS E FABRICAÇÃO DE ARTEFATOS DE COURO, ARTIGOS PARA VIAGEM E CALÇADOS;2.3504;180945938.86720002
2001;Estados Unidos;2392;Fabricação de materiais de construção de argila;71774142;23;2300;Fabricação de produtos de minerais não metálicos;2311;23;C;23;FABRICACIÓN DE OTROS PRODUCTOS MINERALES NO METÁLICOS;FABRICAÇÃO DE PRODUTOS DE MINERAIS NÃO-METÁLICOS;2.3504;168697943.3568
2001;Estados Unidos;1709;Fabricação de outros artigos de papel e cartão;68264631;17;1700;Fabricação de celulose, papel e produtos de papel;1710;17;C;17;FABRICACIÓN DE PAPEL Y DE PRODUCTOS DE PAPEL;FABRICAÇÃO DE CELULOSE, PAPEL E PRODUTOS DE PAPEL;2.3504;160449188.7024
2001;Estados Unidos;1073;Fabricação de cacau, chocolate e produtos de confeitaria;59134235;107;1092;Fabricação e refino de açúcar;1071;107;C;107;Elaboración de otros productos alimenticios;Fabricação e refino de açúcar;2.3504;138989105.944
2001;Estados Unidos;2220;Fabricação de produtos plásticos;55501357;22;1500;Fabricação de calçados e de artefatos de couro;1510;15;C;22;FABRICACIÓN DE PRODUCTOS DE CAUCHO Y PLÁSTICO;PREPARAÇÃO DE COUROS E FABRICAÇÃO DE ARTEFATOS DE COURO, ARTIGOS PARA VIAGEM E CALÇADOS;2.3504;130450389.4928
2001;Estados Unidos;1079;Fabricação de outros produtos alimentícios n.c;54223521;107;1092;Fabricação e refino de açúcar;1071;107;C;107;Elaboración de otros productos alimenticios;Fabricação e refino de açúcar;2.3504;127446963.75840001
2001;Estados Unidos;2790;Fabricação de outro equipamento elétrico;53650123;27;2700;Fabricação de máquinas e equipamentos elétricos;2710;27;C;27;FABRICACIÓN DE EQUIPO ELÉCTRICO;FABRICAÇÃO DE MÁQUINAS, APARELHOS E MATERIAIS ELÉTRICOS;2.3504;126099249.0992
2001;Estados Unidos;2013;Fabricação de plásticos e borracha sintética em formas primárias;52667493;201;1992;Fabricação de biocombustíveis;1931;193;C;201;Fabricación de sustancias químicas básicas, de abonos y compuestos de nitrógeno y de plásticos y caucho sintético en formas primarias;Fabricação de biocombustíveis;2.3504;123789675.54720001
2001;Estados Unidos;2822;Fabricação de máquinas e máquinas-ferramentas para moldagem de metais;51746411;28;2800;Fabricação de máquinas e equipamentos mecânicos;2811;28;C;28;FABRICACIÓN DE MAQUINARIA Y EQUIPO N.C.P.;FABRICAÇÃO DE MÁQUINAS E EQUIPAMENTOS;2.3504;121624764.4144
2001;Estados Unidos;1072;Fabricação de açúcar;51506011;107;1092;Fabricação e refino de açúcar;1071;107;C;107;Elaboración de otros productos alimenticios;Fabricação e refino de açúcar;2.3504;121059728.2544
2001;Estados Unidos;2829;Fabricação de outras máquinas para fins especiais;50508349;28;2800;Fabricação de máquinas e equipamentos mecânicos;2811;28;C;28;FABRICACIÓN DE MAQUINARIA Y EQUIPO N.C.P.;FABRICAÇÃO DE MÁQUINAS E EQUIPAMENTOS;2.3504;118714823.4896
2001;Estados Unidos;2817;Fabricação de máquinas e equipamentos de escritório (exceto computadores e equipamentos periféricos);50455148;28;2800;Fabricação de máquinas e equipamentos mecânicos;2811;28;C;28;FABRICACIÓN DE MAQUINARIA Y EQUIPO N.C.P.;FABRICAÇÃO DE MÁQUINAS E EQUIPAMENTOS;2.3504;118589779.8592
2001;Estados Unidos;1512;Fabricação de malas, bolsas e semelhantes, selaria e arreios;46525535;15;1500;Fabricação de calçados e de artefatos de couro;1510;15;C;15;FABRICACIÓN DE PRODUCTOS DE CUERO Y PRODUCTOS CONEXOS;PREPARAÇÃO DE COUROS E FABRICAÇÃO DE ARTEFATOS DE COURO, ARTIGOS PARA VIAGEM E CALÇADOS;2.3504;109353617.464
2001;Estados Unidos;2593;Fabricação de cutelaria, ferramentas manuais e ferragens em geral;45509673;25;2500;Fabricação de produtos de metal, exceto máquinas e equipamentos;2511;25;C;25;FABRICACIÓN DE PRODUCTOS ELABORADOS DE METAL, EXCEPTO MAQUINARIA Y EQUIPO;FABRICAÇÃO DE PRODUTOS DE METAL, EXCETO MÁQUINAS E EQUIPAMENTOS;2.3504;106965935.4192
2001;Estados Unidos;0729;Extração de outros minérios de metais não ferrosos;41658720;072;0792;Extração de minerais metálicos não ferrosos, inclusive beneficiamentos;0721;072;B;072;Extracción de minerales metalíferos no ferrosos;Extração de minerais metálicos não-ferrosos;2.3504;97914655.488
2001;Estados Unidos;2819;Fabricação de outras máquinas para uso geral;41434471;28;2800;Fabricação de máquinas e equipamentos mecânicos;2811;28;C;28;FABRICACIÓN DE MAQUINARIA Y EQUIPO N.C.P.;FABRICAÇÃO DE MÁQUINAS E EQUIPAMENTOS;2.3504;97387580.6384
2001;Estados Unidos;2821;Fabricação de maquinaria agrícola e florestal;39158777;28;2800;Fabricação de máquinas e equipamentos mecânicos;2811;28;C;28;FABRICACIÓN DE MAQUINARIA Y EQUIPO N.C.P.;FABRICAÇÃO DE MÁQUINAS E EQUIPAMENTOS;2.3504;92038789.4608
2001;Estados Unidos;2219;Fabricação de outros produtos de borracha;37285222;22;1500;Fabricação de calçados e de artefatos de couro;1510;15;C;22;FABRICACIÓN DE PRODUCTOS DE CAUCHO Y PLÁSTICO;PREPARAÇÃO DE COUROS E FABRICAÇÃO DE ARTEFATOS DE COURO, ARTIGOS PARA VIAGEM E CALÇADOS;2.3504;87635185.7888
2001;Estados Unidos;3290;Outras manufaturas n.c.;36985000;32;3180;Fabricação de móveis e de produtos de indústrias diversas;3211;32;C;32;OTRAS INDUSTRIAS MANUFACTURERAS;FABRICAÇÃO DE PRODUTOS DIVERSOS;2.3504;86929544.0
2001;Estados Unidos;2520;Fabricação de armas e munições;35668230;25;2500;Fabricação de produtos de metal, exceto máquinas e equipamentos;2511;25;C;25;FABRICACIÓN DE PRODUCTOS ELABORADOS DE METAL, EXCEPTO MAQUINARIA Y EQUIPO;FABRICAÇÃO DE PRODUTOS DE METAL, EXCETO MÁQUINAS E EQUIPAMENTOS;2.3504;83834607.792
2001;Estados Unidos;3211;Fabricação de joalharia e artigos afins;34858153;32;3180;Fabricação de móveis e de produtos de indústrias diversas;3211;32;C;32;OTRAS INDUSTRIAS MANUFACTURERAS;FABRICAÇÃO DE PRODUTOS DIVERSOS;2.3504;81930602.81120001
2001;Estados Unidos;2399;Fabricação de outros produtos minerais não metálicos n.c;34823503;23;2300;Fabricação de produtos de minerais não metálicos;2311;23;C;23;FABRICACIÓN DE OTROS PRODUCTOS MINERALES NO METÁLICOS;FABRICAÇÃO DE PRODUTOS DE MINERAIS NÃO-METÁLICOS;2.3504;81849161.45120001
2001;Estados Unidos;0128;Cultivo de especiarias, culturas aromáticas, medicamentosas e farmacêuticas;27784587;012;0191;Agricultura, inclusive o apoio à agricultura e a pós-colheita;0111;011;A;012;Cultivo de plantas perennes;Produção de lavouras temporárias;2.3504;65304893.2848
2001;Estados Unidos;1394;Fabricação de cordéis, cordas, cordéis e redes;27783482;13;1300;Fabricação de produtos têxteis;1311;13;C;13;FABRICACIÓN DE PRODUCTOS TEXTILES;FABRICAÇÃO DE PRODUTOS TÊXTEIS;2.3504;65302296.0928
2001;Estados Unidos;0610;Extração de petróleo bruto;24397547;06;0680;Extração de petróleo e gás, inclusive as atividades de apoio;0600;06;B;06;EXTRACCIÓN DE PETRÓLEO CRUDO Y GAS NATURAL;EXTRAÇÃO DE PETRÓLEO E GÁS NATURAL;2.3504;57343994.4688
2001;Estados Unidos;0311;Pesca marinha;23626969;03;0280;"Produção florestal; pesca e aquicultura";0311;03;A;03;PESCA Y ACUICULTURA;PESCA E AQÜICULTURA;2.3504;55532827.9376
2001;Estados Unidos;1040;Fabricação de óleos e gorduras vegetais e animais;22941953;104;1093;Outros produtos alimentares;1041;104;C;104;Elaboración de aceites y grasas de origen vegetal y animal;Fabricação de óleos e gorduras vegetais e animais;2.3504;53922766.3312
2001;Estados Unidos;0113;Cultivo de hortaliças e melões, raízes e tubérculos;21552588;011;0191;Agricultura, inclusive o apoio à agricultura e a pós-colheita;0111;011;A;011;Cultivo de plantas no perenes;Produção de lavouras temporárias;2.3504;50657202.835200004
2001;Estados Unidos;2310;Fabricação de produtos de vidro e vidro;19746960;23;2300;Fabricação de produtos de minerais não metálicos;2311;23;C;23;FABRICACIÓN DE OTROS PRODUCTOS MINERALES NO METÁLICOS;FABRICAÇÃO DE PRODUTOS DE MINERAIS NÃO-METÁLICOS;2.3504;46413254.784
2001;Estados Unidos;0810;Extração de pedra, areia e argila;18795013;08;0580;Extração de carvão mineral e de minerais não metálicos;0810;08;B;08;EXPLOTACIÓN DE OTRAS MINAS Y CANTERAS;EXTRAÇÃO DE MINERAIS NÃO-METÁLICOS;2.3504;44175798.5552
2001;Estados Unidos;2731;Fabricação de cabos de fibra ótica;17993924;27;2700;Fabricação de máquinas e equipamentos elétricos;2710;27;C;27;FABRICACIÓN DE EQUIPO ELÉCTRICO;FABRICAÇÃO DE MÁQUINAS, APARELHOS E MATERIAIS ELÉTRICOS;2.3504;42292918.9696
2001;Estados Unidos;2393;Fabricação de outros produtos de porcelana e cerâmica;17705353;23;2300;Fabricação de produtos de minerais não metálicos;2311;23;C;23;FABRICACIÓN DE OTROS PRODUCTOS MINERALES NO METÁLICOS;FABRICAÇÃO DE PRODUTOS DE MINERAIS NÃO-METÁLICOS;2.3504;41614661.6912
2001;Estados Unidos;3020;Fabricação de locomotivas e material circulante;16876288;30;3000;Fabricação de outros equipamentos de transporte, exceto veículos automotores;3011;30;C;30;FABRICACIÓN DE OTRO  EQUIPO DE TRANSPORTE;FABRICAÇÃO DE OUTROS EQUIPAMENTOS DE TRANSPORTE, EXCETO VEÍCULOS AUTOMOTORES;2.3504;39666027.3152
2001;Estados Unidos;2826;Fabricação de máquinas para produção de têxteis, vestuário e couro;16485186;28;2800;Fabricação de máquinas e equipamentos mecânicos;2811;28;C;28;FABRICACIÓN DE MAQUINARIA Y EQUIPO N.C.P.;FABRICAÇÃO DE MÁQUINAS E EQUIPAMENTOS;2.3504;38746781.1744
2001;Estados Unidos;3250;Fabricação de instrumentos e suprimentos médicos e odontológicos;16146717;32;3180;Fabricação de móveis e de produtos de indústrias diversas;3211;32;C;32;OTRAS INDUSTRIAS MANUFACTURERAS;FABRICAÇÃO DE PRODUTOS DIVERSOS;2.3504;37951243.6368
2001;Estados Unidos;2732;Fabricação de outros fios e cabos elétricos e eletrônicos;14271122;27;2700;Fabricação de máquinas e equipamentos elétricos;2710;27;C;27;FABRICACIÓN DE EQUIPO ELÉCTRICO;FABRICAÇÃO DE MÁQUINAS, APARELHOS E MATERIAIS ELÉTRICOS;2.3504;33542845.1488
2001;Estados Unidos;2100;Fabricação de produtos farmacêuticos, produtos químicos medicinais e botânicos;13780297;21;2100;Fabricação de produtos farmoquímicos e farmacêuticos;2110;21;C;21;FABRICACIÓN DE PRODUCTOS FARMACÉUTICOS, SUSTANCIAS QUÍMICAS MEDICINALES Y PRODUCTOS BOTÁNICOS DE USO FARMACÉUTICO;FABRICAÇÃO DE PRODUTOS FARMOQUÍMICOS E FARMACÊUTICOS;2.3504;32389210.068800002
2001;Estados Unidos;2811;Fabricação de motores e turbinas, exceto aeronaves, veículos e motores de ciclo;13001725;28;2800;Fabricação de máquinas e equipamentos mecânicos;2811;28;C;28;FABRICACIÓN DE MAQUINARIA Y EQUIPO N.C.P.;FABRICAÇÃO DE MÁQUINAS E EQUIPAMENTOS;2.3504;30559254.44
2001;Estados Unidos;1312;Tecelagem de têxteis;12360673;13;1300;Fabricação de produtos têxteis;1311;13;C;13;FABRICACIÓN DE PRODUCTOS TEXTILES;FABRICAÇÃO DE PRODUTOS TÊXTEIS;2.3504;29052525.8192
2001;Estados Unidos;2720;Fabricação de baterias e acumuladores;10940317;27;2700;Fabricação de máquinas e equipamentos elétricos;2710;27;C;27;FABRICACIÓN DE EQUIPO ELÉCTRICO;FABRICAÇÃO DE MÁQUINAS, APARELHOS E MATERIAIS ELÉTRICOS;2.3504;25714121.0768
2001;Estados Unidos;3091;Fabricação de motocicletas;9967320;30;3000;Fabricação de outros equipamentos de transporte, exceto veículos automotores;3011;30;C;30;FABRICACIÓN DE OTRO  EQUIPO DE TRANSPORTE;FABRICAÇÃO DE OUTROS EQUIPAMENTOS DE TRANSPORTE, EXCETO VEÍCULOS AUTOMOTORES;2.3504;23427188.928
2001;Estados Unidos;2750;Fabricação de eletrodomésticos;9771216;27;2700;Fabricação de máquinas e equipamentos elétricos;2710;27;C;27;FABRICACIÓN DE EQUIPO ELÉCTRICO;FABRICAÇÃO DE MÁQUINAS, APARELHOS E MATERIAIS ELÉTRICOS;2.3504;22966266.086400002
2001;Estados Unidos;1311;Preparação e fiação de fibras têxteis;9232274;13;1300;Fabricação de produtos têxteis;1311;13;C;13;FABRICACIÓN DE PRODUCTOS TEXTILES;FABRICAÇÃO DE PRODUTOS TÊXTEIS;2.3504;21699536.8096
2001;Estados Unidos;1399;Fabricação de outros têxteis n.e.c.;8665525;13;1300;Fabricação de produtos têxteis;1311;13;C;13;FABRICACIÓN DE PRODUCTOS TEXTILES;FABRICAÇÃO DE PRODUTOS TÊXTEIS;2.3504;20367449.96
2001;Estados Unidos;2823;Fabricação de máquinas para metalurgia;7898335;28;2800;Fabricação de máquinas e equipamentos mecânicos;2811;28;C;28;FABRICACIÓN DE MAQUINARIA Y EQUIPO N.C.P.;FABRICAÇÃO DE MÁQUINAS E EQUIPAMENTOS;2.3504;18564246.584
2001;Estados Unidos;2431;Fundição de ferro e aço;7797773;243;2492;Metalurgia de metais não ferosos e a fundição de metais;2451;245;C;243;Fundición de metales;Fundição;2.3504;18327885.6592
2001;Estados Unidos;2511;Fabricação de produtos metálicos estruturais;7697614;25;2500;Fabricação de produtos de metal, exceto máquinas e equipamentos;2511;25;C;25;FABRICACIÓN DE PRODUCTOS ELABORADOS DE METAL, EXCEPTO MAQUINARIA Y EQUIPO;FABRICAÇÃO DE PRODUTOS DE METAL, EXCETO MÁQUINAS E EQUIPAMENTOS;2.3504;18092471.9456
2001;Estados Unidos;2023;Fabricação de sabão e detergentes, produtos de limpeza e polimento, perfumes e produtos de toilette;7170635;202;2092;Fabricação de defensivos, desinfestantes, tintas e químicos diversos;2051;205;C;202;Fabricación de otros productos químicos;Fabricação de defensivos agrícolas e desinfestantes domissanitários;2.3504;16853860.504
2001;Estados Unidos;0899;Outras atividades de mineração n.c;6862959;08;0580;Extração de carvão mineral e de minerais não metálicos;0810;08;B;08;EXPLOTACIÓN DE OTRAS MINAS Y CANTERAS;EXTRAÇÃO DE MINERAIS NÃO-METÁLICOS;2.3504;16130698.8336
2001;Estados Unidos;1071;Fabricação de produtos de panificação;6376800;107;1092;Fabricação e refino de açúcar;1071;107;C;107;Elaboración de otros productos alimenticios;Fabricação e refino de açúcar;2.3504;14988030.72
2001;Estados Unidos;3240;Fabricação de jogos e brinquedos;6287657;32;3180;Fabricação de móveis e de produtos de indústrias diversas;3211;32;C;32;OTRAS INDUSTRIAS MANUFACTURERAS;FABRICAÇÃO DE PRODUTOS DIVERSOS;2.3504;14778509.0128
2001;Estados Unidos;2391;Fabricação de produtos refratários;6160126;23;2300;Fabricação de produtos de minerais não metálicos;2311;23;C;23;FABRICACIÓN DE OTROS PRODUCTOS MINERALES NO METÁLICOS;FABRICAÇÃO DE PRODUTOS DE MINERAIS NÃO-METÁLICOS;2.3504;14478760.1504
2001;Estados Unidos;1430;Fabricação de vestuário de malha;5951135;14;1400;Confecção de artefatos do vestuário e acessórios;1411;14;C;14;FABRICACIÓN DE PRENDAS DE VESTIR;CONFECÇÃO DE ARTIGOS DO VESTUÁRIO E ACESSÓRIOS;2.3504;13987547.704
2001;Estados Unidos;1391;Fabricação de tecidos de malha;5913072;13;1300;Fabricação de produtos têxteis;1311;13;C;13;FABRICACIÓN DE PRODUCTOS TEXTILES;FABRICAÇÃO DE PRODUTOS TÊXTEIS;2.3504;13898084.4288
2001;Estados Unidos;2660;Fabricação de equipamentos de irradiação, eletromédicos e eletroterapêuticos;5729669;26;2600;Fabricação de equipamentos de informática, produtos eletrônicos e ópticos;2610;26;C;26;FABRICACIÓN DE PRODUCTOS DE INFORMÁTICA, DE ELECTRÓNICA Y DE ÓPTICA;FABRICAÇÃO DE EQUIPAMENTOS DE INFORMÁTICA, PRODUTOS ELETRÔNICOS E ÓPTICOS;2.3504;13467014.0176
2001;Estados Unidos;2818;Fabricação de ferramentas manuais acionadas por motor;5276426;28;2800;Fabricação de máquinas e equipamentos mecânicos;2811;28;C;28;FABRICACIÓN DE MAQUINARIA Y EQUIPO N.C.P.;FABRICAÇÃO DE MÁQUINAS E EQUIPAMENTOS;2.3504;12401711.670400001
2001;Estados Unidos;2816;Fabricação de equipamentos de elevação e manuseio;5268134;28;2800;Fabricação de máquinas e equipamentos mecânicos;2811;28;C;28;FABRICACIÓN DE MAQUINARIA Y EQUIPO N.C.P.;FABRICAÇÃO DE MÁQUINAS E EQUIPAMENTOS;2.3504;12382222.1536
2001;Estados Unidos;2825;Fabricação de máquinas para processamento de alimentos, bebidas e tabaco;4810011;28;2800;Fabricação de máquinas e equipamentos mecânicos;2811;28;C;28;FABRICACIÓN DE MAQUINARIA Y EQUIPO N.C.P.;FABRICAÇÃO DE MÁQUINAS E EQUIPAMENTOS;2.3504;11305449.8544
2001;Estados Unidos;2740;Fabricação de equipamentos de iluminação elétrica;4555269;27;2700;Fabricação de máquinas e equipamentos elétricos;2710;27;C;27;FABRICACIÓN DE EQUIPO ELÉCTRICO;FABRICAÇÃO DE MÁQUINAS, APARELHOS E MATERIAIS ELÉTRICOS;2.3504;10706704.2576
2001;Estados Unidos;2021;Fabricação de pesticidas e outros produtos agroquímicos;4363673;202;2092;Fabricação de defensivos, desinfestantes, tintas e químicos diversos;2051;205;C;202;Fabricación de otros productos químicos;Fabricação de defensivos agrícolas e desinfestantes domissanitários;2.3504;10256377.0192
2001;Estados Unidos;2513;Fabricação de geradores de vapor, exceto caldeiras de aquecimento central de água quente;3841674;25;2500;Fabricação de produtos de metal, exceto máquinas e equipamentos;2511;25;C;25;FABRICACIÓN DE PRODUCTOS ELABORADOS DE METAL, EXCEPTO MAQUINARIA Y EQUIPO;FABRICAÇÃO DE PRODUTOS DE METAL, EXCETO MÁQUINAS E EQUIPAMENTOS;2.3504;9029470.569600001
2001;Estados Unidos;1393;Fabricação de tapetes e tapetes;3210481;13;1300;Fabricação de produtos têxteis;1311;13;C;13;FABRICACIÓN DE PRODUCTOS TEXTILES;FABRICAÇÃO DE PRODUTOS TÊXTEIS;2.3504;7545914.5424
2001;Estados Unidos;1623;Fabricação de embalagens de madeira;3206188;16;1500;Fabricação de calçados e de artefatos de couro;1510;15;C;16;"PRODUCCIÓN DE MADERA Y FABRICACIÓN DE PRODUCTOS DE MADERA Y CORCHO, EXCEPTO MUEBLES; FABRICACIÓN DE ARTÍCULOS DE PAJA Y DE MATERIALES TRENZABLES";PREPARAÇÃO DE COUROS E FABRICAÇÃO DE ARTEFATOS DE COURO, ARTIGOS PARA VIAGEM E CALÇADOS;2.3504;7535824.2752
2001;Estados Unidos;0893;Extração de sal;2858830;08;0580;Extração de carvão mineral e de minerais não metálicos;0810;08;B;08;EXPLOTACIÓN DE OTRAS MINAS Y CANTERAS;EXTRAÇÃO DE MINERAIS NÃO-METÁLICOS;2.3504;6719394.032000001
2001;Estados Unidos;2812;Fabricação de equipamentos para energia hidráulica;2788170;28;2800;Fabricação de máquinas e equipamentos mecânicos;2811;28;C;28;FABRICACIÓN DE MAQUINARIA Y EQUIPO N.C.P.;FABRICAÇÃO DE MÁQUINAS E EQUIPAMENTOS;2.3504;6553314.768
2001;Estados Unidos;2680;Fabricação de mídia magnética e óptica;2473779;26;2600;Fabricação de equipamentos de informática, produtos eletrônicos e ópticos;2610;26;C;26;FABRICACIÓN DE PRODUCTOS DE INFORMÁTICA, DE ELECTRÓNICA Y DE ÓPTICA;FABRICAÇÃO DE EQUIPAMENTOS DE INFORMÁTICA, PRODUTOS ELETRÔNICOS E ÓPTICOS;2.3504;5814370.1616
2001;Estados Unidos;1080;Fabricação de alimentos para animais;2448050;108;1093;Outros produtos alimentares;1061;106;C;108;Elaboración de piensos preparados para animales;Moagem, fabricação de produtos amiláceos e de alimentos para animais;2.3504;5753896.72
2001;Estados Unidos;3220;Fabricação de instrumentos musicais;2440141;32;3180;Fabricação de móveis e de produtos de indústrias diversas;3211;32;C;32;OTRAS INDUSTRIAS MANUFACTURERAS;FABRICAÇÃO DE PRODUTOS DIVERSOS;2.3504;5735307.4064
2001;Estados Unidos;3012;Construção de barcos de recreio e desportivos;2224382;30;3000;Fabricação de outros equipamentos de transporte, exceto veículos automotores;3011;30;C;30;FABRICACIÓN DE OTRO  EQUIPO DE TRANSPORTE;FABRICAÇÃO DE OUTROS EQUIPAMENTOS DE TRANSPORTE, EXCETO VEÍCULOS AUTOMOTORES;2.3504;5228187.4528
2001;Estados Unidos;2030;Fabricação de fibras sintéticas ou artificiais;2132671;203;2091;Fabricação de químicos orgânicos e inorgânicos, resinas e elastômeros;2040;204;C;203;Fabricación de fibras artificiales;Fabricação de fibras artificiais e sintéticas;2.3504;5012629.9184
2001;Estados Unidos;1062;Fabricação de amidos e féculas;1996113;106;1093;Outros produtos alimentares;1061;106;C;106;Elaboración de productos de molinería, almidones y productos derivados del almidón;Moagem, fabricação de produtos amiláceos e de alimentos para animais;2.3504;4691663.9952
2001;Estados Unidos;2670;Fabricação de instrumentos ópticos e equipamento fotográfico;1692438;26;2600;Fabricação de equipamentos de informática, produtos eletrônicos e ópticos;2610;26;C;26;FABRICACIÓN DE PRODUCTOS DE INFORMÁTICA, DE ELECTRÓNICA Y DE ÓPTICA;FABRICAÇÃO DE EQUIPAMENTOS DE INFORMÁTICA, PRODUTOS ELETRÔNICOS E ÓPTICOS;2.3504;3977906.2752
2001;Estados Unidos;0111;Cultivo de cereais (exceto arroz), leguminosas e oleaginosas;1590666;011;0191;Agricultura, inclusive o apoio à agricultura e a pós-colheita;0111;011;A;011;Cultivo de plantas no perenes;Produção de lavouras temporárias;2.3504;3738701.3664
2001;Estados Unidos;5811;Publicação de livros;1281355;58;5800;Edição e edição integrada à impressão;5811;58;J;58;ACTIVIDADES DE EDICIÓN;EDIÇÃO E EDIÇÃO INTEGRADA À IMPRESSÃO;2.3504;3011696.792
2001;Estados Unidos;0116;Cultivo de culturas de fibra;1183379;011;0191;Agricultura, inclusive o apoio à agricultura e a pós-colheita;0111;011;A;011;Cultivo de plantas no perenes;Produção de lavouras temporárias;2.3504;2781414.0016
2001;Estados Unidos;5819;Outras atividades de publicação;1079616;58;5800;Edição e edição integrada à impressão;5811;58;J;58;ACTIVIDADES DE EDICIÓN;EDIÇÃO E EDIÇÃO INTEGRADA À IMPRESSÃO;2.3504;2537529.4464000002
2001;Estados Unidos;1104;"Fabricação de refrigerantes; produção de águas minerais e outras águas engarrafadas";1002193;11;1100;Fabricação de bebidas;1111;11;C;11;ELABORACIÓN DE BEBIDAS;FABRICAÇÃO DE BEBIDAS;2.3504;2355554.4272000003
2001;Estados Unidos;0230;Coleta de produtos florestais não madeireiros;910590;02;0280;"Produção florestal; pesca e aquicultura";0210;02;A;02;SILVICULTURA Y EXTRACCIÓN DE MADERA;PRODUÇÃO FLORESTAL;2.3504;2140250.736
2001;Estados Unidos;1702;Fabricação de papel e cartão canelados e de embalagens de papel e cartão;880280;17;1700;Fabricação de celulose, papel e produtos de papel;1710;17;C;17;FABRICACIÓN DE PAPEL Y DE PRODUCTOS DE PAPEL;FABRICAÇÃO DE CELULOSE, PAPEL E PRODUTOS DE PAPEL;2.3504;2069010.112
2001;Estados Unidos;2815;Fabricação de fornos, fornos e queimadores de fornos;833985;28;2800;Fabricação de máquinas e equipamentos mecânicos;2811;28;C;28;FABRICACIÓN DE MAQUINARIA Y EQUIPO N.C.P.;FABRICAÇÃO DE MÁQUINAS E EQUIPAMENTOS;2.3504;1960198.344
2001;Estados Unidos;2512;Fabricação de tanques, reservatórios e recipientes de metal;831305;25;2500;Fabricação de produtos de metal, exceto máquinas e equipamentos;2511;25;C;25;FABRICACIÓN DE PRODUCTOS ELABORADOS DE METAL, EXCEPTO MAQUINARIA Y EQUIPO;FABRICAÇÃO DE PRODUTOS DE METAL, EXCETO MÁQUINAS E EQUIPAMENTOS;2.3504;1953899.272
2001;Estados Unidos;1050;Fabricação de produtos lácteos;722896;105;1091;Abate e produtos de carne, inclusive os produtos do laticínio e da pesca;1051;105;C;105;Elaboración de productos lácteos;Laticínios;2.3504;1699094.7584
2001;Estados Unidos;0142;Criação de cavalos e outros equinos;698759;014;0192;Pecuária, inclusive o apoio à pecuária;0151;015;A;014;Ganadería;Pecuária;2.3504;1642363.1536
2001;Estados Unidos;3212;Fabricação de bijuterias e artigos relacionados;697934;32;3180;Fabricação de móveis e de produtos de indústrias diversas;3211;32;C;32;OTRAS INDUSTRIAS MANUFACTURERAS;FABRICAÇÃO DE PRODUTOS DIVERSOS;2.3504;1640424.0736
2001;Estados Unidos;5813;Publicação de jornais, revistas e periódicos;671757;58;5800;Edição e edição integrada à impressão;5811;58;J;58;ACTIVIDADES DE EDICIÓN;EDIÇÃO E EDIÇÃO INTEGRADA À IMPRESSÃO;2.3504;1578897.6528
2001;Estados Unidos;0149;Criação de outros animais;568979;014;0192;Pecuária, inclusive o apoio à pecuária;0151;015;A;014;Ganadería;Pecuária;2.3504;1337328.2416
2001;Estados Unidos;0130;Cultivo de plantas;519237;013;0191;Agricultura, inclusive o apoio à agricultura e a pós-colheita;0141;014;A;013;Propagación de plantas;Produção de sementes e mudas certificadas;2.3504;1220414.6448000001
2001;Estados Unidos;2652;Fabricação de cronomêtros e relógios;451942;26;2600;Fabricação de equipamentos de informática, produtos eletrônicos e ópticos;2610;26;C;26;FABRICACIÓN DE PRODUCTOS DE INFORMÁTICA, DE ELECTRÓNICA Y DE ÓPTICA;FABRICAÇÃO DE EQUIPAMENTOS DE INFORMÁTICA, PRODUTOS ELETRÔNICOS E ÓPTICOS;2.3504;1062244.4768
2001;Estados Unidos;2022;Fabricação de tintas, vernizes e produtos similares, tintas de impressão e mástiques;451152;202;2092;Fabricação de defensivos, desinfestantes, tintas e químicos diversos;2051;205;C;202;Fabricación de otros productos químicos;Fabricação de defensivos agrícolas e desinfestantes domissanitários;2.3504;1060387.6608
2001;Estados Unidos;9000;Atividades criativas, artes e entretenimento;427254;90;9080;Atividades artísticas, criativas e de espetáculos;9001;90;R;90;ACTIVIDADES CREATIVAS, ARTÍSTICAS Y DE ENTRETENIMIENTO;ATIVIDADES ARTÍSTICAS, CRIATIVAS E DE ESPETÁCULOS;2.3504;1004217.8016
2001;Estados Unidos;1061;Fabricação de produtos de moagem de grãos;392627;106;1093;Outros produtos alimentares;1061;106;C;106;Elaboración de productos de molinería, almidones y productos derivados del almidón;Moagem, fabricação de produtos amiláceos e de alimentos para animais;2.3504;922830.5008
2001;Estados Unidos;1074;Fabricação de macarrão, talharim, cuscuz e produtos farináceos semelhantes;376395;107;1092;Fabricação e refino de açúcar;1071;107;C;107;Elaboración de otros productos alimenticios;Fabricação e refino de açúcar;2.3504;884678.808
2001;Estados Unidos;1101;Fabricação de aguardentes e outras bebidas destiladas;363809;11;1100;Fabricação de bebidas;1111;11;C;11;ELABORACIÓN DE BEBIDAS;FABRICAÇÃO DE BEBIDAS;2.3504;855096.6736
2001;Estados Unidos;3230;Fabricação de artigos esportivos;352004;32;3180;Fabricação de móveis e de produtos de indústrias diversas;3211;32;C;32;OTRAS INDUSTRIAS MANUFACTURERAS;FABRICAÇÃO DE PRODUTOS DIVERSOS;2.3504;827350.2016
2001;Estados Unidos;3092;Fabricação de bicicletas e carruagens inválidas;237441;30;3000;Fabricação de outros equipamentos de transporte, exceto veículos automotores;3011;30;C;30;FABRICACIÓN DE OTRO  EQUIPO DE TRANSPORTE;FABRICAÇÃO DE OUTROS EQUIPAMENTOS DE TRANSPORTE, EXCETO VEÍCULOS AUTOMOTORES;2.3504;558081.3264
2001;Estados Unidos;0115;Cultivo de tabaco;206014;011;0191;Agricultura, inclusive o apoio à agricultura e a pós-colheita;0111;011;A;011;Cultivo de plantas no perenes;Produção de lavouras temporárias;2.3504;484215.3056
2001;Estados Unidos;2920;"Fabricação de carroçarias para veículos automotores; fabricação de reboques e semi-reboques";186917;292;2991;Fabricação de automóveis, caminhões e ônibus, exceto peças;2930;293;C;292;"Fabricación de carrocerías para vehículos automotores; fabricación de remolques y semirremolques";Fabricação de cabines, carrocerias e reboques para veículos automotores;2.3504;439329.7168
2001;Estados Unidos;2395;Fabricação de artigos de concreto, cimento e gesso;182360;23;2300;Fabricação de produtos de minerais não metálicos;2311;23;C;23;FABRICACIÓN DE OTROS PRODUCTOS MINERALES NO METÁLICOS;FABRICAÇÃO DE PRODUTOS DE MINERAIS NÃO-METÁLICOS;2.3504;428618.944
2001;Estados Unidos;1420;Fabricação de artigos de peles;167416;14;1400;Confecção de artefatos do vestuário e acessórios;1411;14;C;14;FABRICACIÓN DE PRENDAS DE VESTIR;CONFECÇÃO DE ARTIGOS DO VESTUÁRIO E ACESSÓRIOS;2.3504;393494.5664
2001;Estados Unidos;0119;Cultivo de outras culturas não perenes;95477;011;0191;Agricultura, inclusive o apoio à agricultura e a pós-colheita;0111;011;A;011;Cultivo de plantas no perenes;Produção de lavouras temporárias;2.3504;224409.1408
2001;Estados Unidos;1103;Fabricação de malte e bebidas maltadas.;87331;11;1100;Fabricação de bebidas;1111;11;C;11;ELABORACIÓN DE BEBIDAS;FABRICAÇÃO DE BEBIDAS;2.3504;205262.7824
2001;Estados Unidos;0121;Cultivo de uvas;81915;012;0191;Agricultura, inclusive o apoio à agricultura e a pós-colheita;0111;011;A;012;Cultivo de plantas perennes;Produção de lavouras temporárias;2.3504;192533.016
2001;Estados Unidos;1102;Fabricação de vinhos;78300;11;1100;Fabricação de bebidas;1111;11;C;11;ELABORACIÓN DE BEBIDAS;FABRICAÇÃO DE BEBIDAS;2.3504;184036.32
2001;Estados Unidos;3099;Fabricação de outros equipamentos de transporte n.c;61384;30;3000;Fabricação de outros equipamentos de transporte, exceto veículos automotores;3011;30;C;30;FABRICACIÓN DE OTRO  EQUIPO DE TRANSPORTE;FABRICAÇÃO DE OUTROS EQUIPAMENTOS DE TRANSPORTE, EXCETO VEÍCULOS AUTOMOTORES;2.3504;144276.9536
2001;Estados Unidos;0220;Exploração madeireira;57896;02;0280;"Produção florestal; pesca e aquicultura";0210;02;A;02;SILVICULTURA Y EXTRACCIÓN DE MADERA;PRODUÇÃO FLORESTAL;2.3504;136078.7584
2001;Estados Unidos;0126;Cultivo de frutas oleaginosas;57128;012;0191;Agricultura, inclusive o apoio à agricultura e a pós-colheita;0111;011;A;012;Cultivo de plantas perennes;Produção de lavouras temporárias;2.3504;134273.6512
2001;Estados Unidos;0144;Criação de ovelhas e cabras;52021;014;0192;Pecuária, inclusive o apoio à pecuária;0151;015;A;014;Ganadería;Pecuária;2.3504;122270.1584
2001;Estados Unidos;2012;Fabricação de fertilizantes e compostos nitrogenados;46177;201;1992;Fabricação de biocombustíveis;1931;193;C;201;Fabricación de sustancias químicas básicas, de abonos y compuestos de nitrógeno y de plásticos y caucho sintético en formas primarias;Fabricação de biocombustíveis;2.3504;108534.4208
2001;Estados Unidos;0321;Aquicultura marinha;34409;03;0280;"Produção florestal; pesca e aquicultura";0311;03;A;03;PESCA Y ACUICULTURA;PESCA E AQÜICULTURA;2.3504;80874.9136
2001;Estados Unidos;0122;Cultivo de frutas tropicais e subtropicais;29012;012;0191;Agricultura, inclusive o apoio à agricultura e a pós-colheita;0111;011;A;012;Cultivo de plantas perennes;Produção de lavouras temporárias;2.3504;68189.8048
2001;Estados Unidos;7420;Atividades fotográficas;25061;74;7380;Outras atividades profissionais, científicas e técnicas;7410;74;M;74;OTRAS ACTIVIDADES PROFESIONALES, CIENTÍFICAS Y TÉCNICAS;OUTRAS ATIVIDADES PROFISSIONAIS, CIENTÍFICAS E TÉCNICAS;2.3504;58903.3744
2001;Estados Unidos;2394;Fabricação de cimento, cal e gesso;16364;23;2300;Fabricação de produtos de minerais não metálicos;2311;23;C;23;FABRICACIÓN DE OTROS PRODUCTOS MINERALES NO METÁLICOS;FABRICAÇÃO DE PRODUTOS DE MINERAIS NÃO-METÁLICOS;2.3504;38461.9456
2001;Estados Unidos;0129;Cultivo de outras culturas perenes;14920;012;0191;Agricultura, inclusive o apoio à agricultura e a pós-colheita;0111;011;A;012;Cultivo de plantas perennes;Produção de lavouras temporárias;2.3504;35067.968
2001;Estados Unidos;5310;Atividades postais;8666;53;5280;Armazenamento, atividades auxiliares dos transportes e correio;5211;53;H;53;ALMACENAMIENTO Y ACTIVIDADES DE APOYO AL TRANSPORTE;ARMAZENAMENTO E ATIVIDADES AUXILIARES DOS TRANSPORTES;2.3504;20368.5664
2001;Estados Unidos;0124;Cultivo de frutas pome e frutas de caroço;7056;012;0191;Agricultura, inclusive o apoio à agricultura e a pós-colheita;0111;011;A;012;Cultivo de plantas perennes;Produção de lavouras temporárias;2.3504;16584.4224
2001;Estados Unidos;9102;Atividades de museus e operação de locais históricos e edifícios;6000;91;9080;Atividades artísticas, criativas e de espetáculos;9101;91;R;91;ACTIVIDADES DE BIBLIOTECAS, ARCHIVOS Y MUSEOS Y OTRAS ACTIVIDADES CULTURALES;ATIVIDADES LIGADAS AO PATRIMÔNIO CULTURAL E AMBIENTAL;2.3504;14102.4
2001;Estados Unidos;3011;Construção de navios e estruturas flutuantes;1852;30;3000;Fabricação de outros equipamentos de transporte, exceto veículos automotores;3011;30;C;30;FABRICACIÓN DE OTRO  EQUIPO DE TRANSPORTE;FABRICAÇÃO DE OUTROS EQUIPAMENTOS DE TRANSPORTE, EXCETO VEÍCULOS AUTOMOTORES;2.3504;4352.9408
2001;Estados Unidos;1812;Atividades de serviço relacionadas à impressão;230;18;1800;Impressão e reprodução de gravações;1811;18;C;18;IMPRESIÓN Y REPRODUCCIÓN DE GRABACIONES;IMPRESSÃO E REPRODUÇÃO DE GRAVAÇÕES;2.3504;540.592
2000;Estados Unidos;3030;Fabricação de aviões e máquinas relacionadas;2101786896;30;3000;Fabricação de outros equipamentos de transporte, exceto veículos automotores;3011;30;C;30;FABRICACIÓN DE OTRO  EQUIPO DE TRANSPORTE;FABRICAÇÃO DE OUTROS EQUIPAMENTOS DE TRANSPORTE, EXCETO VEÍCULOS AUTOMOTORES;1.8302;3846690377.0592003
2000;Estados Unidos;2410;Fabricação de ferro e aço básicos;1256296470;241;2491;Produção de ferro-gusa/ferroligas, siderurgia e tubos de aço sem costura;2411;241;C;241;Fabricación básica de hierro y acero;Produção de ferro-gusa e de ferroligas;1.8302;2299273799.394
2000;Estados Unidos;1520;Fabricação de calçado;1080706857;15;1500;Fabricação de calçados e de artefatos de couro;1510;15;C;15;FABRICACIÓN DE PRODUCTOS DE CUERO Y PRODUCTOS CONEXOS;PREPARAÇÃO DE COUROS E FABRICAÇÃO DE ARTEFATOS DE COURO, ARTIGOS PARA VIAGEM E CALÇADOS;1.8302;1977909689.6814
2000;Estados Unidos;2930;Fabricação de peças e acessórios para veículos automotores;724435637;293;2992;Fabricação de peças e acessórios para veículos automotores;2941;294;C;293;Fabricación de partes, piezas y accesorios para vehículos automotores;Fabricação de peças e acessórios para veículos automotores;1.8302;1325862102.8374
2000;Estados Unidos;2420;Fabricação de metais preciosos e outros metais não ferrosos;712935601;242;2492;Metalurgia de metais não ferosos e a fundição de metais;2441;244;C;242;Fabricación de productos primarios de metales preciosos y otros metales no ferrosos;Metalurgia dos metais não-ferrosos;1.8302;1304814736.9502
2000;Estados Unidos;2011;Fabricação de produtos químicos básicos;480806361;201;1992;Fabricação de biocombustíveis;1931;193;C;201;Fabricación de sustancias químicas básicas, de abonos y compuestos de nitrógeno y de plásticos y caucho sintético en formas primarias;Fabricação de biocombustíveis;1.8302;879971801.9022
2000;Estados Unidos;1701;Fabricação de polpa, papel e cartão;461771533;17;1700;Fabricação de celulose, papel e produtos de papel;1710;17;C;17;FABRICACIÓN DE PAPEL Y DE PRODUCTOS DE PAPEL;FABRICAÇÃO DE CELULOSE, PAPEL E PRODUTOS DE PAPEL;1.8302;845134259.6966001
2000;Estados Unidos;1920;Fabricação de produtos petrolíferos refinados;459099177;192;1991;Refino de petróleo e coquerias;1921;192;C;192;Fabricación de productos de la refinación del petróleo;Fabricação de produtos derivados do petróleo;1.8302;840243313.7454001
2000;Estados Unidos;2630;Fabricação de equipamentos de comunicação;378551943;26;2600;Fabricação de equipamentos de informática, produtos eletrônicos e ópticos;2610;26;C;26;FABRICACIÓN DE PRODUCTOS DE INFORMÁTICA, DE ELECTRÓNICA Y DE ÓPTICA;FABRICAÇÃO DE EQUIPAMENTOS DE INFORMÁTICA, PRODUTOS ELETRÔNICOS E ÓPTICOS;1.8302;692825766.0786
2000;Estados Unidos;2910;Fabricação de veículos automotores;323387737;291;2991;Fabricação de automóveis, caminhões e ônibus, exceto peças;2910;291;C;291;Fabricación de vehículos automotores;Fabricação de automóveis, camionetas e utilitários;1.8302;591864236.2574
2000;Estados Unidos;2813;Fabricação de outras bombas, compressores, torneiras e válvulas;290997607;28;2800;Fabricação de máquinas e equipamentos mecânicos;2811;28;C;28;FABRICACIÓN DE MAQUINARIA Y EQUIPO N.C.P.;FABRICAÇÃO DE MÁQUINAS E EQUIPAMENTOS;1.8302;532583820.33140004
2000;Estados Unidos;2640;Fabricação de produtos eletrônicos de consumo;268049171;26;2600;Fabricação de equipamentos de informática, produtos eletrônicos e ópticos;2610;26;C;26;FABRICACIÓN DE PRODUCTOS DE INFORMÁTICA, DE ELECTRÓNICA Y DE ÓPTICA;FABRICAÇÃO DE EQUIPAMENTOS DE INFORMÁTICA, PRODUTOS ELETRÔNICOS E ÓPTICOS;1.8302;490583592.76420003
2000;Estados Unidos;1610;Serração e aplainamento de madeira;239321061;16;1500;Fabricação de calçados e de artefatos de couro;1510;15;C;16;"PRODUCCIÓN DE MADERA Y FABRICACIÓN DE PRODUCTOS DE MADERA Y CORCHO, EXCEPTO MUEBLES; FABRICACIÓN DE ARTÍCULOS DE PAJA Y DE MATERIALES TRENZABLES";PREPARAÇÃO DE COUROS E FABRICAÇÃO DE ARTEFATOS DE COURO, ARTIGOS PARA VIAGEM E CALÇADOS;1.8302;438005405.84220004
2000;Estados Unidos;1030;Processamento e conservação de frutas e legumes;218248429;103;1093;Outros produtos alimentares;1031;103;C;103;Elaboración y conservación de frutas, legumbres y hortalizas;Fabricação de conservas de frutas, legumes e outros vegetais;1.8302;399438274.7558
2000;Estados Unidos;0127;Cultivo de bebidas da safra;217785563;012;0191;Agricultura, inclusive o apoio à agricultura e a pós-colheita;0111;011;A;012;Cultivo de plantas perennes;Produção de lavouras temporárias;1.8302;398591137.4026
2000;Estados Unidos;2710;Fabricação de motores elétricos, geradores, transformadores e aparelhos de distribuição e controle de energia elétrica;182056767;27;2700;Fabricação de máquinas e equipamentos elétricos;2710;27;C;27;FABRICACIÓN DE EQUIPO ELÉCTRICO;FABRICAÇÃO DE MÁQUINAS, APARELHOS E MATERIAIS ELÉTRICOS;1.8302;333200294.9634
2000;Estados Unidos;2211;"Fabricação de pneus e tubos; recauchutagem e reconstrução de pneus de borracha";165005769;22;1500;Fabricação de calçados e de artefatos de couro;1510;15;C;22;FABRICACIÓN DE PRODUCTOS DE CAUCHO Y PLÁSTICO;PREPARAÇÃO DE COUROS E FABRICAÇÃO DE ARTEFATOS DE COURO, ARTIGOS PARA VIAGEM E CALÇADOS;1.8302;301993558.4238
2000;Estados Unidos;0710;Extração de minério de ferro;150156765;071;0791;Extração de minério de ferro, inclusive beneficiamento e a aglomeração;0710;071;B;071;Extracción de minerales de hierro;Extração de minério de ferro;1.8302;274816911.30300003
2000;Estados Unidos;0125;Cultivo de outras frutas e nozes;148191244;012;0191;Agricultura, inclusive o apoio à agricultura e a pós-colheita;0111;011;A;012;Cultivo de plantas perennes;Produção de lavouras temporárias;1.8302;271219614.7688
2000;Estados Unidos;2814;Fabricação de rolamentos, engrenagens, engrenagens e elementos de acionamento;125534922;28;2800;Fabricação de máquinas e equipamentos mecânicos;2811;28;C;28;FABRICACIÓN DE MAQUINARIA Y EQUIPO N.C.P.;FABRICAÇÃO DE MÁQUINAS E EQUIPAMENTOS;1.8302;229754014.2444
2000;Estados Unidos;1621;Fabricação de folheados e painéis derivados de madeira;119131490;16;1500;Fabricação de calçados e de artefatos de couro;1510;15;C;16;"PRODUCCIÓN DE MADERA Y FABRICACIÓN DE PRODUCTOS DE MADERA Y CORCHO, EXCEPTO MUEBLES; FABRICACIÓN DE ARTÍCULOS DE PAJA Y DE MATERIALES TRENZABLES";PREPARAÇÃO DE COUROS E FABRICAÇÃO DE ARTEFATOS DE COURO, ARTIGOS PARA VIAGEM E CALÇADOS;1.8302;218034452.998
2000;Estados Unidos;1200;Fabricação de produtos de tabaco;117531076;12;1200;Fabricação de produtos do fumo;1210;12;C;12;ELABORACIÓN DE PRODUCTOS DE TABACO;FABRICAÇÃO DE PRODUTOS DO FUMO;1.8302;215105375.29520002
2000;Estados Unidos;2824;Fabricação de máquinas para mineração, exploração de pedreiras e construção;116404907;28;2800;Fabricação de máquinas e equipamentos mecânicos;2811;28;C;28;FABRICACIÓN DE MAQUINARIA Y EQUIPO N.C.P.;FABRICAÇÃO DE MÁQUINAS E EQUIPAMENTOS;1.8302;213044260.79140002
2000;Estados Unidos;3100;Fabricação de móveis;114521747;31;3180;Fabricação de móveis e de produtos de indústrias diversas;3101;31;C;31;FABRICACIÓN DE MUEBLES;FABRICAÇÃO DE MÓVEIS;1.8302;209597701.3594
2000;Estados Unidos;1020;Processamento e conservação de peixes, crustáceos e moluscos;105213407;102;1091;Abate e produtos de carne, inclusive os produtos do laticínio e da pesca;1020;102;C;102;Elaboración y conservación de pescado, crustáceos y moluscos;Preservação do pescado e fabricação de produtos do pescado;1.8302;192561577.4914
2000;Estados Unidos;2651;Fabricação de equipamentos de medição, teste, navegação e controle;103782542;26;2600;Fabricação de equipamentos de informática, produtos eletrônicos e ópticos;2610;26;C;26;FABRICACIÓN DE PRODUCTOS DE INFORMÁTICA, DE ELECTRÓNICA Y DE ÓPTICA;FABRICAÇÃO DE EQUIPAMENTOS DE INFORMÁTICA, PRODUTOS ELETRÔNICOS E ÓPTICOS;1.8302;189942808.3684
2000;Estados Unidos;2396;Corte, moldagem e acabamento de pedra;103340533;23;2300;Fabricação de produtos de minerais não metálicos;2311;23;C;23;FABRICACIÓN DE OTROS PRODUCTOS MINERALES NO METÁLICOS;FABRICAÇÃO DE PRODUTOS DE MINERAIS NÃO-METÁLICOS;1.8302;189133843.4966
2000;Estados Unidos;1410;Fabricação de vestuário, exceto vestuários de peles;95247871;14;1400;Confecção de artefatos do vestuário e acessórios;1411;14;C;14;FABRICACIÓN DE PRENDAS DE VESTIR;CONFECÇÃO DE ARTIGOS DO VESTUÁRIO E ACESSÓRIOS;1.8302;174322653.5042
2000;Estados Unidos;2599;Fabricação de outros produtos metálicos fabricados n.c;86904111;25;2500;Fabricação de produtos de metal, exceto máquinas e equipamentos;2511;25;C;25;FABRICACIÓN DE PRODUCTOS ELABORADOS DE METAL, EXCEPTO MAQUINARIA Y EQUIPO;FABRICAÇÃO DE PRODUTOS DE METAL, EXCETO MÁQUINAS E EQUIPAMENTOS;1.8302;159051903.9522
2000;Estados Unidos;1010;Processamento e conservação de carne;84267738;101;1091;Abate e produtos de carne, inclusive os produtos do laticínio e da pesca;1011;101;C;101;Elaboración y conservación de carne;Abate e fabricação de produtos de carne;1.8302;154226814.0876
2000;Estados Unidos;1511;Curtimento e vestuário de couro;79571028;15;1500;Fabricação de calçados e de artefatos de couro;1510;15;C;15;FABRICACIÓN DE PRODUCTOS DE CUERO Y PRODUCTOS CONEXOS;PREPARAÇÃO DE COUROS E FABRICAÇÃO DE ARTEFATOS DE COURO, ARTIGOS PARA VIAGEM E CALÇADOS;1.8302;145630895.4456
2000;Estados Unidos;2029;Fabricação de outros produtos químicos n.c;79106577;202;2092;Fabricação de defensivos, desinfestantes, tintas e químicos diversos;2051;205;C;202;Fabricación de otros productos químicos;Fabricação de defensivos agrícolas e desinfestantes domissanitários;1.8302;144780857.2254
2000;Estados Unidos;1392;Fabricação de artigos têxteis confeccionados, exceto vestuário;77475113;13;1300;Fabricação de produtos têxteis;1311;13;C;13;FABRICACIÓN DE PRODUCTOS TEXTILES;FABRICAÇÃO DE PRODUTOS TÊXTEIS;1.8302;141794951.81260002
2000;Estados Unidos;2610;Fabricação de componentes eletrônicos e placas;76418302;26;2600;Fabricação de equipamentos de informática, produtos eletrônicos e ópticos;2610;26;C;26;FABRICACIÓN DE PRODUCTOS DE INFORMÁTICA, DE ELECTRÓNICA Y DE ÓPTICA;FABRICAÇÃO DE EQUIPAMENTOS DE INFORMÁTICA, PRODUTOS ELETRÔNICOS E ÓPTICOS;1.8302;139860776.3204
2000;Estados Unidos;1072;Fabricação de açúcar;70741773;107;1092;Fabricação e refino de açúcar;1071;107;C;107;Elaboración de otros productos alimenticios;Fabricação e refino de açúcar;1.8302;129471592.9446
2000;Estados Unidos;1629;"Fabricação de outros produtos de madeira; fabricação de artigos de cortiça, de espartaria e cestaria";67280394;16;1500;Fabricação de calçados e de artefatos de couro;1510;15;C;16;"PRODUCCIÓN DE MADERA Y FABRICACIÓN DE PRODUCTOS DE MADERA Y CORCHO, EXCEPTO MUEBLES; FABRICACIÓN DE ARTÍCULOS DE PAJA Y DE MATERIALES TRENZABLES";PREPARAÇÃO DE COUROS E FABRICAÇÃO DE ARTEFATOS DE COURO, ARTIGOS PARA VIAGEM E CALÇADOS;1.8302;123136577.0988
2000;Estados Unidos;2392;Fabricação de materiais de construção de argila;66514728;23;2300;Fabricação de produtos de minerais não metálicos;2311;23;C;23;FABRICACIÓN DE OTROS PRODUCTOS MINERALES NO METÁLICOS;FABRICAÇÃO DE PRODUTOS DE MINERAIS NÃO-METÁLICOS;1.8302;121735255.1856
2000;Estados Unidos;1709;Fabricação de outros artigos de papel e cartão;63211233;17;1700;Fabricação de celulose, papel e produtos de papel;1710;17;C;17;FABRICACIÓN DE PAPEL Y DE PRODUCTOS DE PAPEL;FABRICAÇÃO DE CELULOSE, PAPEL E PRODUTOS DE PAPEL;1.8302;115689198.6366
2000;Estados Unidos;2620;Fabricação de computadores e equipamentos periféricos;62689324;26;2600;Fabricação de equipamentos de informática, produtos eletrônicos e ópticos;2610;26;C;26;FABRICACIÓN DE PRODUCTOS DE INFORMÁTICA, DE ELECTRÓNICA Y DE ÓPTICA;FABRICAÇÃO DE EQUIPAMENTOS DE INFORMÁTICA, PRODUTOS ELETRÔNICOS E ÓPTICOS;1.8302;114734000.78480001
2000;Estados Unidos;1622;Fabricação de carpintaria e marcenaria de construtores;61268734;16;1500;Fabricação de calçados e de artefatos de couro;1510;15;C;16;"PRODUCCIÓN DE MADERA Y FABRICACIÓN DE PRODUCTOS DE MADERA Y CORCHO, EXCEPTO MUEBLES; FABRICACIÓN DE ARTÍCULOS DE PAJA Y DE MATERIALES TRENZABLES";PREPARAÇÃO DE COUROS E FABRICAÇÃO DE ARTEFATOS DE COURO, ARTIGOS PARA VIAGEM E CALÇADOS;1.8302;112134036.9668
2000;Estados Unidos;2819;Fabricação de outras máquinas para uso geral;61094783;28;2800;Fabricação de máquinas e equipamentos mecânicos;2811;28;C;28;FABRICACIÓN DE MAQUINARIA Y EQUIPO N.C.P.;FABRICAÇÃO DE MÁQUINAS E EQUIPAMENTOS;1.8302;111815671.8466
2000;Estados Unidos;1079;Fabricação de outros produtos alimentícios n.c;60249724;107;1092;Fabricação e refino de açúcar;1071;107;C;107;Elaboración de otros productos alimenticios;Fabricação e refino de açúcar;1.8302;110269044.8648
2000;Estados Unidos;2817;Fabricação de máquinas e equipamentos de escritório (exceto computadores e equipamentos periféricos);60104827;28;2800;Fabricação de máquinas e equipamentos mecânicos;2811;28;C;28;FABRICACIÓN DE MAQUINARIA Y EQUIPO N.C.P.;FABRICAÇÃO DE MÁQUINAS E EQUIPAMENTOS;1.8302;110003854.3754
2000;Estados Unidos;1073;Fabricação de cacau, chocolate e produtos de confeitaria;57373152;107;1092;Fabricação e refino de açúcar;1071;107;C;107;Elaboración de otros productos alimenticios;Fabricação e refino de açúcar;1.8302;105004342.7904
2000;Estados Unidos;2822;Fabricação de máquinas e máquinas-ferramentas para moldagem de metais;54699296;28;2800;Fabricação de máquinas e equipamentos mecânicos;2811;28;C;28;FABRICACIÓN DE MAQUINARIA Y EQUIPO N.C.P.;FABRICAÇÃO DE MÁQUINAS E EQUIPAMENTOS;1.8302;100110651.53920001
2000;Estados Unidos;2220;Fabricação de produtos plásticos;53471292;22;1500;Fabricação de calçados e de artefatos de couro;1510;15;C;22;FABRICACIÓN DE PRODUCTOS DE CAUCHO Y PLÁSTICO;PREPARAÇÃO DE COUROS E FABRICAÇÃO DE ARTEFATOS DE COURO, ARTIGOS PARA VIAGEM E CALÇADOS;1.8302;97863158.61840001
2000;Estados Unidos;2790;Fabricação de outro equipamento elétrico;52629862;27;2700;Fabricação de máquinas e equipamentos elétricos;2710;27;C;27;FABRICACIÓN DE EQUIPO ELÉCTRICO;FABRICAÇÃO DE MÁQUINAS, APARELHOS E MATERIAIS ELÉTRICOS;1.8302;96323173.4324
2000;Estados Unidos;2013;Fabricação de plásticos e borracha sintética em formas primárias;50569805;201;1992;Fabricação de biocombustíveis;1931;193;C;201;Fabricación de sustancias químicas básicas, de abonos y compuestos de nitrógeno y de plásticos y caucho sintético en formas primarias;Fabricação de biocombustíveis;1.8302;92552857.111
2000;Estados Unidos;2829;Fabricação de outras máquinas para fins especiais;46293540;28;2800;Fabricação de máquinas e equipamentos mecânicos;2811;28;C;28;FABRICACIÓN DE MAQUINARIA Y EQUIPO N.C.P.;FABRICAÇÃO DE MÁQUINAS E EQUIPAMENTOS;1.8302;84726436.908
2000;Estados Unidos;2593;Fabricação de cutelaria, ferramentas manuais e ferragens em geral;44888586;25;2500;Fabricação de produtos de metal, exceto máquinas e equipamentos;2511;25;C;25;FABRICACIÓN DE PRODUCTOS ELABORADOS DE METAL, EXCEPTO MAQUINARIA Y EQUIPO;FABRICAÇÃO DE PRODUTOS DE METAL, EXCETO MÁQUINAS E EQUIPAMENTOS;1.8302;82155090.0972
2000;Estados Unidos;2399;Fabricação de outros produtos minerais não metálicos n.c;39961104;23;2300;Fabricação de produtos de minerais não metálicos;2311;23;C;23;FABRICACIÓN DE OTROS PRODUCTOS MINERALES NO METÁLICOS;FABRICAÇÃO DE PRODUTOS DE MINERAIS NÃO-METÁLICOS;1.8302;73136812.5408
2000;Estados Unidos;1512;Fabricação de malas, bolsas e semelhantes, selaria e arreios;37576930;15;1500;Fabricação de calçados e de artefatos de couro;1510;15;C;15;FABRICACIÓN DE PRODUCTOS DE CUERO Y PRODUCTOS CONEXOS;PREPARAÇÃO DE COUROS E FABRICAÇÃO DE ARTEFATOS DE COURO, ARTIGOS PARA VIAGEM E CALÇADOS;1.8302;68773297.286
2000;Estados Unidos;3211;Fabricação de joalharia e artigos afins;36862688;32;3180;Fabricação de móveis e de produtos de indústrias diversas;3211;32;C;32;OTRAS INDUSTRIAS MANUFACTURERAS;FABRICAÇÃO DE PRODUTOS DIVERSOS;1.8302;67466091.5776
2000;Estados Unidos;2520;Fabricação de armas e munições;36487490;25;2500;Fabricação de produtos de metal, exceto máquinas e equipamentos;2511;25;C;25;FABRICACIÓN DE PRODUCTOS ELABORADOS DE METAL, EXCEPTO MAQUINARIA Y EQUIPO;FABRICAÇÃO DE PRODUTOS DE METAL, EXCETO MÁQUINAS E EQUIPAMENTOS;1.8302;66779404.198
2000;Estados Unidos;1394;Fabricação de cordéis, cordas, cordéis e redes;36090245;13;1300;Fabricação de produtos têxteis;1311;13;C;13;FABRICACIÓN DE PRODUCTOS TEXTILES;FABRICAÇÃO DE PRODUTOS TÊXTEIS;1.8302;66052366.399000004
2000;Estados Unidos;0610;Extração de petróleo bruto;35573758;06;0680;Extração de petróleo e gás, inclusive as atividades de apoio;0600;06;B;06;EXTRACCIÓN DE PETRÓLEO CRUDO Y GAS NATURAL;EXTRAÇÃO DE PETRÓLEO E GÁS NATURAL;1.8302;65107091.891600005
2000;Estados Unidos;0128;Cultivo de especiarias, culturas aromáticas, medicamentosas e farmacêuticas;33583513;012;0191;Agricultura, inclusive o apoio à agricultura e a pós-colheita;0111;011;A;012;Cultivo de plantas perennes;Produção de lavouras temporárias;1.8302;61464545.4926
2000;Estados Unidos;3290;Outras manufaturas n.c.;33497932;32;3180;Fabricação de móveis e de produtos de indústrias diversas;3211;32;C;32;OTRAS INDUSTRIAS MANUFACTURERAS;FABRICAÇÃO DE PRODUTOS DIVERSOS;1.8302;61307915.146400005
2000;Estados Unidos;0729;Extração de outros minérios de metais não ferrosos;32452608;072;0792;Extração de minerais metálicos não ferrosos, inclusive beneficiamentos;0721;072;B;072;Extracción de minerales metalíferos no ferrosos;Extração de minerais metálicos não-ferrosos;1.8302;59394763.1616
2000;Estados Unidos;2219;Fabricação de outros produtos de borracha;32042395;22;1500;Fabricação de calçados e de artefatos de couro;1510;15;C;22;FABRICACIÓN DE PRODUCTOS DE CAUCHO Y PLÁSTICO;PREPARAÇÃO DE COUROS E FABRICAÇÃO DE ARTEFATOS DE COURO, ARTIGOS PARA VIAGEM E CALÇADOS;1.8302;58643991.329
2000;Estados Unidos;2731;Fabricação de cabos de fibra ótica;25381649;27;2700;Fabricação de máquinas e equipamentos elétricos;2710;27;C;27;FABRICACIÓN DE EQUIPO ELÉCTRICO;FABRICAÇÃO DE MÁQUINAS, APARELHOS E MATERIAIS ELÉTRICOS;1.8302;46453493.999800004
2000;Estados Unidos;2310;Fabricação de produtos de vidro e vidro;23810471;23;2300;Fabricação de produtos de minerais não metálicos;2311;23;C;23;FABRICACIÓN DE OTROS PRODUCTOS MINERALES NO METÁLICOS;FABRICAÇÃO DE PRODUTOS DE MINERAIS NÃO-METÁLICOS;1.8302;43577924.0242
2000;Estados Unidos;2821;Fabricação de maquinaria agrícola e florestal;22490879;28;2800;Fabricação de máquinas e equipamentos mecânicos;2811;28;C;28;FABRICACIÓN DE MAQUINARIA Y EQUIPO N.C.P.;FABRICAÇÃO DE MÁQUINAS E EQUIPAMENTOS;1.8302;41162806.7458
2000;Estados Unidos;1311;Preparação e fiação de fibras têxteis;21177263;13;1300;Fabricação de produtos têxteis;1311;13;C;13;FABRICACIÓN DE PRODUCTOS TEXTILES;FABRICAÇÃO DE PRODUTOS TÊXTEIS;1.8302;38758626.7426
2000;Estados Unidos;0311;Pesca marinha;20464238;03;0280;"Produção florestal; pesca e aquicultura";0311;03;A;03;PESCA Y ACUICULTURA;PESCA E AQÜICULTURA;1.8302;37453648.387600005
2000;Estados Unidos;2826;Fabricação de máquinas para produção de têxteis, vestuário e couro;19372973;28;2800;Fabricação de máquinas e equipamentos mecânicos;2811;28;C;28;FABRICACIÓN DE MAQUINARIA Y EQUIPO N.C.P.;FABRICAÇÃO DE MÁQUINAS E EQUIPAMENTOS;1.8302;35456415.1846
2000;Estados Unidos;2811;Fabricação de motores e turbinas, exceto aeronaves, veículos e motores de ciclo;19280091;28;2800;Fabricação de máquinas e equipamentos mecânicos;2811;28;C;28;FABRICACIÓN DE MAQUINARIA Y EQUIPO N.C.P.;FABRICAÇÃO DE MÁQUINAS E EQUIPAMENTOS;1.8302;35286422.548200004
2000;Estados Unidos;2393;Fabricação de outros produtos de porcelana e cerâmica;19002889;23;2300;Fabricação de produtos de minerais não metálicos;2311;23;C;23;FABRICACIÓN DE OTROS PRODUCTOS MINERALES NO METÁLICOS;FABRICAÇÃO DE PRODUTOS DE MINERAIS NÃO-METÁLICOS;1.8302;34779087.4478
2000;Estados Unidos;3250;Fabricação de instrumentos e suprimentos médicos e odontológicos;17191920;32;3180;Fabricação de móveis e de produtos de indústrias diversas;3211;32;C;32;OTRAS INDUSTRIAS MANUFACTURERAS;FABRICAÇÃO DE PRODUTOS DIVERSOS;1.8302;31464651.984
2000;Estados Unidos;1040;Fabricação de óleos e gorduras vegetais e animais;16511575;104;1093;Outros produtos alimentares;1041;104;C;104;Elaboración de aceites y grasas de origen vegetal y animal;Fabricação de óleos e gorduras vegetais e animais;1.8302;30219484.565
2000;Estados Unidos;0810;Extração de pedra, areia e argila;16426797;08;0580;Extração de carvão mineral e de minerais não metálicos;0810;08;B;08;EXPLOTACIÓN DE OTRAS MINAS Y CANTERAS;EXTRAÇÃO DE MINERAIS NÃO-METÁLICOS;1.8302;30064323.869400002
2000;Estados Unidos;1312;Tecelagem de têxteis;15550896;13;1300;Fabricação de produtos têxteis;1311;13;C;13;FABRICACIÓN DE PRODUCTOS TEXTILES;FABRICAÇÃO DE PRODUTOS TÊXTEIS;1.8302;28461249.8592
2000;Estados Unidos;0113;Cultivo de hortaliças e melões, raízes e tubérculos;14988923;011;0191;Agricultura, inclusive o apoio à agricultura e a pós-colheita;0111;011;A;011;Cultivo de plantas no perenes;Produção de lavouras temporárias;1.8302;27432726.8746
2000;Estados Unidos;2100;Fabricação de produtos farmacêuticos, produtos químicos medicinais e botânicos;14128528;21;2100;Fabricação de produtos farmoquímicos e farmacêuticos;2110;21;C;21;FABRICACIÓN DE PRODUCTOS FARMACÉUTICOS, SUSTANCIAS QUÍMICAS MEDICINALES Y PRODUCTOS BOTÁNICOS DE USO FARMACÉUTICO;FABRICAÇÃO DE PRODUTOS FARMOQUÍMICOS E FARMACÊUTICOS;1.8302;25858031.9456
2000;Estados Unidos;3020;Fabricação de locomotivas e material circulante;13653310;30;3000;Fabricação de outros equipamentos de transporte, exceto veículos automotores;3011;30;C;30;FABRICACIÓN DE OTRO  EQUIPO DE TRANSPORTE;FABRICAÇÃO DE OUTROS EQUIPAMENTOS DE TRANSPORTE, EXCETO VEÍCULOS AUTOMOTORES;1.8302;24988287.962
2000;Estados Unidos;1399;Fabricação de outros têxteis n.e.c.;13391880;13;1300;Fabricação de produtos têxteis;1311;13;C;13;FABRICACIÓN DE PRODUCTOS TEXTILES;FABRICAÇÃO DE PRODUTOS TÊXTEIS;1.8302;24509818.776
2000;Estados Unidos;2732;Fabricação de outros fios e cabos elétricos e eletrônicos;13032934;27;2700;Fabricação de máquinas e equipamentos elétricos;2710;27;C;27;FABRICACIÓN DE EQUIPO ELÉCTRICO;FABRICAÇÃO DE MÁQUINAS, APARELHOS E MATERIAIS ELÉTRICOS;1.8302;23852875.8068
2000;Estados Unidos;2816;Fabricação de equipamentos de elevação e manuseio;12183448;28;2800;Fabricação de máquinas e equipamentos mecânicos;2811;28;C;28;FABRICACIÓN DE MAQUINARIA Y EQUIPO N.C.P.;FABRICAÇÃO DE MÁQUINAS E EQUIPAMENTOS;1.8302;22298146.529600002
2000;Estados Unidos;2021;Fabricação de pesticidas e outros produtos agroquímicos;11587389;202;2092;Fabricação de defensivos, desinfestantes, tintas e químicos diversos;2051;205;C;202;Fabricación de otros productos químicos;Fabricação de defensivos agrícolas e desinfestantes domissanitários;1.8302;21207239.3478
2000;Estados Unidos;2823;Fabricação de máquinas para metalurgia;11140760;28;2800;Fabricação de máquinas e equipamentos mecânicos;2811;28;C;28;FABRICACIÓN DE MAQUINARIA Y EQUIPO N.C.P.;FABRICAÇÃO DE MÁQUINAS E EQUIPAMENTOS;1.8302;20389818.952
2000;Estados Unidos;0899;Outras atividades de mineração n.c;10121763;08;0580;Extração de carvão mineral e de minerais não metálicos;0810;08;B;08;EXPLOTACIÓN DE OTRAS MINAS Y CANTERAS;EXTRAÇÃO DE MINERAIS NÃO-METÁLICOS;1.8302;18524850.6426
2000;Estados Unidos;1071;Fabricação de produtos de panificação;9847688;107;1092;Fabricação e refino de açúcar;1071;107;C;107;Elaboración de otros productos alimenticios;Fabricação e refino de açúcar;1.8302;18023238.577600002
2000;Estados Unidos;2750;Fabricação de eletrodomésticos;8807620;27;2700;Fabricação de máquinas e equipamentos elétricos;2710;27;C;27;FABRICACIÓN DE EQUIPO ELÉCTRICO;FABRICAÇÃO DE MÁQUINAS, APARELHOS E MATERIAIS ELÉTRICOS;1.8302;16119706.124
2000;Estados Unidos;2431;Fundição de ferro e aço;8573624;243;2492;Metalurgia de metais não ferosos e a fundição de metais;2451;245;C;243;Fundición de metales;Fundição;1.8302;15691446.6448
2000;Estados Unidos;3240;Fabricação de jogos e brinquedos;8231751;32;3180;Fabricação de móveis e de produtos de indústrias diversas;3211;32;C;32;OTRAS INDUSTRIAS MANUFACTURERAS;FABRICAÇÃO DE PRODUTOS DIVERSOS;1.8302;15065750.680200001
2000;Estados Unidos;2720;Fabricação de baterias e acumuladores;6319003;27;2700;Fabricação de máquinas e equipamentos elétricos;2710;27;C;27;FABRICACIÓN DE EQUIPO ELÉCTRICO;FABRICAÇÃO DE MÁQUINAS, APARELHOS E MATERIAIS ELÉTRICOS;1.8302;11565039.2906
2000;Estados Unidos;2818;Fabricação de ferramentas manuais acionadas por motor;5549763;28;2800;Fabricação de máquinas e equipamentos mecânicos;2811;28;C;28;FABRICACIÓN DE MAQUINARIA Y EQUIPO N.C.P.;FABRICAÇÃO DE MÁQUINAS E EQUIPAMENTOS;1.8302;10157176.2426
2000;Estados Unidos;3091;Fabricação de motocicletas;5534523;30;3000;Fabricação de outros equipamentos de transporte, exceto veículos automotores;3011;30;C;30;FABRICACIÓN DE OTRO  EQUIPO DE TRANSPORTE;FABRICAÇÃO DE OUTROS EQUIPAMENTOS DE TRANSPORTE, EXCETO VEÍCULOS AUTOMOTORES;1.8302;10129283.9946
2000;Estados Unidos;2023;Fabricação de sabão e detergentes, produtos de limpeza e polimento, perfumes e produtos de toilette;5188342;202;2092;Fabricação de defensivos, desinfestantes, tintas e químicos diversos;2051;205;C;202;Fabricación de otros productos químicos;Fabricação de defensivos agrícolas e desinfestantes domissanitários;1.8302;9495703.5284
2000;Estados Unidos;2660;Fabricação de equipamentos de irradiação, eletromédicos e eletroterapêuticos;5090585;26;2600;Fabricação de equipamentos de informática, produtos eletrônicos e ópticos;2610;26;C;26;FABRICACIÓN DE PRODUCTOS DE INFORMÁTICA, DE ELECTRÓNICA Y DE ÓPTICA;FABRICAÇÃO DE EQUIPAMENTOS DE INFORMÁTICA, PRODUTOS ELETRÔNICOS E ÓPTICOS;1.8302;9316788.667
2000;Estados Unidos;2513;Fabricação de geradores de vapor, exceto caldeiras de aquecimento central de água quente;4963375;25;2500;Fabricação de produtos de metal, exceto máquinas e equipamentos;2511;25;C;25;FABRICACIÓN DE PRODUCTOS ELABORADOS DE METAL, EXCEPTO MAQUINARIA Y EQUIPO;FABRICAÇÃO DE PRODUTOS DE METAL, EXCETO MÁQUINAS E EQUIPAMENTOS;1.8302;9083968.925
2000;Estados Unidos;2391;Fabricação de produtos refratários;4720291;23;2300;Fabricação de produtos de minerais não metálicos;2311;23;C;23;FABRICACIÓN DE OTROS PRODUCTOS MINERALES NO METÁLICOS;FABRICAÇÃO DE PRODUTOS DE MINERAIS NÃO-METÁLICOS;1.8302;8639076.588200001
2000;Estados Unidos;3220;Fabricação de instrumentos musicais;4572251;32;3180;Fabricação de móveis e de produtos de indústrias diversas;3211;32;C;32;OTRAS INDUSTRIAS MANUFACTURERAS;FABRICAÇÃO DE PRODUTOS DIVERSOS;1.8302;8368133.7802
2000;Estados Unidos;2825;Fabricação de máquinas para processamento de alimentos, bebidas e tabaco;4113656;28;2800;Fabricação de máquinas e equipamentos mecânicos;2811;28;C;28;FABRICACIÓN DE MAQUINARIA Y EQUIPO N.C.P.;FABRICAÇÃO DE MÁQUINAS E EQUIPAMENTOS;1.8302;7528813.2112
2000;Estados Unidos;2680;Fabricação de mídia magnética e óptica;3193755;26;2600;Fabricação de equipamentos de informática, produtos eletrônicos e ópticos;2610;26;C;26;FABRICACIÓN DE PRODUCTOS DE INFORMÁTICA, DE ELECTRÓNICA Y DE ÓPTICA;FABRICAÇÃO DE EQUIPAMENTOS DE INFORMÁTICA, PRODUTOS ELETRÔNICOS E ÓPTICOS;1.8302;5845210.401000001
2000;Estados Unidos;2511;Fabricação de produtos metálicos estruturais;2932297;25;2500;Fabricação de produtos de metal, exceto máquinas e equipamentos;2511;25;C;25;FABRICACIÓN DE PRODUCTOS ELABORADOS DE METAL, EXCEPTO MAQUINARIA Y EQUIPO;FABRICAÇÃO DE PRODUTOS DE METAL, EXCETO MÁQUINAS E EQUIPAMENTOS;1.8302;5366689.9694
2000;Estados Unidos;1623;Fabricação de embalagens de madeira;2916990;16;1500;Fabricação de calçados e de artefatos de couro;1510;15;C;16;"PRODUCCIÓN DE MADERA Y FABRICACIÓN DE PRODUCTOS DE MADERA Y CORCHO, EXCEPTO MUEBLES; FABRICACIÓN DE ARTÍCULOS DE PAJA Y DE MATERIALES TRENZABLES";PREPARAÇÃO DE COUROS E FABRICAÇÃO DE ARTEFATOS DE COURO, ARTIGOS PARA VIAGEM E CALÇADOS;1.8302;5338675.098
2000;Estados Unidos;1391;Fabricação de tecidos de malha;2796612;13;1300;Fabricação de produtos têxteis;1311;13;C;13;FABRICACIÓN DE PRODUCTOS TEXTILES;FABRICAÇÃO DE PRODUTOS TÊXTEIS;1.8302;5118359.2824
2000;Estados Unidos;5819;Outras atividades de publicação;2757449;58;5800;Edição e edição integrada à impressão;5811;58;J;58;ACTIVIDADES DE EDICIÓN;EDIÇÃO E EDIÇÃO INTEGRADA À IMPRESSÃO;1.8302;5046683.1598000005
2000;Estados Unidos;2030;Fabricação de fibras sintéticas ou artificiais;2655305;203;2091;Fabricação de químicos orgânicos e inorgânicos, resinas e elastômeros;2040;204;C;203;Fabricación de fibras artificiales;Fabricação de fibras artificiais e sintéticas;1.8302;4859739.211
2000;Estados Unidos;0893;Extração de sal;2619598;08;0580;Extração de carvão mineral e de minerais não metálicos;0810;08;B;08;EXPLOTACIÓN DE OTRAS MINAS Y CANTERAS;EXTRAÇÃO DE MINERAIS NÃO-METÁLICOS;1.8302;4794388.2596
2000;Estados Unidos;1430;Fabricação de vestuário de malha;2354862;14;1400;Confecção de artefatos do vestuário e acessórios;1411;14;C;14;FABRICACIÓN DE PRENDAS DE VESTIR;CONFECÇÃO DE ARTIGOS DO VESTUÁRIO E ACESSÓRIOS;1.8302;4309868.4324
2000;Estados Unidos;2670;Fabricação de instrumentos ópticos e equipamento fotográfico;2027502;26;2600;Fabricação de equipamentos de informática, produtos eletrônicos e ópticos;2610;26;C;26;FABRICACIÓN DE PRODUCTOS DE INFORMÁTICA, DE ELECTRÓNICA Y DE ÓPTICA;FABRICAÇÃO DE EQUIPAMENTOS DE INFORMÁTICA, PRODUTOS ELETRÔNICOS E ÓPTICOS;1.8302;3710734.1604
2000;Estados Unidos;1393;Fabricação de tapetes e tapetes;1841977;13;1300;Fabricação de produtos têxteis;1311;13;C;13;FABRICACIÓN DE PRODUCTOS TEXTILES;FABRICAÇÃO DE PRODUTOS TÊXTEIS;1.8302;3371186.3054
2000;Estados Unidos;2812;Fabricação de equipamentos para energia hidráulica;1815520;28;2800;Fabricação de máquinas e equipamentos mecânicos;2811;28;C;28;FABRICACIÓN DE MAQUINARIA Y EQUIPO N.C.P.;FABRICAÇÃO DE MÁQUINAS E EQUIPAMENTOS;1.8302;3322764.704
2000;Estados Unidos;2740;Fabricação de equipamentos de iluminação elétrica;1717777;27;2700;Fabricação de máquinas e equipamentos elétricos;2710;27;C;27;FABRICACIÓN DE EQUIPO ELÉCTRICO;FABRICAÇÃO DE MÁQUINAS, APARELHOS E MATERIAIS ELÉTRICOS;1.8302;3143875.4654
2000;Estados Unidos;1062;Fabricação de amidos e féculas;1548920;106;1093;Outros produtos alimentares;1061;106;C;106;Elaboración de productos de molinería, almidones y productos derivados del almidón;Moagem, fabricação de produtos amiláceos e de alimentos para animais;1.8302;2834833.384
2000;Estados Unidos;1812;Atividades de serviço relacionadas à impressão;1493212;18;1800;Impressão e reprodução de gravações;1811;18;C;18;IMPRESIÓN Y REPRODUCCIÓN DE GRABACIONES;IMPRESSÃO E REPRODUÇÃO DE GRAVAÇÕES;1.8302;2732876.6024
2000;Estados Unidos;0142;Criação de cavalos e outros equinos;1253333;014;0192;Pecuária, inclusive o apoio à pecuária;0151;015;A;014;Ganadería;Pecuária;1.8302;2293850.0566000002
2000;Estados Unidos;0111;Cultivo de cereais (exceto arroz), leguminosas e oleaginosas;1120841;011;0191;Agricultura, inclusive o apoio à agricultura e a pós-colheita;0111;011;A;011;Cultivo de plantas no perenes;Produção de lavouras temporárias;1.8302;2051363.1982
2000;Estados Unidos;2012;Fabricação de fertilizantes e compostos nitrogenados;1115987;201;1992;Fabricação de biocombustíveis;1931;193;C;201;Fabricación de sustancias químicas básicas, de abonos y compuestos de nitrógeno y de plásticos y caucho sintético en formas primarias;Fabricação de biocombustíveis;1.8302;2042479.4074000001
2000;Estados Unidos;3230;Fabricação de artigos esportivos;994734;32;3180;Fabricação de móveis e de produtos de indústrias diversas;3211;32;C;32;OTRAS INDUSTRIAS MANUFACTURERAS;FABRICAÇÃO DE PRODUTOS DIVERSOS;1.8302;1820562.1668
2000;Estados Unidos;3012;Construção de barcos de recreio e desportivos;914955;30;3000;Fabricação de outros equipamentos de transporte, exceto veículos automotores;3011;30;C;30;FABRICACIÓN DE OTRO  EQUIPO DE TRANSPORTE;FABRICAÇÃO DE OUTROS EQUIPAMENTOS DE TRANSPORTE, EXCETO VEÍCULOS AUTOMOTORES;1.8302;1674550.641
2000;Estados Unidos;2815;Fabricação de fornos, fornos e queimadores de fornos;861234;28;2800;Fabricação de máquinas e equipamentos mecânicos;2811;28;C;28;FABRICACIÓN DE MAQUINARIA Y EQUIPO N.C.P.;FABRICAÇÃO DE MÁQUINAS E EQUIPAMENTOS;1.8302;1576230.4668
2000;Estados Unidos;5811;Publicação de livros;829802;58;5800;Edição e edição integrada à impressão;5811;58;J;58;ACTIVIDADES DE EDICIÓN;EDIÇÃO E EDIÇÃO INTEGRADA À IMPRESSÃO;1.8302;1518703.6204000001
2000;Estados Unidos;3212;Fabricação de bijuterias e artigos relacionados;693740;32;3180;Fabricação de móveis e de produtos de indústrias diversas;3211;32;C;32;OTRAS INDUSTRIAS MANUFACTURERAS;FABRICAÇÃO DE PRODUTOS DIVERSOS;1.8302;1269682.948
2000;Estados Unidos;1103;Fabricação de malte e bebidas maltadas.;640952;11;1100;Fabricação de bebidas;1111;11;C;11;ELABORACIÓN DE BEBIDAS;FABRICAÇÃO DE BEBIDAS;1.8302;1173070.3504
2000;Estados Unidos;0115;Cultivo de tabaco;608947;011;0191;Agricultura, inclusive o apoio à agricultura e a pós-colheita;0111;011;A;011;Cultivo de plantas no perenes;Produção de lavouras temporárias;1.8302;1114494.7994000001
2000;Estados Unidos;0230;Coleta de produtos florestais não madeireiros;594142;02;0280;"Produção florestal; pesca e aquicultura";0210;02;A;02;SILVICULTURA Y EXTRACCIÓN DE MADERA;PRODUÇÃO FLORESTAL;1.8302;1087398.6884
2000;Estados Unidos;9000;Atividades criativas, artes e entretenimento;578527;90;9080;Atividades artísticas, criativas e de espetáculos;9001;90;R;90;ACTIVIDADES CREATIVAS, ARTÍSTICAS Y DE ENTRETENIMIENTO;ATIVIDADES ARTÍSTICAS, CRIATIVAS E DE ESPETÁCULOS;1.8302;1058820.1154
2000;Estados Unidos;1050;Fabricação de produtos lácteos;548260;105;1091;Abate e produtos de carne, inclusive os produtos do laticínio e da pesca;1051;105;C;105;Elaboración de productos lácteos;Laticínios;1.8302;1003425.452
2000;Estados Unidos;5813;Publicação de jornais, revistas e periódicos;542589;58;5800;Edição e edição integrada à impressão;5811;58;J;58;ACTIVIDADES DE EDICIÓN;EDIÇÃO E EDIÇÃO INTEGRADA À IMPRESSÃO;1.8302;993046.3878
2000;Estados Unidos;1702;Fabricação de papel e cartão canelados e de embalagens de papel e cartão;534021;17;1700;Fabricação de celulose, papel e produtos de papel;1710;17;C;17;FABRICACIÓN DE PAPEL Y DE PRODUCTOS DE PAPEL;FABRICAÇÃO DE CELULOSE, PAPEL E PRODUTOS DE PAPEL;1.8302;977365.2342000001
2000;Estados Unidos;1101;Fabricação de aguardentes e outras bebidas destiladas;477366;11;1100;Fabricação de bebidas;1111;11;C;11;ELABORACIÓN DE BEBIDAS;FABRICAÇÃO DE BEBIDAS;1.8302;873675.2532
2000;Estados Unidos;1104;"Fabricação de refrigerantes; produção de águas minerais e outras águas engarrafadas";426880;11;1100;Fabricação de bebidas;1111;11;C;11;ELABORACIÓN DE BEBIDAS;FABRICAÇÃO DE BEBIDAS;1.8302;781275.7760000001
2000;Estados Unidos;0121;Cultivo de uvas;388711;012;0191;Agricultura, inclusive o apoio à agricultura e a pós-colheita;0111;011;A;012;Cultivo de plantas perennes;Produção de lavouras temporárias;1.8302;711418.8722
2000;Estados Unidos;1420;Fabricação de artigos de peles;383619;14;1400;Confecção de artefatos do vestuário e acessórios;1411;14;C;14;FABRICACIÓN DE PRENDAS DE VESTIR;CONFECÇÃO DE ARTIGOS DO VESTUÁRIO E ACESSÓRIOS;1.8302;702099.4938
2000;Estados Unidos;1061;Fabricação de produtos de moagem de grãos;339610;106;1093;Outros produtos alimentares;1061;106;C;106;Elaboración de productos de molinería, almidones y productos derivados del almidón;Moagem, fabricação de produtos amiláceos e de alimentos para animais;1.8302;621554.2220000001
2000;Estados Unidos;2652;Fabricação de cronomêtros e relógios;280386;26;2600;Fabricação de equipamentos de informática, produtos eletrônicos e ópticos;2610;26;C;26;FABRICACIÓN DE PRODUCTOS DE INFORMÁTICA, DE ELECTRÓNICA Y DE ÓPTICA;FABRICAÇÃO DE EQUIPAMENTOS DE INFORMÁTICA, PRODUTOS ELETRÔNICOS E ÓPTICOS;1.8302;513162.4572
2000;Estados Unidos;2022;Fabricação de tintas, vernizes e produtos similares, tintas de impressão e mástiques;258835;202;2092;Fabricação de defensivos, desinfestantes, tintas e químicos diversos;2051;205;C;202;Fabricación de otros productos químicos;Fabricação de defensivos agrícolas e desinfestantes domissanitários;1.8302;473719.81700000004
2000;Estados Unidos;0124;Cultivo de frutas pome e frutas de caroço;251266;012;0191;Agricultura, inclusive o apoio à agricultura e a pós-colheita;0111;011;A;012;Cultivo de plantas perennes;Produção de lavouras temporárias;1.8302;459867.0332
2000;Estados Unidos;0130;Cultivo de plantas;249156;013;0191;Agricultura, inclusive o apoio à agricultura e a pós-colheita;0141;014;A;013;Propagación de plantas;Produção de sementes e mudas certificadas;1.8302;456005.3112
2000;Estados Unidos;2920;"Fabricação de carroçarias para veículos automotores; fabricação de reboques e semi-reboques";226987;292;2991;Fabricação de automóveis, caminhões e ônibus, exceto peças;2930;293;C;292;"Fabricación de carrocerías para vehículos automotores; fabricación de remolques y semirremolques";Fabricação de cabines, carrocerias e reboques para veículos automotores;1.8302;415431.60740000004
2000;Estados Unidos;2512;Fabricação de tanques, reservatórios e recipientes de metal;170793;25;2500;Fabricação de produtos de metal, exceto máquinas e equipamentos;2511;25;C;25;FABRICACIÓN DE PRODUCTOS ELABORADOS DE METAL, EXCEPTO MAQUINARIA Y EQUIPO;FABRICAÇÃO DE PRODUTOS DE METAL, EXCETO MÁQUINAS E EQUIPAMENTOS;1.8302;312585.3486
2000;Estados Unidos;0119;Cultivo de outras culturas não perenes;159461;011;0191;Agricultura, inclusive o apoio à agricultura e a pós-colheita;0111;011;A;011;Cultivo de plantas no perenes;Produção de lavouras temporárias;1.8302;291845.5222
2000;Estados Unidos;1074;Fabricação de macarrão, talharim, cuscuz e produtos farináceos semelhantes;156946;107;1092;Fabricação e refino de açúcar;1071;107;C;107;Elaboración de otros productos alimenticios;Fabricação e refino de açúcar;1.8302;287242.5692
2000;Estados Unidos;0149;Criação de outros animais;155600;014;0192;Pecuária, inclusive o apoio à pecuária;0151;015;A;014;Ganadería;Pecuária;1.8302;284779.12
2000;Estados Unidos;1102;Fabricação de vinhos;72121;11;1100;Fabricação de bebidas;1111;11;C;11;ELABORACIÓN DE BEBIDAS;FABRICAÇÃO DE BEBIDAS;1.8302;131995.8542
2000;Estados Unidos;0220;Exploração madeireira;63088;02;0280;"Produção florestal; pesca e aquicultura";0210;02;A;02;SILVICULTURA Y EXTRACCIÓN DE MADERA;PRODUÇÃO FLORESTAL;1.8302;115463.6576
2000;Estados Unidos;3099;Fabricação de outros equipamentos de transporte n.c;54431;30;3000;Fabricação de outros equipamentos de transporte, exceto veículos automotores;3011;30;C;30;FABRICACIÓN DE OTRO  EQUIPO DE TRANSPORTE;FABRICAÇÃO DE OUTROS EQUIPAMENTOS DE TRANSPORTE, EXCETO VEÍCULOS AUTOMOTORES;1.8302;99619.6162
2000;Estados Unidos;0126;Cultivo de frutas oleaginosas;48071;012;0191;Agricultura, inclusive o apoio à agricultura e a pós-colheita;0111;011;A;012;Cultivo de plantas perennes;Produção de lavouras temporárias;1.8302;87979.5442
2000;Estados Unidos;2395;Fabricação de artigos de concreto, cimento e gesso;33986;23;2300;Fabricação de produtos de minerais não metálicos;2311;23;C;23;FABRICACIÓN DE OTROS PRODUCTOS MINERALES NO METÁLICOS;FABRICAÇÃO DE PRODUTOS DE MINERAIS NÃO-METÁLICOS;1.8302;62201.1772
2000;Estados Unidos;7420;Atividades fotográficas;21421;74;7380;Outras atividades profissionais, científicas e técnicas;7410;74;M;74;OTRAS ACTIVIDADES PROFESIONALES, CIENTÍFICAS Y TÉCNICAS;OUTRAS ATIVIDADES PROFISSIONAIS, CIENTÍFICAS E TÉCNICAS;1.8302;39204.7142
2000;Estados Unidos;3092;Fabricação de bicicletas e carruagens inválidas;21154;30;3000;Fabricação de outros equipamentos de transporte, exceto veículos automotores;3011;30;C;30;FABRICACIÓN DE OTRO  EQUIPO DE TRANSPORTE;FABRICAÇÃO DE OUTROS EQUIPAMENTOS DE TRANSPORTE, EXCETO VEÍCULOS AUTOMOTORES;1.8302;38716.050800000005
2000;Estados Unidos;5310;Atividades postais;14665;53;5280;Armazenamento, atividades auxiliares dos transportes e correio;5211;53;H;53;ALMACENAMIENTO Y ACTIVIDADES DE APOYO AL TRANSPORTE;ARMAZENAMENTO E ATIVIDADES AUXILIARES DOS TRANSPORTES;1.8302;26839.883
2000;Estados Unidos;3011;Construção de navios e estruturas flutuantes;9950;30;3000;Fabricação de outros equipamentos de transporte, exceto veículos automotores;3011;30;C;30;FABRICACIÓN DE OTRO  EQUIPO DE TRANSPORTE;FABRICAÇÃO DE OUTROS EQUIPAMENTOS DE TRANSPORTE, EXCETO VEÍCULOS AUTOMOTORES;1.8302;18210.49
2000;Estados Unidos;0129;Cultivo de outras culturas perenes;9125;012;0191;Agricultura, inclusive o apoio à agricultura e a pós-colheita;0111;011;A;012;Cultivo de plantas perennes;Produção de lavouras temporárias;1.8302;16700.575
2000;Estados Unidos;0122;Cultivo de frutas tropicais e subtropicais;4988;012;0191;Agricultura, inclusive o apoio à agricultura e a pós-colheita;0111;011;A;012;Cultivo de plantas perennes;Produção de lavouras temporárias;1.8302;9129.0376
2000;Estados Unidos;0321;Aquicultura marinha;2978;03;0280;"Produção florestal; pesca e aquicultura";0311;03;A;03;PESCA Y ACUICULTURA;PESCA E AQÜICULTURA;1.8302;5450.3356
2000;Estados Unidos;0123;Cultivo de frutas cítricas;936;012;0191;Agricultura, inclusive o apoio à agricultura e a pós-colheita;0111;011;A;012;Cultivo de plantas perennes;Produção de lavouras temporárias;1.8302;1713.0672
2000;Estados Unidos;0891;Extração de minerais químicos e fertilizantes;257;08;0580;Extração de carvão mineral e de minerais não metálicos;0810;08;B;08;EXPLOTACIÓN DE OTRAS MINAS Y CANTERAS;EXTRAÇÃO DE MINERAIS NÃO-METÁLICOS;1.8302;470.3614
2000;Estados Unidos;2394;Fabricação de cimento, cal e gesso;121;23;2300;Fabricação de produtos de minerais não metálicos;2311;23;C;23;FABRICACIÓN DE OTROS PRODUCTOS MINERALES NO METÁLICOS;FABRICAÇÃO DE PRODUTOS DE MINERAIS NÃO-METÁLICOS;1.8302;221.45420000000001
