"Ano";"Países";"Código ISIC Classe";"Descrição ISIC Classe";"Valor US$ FOB"
"2022";"Estados Unidos";"2410";"Fabricação de ferro e aço básicos";"7267463725"
"2022";"Estados Unidos";"0610";"Extração de petróleo bruto";"5064284191"
"2022";"Estados Unidos";"3030";"Fabricação de aviões e máquinas relacionadas";"2393371609"
"2022";"Estados Unidos";"2011";"Fabricação de produtos químicos básicos";"1735064778"
"2022";"Estados Unidos";"0127";"Cultivo de bebidas da safra";"1727238889"
"2022";"Estados Unidos";"1701";"Fabricação de polpa, papel e cartão";"1379586072"
"2022";"Estados Unidos";"2824";"Fabricação de máquinas para mineração, exploração de pedreiras e construção";"1318215574"
"2022";"Estados Unidos";"2420";"Fabricação de metais preciosos e outros metais não ferrosos";"1191742347"
"2022";"Estados Unidos";"1610";"Serração e aplainamento de madeira";"1107942117"
"2022";"Estados Unidos";"1010";"Processamento e conservação de carne";"1104244755"
"2022";"Estados Unidos";"2930";"Fabricação de peças e acessórios para veículos automotores";"792273712"
"2022";"Estados Unidos";"2396";"Corte, moldagem e acabamento de pedra";"744443514"
"2022";"Estados Unidos";"1030";"Processamento e conservação de frutas e legumes";"729048769"
"2022";"Estados Unidos";"2710";"Fabricação de motores elétricos, geradores, transformadores e aparelhos de distribuição e controle de energia elétrica";"696897144"
"2022";"Estados Unidos";"1920";"Fabricação de produtos petrolíferos refinados";"663661072"
"2022";"Estados Unidos";"1621";"Fabricação de folheados e painéis derivados de madeira";"650170247"
"2022";"Estados Unidos";"2029";"Fabricação de outros produtos químicos n.c";"532662330"
"2022";"Estados Unidos";"1622";"Fabricação de carpintaria e marcenaria de construtores";"484916835"
"2022";"Estados Unidos";"2211";"Fabricação de pneus e tubos; recauchutagem e reconstrução de pneus de borracha";"478413800"
"2022";"Estados Unidos";"0710";"Extração de minério de ferro";"456172618"
"2022";"Estados Unidos";"3100";"Fabricação de móveis";"350144911"
"2022";"Estados Unidos";"1520";"Fabricação de calçado";"336011929"
"2022";"Estados Unidos";"2813";"Fabricação de outras bombas, compressores, torneiras e válvulas";"305476695"
"2022";"Estados Unidos";"1079";"Fabricação de outros produtos alimentícios n.c";"298989863"
"2022";"Estados Unidos";"2599";"Fabricação de outros produtos metálicos fabricados n.c";"275215413"
"2022";"Estados Unidos";"1511";"Curtimento e vestuário de couro";"242856966"
"2022";"Estados Unidos";"2814";"Fabricação de rolamentos, engrenagens, engrenagens e elementos de acionamento";"236917696"
"2022";"Estados Unidos";"2520";"Fabricação de armas e munições";"229451835"
"2022";"Estados Unidos";"2013";"Fabricação de plásticos e borracha sintética em formas primárias";"219617475"
"2022";"Estados Unidos";"2100";"Fabricação de produtos farmacêuticos, produtos químicos medicinais e botânicos";"189658637"
"2022";"Estados Unidos";"2821";"Fabricação de maquinaria agrícola e florestal";"183153083"
"2022";"Estados Unidos";"1072";"Fabricação de açúcar";"178255833"
"2022";"Estados Unidos";"2220";"Fabricação de produtos plásticos";"162486828"
"2022";"Estados Unidos";"1200";"Fabricação de produtos de tabaco";"148236515"
"2022";"Estados Unidos";"1020";"Processamento e conservação de peixes, crustáceos e moluscos";"139695559"
"2022";"Estados Unidos";"1040";"Fabricação de óleos e gorduras vegetais e animais";"137543814"
"2022";"Estados Unidos";"2392";"Fabricação de materiais de construção de argila";"131706006"
"2022";"Estados Unidos";"8999";"Não classificado";"129164871"
"2022";"Estados Unidos";"2819";"Fabricação de outras máquinas para uso geral";"126476477"
"2022";"Estados Unidos";"3211";"Fabricação de joalharia e artigos afins";"122519341"
"2022";"Estados Unidos";"2593";"Fabricação de cutelaria, ferramentas manuais e ferragens em geral";"119496607"
"2022";"Estados Unidos";"3250";"Fabricação de instrumentos e suprimentos médicos e odontológicos";"119371119"
"2022";"Estados Unidos";"1073";"Fabricação de cacau, chocolate e produtos de confeitaria";"114884642"
"2022";"Estados Unidos";"2651";"Fabricação de equipamentos de medição, teste, navegação e controle";"111462918"
"2022";"Estados Unidos";"9000";"Atividades criativas, artes e entretenimento";"105543165"
"2022";"Estados Unidos";"0149";"Criação de outros animais";"104823569"
"2022";"Estados Unidos";"2822";"Fabricação de máquinas e máquinas-ferramentas para moldagem de metais";"83628791"
"2022";"Estados Unidos";"3290";"Outras manufaturas n.c.";"76110037"
"2022";"Estados Unidos";"2630";"Fabricação de equipamentos de comunicação";"72401999"
"2022";"Estados Unidos";"2790";"Fabricação de outro equipamento elétrico";"70427733"
"2022";"Estados Unidos";"2399";"Fabricação de outros produtos minerais não metálicos n.c";"69572830"
"2022";"Estados Unidos";"1061";"Fabricação de produtos de moagem de grãos";"64092086"
"2022";"Estados Unidos";"2620";"Fabricação de computadores e equipamentos periféricos";"61901541"
"2022";"Estados Unidos";"0311";"Pesca marinha";"61864270"
"2022";"Estados Unidos";"1629";"Fabricação de outros produtos de madeira; fabricação de artigos de cortiça, de espartaria e cestaria";"57628528"
"2022";"Estados Unidos";"2829";"Fabricação de outras máquinas para fins especiais";"54442922"
"2022";"Estados Unidos";"2825";"Fabricação de máquinas para processamento de alimentos, bebidas e tabaco";"52777040"
"2022";"Estados Unidos";"2219";"Fabricação de outros produtos de borracha";"52775916"
"2022";"Estados Unidos";"2391";"Fabricação de produtos refratários";"46800701"
"2022";"Estados Unidos";"2910";"Fabricação de veículos automotores";"44614249"
"2022";"Estados Unidos";"0113";"Cultivo de hortaliças e melões, raízes e tubérculos";"44188438"
"2022";"Estados Unidos";"2732";"Fabricação de outros fios e cabos elétricos e eletrônicos";"43055864"
"2022";"Estados Unidos";"2610";"Fabricação de componentes eletrônicos e placas";"42085583"
"2022";"Estados Unidos";"1071";"Fabricação de produtos de panificação";"40348984"
"2022";"Estados Unidos";"2023";"Fabricação de sabão e detergentes, produtos de limpeza e polimento, perfumes e produtos de toilette";"37241169"
"2022";"Estados Unidos";"0899";"Outras atividades de mineração n.c";"36360854"
"2022";"Estados Unidos";"2823";"Fabricação de máquinas para metalurgia";"35299212"
"2022";"Estados Unidos";"3091";"Fabricação de motocicletas";"34212473"
"2022";"Estados Unidos";"2640";"Fabricação de produtos eletrônicos de consumo";"34121543"
"2022";"Estados Unidos";"0125";"Cultivo de outras frutas e nozes";"33630523"
"2022";"Estados Unidos";"1050";"Fabricação de produtos lácteos";"32811629"
"2022";"Estados Unidos";"2431";"Fundição de ferro e aço";"32508585"
"2022";"Estados Unidos";"3012";"Construção de barcos de recreio e desportivos";"32094812"
"2022";"Estados Unidos";"1702";"Fabricação de papel e cartão canelados e de embalagens de papel e cartão";"32089269"
"2022";"Estados Unidos";"1410";"Fabricação de vestuário, exceto vestuários de peles";"31784686"
"2022";"Estados Unidos";"2310";"Fabricação de produtos de vidro e vidro";"31777678"
"2022";"Estados Unidos";"2811";"Fabricação de motores e turbinas, exceto aeronaves, veículos e motores de ciclo";"30495682"
"2022";"Estados Unidos";"1062";"Fabricação de amidos e féculas";"30280351"
"2022";"Estados Unidos";"0128";"Cultivo de especiarias, culturas aromáticas, medicamentosas e farmacêuticas";"29533337"
"2022";"Estados Unidos";"2817";"Fabricação de máquinas e equipamentos de escritório (exceto computadores e equipamentos periféricos)";"28482093"
"2022";"Estados Unidos";"0121";"Cultivo de uvas";"26806887"
"2022";"Estados Unidos";"2660";"Fabricação de equipamentos de irradiação, eletromédicos e eletroterapêuticos";"26529046"
"2022";"Estados Unidos";"0810";"Extração de pedra, areia e argila";"26411785"
"2022";"Estados Unidos";"0729";"Extração de outros minérios de metais não ferrosos";"24720979"
"2022";"Estados Unidos";"2812";"Fabricação de equipamentos para energia hidráulica";"24155728"
"2022";"Estados Unidos";"1623";"Fabricação de embalagens de madeira";"23397808"
"2022";"Estados Unidos";"3020";"Fabricação de locomotivas e material circulante";"23070407"
"2022";"Estados Unidos";"2816";"Fabricação de equipamentos de elevação e manuseio";"21739706"
"2022";"Estados Unidos";"1394";"Fabricação de cordéis, cordas, cordéis e redes";"21103227"
"2022";"Estados Unidos";"0893";"Extração de sal";"20059489"
"2022";"Estados Unidos";"1080";"Fabricação de alimentos para animais";"18938940"
"2022";"Estados Unidos";"1709";"Fabricação de outros artigos de papel e cartão";"17506925"
"2022";"Estados Unidos";"1399";"Fabricação de outros têxteis n.e.c.";"14895416"
"2022";"Estados Unidos";"2815";"Fabricação de fornos, fornos e queimadores de fornos";"13150178"
"2022";"Estados Unidos";"1512";"Fabricação de malas, bolsas e semelhantes, selaria e arreios";"12693580"
"2022";"Estados Unidos";"2395";"Fabricação de artigos de concreto, cimento e gesso";"12038295"
"2022";"Estados Unidos";"2731";"Fabricação de cabos de fibra ótica";"11801924"
"2022";"Estados Unidos";"2920";"Fabricação de carroçarias para veículos automotores; fabricação de reboques e semi-reboques";"11335992"
"2022";"Estados Unidos";"1101";"Fabricação de aguardentes e outras bebidas destiladas";"11196860"
"2022";"Estados Unidos";"2512";"Fabricação de tanques, reservatórios e recipientes de metal";"10186325"
"2022";"Estados Unidos";"2022";"Fabricação de tintas, vernizes e produtos similares, tintas de impressão e mástiques";"10173456"
"2022";"Estados Unidos";"1392";"Fabricação de artigos têxteis confeccionados, exceto vestuário";"8326247"
"2022";"Estados Unidos";"2720";"Fabricação de baterias e acumuladores";"8068822"
"2022";"Estados Unidos";"2826";"Fabricação de máquinas para produção de têxteis, vestuário e couro";"7967076"
"2022";"Estados Unidos";"1391";"Fabricação de tecidos de malha";"7049760"
"2022";"Estados Unidos";"3212";"Fabricação de bijuterias e artigos relacionados";"7047564"
"2022";"Estados Unidos";"2818";"Fabricação de ferramentas manuais acionadas por motor";"6809967"
"2022";"Estados Unidos";"2750";"Fabricação de eletrodomésticos";"6649409"
"2022";"Estados Unidos";"0142";"Criação de cavalos e outros equinos";"6567550"
"2022";"Estados Unidos";"2393";"Fabricação de outros produtos de porcelana e cerâmica";"6513853"
"2022";"Estados Unidos";"1104";"Fabricação de refrigerantes; produção de águas minerais e outras águas engarrafadas";"6443768"
"2022";"Estados Unidos";"1311";"Preparação e fiação de fibras têxteis";"6442990"
"2022";"Estados Unidos";"1312";"Tecelagem de têxteis";"6083161"
"2022";"Estados Unidos";"0111";"Cultivo de cereais (exceto arroz), leguminosas e oleaginosas";"5450111"
"2022";"Estados Unidos";"5811";"Publicação de livros";"5369639"
"2022";"Estados Unidos";"2740";"Fabricação de equipamentos de iluminação elétrica";"4399272"
"2022";"Estados Unidos";"1074";"Fabricação de macarrão, talharim, cuscuz e produtos farináceos semelhantes";"4025364"
"2022";"Estados Unidos";"2680";"Fabricação de mídia magnética e óptica";"3928078"
"2022";"Estados Unidos";"2012";"Fabricação de fertilizantes e compostos nitrogenados";"3427724"
"2022";"Estados Unidos";"3230";"Fabricação de artigos esportivos";"3127750"
"2022";"Estados Unidos";"1393";"Fabricação de tapetes e tapetes";"3000144"
"2022";"Estados Unidos";"0220";"Exploração madeireira";"2931013"
"2022";"Estados Unidos";"3240";"Fabricação de jogos e brinquedos";"2801648"
"2022";"Estados Unidos";"2511";"Fabricação de produtos metálicos estruturais";"2523350"
"2022";"Estados Unidos";"1430";"Fabricação de vestuário de malha";"2451039"
"2022";"Estados Unidos";"1102";"Fabricação de vinhos";"2445243"
"2022";"Estados Unidos";"1420";"Fabricação de artigos de peles";"2403860"
"2022";"Estados Unidos";"3011";"Construção de navios e estruturas flutuantes";"2267317"
"2022";"Estados Unidos";"2652";"Fabricação de cronomêtros e relógios";"2147514"
"2022";"Estados Unidos";"0230";"Coleta de produtos florestais não madeireiros";"2006808"
"2022";"Estados Unidos";"5819";"Outras atividades de publicação";"1793557"
"2022";"Estados Unidos";"2513";"Fabricação de geradores de vapor, exceto caldeiras de aquecimento central de água quente";"1766557"
"2022";"Estados Unidos";"2021";"Fabricação de pesticidas e outros produtos agroquímicos";"1740019"
"2022";"Estados Unidos";"2030";"Fabricação de fibras sintéticas ou artificiais";"1660627"
"2022";"Estados Unidos";"0130";"Cultivo de plantas";"1438167"
"2022";"Estados Unidos";"0321";"Aquicultura marinha";"1380225"
"2022";"Estados Unidos";"0115";"Cultivo de tabaco";"1277974"
"2022";"Estados Unidos";"3220";"Fabricação de instrumentos musicais";"1194998"
"2022";"Estados Unidos";"0620";"Extração de gás natural";"1104554"
"2022";"Estados Unidos";"0116";"Cultivo de culturas de fibra";"1093344"
"2022";"Estados Unidos";"2670";"Fabricação de instrumentos ópticos e equipamento fotográfico";"659802"
"2022";"Estados Unidos";"0129";"Cultivo de outras culturas perenes";"603825"
"2022";"Estados Unidos";"1103";"Fabricação de malte e bebidas maltadas.";"602751"
"2022";"Estados Unidos";"3099";"Fabricação de outros equipamentos de transporte n.c";"579850"
"2022";"Estados Unidos";"0122";"Cultivo de frutas tropicais e subtropicais";"459347"
"2022";"Estados Unidos";"0126";"Cultivo de frutas oleaginosas";"378005"
"2022";"Estados Unidos";"3092";"Fabricação de bicicletas e carruagens inválidas";"227460"
"2022";"Estados Unidos";"0123";"Cultivo de frutas cítricas";"191722"
"2022";"Estados Unidos";"9102";"Atividades de museus e operação de locais históricos e edifícios";"152074"
"2022";"Estados Unidos";"2394";"Fabricação de cimento, cal e gesso";"149134"
"2022";"Estados Unidos";"5813";"Publicação de jornais, revistas e periódicos";"143926"
"2022";"Estados Unidos";"0891";"Extração de minerais químicos e fertilizantes";"108277"
"2022";"Estados Unidos";"3830";"Recuperação de Materiais";"48656"
"2022";"Estados Unidos";"1812";"Atividades de serviço relacionadas à impressão";"45339"
"2022";"Estados Unidos";"0119";"Cultivo de outras culturas não perenes";"4322"
"2022";"Estados Unidos";"0124";"Cultivo de frutas pome e frutas de caroço";"3096"
"2022";"Estados Unidos";"0510";"Mineração de Carvão";"268"
"2022";"Estados Unidos";"3520";"Fabricação de gás; distribuição de combustíveis gasosos através de rede";"100"
"2022";"Estados Unidos";"0112";"Cultivo de arroz";"63"
"2022";"Estados Unidos";"0141";"Criação de gado e búfalos";"48"
"2021";"Estados Unidos";"2410";"Fabricação de ferro e aço básicos";"6280802519"
"2021";"Estados Unidos";"0610";"Extração de petróleo bruto";"3079455819"
"2021";"Estados Unidos";"3030";"Fabricação de aviões e máquinas relacionadas";"1773070838"
"2021";"Estados Unidos";"2011";"Fabricação de produtos químicos básicos";"1307265131"
"2021";"Estados Unidos";"1701";"Fabricação de polpa, papel e cartão";"1231275530"
"2021";"Estados Unidos";"1010";"Processamento e conservação de carne";"1148113577"
"2021";"Estados Unidos";"0127";"Cultivo de bebidas da safra";"1127768304"
"2021";"Estados Unidos";"2824";"Fabricação de máquinas para mineração, exploração de pedreiras e construção";"1057746421"
"2021";"Estados Unidos";"1920";"Fabricação de produtos petrolíferos refinados";"944569041"
"2021";"Estados Unidos";"2420";"Fabricação de metais preciosos e outros metais não ferrosos";"865761298"
"2021";"Estados Unidos";"2396";"Corte, moldagem e acabamento de pedra";"832921239"
"2021";"Estados Unidos";"1610";"Serração e aplainamento de madeira";"824588288"
"2021";"Estados Unidos";"1621";"Fabricação de folheados e painéis derivados de madeira";"738180678"
"2021";"Estados Unidos";"2710";"Fabricação de motores elétricos, geradores, transformadores e aparelhos de distribuição e controle de energia elétrica";"704317093"
"2021";"Estados Unidos";"2930";"Fabricação de peças e acessórios para veículos automotores";"663827637"
"2021";"Estados Unidos";"1030";"Processamento e conservação de frutas e legumes";"511518463"
"2021";"Estados Unidos";"1622";"Fabricação de carpintaria e marcenaria de construtores";"481283177"
"2021";"Estados Unidos";"0710";"Extração de minério de ferro";"469500582"
"2021";"Estados Unidos";"2211";"Fabricação de pneus e tubos; recauchutagem e reconstrução de pneus de borracha";"409384410"
"2021";"Estados Unidos";"2029";"Fabricação de outros produtos químicos n.c";"362854346"
"2021";"Estados Unidos";"3100";"Fabricação de móveis";"361222766"
"2021";"Estados Unidos";"2813";"Fabricação de outras bombas, compressores, torneiras e válvulas";"357882253"
"2021";"Estados Unidos";"8999";"Não classificado";"252946347"
"2021";"Estados Unidos";"1520";"Fabricação de calçado";"229798585"
"2021";"Estados Unidos";"2814";"Fabricação de rolamentos, engrenagens, engrenagens e elementos de acionamento";"221858264"
"2021";"Estados Unidos";"1511";"Curtimento e vestuário de couro";"219440764"
"2021";"Estados Unidos";"2599";"Fabricação de outros produtos metálicos fabricados n.c";"213456484"
"2021";"Estados Unidos";"2520";"Fabricação de armas e munições";"211914137"
"2021";"Estados Unidos";"1079";"Fabricação de outros produtos alimentícios n.c";"204731939"
"2021";"Estados Unidos";"1072";"Fabricação de açúcar";"196893107"
"2021";"Estados Unidos";"2013";"Fabricação de plásticos e borracha sintética em formas primárias";"191786852"
"2021";"Estados Unidos";"2100";"Fabricação de produtos farmacêuticos, produtos químicos medicinais e botânicos";"170706148"
"2021";"Estados Unidos";"1020";"Processamento e conservação de peixes, crustáceos e moluscos";"169298445"
"2021";"Estados Unidos";"2220";"Fabricação de produtos plásticos";"167903369"
"2021";"Estados Unidos";"2821";"Fabricação de maquinaria agrícola e florestal";"155365927"
"2021";"Estados Unidos";"2392";"Fabricação de materiais de construção de argila";"135904845"
"2021";"Estados Unidos";"1200";"Fabricação de produtos de tabaco";"122063612"
"2021";"Estados Unidos";"0149";"Criação de outros animais";"114950817"
"2021";"Estados Unidos";"1073";"Fabricação de cacau, chocolate e produtos de confeitaria";"113939038"
"2021";"Estados Unidos";"3211";"Fabricação de joalharia e artigos afins";"103347815"
"2021";"Estados Unidos";"9000";"Atividades criativas, artes e entretenimento";"100728981"
"2021";"Estados Unidos";"2651";"Fabricação de equipamentos de medição, teste, navegação e controle";"100142232"
"2021";"Estados Unidos";"3250";"Fabricação de instrumentos e suprimentos médicos e odontológicos";"99617278"
"2021";"Estados Unidos";"2593";"Fabricação de cutelaria, ferramentas manuais e ferragens em geral";"92363259"
"2021";"Estados Unidos";"0111";"Cultivo de cereais (exceto arroz), leguminosas e oleaginosas";"91454316"
"2021";"Estados Unidos";"2819";"Fabricação de outras máquinas para uso geral";"86302381"
"2021";"Estados Unidos";"1040";"Fabricação de óleos e gorduras vegetais e animais";"83274180"
"2021";"Estados Unidos";"3290";"Outras manufaturas n.c.";"73920646"
"2021";"Estados Unidos";"1629";"Fabricação de outros produtos de madeira; fabricação de artigos de cortiça, de espartaria e cestaria";"72701601"
"2021";"Estados Unidos";"0125";"Cultivo de outras frutas e nozes";"64207681"
"2021";"Estados Unidos";"0113";"Cultivo de hortaliças e melões, raízes e tubérculos";"57873209"
"2021";"Estados Unidos";"1061";"Fabricação de produtos de moagem de grãos";"52531079"
"2021";"Estados Unidos";"0128";"Cultivo de especiarias, culturas aromáticas, medicamentosas e farmacêuticas";"51478705"
"2021";"Estados Unidos";"2399";"Fabricação de outros produtos minerais não metálicos n.c";"51091864"
"2021";"Estados Unidos";"0311";"Pesca marinha";"49868713"
"2021";"Estados Unidos";"2620";"Fabricação de computadores e equipamentos periféricos";"46260439"
"2021";"Estados Unidos";"2732";"Fabricação de outros fios e cabos elétricos e eletrônicos";"45195112"
"2021";"Estados Unidos";"2790";"Fabricação de outro equipamento elétrico";"44916213"
"2021";"Estados Unidos";"2630";"Fabricação de equipamentos de comunicação";"44264038"
"2021";"Estados Unidos";"2822";"Fabricação de máquinas e máquinas-ferramentas para moldagem de metais";"44080524"
"2021";"Estados Unidos";"2219";"Fabricação de outros produtos de borracha";"43673695"
"2021";"Estados Unidos";"2829";"Fabricação de outras máquinas para fins especiais";"41172346"
"2021";"Estados Unidos";"2640";"Fabricação de produtos eletrônicos de consumo";"39598273"
"2021";"Estados Unidos";"2610";"Fabricação de componentes eletrônicos e placas";"39231560"
"2021";"Estados Unidos";"0121";"Cultivo de uvas";"36525214"
"2021";"Estados Unidos";"0899";"Outras atividades de mineração n.c";"35766335"
"2021";"Estados Unidos";"0729";"Extração de outros minérios de metais não ferrosos";"33133606"
"2021";"Estados Unidos";"3091";"Fabricação de motocicletas";"32882461"
"2021";"Estados Unidos";"2811";"Fabricação de motores e turbinas, exceto aeronaves, veículos e motores de ciclo";"32730313"
"2021";"Estados Unidos";"2825";"Fabricação de máquinas para processamento de alimentos, bebidas e tabaco";"32594974"
"2021";"Estados Unidos";"1071";"Fabricação de produtos de panificação";"31500787"
"2021";"Estados Unidos";"2823";"Fabricação de máquinas para metalurgia";"31337545"
"2021";"Estados Unidos";"2910";"Fabricação de veículos automotores";"30301874"
"2021";"Estados Unidos";"2310";"Fabricação de produtos de vidro e vidro";"28703383"
"2021";"Estados Unidos";"2720";"Fabricação de baterias e acumuladores";"26978908"
"2021";"Estados Unidos";"1702";"Fabricação de papel e cartão canelados e de embalagens de papel e cartão";"26849482"
"2021";"Estados Unidos";"2023";"Fabricação de sabão e detergentes, produtos de limpeza e polimento, perfumes e produtos de toilette";"26018434"
"2021";"Estados Unidos";"1410";"Fabricação de vestuário, exceto vestuários de peles";"24664204"
"2021";"Estados Unidos";"1080";"Fabricação de alimentos para animais";"24628632"
"2021";"Estados Unidos";"1062";"Fabricação de amidos e féculas";"23719921"
"2021";"Estados Unidos";"0810";"Extração de pedra, areia e argila";"22818414"
"2021";"Estados Unidos";"1709";"Fabricação de outros artigos de papel e cartão";"22598292"
"2021";"Estados Unidos";"2816";"Fabricação de equipamentos de elevação e manuseio";"19944673"
"2021";"Estados Unidos";"1394";"Fabricação de cordéis, cordas, cordéis e redes";"19131152"
"2021";"Estados Unidos";"2812";"Fabricação de equipamentos para energia hidráulica";"18233317"
"2021";"Estados Unidos";"3012";"Construção de barcos de recreio e desportivos";"17923075"
"2021";"Estados Unidos";"1050";"Fabricação de produtos lácteos";"15676959"
"2021";"Estados Unidos";"2660";"Fabricação de equipamentos de irradiação, eletromédicos e eletroterapêuticos";"15632048"
"2021";"Estados Unidos";"2395";"Fabricação de artigos de concreto, cimento e gesso";"15432563"
"2021";"Estados Unidos";"2815";"Fabricação de fornos, fornos e queimadores de fornos";"15077653"
"2021";"Estados Unidos";"1623";"Fabricação de embalagens de madeira";"13408324"
"2021";"Estados Unidos";"1512";"Fabricação de malas, bolsas e semelhantes, selaria e arreios";"11903662"
"2021";"Estados Unidos";"2431";"Fundição de ferro e aço";"10186999"
"2021";"Estados Unidos";"3020";"Fabricação de locomotivas e material circulante";"9950213"
"2021";"Estados Unidos";"2512";"Fabricação de tanques, reservatórios e recipientes de metal";"9423889"
"2021";"Estados Unidos";"1399";"Fabricação de outros têxteis n.e.c.";"9147566"
"2021";"Estados Unidos";"2818";"Fabricação de ferramentas manuais acionadas por motor";"8729990"
"2021";"Estados Unidos";"2826";"Fabricação de máquinas para produção de têxteis, vestuário e couro";"8683909"
"2021";"Estados Unidos";"3212";"Fabricação de bijuterias e artigos relacionados";"7992293"
"2021";"Estados Unidos";"1311";"Preparação e fiação de fibras têxteis";"7907547"
"2021";"Estados Unidos";"2022";"Fabricação de tintas, vernizes e produtos similares, tintas de impressão e mástiques";"7294201"
"2021";"Estados Unidos";"1391";"Fabricação de tecidos de malha";"7200242"
"2021";"Estados Unidos";"1392";"Fabricação de artigos têxteis confeccionados, exceto vestuário";"6871950"
"2021";"Estados Unidos";"1104";"Fabricação de refrigerantes; produção de águas minerais e outras águas engarrafadas";"6685238"
"2021";"Estados Unidos";"0893";"Extração de sal";"5699523"
"2021";"Estados Unidos";"2731";"Fabricação de cabos de fibra ótica";"5602703"
"2021";"Estados Unidos";"1312";"Tecelagem de têxteis";"5358428"
"2021";"Estados Unidos";"2750";"Fabricação de eletrodomésticos";"5226421"
"2021";"Estados Unidos";"2511";"Fabricação de produtos metálicos estruturais";"5146866"
"2021";"Estados Unidos";"0142";"Criação de cavalos e outros equinos";"5064694"
"2021";"Estados Unidos";"0220";"Exploração madeireira";"4945816"
"2021";"Estados Unidos";"2391";"Fabricação de produtos refratários";"4928974"
"2021";"Estados Unidos";"0321";"Aquicultura marinha";"4638595"
"2021";"Estados Unidos";"1101";"Fabricação de aguardentes e outras bebidas destiladas";"4525164"
"2021";"Estados Unidos";"2393";"Fabricação de outros produtos de porcelana e cerâmica";"4458411"
"2021";"Estados Unidos";"2652";"Fabricação de cronomêtros e relógios";"4212369"
"2021";"Estados Unidos";"2740";"Fabricação de equipamentos de iluminação elétrica";"3406881"
"2021";"Estados Unidos";"3230";"Fabricação de artigos esportivos";"3000081"
"2021";"Estados Unidos";"2030";"Fabricação de fibras sintéticas ou artificiais";"2969180"
"2021";"Estados Unidos";"5819";"Outras atividades de publicação";"2893897"
"2021";"Estados Unidos";"5811";"Publicação de livros";"2726772"
"2021";"Estados Unidos";"2021";"Fabricação de pesticidas e outros produtos agroquímicos";"2646296"
"2021";"Estados Unidos";"1420";"Fabricação de artigos de peles";"2538830"
"2021";"Estados Unidos";"3240";"Fabricação de jogos e brinquedos";"2394775"
"2021";"Estados Unidos";"1102";"Fabricação de vinhos";"2367731"
"2021";"Estados Unidos";"1430";"Fabricação de vestuário de malha";"2161382"
"2021";"Estados Unidos";"0620";"Extração de gás natural";"2064806"
"2021";"Estados Unidos";"3220";"Fabricação de instrumentos musicais";"1973627"
"2021";"Estados Unidos";"2920";"Fabricação de carroçarias para veículos automotores; fabricação de reboques e semi-reboques";"1860758"
"2021";"Estados Unidos";"2012";"Fabricação de fertilizantes e compostos nitrogenados";"1778984"
"2021";"Estados Unidos";"3011";"Construção de navios e estruturas flutuantes";"1716004"
"2021";"Estados Unidos";"2670";"Fabricação de instrumentos ópticos e equipamento fotográfico";"1633946"
"2021";"Estados Unidos";"0130";"Cultivo de plantas";"1551663"
"2021";"Estados Unidos";"0129";"Cultivo de outras culturas perenes";"1528274"
"2021";"Estados Unidos";"2817";"Fabricação de máquinas e equipamentos de escritório (exceto computadores e equipamentos periféricos)";"1518921"
"2021";"Estados Unidos";"0230";"Coleta de produtos florestais não madeireiros";"1486824"
"2021";"Estados Unidos";"1393";"Fabricação de tapetes e tapetes";"1388959"
"2021";"Estados Unidos";"0115";"Cultivo de tabaco";"1384559"
"2021";"Estados Unidos";"2513";"Fabricação de geradores de vapor, exceto caldeiras de aquecimento central de água quente";"1315397"
"2021";"Estados Unidos";"1074";"Fabricação de macarrão, talharim, cuscuz e produtos farináceos semelhantes";"1258712"
"2021";"Estados Unidos";"0891";"Extração de minerais químicos e fertilizantes";"1179802"
"2021";"Estados Unidos";"2680";"Fabricação de mídia magnética e óptica";"569168"
"2021";"Estados Unidos";"0122";"Cultivo de frutas tropicais e subtropicais";"430424"
"2021";"Estados Unidos";"1103";"Fabricação de malte e bebidas maltadas.";"427564"
"2021";"Estados Unidos";"3099";"Fabricação de outros equipamentos de transporte n.c";"272783"
"2021";"Estados Unidos";"3092";"Fabricação de bicicletas e carruagens inválidas";"226255"
"2021";"Estados Unidos";"0119";"Cultivo de outras culturas não perenes";"222435"
"2021";"Estados Unidos";"0126";"Cultivo de frutas oleaginosas";"192446"
"2021";"Estados Unidos";"1812";"Atividades de serviço relacionadas à impressão";"192005"
"2021";"Estados Unidos";"5813";"Publicação de jornais, revistas e periódicos";"93579"
"2021";"Estados Unidos";"0116";"Cultivo de culturas de fibra";"87435"
"2021";"Estados Unidos";"2394";"Fabricação de cimento, cal e gesso";"69293"
"2021";"Estados Unidos";"0892";"Extração de turfa";"43296"
"2021";"Estados Unidos";"0124";"Cultivo de frutas pome e frutas de caroço";"35099"
"2021";"Estados Unidos";"9102";"Atividades de museus e operação de locais históricos e edifícios";"32737"
"2021";"Estados Unidos";"0123";"Cultivo de frutas cítricas";"5122"
"2021";"Estados Unidos";"0112";"Cultivo de arroz";"83"
"2021";"Estados Unidos";"0510";"Mineração de Carvão";"48"
"2020";"Estados Unidos";"2410";"Fabricação de ferro e aço básicos";"2702589526"
"2020";"Estados Unidos";"3030";"Fabricação de aviões e máquinas relacionadas";"2160410454"
"2020";"Estados Unidos";"0610";"Extração de petróleo bruto";"1359496187"
"2020";"Estados Unidos";"1701";"Fabricação de polpa, papel e cartão";"1034570246"
"2020";"Estados Unidos";"2011";"Fabricação de produtos químicos básicos";"999061549"
"2020";"Estados Unidos";"0127";"Cultivo de bebidas da safra";"932177328"
"2020";"Estados Unidos";"2824";"Fabricação de máquinas para mineração, exploração de pedreiras e construção";"742362047"
"2020";"Estados Unidos";"1920";"Fabricação de produtos petrolíferos refinados";"711617867"
"2020";"Estados Unidos";"2710";"Fabricação de motores elétricos, geradores, transformadores e aparelhos de distribuição e controle de energia elétrica";"683193285"
"2020";"Estados Unidos";"2420";"Fabricação de metais preciosos e outros metais não ferrosos";"664093512"
"2020";"Estados Unidos";"1610";"Serração e aplainamento de madeira";"634982755"
"2020";"Estados Unidos";"2396";"Corte, moldagem e acabamento de pedra";"617026839"
"2020";"Estados Unidos";"1010";"Processamento e conservação de carne";"556522597"
"2020";"Estados Unidos";"2930";"Fabricação de peças e acessórios para veículos automotores";"521867041"
"2020";"Estados Unidos";"1621";"Fabricação de folheados e painéis derivados de madeira";"394257919"
"2020";"Estados Unidos";"1030";"Processamento e conservação de frutas e legumes";"358476263"
"2020";"Estados Unidos";"1622";"Fabricação de carpintaria e marcenaria de construtores";"348232730"
"2020";"Estados Unidos";"2029";"Fabricação de outros produtos químicos n.c";"343376539"
"2020";"Estados Unidos";"2211";"Fabricação de pneus e tubos; recauchutagem e reconstrução de pneus de borracha";"300326647"
"2020";"Estados Unidos";"1072";"Fabricação de açúcar";"296796306"
"2020";"Estados Unidos";"3100";"Fabricação de móveis";"269590417"
"2020";"Estados Unidos";"2813";"Fabricação de outras bombas, compressores, torneiras e válvulas";"231697805"
"2020";"Estados Unidos";"2599";"Fabricação de outros produtos metálicos fabricados n.c";"225229214"
"2020";"Estados Unidos";"1079";"Fabricação de outros produtos alimentícios n.c";"216873168"
"2020";"Estados Unidos";"2814";"Fabricação de rolamentos, engrenagens, engrenagens e elementos de acionamento";"208007599"
"2020";"Estados Unidos";"0710";"Extração de minério de ferro";"203743182"
"2020";"Estados Unidos";"1511";"Curtimento e vestuário de couro";"187082181"
"2020";"Estados Unidos";"2520";"Fabricação de armas e munições";"185141508"
"2020";"Estados Unidos";"2100";"Fabricação de produtos farmacêuticos, produtos químicos medicinais e botânicos";"180399048"
"2020";"Estados Unidos";"3250";"Fabricação de instrumentos e suprimentos médicos e odontológicos";"148977745"
"2020";"Estados Unidos";"1520";"Fabricação de calçado";"139115622"
"2020";"Estados Unidos";"2220";"Fabricação de produtos plásticos";"134231344"
"2020";"Estados Unidos";"2013";"Fabricação de plásticos e borracha sintética em formas primárias";"128472343"
"2020";"Estados Unidos";"2392";"Fabricação de materiais de construção de argila";"126411135"
"2020";"Estados Unidos";"1200";"Fabricação de produtos de tabaco";"120385430"
"2020";"Estados Unidos";"1020";"Processamento e conservação de peixes, crustáceos e moluscos";"113806481"
"2020";"Estados Unidos";"8999";"Não classificado";"113146532"
"2020";"Estados Unidos";"1073";"Fabricação de cacau, chocolate e produtos de confeitaria";"103471169"
"2020";"Estados Unidos";"2821";"Fabricação de maquinaria agrícola e florestal";"91491361"
"2020";"Estados Unidos";"2651";"Fabricação de equipamentos de medição, teste, navegação e controle";"85645304"
"2020";"Estados Unidos";"2819";"Fabricação de outras máquinas para uso geral";"79360043"
"2020";"Estados Unidos";"0149";"Criação de outros animais";"71323149"
"2020";"Estados Unidos";"3290";"Outras manufaturas n.c.";"68873588"
"2020";"Estados Unidos";"2593";"Fabricação de cutelaria, ferramentas manuais e ferragens em geral";"65156578"
"2020";"Estados Unidos";"3211";"Fabricação de joalharia e artigos afins";"61437796"
"2020";"Estados Unidos";"0113";"Cultivo de hortaliças e melões, raízes e tubérculos";"59753447"
"2020";"Estados Unidos";"1061";"Fabricação de produtos de moagem de grãos";"57483233"
"2020";"Estados Unidos";"2829";"Fabricação de outras máquinas para fins especiais";"56630486"
"2020";"Estados Unidos";"2630";"Fabricação de equipamentos de comunicação";"55155063"
"2020";"Estados Unidos";"2822";"Fabricação de máquinas e máquinas-ferramentas para moldagem de metais";"51583329"
"2020";"Estados Unidos";"0128";"Cultivo de especiarias, culturas aromáticas, medicamentosas e farmacêuticas";"50535220"
"2020";"Estados Unidos";"1629";"Fabricação de outros produtos de madeira; fabricação de artigos de cortiça, de espartaria e cestaria";"44919038"
"2020";"Estados Unidos";"2790";"Fabricação de outro equipamento elétrico";"44788346"
"2020";"Estados Unidos";"2219";"Fabricação de outros produtos de borracha";"43881013"
"2020";"Estados Unidos";"2399";"Fabricação de outros produtos minerais não metálicos n.c";"43121066"
"2020";"Estados Unidos";"9000";"Atividades criativas, artes e entretenimento";"41931342"
"2020";"Estados Unidos";"2811";"Fabricação de motores e turbinas, exceto aeronaves, veículos e motores de ciclo";"41809498"
"2020";"Estados Unidos";"2610";"Fabricação de componentes eletrônicos e placas";"40826410"
"2020";"Estados Unidos";"0899";"Outras atividades de mineração n.c";"40624505"
"2020";"Estados Unidos";"0125";"Cultivo de outras frutas e nozes";"40549816"
"2020";"Estados Unidos";"2732";"Fabricação de outros fios e cabos elétricos e eletrônicos";"39438575"
"2020";"Estados Unidos";"1040";"Fabricação de óleos e gorduras vegetais e animais";"36418794"
"2020";"Estados Unidos";"2620";"Fabricação de computadores e equipamentos periféricos";"33227642"
"2020";"Estados Unidos";"1071";"Fabricação de produtos de panificação";"32482003"
"2020";"Estados Unidos";"2823";"Fabricação de máquinas para metalurgia";"30539275"
"2020";"Estados Unidos";"0311";"Pesca marinha";"28441131"
"2020";"Estados Unidos";"2391";"Fabricação de produtos refratários";"28339776"
"2020";"Estados Unidos";"0810";"Extração de pedra, areia e argila";"26701421"
"2020";"Estados Unidos";"1702";"Fabricação de papel e cartão canelados e de embalagens de papel e cartão";"23775987"
"2020";"Estados Unidos";"1394";"Fabricação de cordéis, cordas, cordéis e redes";"23382846"
"2020";"Estados Unidos";"0121";"Cultivo de uvas";"22376210"
"2020";"Estados Unidos";"2640";"Fabricação de produtos eletrônicos de consumo";"22169471"
"2020";"Estados Unidos";"2310";"Fabricação de produtos de vidro e vidro";"21646764"
"2020";"Estados Unidos";"2023";"Fabricação de sabão e detergentes, produtos de limpeza e polimento, perfumes e produtos de toilette";"21551614"
"2020";"Estados Unidos";"3091";"Fabricação de motocicletas";"18977770"
"2020";"Estados Unidos";"2825";"Fabricação de máquinas para processamento de alimentos, bebidas e tabaco";"18690926"
"2020";"Estados Unidos";"1709";"Fabricação de outros artigos de papel e cartão";"18427751"
"2020";"Estados Unidos";"0893";"Extração de sal";"17813643"
"2020";"Estados Unidos";"2511";"Fabricação de produtos metálicos estruturais";"16917068"
"2020";"Estados Unidos";"2812";"Fabricação de equipamentos para energia hidráulica";"16711301"
"2020";"Estados Unidos";"1410";"Fabricação de vestuário, exceto vestuários de peles";"16271284"
"2020";"Estados Unidos";"1062";"Fabricação de amidos e féculas";"16042490"
"2020";"Estados Unidos";"2660";"Fabricação de equipamentos de irradiação, eletromédicos e eletroterapêuticos";"14995913"
"2020";"Estados Unidos";"1399";"Fabricação de outros têxteis n.e.c.";"14246430"
"2020";"Estados Unidos";"2720";"Fabricação de baterias e acumuladores";"13315467"
"2020";"Estados Unidos";"0729";"Extração de outros minérios de metais não ferrosos";"13261742"
"2020";"Estados Unidos";"2816";"Fabricação de equipamentos de elevação e manuseio";"12928465"
"2020";"Estados Unidos";"3020";"Fabricação de locomotivas e material circulante";"12479038"
"2020";"Estados Unidos";"2030";"Fabricação de fibras sintéticas ou artificiais";"10462321"
"2020";"Estados Unidos";"1392";"Fabricação de artigos têxteis confeccionados, exceto vestuário";"10122578"
"2020";"Estados Unidos";"2395";"Fabricação de artigos de concreto, cimento e gesso";"9207150"
"2020";"Estados Unidos";"1050";"Fabricação de produtos lácteos";"8936080"
"2020";"Estados Unidos";"1623";"Fabricação de embalagens de madeira";"8777318"
"2020";"Estados Unidos";"2512";"Fabricação de tanques, reservatórios e recipientes de metal";"8712264"
"2020";"Estados Unidos";"2022";"Fabricação de tintas, vernizes e produtos similares, tintas de impressão e mástiques";"7878895"
"2020";"Estados Unidos";"1311";"Preparação e fiação de fibras têxteis";"7670642"
"2020";"Estados Unidos";"1512";"Fabricação de malas, bolsas e semelhantes, selaria e arreios";"7611203"
"2020";"Estados Unidos";"2431";"Fundição de ferro e aço";"7513609"
"2020";"Estados Unidos";"2910";"Fabricação de veículos automotores";"7469389"
"2020";"Estados Unidos";"3012";"Construção de barcos de recreio e desportivos";"7347147"
"2020";"Estados Unidos";"2818";"Fabricação de ferramentas manuais acionadas por motor";"6994683"
"2020";"Estados Unidos";"0111";"Cultivo de cereais (exceto arroz), leguminosas e oleaginosas";"6788527"
"2020";"Estados Unidos";"2652";"Fabricação de cronomêtros e relógios";"6341790"
"2020";"Estados Unidos";"3212";"Fabricação de bijuterias e artigos relacionados";"6024461"
"2020";"Estados Unidos";"1391";"Fabricação de tecidos de malha";"5666416"
"2020";"Estados Unidos";"1104";"Fabricação de refrigerantes; produção de águas minerais e outras águas engarrafadas";"5108497"
"2020";"Estados Unidos";"1080";"Fabricação de alimentos para animais";"5072171"
"2020";"Estados Unidos";"1312";"Tecelagem de têxteis";"5004254"
"2020";"Estados Unidos";"2826";"Fabricação de máquinas para produção de têxteis, vestuário e couro";"4917863"
"2020";"Estados Unidos";"2393";"Fabricação de outros produtos de porcelana e cerâmica";"4437992"
"2020";"Estados Unidos";"0220";"Exploração madeireira";"4402635"
"2020";"Estados Unidos";"0142";"Criação de cavalos e outros equinos";"4161084"
"2020";"Estados Unidos";"2750";"Fabricação de eletrodomésticos";"4146457"
"2020";"Estados Unidos";"1101";"Fabricação de aguardentes e outras bebidas destiladas";"3989271"
"2020";"Estados Unidos";"3011";"Construção de navios e estruturas flutuantes";"3969475"
"2020";"Estados Unidos";"2815";"Fabricação de fornos, fornos e queimadores de fornos";"3688951"
"2020";"Estados Unidos";"2021";"Fabricação de pesticidas e outros produtos agroquímicos";"3675590"
"2020";"Estados Unidos";"5811";"Publicação de livros";"3074793"
"2020";"Estados Unidos";"1074";"Fabricação de macarrão, talharim, cuscuz e produtos farináceos semelhantes";"2691362"
"2020";"Estados Unidos";"2731";"Fabricação de cabos de fibra ótica";"2606751"
"2020";"Estados Unidos";"2740";"Fabricação de equipamentos de iluminação elétrica";"2384305"
"2020";"Estados Unidos";"2817";"Fabricação de máquinas e equipamentos de escritório (exceto computadores e equipamentos periféricos)";"2369398"
"2020";"Estados Unidos";"1102";"Fabricação de vinhos";"2295657"
"2020";"Estados Unidos";"1420";"Fabricação de artigos de peles";"1897810"
"2020";"Estados Unidos";"1430";"Fabricação de vestuário de malha";"1689603"
"2020";"Estados Unidos";"2680";"Fabricação de mídia magnética e óptica";"1584563"
"2020";"Estados Unidos";"3220";"Fabricação de instrumentos musicais";"1425711"
"2020";"Estados Unidos";"1393";"Fabricação de tapetes e tapetes";"1391734"
"2020";"Estados Unidos";"5819";"Outras atividades de publicação";"1347032"
"2020";"Estados Unidos";"3240";"Fabricação de jogos e brinquedos";"1296210"
"2020";"Estados Unidos";"3230";"Fabricação de artigos esportivos";"1295483"
"2020";"Estados Unidos";"0321";"Aquicultura marinha";"1105396"
"2020";"Estados Unidos";"0115";"Cultivo de tabaco";"1063722"
"2020";"Estados Unidos";"2920";"Fabricação de carroçarias para veículos automotores; fabricação de reboques e semi-reboques";"1047534"
"2020";"Estados Unidos";"0230";"Coleta de produtos florestais não madeireiros";"1031691"
"2020";"Estados Unidos";"0116";"Cultivo de culturas de fibra";"924273"
"2020";"Estados Unidos";"2012";"Fabricação de fertilizantes e compostos nitrogenados";"917199"
"2020";"Estados Unidos";"3092";"Fabricação de bicicletas e carruagens inválidas";"858360"
"2020";"Estados Unidos";"2670";"Fabricação de instrumentos ópticos e equipamento fotográfico";"835916"
"2020";"Estados Unidos";"2513";"Fabricação de geradores de vapor, exceto caldeiras de aquecimento central de água quente";"692288"
"2020";"Estados Unidos";"0130";"Cultivo de plantas";"652270"
"2020";"Estados Unidos";"3099";"Fabricação de outros equipamentos de transporte n.c";"599412"
"2020";"Estados Unidos";"0129";"Cultivo de outras culturas perenes";"527004"
"2020";"Estados Unidos";"0119";"Cultivo de outras culturas não perenes";"419021"
"2020";"Estados Unidos";"1103";"Fabricação de malte e bebidas maltadas.";"293720"
"2020";"Estados Unidos";"0122";"Cultivo de frutas tropicais e subtropicais";"265136"
"2020";"Estados Unidos";"0126";"Cultivo de frutas oleaginosas";"164702"
"2020";"Estados Unidos";"0891";"Extração de minerais químicos e fertilizantes";"134635"
"2020";"Estados Unidos";"2394";"Fabricação de cimento, cal e gesso";"126522"
"2020";"Estados Unidos";"5813";"Publicação de jornais, revistas e periódicos";"95447"
"2020";"Estados Unidos";"9102";"Atividades de museus e operação de locais históricos e edifícios";"70536"
"2020";"Estados Unidos";"1812";"Atividades de serviço relacionadas à impressão";"46021"
"2020";"Estados Unidos";"3830";"Recuperação de Materiais";"21770"
"2020";"Estados Unidos";"0123";"Cultivo de frutas cítricas";"18754"
"2020";"Estados Unidos";"0124";"Cultivo de frutas pome e frutas de caroço";"1965"
"2020";"Estados Unidos";"0620";"Extração de gás natural";"800"
"2020";"Estados Unidos";"0510";"Mineração de Carvão";"466"
"2020";"Estados Unidos";"1910";"Fabricação de produtos de forno de coque";"300"
"2020";"Estados Unidos";"0112";"Cultivo de arroz";"21"
"2019";"Estados Unidos";"2410";"Fabricação de ferro e aço básicos";"4057590377"
"2019";"Estados Unidos";"3030";"Fabricação de aviões e máquinas relacionadas";"3529069663"
"2019";"Estados Unidos";"0610";"Extração de petróleo bruto";"3219075800"
"2019";"Estados Unidos";"1920";"Fabricação de produtos petrolíferos refinados";"1768455755"
"2019";"Estados Unidos";"2011";"Fabricação de produtos químicos básicos";"1510680004"
"2019";"Estados Unidos";"1701";"Fabricação de polpa, papel e cartão";"1343808899"
"2019";"Estados Unidos";"2824";"Fabricação de máquinas para mineração, exploração de pedreiras e construção";"1287442446"
"2019";"Estados Unidos";"0127";"Cultivo de bebidas da safra";"911935137"
"2019";"Estados Unidos";"2930";"Fabricação de peças e acessórios para veículos automotores";"782298571"
"2019";"Estados Unidos";"2420";"Fabricação de metais preciosos e outros metais não ferrosos";"756925556"
"2019";"Estados Unidos";"2710";"Fabricação de motores elétricos, geradores, transformadores e aparelhos de distribuição e controle de energia elétrica";"684802555"
"2019";"Estados Unidos";"2396";"Corte, moldagem e acabamento de pedra";"626508648"
"2019";"Estados Unidos";"1610";"Serração e aplainamento de madeira";"571679091"
"2019";"Estados Unidos";"1010";"Processamento e conservação de carne";"443416539"
"2019";"Estados Unidos";"1030";"Processamento e conservação de frutas e legumes";"442165390"
"2019";"Estados Unidos";"2211";"Fabricação de pneus e tubos; recauchutagem e reconstrução de pneus de borracha";"408710749"
"2019";"Estados Unidos";"2813";"Fabricação de outras bombas, compressores, torneiras e válvulas";"339842624"
"2019";"Estados Unidos";"2029";"Fabricação de outros produtos químicos n.c";"327991305"
"2019";"Estados Unidos";"2814";"Fabricação de rolamentos, engrenagens, engrenagens e elementos de acionamento";"315281764"
"2019";"Estados Unidos";"1621";"Fabricação de folheados e painéis derivados de madeira";"306884914"
"2019";"Estados Unidos";"2651";"Fabricação de equipamentos de medição, teste, navegação e controle";"272248508"
"2019";"Estados Unidos";"2013";"Fabricação de plásticos e borracha sintética em formas primárias";"267186038"
"2019";"Estados Unidos";"1622";"Fabricação de carpintaria e marcenaria de construtores";"261787329"
"2019";"Estados Unidos";"0710";"Extração de minério de ferro";"255075162"
"2019";"Estados Unidos";"3100";"Fabricação de móveis";"239898362"
"2019";"Estados Unidos";"1511";"Curtimento e vestuário de couro";"214494956"
"2019";"Estados Unidos";"9000";"Atividades criativas, artes e entretenimento";"202208522"
"2019";"Estados Unidos";"1079";"Fabricação de outros produtos alimentícios n.c";"200458135"
"2019";"Estados Unidos";"1520";"Fabricação de calçado";"200328731"
"2019";"Estados Unidos";"2599";"Fabricação de outros produtos metálicos fabricados n.c";"196972238"
"2019";"Estados Unidos";"2100";"Fabricação de produtos farmacêuticos, produtos químicos medicinais e botânicos";"189609758"
"2019";"Estados Unidos";"1200";"Fabricação de produtos de tabaco";"184427211"
"2019";"Estados Unidos";"2819";"Fabricação de outras máquinas para uso geral";"181163605"
"2019";"Estados Unidos";"1072";"Fabricação de açúcar";"168835184"
"2019";"Estados Unidos";"2520";"Fabricação de armas e munições";"165759265"
"2019";"Estados Unidos";"2220";"Fabricação de produtos plásticos";"139903820"
"2019";"Estados Unidos";"1020";"Processamento e conservação de peixes, crustáceos e moluscos";"114882860"
"2019";"Estados Unidos";"2630";"Fabricação de equipamentos de comunicação";"110313517"
"2019";"Estados Unidos";"2821";"Fabricação de maquinaria agrícola e florestal";"108627790"
"2019";"Estados Unidos";"2392";"Fabricação de materiais de construção de argila";"107967729"
"2019";"Estados Unidos";"1073";"Fabricação de cacau, chocolate e produtos de confeitaria";"105683585"
"2019";"Estados Unidos";"3211";"Fabricação de joalharia e artigos afins";"98172314"
"2019";"Estados Unidos";"2620";"Fabricação de computadores e equipamentos periféricos";"95801179"
"2019";"Estados Unidos";"3250";"Fabricação de instrumentos e suprimentos médicos e odontológicos";"93454223"
"2019";"Estados Unidos";"2593";"Fabricação de cutelaria, ferramentas manuais e ferragens em geral";"75826941"
"2019";"Estados Unidos";"2790";"Fabricação de outro equipamento elétrico";"72254267"
"2019";"Estados Unidos";"2829";"Fabricação de outras máquinas para fins especiais";"71443499"
"2019";"Estados Unidos";"2399";"Fabricação de outros produtos minerais não metálicos n.c";"66387882"
"2019";"Estados Unidos";"2391";"Fabricação de produtos refratários";"62396497"
"2019";"Estados Unidos";"0125";"Cultivo de outras frutas e nozes";"60135658"
"2019";"Estados Unidos";"2811";"Fabricação de motores e turbinas, exceto aeronaves, veículos e motores de ciclo";"59284938"
"2019";"Estados Unidos";"3290";"Outras manufaturas n.c.";"57592809"
"2019";"Estados Unidos";"1040";"Fabricação de óleos e gorduras vegetais e animais";"57243384"
"2019";"Estados Unidos";"0111";"Cultivo de cereais (exceto arroz), leguminosas e oleaginosas";"56990663"
"2019";"Estados Unidos";"2732";"Fabricação de outros fios e cabos elétricos e eletrônicos";"55123232"
"2019";"Estados Unidos";"0149";"Criação de outros animais";"54283900"
"2019";"Estados Unidos";"2219";"Fabricação de outros produtos de borracha";"53495440"
"2019";"Estados Unidos";"8999";"Não classificado";"52531812"
"2019";"Estados Unidos";"0113";"Cultivo de hortaliças e melões, raízes e tubérculos";"47758443"
"2019";"Estados Unidos";"2822";"Fabricação de máquinas e máquinas-ferramentas para moldagem de metais";"42029876"
"2019";"Estados Unidos";"0729";"Extração de outros minérios de metais não ferrosos";"40870686"
"2019";"Estados Unidos";"0311";"Pesca marinha";"40055648"
"2019";"Estados Unidos";"1629";"Fabricação de outros produtos de madeira; fabricação de artigos de cortiça, de espartaria e cestaria";"39584494"
"2019";"Estados Unidos";"2812";"Fabricação de equipamentos para energia hidráulica";"38261892"
"2019";"Estados Unidos";"1061";"Fabricação de produtos de moagem de grãos";"35004569"
"2019";"Estados Unidos";"2610";"Fabricação de componentes eletrônicos e placas";"34921236"
"2019";"Estados Unidos";"2823";"Fabricação de máquinas para metalurgia";"33673068"
"2019";"Estados Unidos";"2310";"Fabricação de produtos de vidro e vidro";"33319805"
"2019";"Estados Unidos";"1071";"Fabricação de produtos de panificação";"33234604"
"2019";"Estados Unidos";"0128";"Cultivo de especiarias, culturas aromáticas, medicamentosas e farmacêuticas";"29173466"
"2019";"Estados Unidos";"3020";"Fabricação de locomotivas e material circulante";"28637985"
"2019";"Estados Unidos";"0810";"Extração de pedra, areia e argila";"28224278"
"2019";"Estados Unidos";"0899";"Outras atividades de mineração n.c";"27361945"
"2019";"Estados Unidos";"2640";"Fabricação de produtos eletrônicos de consumo";"26625761"
"2019";"Estados Unidos";"2825";"Fabricação de máquinas para processamento de alimentos, bebidas e tabaco";"25120649"
"2019";"Estados Unidos";"1709";"Fabricação de outros artigos de papel e cartão";"25101979"
"2019";"Estados Unidos";"1702";"Fabricação de papel e cartão canelados e de embalagens de papel e cartão";"24657105"
"2019";"Estados Unidos";"1394";"Fabricação de cordéis, cordas, cordéis e redes";"23671287"
"2019";"Estados Unidos";"3091";"Fabricação de motocicletas";"21261595"
"2019";"Estados Unidos";"2816";"Fabricação de equipamentos de elevação e manuseio";"20639425"
"2019";"Estados Unidos";"2815";"Fabricação de fornos, fornos e queimadores de fornos";"20197435"
"2019";"Estados Unidos";"1410";"Fabricação de vestuário, exceto vestuários de peles";"19547216"
"2019";"Estados Unidos";"2023";"Fabricação de sabão e detergentes, produtos de limpeza e polimento, perfumes e produtos de toilette";"19284476"
"2019";"Estados Unidos";"2660";"Fabricação de equipamentos de irradiação, eletromédicos e eletroterapêuticos";"17914322"
"2019";"Estados Unidos";"0121";"Cultivo de uvas";"16239320"
"2019";"Estados Unidos";"3012";"Construção de barcos de recreio e desportivos";"12466809"
"2019";"Estados Unidos";"2431";"Fundição de ferro e aço";"12397949"
"2019";"Estados Unidos";"0893";"Extração de sal";"12291442"
"2019";"Estados Unidos";"1399";"Fabricação de outros têxteis n.e.c.";"11311583"
"2019";"Estados Unidos";"1062";"Fabricação de amidos e féculas";"11139329"
"2019";"Estados Unidos";"2512";"Fabricação de tanques, reservatórios e recipientes de metal";"9279876"
"2019";"Estados Unidos";"2395";"Fabricação de artigos de concreto, cimento e gesso";"9233781"
"2019";"Estados Unidos";"0142";"Criação de cavalos e outros equinos";"9142507"
"2019";"Estados Unidos";"2910";"Fabricação de veículos automotores";"8999829"
"2019";"Estados Unidos";"1311";"Preparação e fiação de fibras têxteis";"8736361"
"2019";"Estados Unidos";"1392";"Fabricação de artigos têxteis confeccionados, exceto vestuário";"8372287"
"2019";"Estados Unidos";"2818";"Fabricação de ferramentas manuais acionadas por motor";"8247578"
"2019";"Estados Unidos";"1623";"Fabricação de embalagens de madeira";"8015226"
"2019";"Estados Unidos";"2022";"Fabricação de tintas, vernizes e produtos similares, tintas de impressão e mástiques";"7267260"
"2019";"Estados Unidos";"2750";"Fabricação de eletrodomésticos";"6485842"
"2019";"Estados Unidos";"2511";"Fabricação de produtos metálicos estruturais";"6035489"
"2019";"Estados Unidos";"1101";"Fabricação de aguardentes e outras bebidas destiladas";"5959420"
"2019";"Estados Unidos";"1391";"Fabricação de tecidos de malha";"5613044"
"2019";"Estados Unidos";"3212";"Fabricação de bijuterias e artigos relacionados";"5556160"
"2019";"Estados Unidos";"1104";"Fabricação de refrigerantes; produção de águas minerais e outras águas engarrafadas";"5315631"
"2019";"Estados Unidos";"1312";"Tecelagem de têxteis";"4986834"
"2019";"Estados Unidos";"1050";"Fabricação de produtos lácteos";"4726490"
"2019";"Estados Unidos";"2393";"Fabricação de outros produtos de porcelana e cerâmica";"4724699"
"2019";"Estados Unidos";"1512";"Fabricação de malas, bolsas e semelhantes, selaria e arreios";"4534098"
"2019";"Estados Unidos";"2740";"Fabricação de equipamentos de iluminação elétrica";"4435284"
"2019";"Estados Unidos";"1080";"Fabricação de alimentos para animais";"4288800"
"2019";"Estados Unidos";"2826";"Fabricação de máquinas para produção de têxteis, vestuário e couro";"3534523"
"2019";"Estados Unidos";"3011";"Construção de navios e estruturas flutuantes";"3506692"
"2019";"Estados Unidos";"2012";"Fabricação de fertilizantes e compostos nitrogenados";"3300806"
"2019";"Estados Unidos";"0321";"Aquicultura marinha";"3294518"
"2019";"Estados Unidos";"5811";"Publicação de livros";"3232487"
"2019";"Estados Unidos";"2731";"Fabricação de cabos de fibra ótica";"3039198"
"2019";"Estados Unidos";"2817";"Fabricação de máquinas e equipamentos de escritório (exceto computadores e equipamentos periféricos)";"3020271"
"2019";"Estados Unidos";"2720";"Fabricação de baterias e acumuladores";"2872020"
"2019";"Estados Unidos";"5819";"Outras atividades de publicação";"2368948"
"2019";"Estados Unidos";"0220";"Exploração madeireira";"2201163"
"2019";"Estados Unidos";"2021";"Fabricação de pesticidas e outros produtos agroquímicos";"1938997"
"2019";"Estados Unidos";"1430";"Fabricação de vestuário de malha";"1933951"
"2019";"Estados Unidos";"2030";"Fabricação de fibras sintéticas ou artificiais";"1920875"
"2019";"Estados Unidos";"1102";"Fabricação de vinhos";"1919815"
"2019";"Estados Unidos";"3220";"Fabricação de instrumentos musicais";"1879259"
"2019";"Estados Unidos";"2670";"Fabricação de instrumentos ópticos e equipamento fotográfico";"1796667"
"2019";"Estados Unidos";"1393";"Fabricação de tapetes e tapetes";"1654178"
"2019";"Estados Unidos";"3240";"Fabricação de jogos e brinquedos";"1476799"
"2019";"Estados Unidos";"2652";"Fabricação de cronomêtros e relógios";"1473556"
"2019";"Estados Unidos";"2513";"Fabricação de geradores de vapor, exceto caldeiras de aquecimento central de água quente";"1358810"
"2019";"Estados Unidos";"1420";"Fabricação de artigos de peles";"1127116"
"2019";"Estados Unidos";"3230";"Fabricação de artigos esportivos";"1038877"
"2019";"Estados Unidos";"1103";"Fabricação de malte e bebidas maltadas.";"974933"
"2019";"Estados Unidos";"0230";"Coleta de produtos florestais não madeireiros";"938495"
"2019";"Estados Unidos";"0116";"Cultivo de culturas de fibra";"936467"
"2019";"Estados Unidos";"0130";"Cultivo de plantas";"816515"
"2019";"Estados Unidos";"3099";"Fabricação de outros equipamentos de transporte n.c";"809778"
"2019";"Estados Unidos";"0115";"Cultivo de tabaco";"807035"
"2019";"Estados Unidos";"2920";"Fabricação de carroçarias para veículos automotores; fabricação de reboques e semi-reboques";"782302"
"2019";"Estados Unidos";"2680";"Fabricação de mídia magnética e óptica";"705803"
"2019";"Estados Unidos";"1074";"Fabricação de macarrão, talharim, cuscuz e produtos farináceos semelhantes";"576925"
"2019";"Estados Unidos";"0129";"Cultivo de outras culturas perenes";"502352"
"2019";"Estados Unidos";"0123";"Cultivo de frutas cítricas";"209938"
"2019";"Estados Unidos";"0126";"Cultivo de frutas oleaginosas";"163589"
"2019";"Estados Unidos";"0122";"Cultivo de frutas tropicais e subtropicais";"160890"
"2019";"Estados Unidos";"1812";"Atividades de serviço relacionadas à impressão";"155277"
"2019";"Estados Unidos";"0891";"Extração de minerais químicos e fertilizantes";"152200"
"2019";"Estados Unidos";"3092";"Fabricação de bicicletas e carruagens inválidas";"128949"
"2019";"Estados Unidos";"5813";"Publicação de jornais, revistas e periódicos";"121384"
"2019";"Estados Unidos";"9102";"Atividades de museus e operação de locais históricos e edifícios";"111142"
"2019";"Estados Unidos";"0119";"Cultivo de outras culturas não perenes";"101954"
"2019";"Estados Unidos";"2394";"Fabricação de cimento, cal e gesso";"61372"
"2019";"Estados Unidos";"0520";"Mineração de lignito";"22209"
"2019";"Estados Unidos";"0510";"Mineração de Carvão";"11196"
"2019";"Estados Unidos";"0124";"Cultivo de frutas pome e frutas de caroço";"3417"
"2019";"Estados Unidos";"0112";"Cultivo de arroz";"73"
"2018";"Estados Unidos";"3030";"Fabricação de aviões e máquinas relacionadas";"4195857475"
"2018";"Estados Unidos";"2410";"Fabricação de ferro e aço básicos";"4168174647"
"2018";"Estados Unidos";"0610";"Extração de petróleo bruto";"3031647240"
"2018";"Estados Unidos";"2011";"Fabricação de produtos químicos básicos";"1490977820"
"2018";"Estados Unidos";"2824";"Fabricação de máquinas para mineração, exploração de pedreiras e construção";"1226341797"
"2018";"Estados Unidos";"2420";"Fabricação de metais preciosos e outros metais não ferrosos";"1168202273"
"2018";"Estados Unidos";"1701";"Fabricação de polpa, papel e cartão";"1150725884"
"2018";"Estados Unidos";"2930";"Fabricação de peças e acessórios para veículos automotores";"833140413"
"2018";"Estados Unidos";"0127";"Cultivo de bebidas da safra";"774693445"
"2018";"Estados Unidos";"1920";"Fabricação de produtos petrolíferos refinados";"772053273"
"2018";"Estados Unidos";"1030";"Processamento e conservação de frutas e legumes";"645109846"
"2018";"Estados Unidos";"2396";"Corte, moldagem e acabamento de pedra";"591722201"
"2018";"Estados Unidos";"1610";"Serração e aplainamento de madeira";"568962050"
"2018";"Estados Unidos";"2710";"Fabricação de motores elétricos, geradores, transformadores e aparelhos de distribuição e controle de energia elétrica";"436218240"
"2018";"Estados Unidos";"2211";"Fabricação de pneus e tubos; recauchutagem e reconstrução de pneus de borracha";"376826607"
"2018";"Estados Unidos";"1010";"Processamento e conservação de carne";"359148067"
"2018";"Estados Unidos";"1621";"Fabricação de folheados e painéis derivados de madeira";"350637284"
"2018";"Estados Unidos";"2813";"Fabricação de outras bombas, compressores, torneiras e válvulas";"313949334"
"2018";"Estados Unidos";"2029";"Fabricação de outros produtos químicos n.c";"309161776"
"2018";"Estados Unidos";"0710";"Extração de minério de ferro";"308025951"
"2018";"Estados Unidos";"2814";"Fabricação de rolamentos, engrenagens, engrenagens e elementos de acionamento";"293229071"
"2018";"Estados Unidos";"1511";"Curtimento e vestuário de couro";"259887837"
"2018";"Estados Unidos";"2651";"Fabricação de equipamentos de medição, teste, navegação e controle";"245155022"
"2018";"Estados Unidos";"2013";"Fabricação de plásticos e borracha sintética em formas primárias";"241286243"
"2018";"Estados Unidos";"1622";"Fabricação de carpintaria e marcenaria de construtores";"236098103"
"2018";"Estados Unidos";"3100";"Fabricação de móveis";"214315493"
"2018";"Estados Unidos";"1079";"Fabricação de outros produtos alimentícios n.c";"193946088"
"2018";"Estados Unidos";"1200";"Fabricação de produtos de tabaco";"185084018"
"2018";"Estados Unidos";"2100";"Fabricação de produtos farmacêuticos, produtos químicos medicinais e botânicos";"181501617"
"2018";"Estados Unidos";"1072";"Fabricação de açúcar";"176189502"
"2018";"Estados Unidos";"1520";"Fabricação de calçado";"168186362"
"2018";"Estados Unidos";"2520";"Fabricação de armas e munições";"159280127"
"2018";"Estados Unidos";"2819";"Fabricação de outras máquinas para uso geral";"145276840"
"2018";"Estados Unidos";"2599";"Fabricação de outros produtos metálicos fabricados n.c";"138995452"
"2018";"Estados Unidos";"2220";"Fabricação de produtos plásticos";"138910700"
"2018";"Estados Unidos";"2620";"Fabricação de computadores e equipamentos periféricos";"128091560"
"2018";"Estados Unidos";"8999";"Não classificado";"121373684"
"2018";"Estados Unidos";"9000";"Atividades criativas, artes e entretenimento";"117288041"
"2018";"Estados Unidos";"2219";"Fabricação de outros produtos de borracha";"103638554"
"2018";"Estados Unidos";"1020";"Processamento e conservação de peixes, crustáceos e moluscos";"98107724"
"2018";"Estados Unidos";"1073";"Fabricação de cacau, chocolate e produtos de confeitaria";"88216297"
"2018";"Estados Unidos";"3211";"Fabricação de joalharia e artigos afins";"85902812"
"2018";"Estados Unidos";"2392";"Fabricação de materiais de construção de argila";"85251941"
"2018";"Estados Unidos";"2399";"Fabricação de outros produtos minerais não metálicos n.c";"78295223"
"2018";"Estados Unidos";"2593";"Fabricação de cutelaria, ferramentas manuais e ferragens em geral";"76146561"
"2018";"Estados Unidos";"0125";"Cultivo de outras frutas e nozes";"75265110"
"2018";"Estados Unidos";"0149";"Criação de outros animais";"73871858"
"2018";"Estados Unidos";"2630";"Fabricação de equipamentos de comunicação";"65118189"
"2018";"Estados Unidos";"2790";"Fabricação de outro equipamento elétrico";"60008008"
"2018";"Estados Unidos";"0899";"Outras atividades de mineração n.c";"58165889"
"2018";"Estados Unidos";"2391";"Fabricação de produtos refratários";"53568858"
"2018";"Estados Unidos";"2732";"Fabricação de outros fios e cabos elétricos e eletrônicos";"46856124"
"2018";"Estados Unidos";"2812";"Fabricação de equipamentos para energia hidráulica";"46762884"
"2018";"Estados Unidos";"3250";"Fabricação de instrumentos e suprimentos médicos e odontológicos";"45527072"
"2018";"Estados Unidos";"2822";"Fabricação de máquinas e máquinas-ferramentas para moldagem de metais";"45017012"
"2018";"Estados Unidos";"1629";"Fabricação de outros produtos de madeira; fabricação de artigos de cortiça, de espartaria e cestaria";"44763571"
"2018";"Estados Unidos";"2811";"Fabricação de motores e turbinas, exceto aeronaves, veículos e motores de ciclo";"43928330"
"2018";"Estados Unidos";"2821";"Fabricação de maquinaria agrícola e florestal";"43753046"
"2018";"Estados Unidos";"2829";"Fabricação de outras máquinas para fins especiais";"43685262"
"2018";"Estados Unidos";"3290";"Outras manufaturas n.c.";"43681150"
"2018";"Estados Unidos";"0128";"Cultivo de especiarias, culturas aromáticas, medicamentosas e farmacêuticas";"43089538"
"2018";"Estados Unidos";"1040";"Fabricação de óleos e gorduras vegetais e animais";"41493682"
"2018";"Estados Unidos";"0311";"Pesca marinha";"41291767"
"2018";"Estados Unidos";"0113";"Cultivo de hortaliças e melões, raízes e tubérculos";"40912493"
"2018";"Estados Unidos";"2610";"Fabricação de componentes eletrônicos e placas";"38914098"
"2018";"Estados Unidos";"1061";"Fabricação de produtos de moagem de grãos";"35762609"
"2018";"Estados Unidos";"1071";"Fabricação de produtos de panificação";"32563742"
"2018";"Estados Unidos";"0810";"Extração de pedra, areia e argila";"29180095"
"2018";"Estados Unidos";"2310";"Fabricação de produtos de vidro e vidro";"29167710"
"2018";"Estados Unidos";"0729";"Extração de outros minérios de metais não ferrosos";"25180510"
"2018";"Estados Unidos";"1394";"Fabricação de cordéis, cordas, cordéis e redes";"24041524"
"2018";"Estados Unidos";"2640";"Fabricação de produtos eletrônicos de consumo";"23526214"
"2018";"Estados Unidos";"2823";"Fabricação de máquinas para metalurgia";"21979025"
"2018";"Estados Unidos";"2910";"Fabricação de veículos automotores";"21753237"
"2018";"Estados Unidos";"2816";"Fabricação de equipamentos de elevação e manuseio";"20452821"
"2018";"Estados Unidos";"1709";"Fabricação de outros artigos de papel e cartão";"20264830"
"2018";"Estados Unidos";"1702";"Fabricação de papel e cartão canelados e de embalagens de papel e cartão";"18717693"
"2018";"Estados Unidos";"0111";"Cultivo de cereais (exceto arroz), leguminosas e oleaginosas";"17269239"
"2018";"Estados Unidos";"2512";"Fabricação de tanques, reservatórios e recipientes de metal";"16656656"
"2018";"Estados Unidos";"3091";"Fabricação de motocicletas";"16467291"
"2018";"Estados Unidos";"2660";"Fabricação de equipamentos de irradiação, eletromédicos e eletroterapêuticos";"16230294"
"2018";"Estados Unidos";"1399";"Fabricação de outros têxteis n.e.c.";"15542331"
"2018";"Estados Unidos";"2825";"Fabricação de máquinas para processamento de alimentos, bebidas e tabaco";"15299124"
"2018";"Estados Unidos";"2023";"Fabricação de sabão e detergentes, produtos de limpeza e polimento, perfumes e produtos de toilette";"14680908"
"2018";"Estados Unidos";"1410";"Fabricação de vestuário, exceto vestuários de peles";"13984766"
"2018";"Estados Unidos";"3012";"Construção de barcos de recreio e desportivos";"12985379"
"2018";"Estados Unidos";"3020";"Fabricação de locomotivas e material circulante";"12890921"
"2018";"Estados Unidos";"1392";"Fabricação de artigos têxteis confeccionados, exceto vestuário";"11792888"
"2018";"Estados Unidos";"1062";"Fabricação de amidos e féculas";"10356083"
"2018";"Estados Unidos";"1311";"Preparação e fiação de fibras têxteis";"8669921"
"2018";"Estados Unidos";"0121";"Cultivo de uvas";"8411326"
"2018";"Estados Unidos";"2012";"Fabricação de fertilizantes e compostos nitrogenados";"8338259"
"2018";"Estados Unidos";"2818";"Fabricação de ferramentas manuais acionadas por motor";"8102022"
"2018";"Estados Unidos";"0893";"Extração de sal";"7930789"
"2018";"Estados Unidos";"2431";"Fundição de ferro e aço";"7666236"
"2018";"Estados Unidos";"1623";"Fabricação de embalagens de madeira";"7662690"
"2018";"Estados Unidos";"2021";"Fabricação de pesticidas e outros produtos agroquímicos";"7656963"
"2018";"Estados Unidos";"1512";"Fabricação de malas, bolsas e semelhantes, selaria e arreios";"6598708"
"2018";"Estados Unidos";"1080";"Fabricação de alimentos para animais";"6522385"
"2018";"Estados Unidos";"0142";"Criação de cavalos e outros equinos";"6429015"
"2018";"Estados Unidos";"1101";"Fabricação de aguardentes e outras bebidas destiladas";"5472237"
"2018";"Estados Unidos";"2826";"Fabricação de máquinas para produção de têxteis, vestuário e couro";"5156696"
"2018";"Estados Unidos";"2022";"Fabricação de tintas, vernizes e produtos similares, tintas de impressão e mástiques";"5129390"
"2018";"Estados Unidos";"2750";"Fabricação de eletrodomésticos";"4968453"
"2018";"Estados Unidos";"1312";"Tecelagem de têxteis";"4868231"
"2018";"Estados Unidos";"2740";"Fabricação de equipamentos de iluminação elétrica";"4675023"
"2018";"Estados Unidos";"2393";"Fabricação de outros produtos de porcelana e cerâmica";"4384515"
"2018";"Estados Unidos";"3212";"Fabricação de bijuterias e artigos relacionados";"4364026"
"2018";"Estados Unidos";"5819";"Outras atividades de publicação";"4202056"
"2018";"Estados Unidos";"2720";"Fabricação de baterias e acumuladores";"3968116"
"2018";"Estados Unidos";"1104";"Fabricação de refrigerantes; produção de águas minerais e outras águas engarrafadas";"3951566"
"2018";"Estados Unidos";"1050";"Fabricação de produtos lácteos";"3822886"
"2018";"Estados Unidos";"1391";"Fabricação de tecidos de malha";"3581706"
"2018";"Estados Unidos";"3011";"Construção de navios e estruturas flutuantes";"3432959"
"2018";"Estados Unidos";"2815";"Fabricação de fornos, fornos e queimadores de fornos";"3389305"
"2018";"Estados Unidos";"1430";"Fabricação de vestuário de malha";"2973700"
"2018";"Estados Unidos";"2680";"Fabricação de mídia magnética e óptica";"2703509"
"2018";"Estados Unidos";"0122";"Cultivo de frutas tropicais e subtropicais";"2457109"
"2018";"Estados Unidos";"3099";"Fabricação de outros equipamentos de transporte n.c";"2364317"
"2018";"Estados Unidos";"2817";"Fabricação de máquinas e equipamentos de escritório (exceto computadores e equipamentos periféricos)";"2245633"
"2018";"Estados Unidos";"5811";"Publicação de livros";"2245492"
"2018";"Estados Unidos";"2731";"Fabricação de cabos de fibra ótica";"2057805"
"2018";"Estados Unidos";"3220";"Fabricação de instrumentos musicais";"1936548"
"2018";"Estados Unidos";"2395";"Fabricação de artigos de concreto, cimento e gesso";"1870662"
"2018";"Estados Unidos";"2030";"Fabricação de fibras sintéticas ou artificiais";"1863780"
"2018";"Estados Unidos";"3240";"Fabricação de jogos e brinquedos";"1755347"
"2018";"Estados Unidos";"2511";"Fabricação de produtos metálicos estruturais";"1613849"
"2018";"Estados Unidos";"0220";"Exploração madeireira";"1606805"
"2018";"Estados Unidos";"2920";"Fabricação de carroçarias para veículos automotores; fabricação de reboques e semi-reboques";"1605188"
"2018";"Estados Unidos";"0321";"Aquicultura marinha";"1573257"
"2018";"Estados Unidos";"0130";"Cultivo de plantas";"1503487"
"2018";"Estados Unidos";"2513";"Fabricação de geradores de vapor, exceto caldeiras de aquecimento central de água quente";"1438667"
"2018";"Estados Unidos";"2670";"Fabricação de instrumentos ópticos e equipamento fotográfico";"1245799"
"2018";"Estados Unidos";"1393";"Fabricação de tapetes e tapetes";"1087700"
"2018";"Estados Unidos";"0230";"Coleta de produtos florestais não madeireiros";"1064931"
"2018";"Estados Unidos";"1420";"Fabricação de artigos de peles";"1030137"
"2018";"Estados Unidos";"2652";"Fabricação de cronomêtros e relógios";"907206"
"2018";"Estados Unidos";"3230";"Fabricação de artigos esportivos";"830668"
"2018";"Estados Unidos";"1102";"Fabricação de vinhos";"686429"
"2018";"Estados Unidos";"1074";"Fabricação de macarrão, talharim, cuscuz e produtos farináceos semelhantes";"594153"
"2018";"Estados Unidos";"9102";"Atividades de museus e operação de locais históricos e edifícios";"540998"
"2018";"Estados Unidos";"1103";"Fabricação de malte e bebidas maltadas.";"464921"
"2018";"Estados Unidos";"1910";"Fabricação de produtos de forno de coque";"304091"
"2018";"Estados Unidos";"3092";"Fabricação de bicicletas e carruagens inválidas";"227817"
"2018";"Estados Unidos";"0126";"Cultivo de frutas oleaginosas";"219786"
"2018";"Estados Unidos";"0129";"Cultivo de outras culturas perenes";"209043"
"2018";"Estados Unidos";"0891";"Extração de minerais químicos e fertilizantes";"171388"
"2018";"Estados Unidos";"1812";"Atividades de serviço relacionadas à impressão";"165353"
"2018";"Estados Unidos";"0123";"Cultivo de frutas cítricas";"144785"
"2018";"Estados Unidos";"5813";"Publicação de jornais, revistas e periódicos";"139008"
"2018";"Estados Unidos";"0115";"Cultivo de tabaco";"114418"
"2018";"Estados Unidos";"2394";"Fabricação de cimento, cal e gesso";"85178"
"2018";"Estados Unidos";"0119";"Cultivo de outras culturas não perenes";"64456"
"2018";"Estados Unidos";"3830";"Recuperação de Materiais";"36548"
"2018";"Estados Unidos";"0124";"Cultivo de frutas pome e frutas de caroço";"29693"
"2018";"Estados Unidos";"7420";"Atividades fotográficas";"1600"
"2018";"Estados Unidos";"0116";"Cultivo de culturas de fibra";"768"
"2018";"Estados Unidos";"0112";"Cultivo de arroz";"1"
"2017";"Estados Unidos";"3030";"Fabricação de aviões e máquinas relacionadas";"4768523402"
"2017";"Estados Unidos";"2410";"Fabricação de ferro e aço básicos";"3263524221"
"2017";"Estados Unidos";"0610";"Extração de petróleo bruto";"2648443208"
"2017";"Estados Unidos";"2011";"Fabricação de produtos químicos básicos";"1583015390"
"2017";"Estados Unidos";"2420";"Fabricação de metais preciosos e outros metais não ferrosos";"1116427516"
"2017";"Estados Unidos";"1701";"Fabricação de polpa, papel e cartão";"1054285341"
"2017";"Estados Unidos";"0127";"Cultivo de bebidas da safra";"919463541"
"2017";"Estados Unidos";"2824";"Fabricação de máquinas para mineração, exploração de pedreiras e construção";"901702000"
"2017";"Estados Unidos";"2930";"Fabricação de peças e acessórios para veículos automotores";"743122080"
"2017";"Estados Unidos";"2396";"Corte, moldagem e acabamento de pedra";"688825033"
"2017";"Estados Unidos";"1610";"Serração e aplainamento de madeira";"557858906"
"2017";"Estados Unidos";"1030";"Processamento e conservação de frutas e legumes";"520271916"
"2017";"Estados Unidos";"2013";"Fabricação de plásticos e borracha sintética em formas primárias";"394686171"
"2017";"Estados Unidos";"1010";"Processamento e conservação de carne";"365646964"
"2017";"Estados Unidos";"2211";"Fabricação de pneus e tubos; recauchutagem e reconstrução de pneus de borracha";"329579489"
"2017";"Estados Unidos";"2710";"Fabricação de motores elétricos, geradores, transformadores e aparelhos de distribuição e controle de energia elétrica";"327398857"
"2017";"Estados Unidos";"1511";"Curtimento e vestuário de couro";"302022680"
"2017";"Estados Unidos";"1920";"Fabricação de produtos petrolíferos refinados";"280546767"
"2017";"Estados Unidos";"1621";"Fabricação de folheados e painéis derivados de madeira";"265097641"
"2017";"Estados Unidos";"2029";"Fabricação de outros produtos químicos n.c";"259898393"
"2017";"Estados Unidos";"0710";"Extração de minério de ferro";"258358363"
"2017";"Estados Unidos";"2813";"Fabricação de outras bombas, compressores, torneiras e válvulas";"241974354"
"2017";"Estados Unidos";"1622";"Fabricação de carpintaria e marcenaria de construtores";"239859394"
"2017";"Estados Unidos";"2814";"Fabricação de rolamentos, engrenagens, engrenagens e elementos de acionamento";"223956428"
"2017";"Estados Unidos";"1200";"Fabricação de produtos de tabaco";"192759890"
"2017";"Estados Unidos";"2910";"Fabricação de veículos automotores";"191924469"
"2017";"Estados Unidos";"1520";"Fabricação de calçado";"191305582"
"2017";"Estados Unidos";"1079";"Fabricação de outros produtos alimentícios n.c";"187085770"
"2017";"Estados Unidos";"2100";"Fabricação de produtos farmacêuticos, produtos químicos medicinais e botânicos";"186828213"
"2017";"Estados Unidos";"2651";"Fabricação de equipamentos de medição, teste, navegação e controle";"184424898"
"2017";"Estados Unidos";"1072";"Fabricação de açúcar";"179125965"
"2017";"Estados Unidos";"2520";"Fabricação de armas e munições";"168680655"
"2017";"Estados Unidos";"3100";"Fabricação de móveis";"168521002"
"2017";"Estados Unidos";"8999";"Não classificado";"141403406"
"2017";"Estados Unidos";"9000";"Atividades criativas, artes e entretenimento";"129744668"
"2017";"Estados Unidos";"1073";"Fabricação de cacau, chocolate e produtos de confeitaria";"129560460"
"2017";"Estados Unidos";"2220";"Fabricação de produtos plásticos";"119095830"
"2017";"Estados Unidos";"2599";"Fabricação de outros produtos metálicos fabricados n.c";"106872593"
"2017";"Estados Unidos";"0149";"Criação de outros animais";"104212159"
"2017";"Estados Unidos";"2593";"Fabricação de cutelaria, ferramentas manuais e ferragens em geral";"103986774"
"2017";"Estados Unidos";"3211";"Fabricação de joalharia e artigos afins";"91718342"
"2017";"Estados Unidos";"2630";"Fabricação de equipamentos de comunicação";"88585239"
"2017";"Estados Unidos";"2819";"Fabricação de outras máquinas para uso geral";"86938743"
"2017";"Estados Unidos";"2620";"Fabricação de computadores e equipamentos periféricos";"80311974"
"2017";"Estados Unidos";"1020";"Processamento e conservação de peixes, crustáceos e moluscos";"76737511"
"2017";"Estados Unidos";"2822";"Fabricação de máquinas e máquinas-ferramentas para moldagem de metais";"75836329"
"2017";"Estados Unidos";"2399";"Fabricação de outros produtos minerais não metálicos n.c";"70603287"
"2017";"Estados Unidos";"2392";"Fabricação de materiais de construção de argila";"70050235"
"2017";"Estados Unidos";"3250";"Fabricação de instrumentos e suprimentos médicos e odontológicos";"64617909"
"2017";"Estados Unidos";"0128";"Cultivo de especiarias, culturas aromáticas, medicamentosas e farmacêuticas";"64019220"
"2017";"Estados Unidos";"0125";"Cultivo de outras frutas e nozes";"59338082"
"2017";"Estados Unidos";"1629";"Fabricação de outros produtos de madeira; fabricação de artigos de cortiça, de espartaria e cestaria";"54009323"
"2017";"Estados Unidos";"0899";"Outras atividades de mineração n.c";"51758256"
"2017";"Estados Unidos";"2219";"Fabricação de outros produtos de borracha";"48360081"
"2017";"Estados Unidos";"2790";"Fabricação de outro equipamento elétrico";"48284920"
"2017";"Estados Unidos";"3290";"Outras manufaturas n.c.";"45347450"
"2017";"Estados Unidos";"2391";"Fabricação de produtos refratários";"44768386"
"2017";"Estados Unidos";"1040";"Fabricação de óleos e gorduras vegetais e animais";"40199215"
"2017";"Estados Unidos";"2811";"Fabricação de motores e turbinas, exceto aeronaves, veículos e motores de ciclo";"39758503"
"2017";"Estados Unidos";"2610";"Fabricação de componentes eletrônicos e placas";"39387715"
"2017";"Estados Unidos";"0113";"Cultivo de hortaliças e melões, raízes e tubérculos";"38082816"
"2017";"Estados Unidos";"2821";"Fabricação de maquinaria agrícola e florestal";"37374710"
"2017";"Estados Unidos";"2829";"Fabricação de outras máquinas para fins especiais";"34950016"
"2017";"Estados Unidos";"1394";"Fabricação de cordéis, cordas, cordéis e redes";"32656217"
"2017";"Estados Unidos";"2732";"Fabricação de outros fios e cabos elétricos e eletrônicos";"32639535"
"2017";"Estados Unidos";"1399";"Fabricação de outros têxteis n.e.c.";"32495422"
"2017";"Estados Unidos";"0311";"Pesca marinha";"31782246"
"2017";"Estados Unidos";"1071";"Fabricação de produtos de panificação";"30947806"
"2017";"Estados Unidos";"2812";"Fabricação de equipamentos para energia hidráulica";"30584333"
"2017";"Estados Unidos";"2660";"Fabricação de equipamentos de irradiação, eletromédicos e eletroterapêuticos";"30541179"
"2017";"Estados Unidos";"0810";"Extração de pedra, areia e argila";"30331336"
"2017";"Estados Unidos";"2512";"Fabricação de tanques, reservatórios e recipientes de metal";"29774948"
"2017";"Estados Unidos";"2310";"Fabricação de produtos de vidro e vidro";"26109126"
"2017";"Estados Unidos";"1061";"Fabricação de produtos de moagem de grãos";"25039799"
"2017";"Estados Unidos";"2816";"Fabricação de equipamentos de elevação e manuseio";"24942425"
"2017";"Estados Unidos";"2823";"Fabricação de máquinas para metalurgia";"24140147"
"2017";"Estados Unidos";"1709";"Fabricação de outros artigos de papel e cartão";"23428343"
"2017";"Estados Unidos";"0729";"Extração de outros minérios de metais não ferrosos";"22473163"
"2017";"Estados Unidos";"2023";"Fabricação de sabão e detergentes, produtos de limpeza e polimento, perfumes e produtos de toilette";"20785977"
"2017";"Estados Unidos";"0111";"Cultivo de cereais (exceto arroz), leguminosas e oleaginosas";"19758500"
"2017";"Estados Unidos";"2640";"Fabricação de produtos eletrônicos de consumo";"19063340"
"2017";"Estados Unidos";"1410";"Fabricação de vestuário, exceto vestuários de peles";"17923466"
"2017";"Estados Unidos";"1702";"Fabricação de papel e cartão canelados e de embalagens de papel e cartão";"15690266"
"2017";"Estados Unidos";"3091";"Fabricação de motocicletas";"13823943"
"2017";"Estados Unidos";"2825";"Fabricação de máquinas para processamento de alimentos, bebidas e tabaco";"13516810"
"2017";"Estados Unidos";"1512";"Fabricação de malas, bolsas e semelhantes, selaria e arreios";"12629412"
"2017";"Estados Unidos";"1062";"Fabricação de amidos e féculas";"12082994"
"2017";"Estados Unidos";"1392";"Fabricação de artigos têxteis confeccionados, exceto vestuário";"11668498"
"2017";"Estados Unidos";"3012";"Construção de barcos de recreio e desportivos";"10342737"
"2017";"Estados Unidos";"0893";"Extração de sal";"9754641"
"2017";"Estados Unidos";"1311";"Preparação e fiação de fibras têxteis";"8409536"
"2017";"Estados Unidos";"1080";"Fabricação de alimentos para animais";"8276936"
"2017";"Estados Unidos";"2021";"Fabricação de pesticidas e outros produtos agroquímicos";"8207571"
"2017";"Estados Unidos";"3020";"Fabricação de locomotivas e material circulante";"8076822"
"2017";"Estados Unidos";"1050";"Fabricação de produtos lácteos";"8042449"
"2017";"Estados Unidos";"2012";"Fabricação de fertilizantes e compostos nitrogenados";"7974733"
"2017";"Estados Unidos";"2740";"Fabricação de equipamentos de iluminação elétrica";"6895812"
"2017";"Estados Unidos";"2818";"Fabricação de ferramentas manuais acionadas por motor";"6426859"
"2017";"Estados Unidos";"2431";"Fundição de ferro e aço";"6357698"
"2017";"Estados Unidos";"2720";"Fabricação de baterias e acumuladores";"5977141"
"2017";"Estados Unidos";"0142";"Criação de cavalos e outros equinos";"5335398"
"2017";"Estados Unidos";"0121";"Cultivo de uvas";"5180801"
"2017";"Estados Unidos";"5819";"Outras atividades de publicação";"5128249"
"2017";"Estados Unidos";"2815";"Fabricação de fornos, fornos e queimadores de fornos";"5067449"
"2017";"Estados Unidos";"2826";"Fabricação de máquinas para produção de têxteis, vestuário e couro";"5032785"
"2017";"Estados Unidos";"1312";"Tecelagem de têxteis";"4992427"
"2017";"Estados Unidos";"2393";"Fabricação de outros produtos de porcelana e cerâmica";"4922951"
"2017";"Estados Unidos";"3011";"Construção de navios e estruturas flutuantes";"4652955"
"2017";"Estados Unidos";"2022";"Fabricação de tintas, vernizes e produtos similares, tintas de impressão e mástiques";"4523459"
"2017";"Estados Unidos";"3212";"Fabricação de bijuterias e artigos relacionados";"4446757"
"2017";"Estados Unidos";"2750";"Fabricação de eletrodomésticos";"4083864"
"2017";"Estados Unidos";"2731";"Fabricação de cabos de fibra ótica";"4041549"
"2017";"Estados Unidos";"3099";"Fabricação de outros equipamentos de transporte n.c";"3978977"
"2017";"Estados Unidos";"1101";"Fabricação de aguardentes e outras bebidas destiladas";"3671772"
"2017";"Estados Unidos";"1104";"Fabricação de refrigerantes; produção de águas minerais e outras águas engarrafadas";"3186273"
"2017";"Estados Unidos";"1391";"Fabricação de tecidos de malha";"2852282"
"2017";"Estados Unidos";"5811";"Publicação de livros";"2389561"
"2017";"Estados Unidos";"2920";"Fabricação de carroçarias para veículos automotores; fabricação de reboques e semi-reboques";"2228334"
"2017";"Estados Unidos";"1430";"Fabricação de vestuário de malha";"2004854"
"2017";"Estados Unidos";"1102";"Fabricação de vinhos";"1894750"
"2017";"Estados Unidos";"2817";"Fabricação de máquinas e equipamentos de escritório (exceto computadores e equipamentos periféricos)";"1835559"
"2017";"Estados Unidos";"0130";"Cultivo de plantas";"1688839"
"2017";"Estados Unidos";"0220";"Exploração madeireira";"1647262"
"2017";"Estados Unidos";"1420";"Fabricação de artigos de peles";"1644352"
"2017";"Estados Unidos";"1623";"Fabricação de embalagens de madeira";"1527758"
"2017";"Estados Unidos";"2670";"Fabricação de instrumentos ópticos e equipamento fotográfico";"1486041"
"2017";"Estados Unidos";"3220";"Fabricação de instrumentos musicais";"1425055"
"2017";"Estados Unidos";"2511";"Fabricação de produtos metálicos estruturais";"1409310"
"2017";"Estados Unidos";"2513";"Fabricação de geradores de vapor, exceto caldeiras de aquecimento central de água quente";"1283181"
"2017";"Estados Unidos";"2030";"Fabricação de fibras sintéticas ou artificiais";"1147830"
"2017";"Estados Unidos";"0115";"Cultivo de tabaco";"874523"
"2017";"Estados Unidos";"3240";"Fabricação de jogos e brinquedos";"812959"
"2017";"Estados Unidos";"2395";"Fabricação de artigos de concreto, cimento e gesso";"696249"
"2017";"Estados Unidos";"1074";"Fabricação de macarrão, talharim, cuscuz e produtos farináceos semelhantes";"610975"
"2017";"Estados Unidos";"2652";"Fabricação de cronomêtros e relógios";"601924"
"2017";"Estados Unidos";"0230";"Coleta de produtos florestais não madeireiros";"577740"
"2017";"Estados Unidos";"2680";"Fabricação de mídia magnética e óptica";"551482"
"2017";"Estados Unidos";"1393";"Fabricação de tapetes e tapetes";"519560"
"2017";"Estados Unidos";"1103";"Fabricação de malte e bebidas maltadas.";"408417"
"2017";"Estados Unidos";"3230";"Fabricação de artigos esportivos";"364239"
"2017";"Estados Unidos";"1812";"Atividades de serviço relacionadas à impressão";"231695"
"2017";"Estados Unidos";"0126";"Cultivo de frutas oleaginosas";"188311"
"2017";"Estados Unidos";"5813";"Publicação de jornais, revistas e periódicos";"146424"
"2017";"Estados Unidos";"0321";"Aquicultura marinha";"119034"
"2017";"Estados Unidos";"9102";"Atividades de museus e operação de locais históricos e edifícios";"108668"
"2017";"Estados Unidos";"0891";"Extração de minerais químicos e fertilizantes";"90899"
"2017";"Estados Unidos";"1910";"Fabricação de produtos de forno de coque";"61030"
"2017";"Estados Unidos";"0122";"Cultivo de frutas tropicais e subtropicais";"43751"
"2017";"Estados Unidos";"0119";"Cultivo de outras culturas não perenes";"38735"
"2017";"Estados Unidos";"0123";"Cultivo de frutas cítricas";"36000"
"2017";"Estados Unidos";"3092";"Fabricação de bicicletas e carruagens inválidas";"29388"
"2017";"Estados Unidos";"0129";"Cultivo de outras culturas perenes";"22930"
"2017";"Estados Unidos";"2394";"Fabricação de cimento, cal e gesso";"8510"
"2017";"Estados Unidos";"3830";"Recuperação de Materiais";"5980"
"2017";"Estados Unidos";"0144";"Criação de ovelhas e cabras";"201"
"2016";"Estados Unidos";"3030";"Fabricação de aviões e máquinas relacionadas";"5174272216"
"2016";"Estados Unidos";"2410";"Fabricação de ferro e aço básicos";"2246192728"
"2016";"Estados Unidos";"2011";"Fabricação de produtos químicos básicos";"1255849181"
"2016";"Estados Unidos";"0610";"Extração de petróleo bruto";"1120847853"
"2016";"Estados Unidos";"1701";"Fabricação de polpa, papel e cartão";"998088309"
"2016";"Estados Unidos";"0127";"Cultivo de bebidas da safra";"942170398"
"2016";"Estados Unidos";"2420";"Fabricação de metais preciosos e outros metais não ferrosos";"806024943"
"2016";"Estados Unidos";"2396";"Corte, moldagem e acabamento de pedra";"710538500"
"2016";"Estados Unidos";"2930";"Fabricação de peças e acessórios para veículos automotores";"636785417"
"2016";"Estados Unidos";"2824";"Fabricação de máquinas para mineração, exploração de pedreiras e construção";"493576636"
"2016";"Estados Unidos";"1030";"Processamento e conservação de frutas e legumes";"482519294"
"2016";"Estados Unidos";"1610";"Serração e aplainamento de madeira";"476401834"
"2016";"Estados Unidos";"2710";"Fabricação de motores elétricos, geradores, transformadores e aparelhos de distribuição e controle de energia elétrica";"425635953"
"2016";"Estados Unidos";"2013";"Fabricação de plásticos e borracha sintética em formas primárias";"386577228"
"2016";"Estados Unidos";"1010";"Processamento e conservação de carne";"329292852"
"2016";"Estados Unidos";"2211";"Fabricação de pneus e tubos; recauchutagem e reconstrução de pneus de borracha";"287168591"
"2016";"Estados Unidos";"1920";"Fabricação de produtos petrolíferos refinados";"284109117"
"2016";"Estados Unidos";"1511";"Curtimento e vestuário de couro";"257379042"
"2016";"Estados Unidos";"2910";"Fabricação de veículos automotores";"250049993"
"2016";"Estados Unidos";"1200";"Fabricação de produtos de tabaco";"243371910"
"2016";"Estados Unidos";"2029";"Fabricação de outros produtos químicos n.c";"230492734"
"2016";"Estados Unidos";"1520";"Fabricação de calçado";"223263202"
"2016";"Estados Unidos";"2813";"Fabricação de outras bombas, compressores, torneiras e válvulas";"211932484"
"2016";"Estados Unidos";"2100";"Fabricação de produtos farmacêuticos, produtos químicos medicinais e botânicos";"210835327"
"2016";"Estados Unidos";"1621";"Fabricação de folheados e painéis derivados de madeira";"210664085"
"2016";"Estados Unidos";"1622";"Fabricação de carpintaria e marcenaria de construtores";"203667725"
"2016";"Estados Unidos";"2814";"Fabricação de rolamentos, engrenagens, engrenagens e elementos de acionamento";"190143473"
"2016";"Estados Unidos";"1072";"Fabricação de açúcar";"170243115"
"2016";"Estados Unidos";"1079";"Fabricação de outros produtos alimentícios n.c";"166140435"
"2016";"Estados Unidos";"8999";"Não classificado";"155198704"
"2016";"Estados Unidos";"0710";"Extração de minério de ferro";"153209878"
"2016";"Estados Unidos";"1073";"Fabricação de cacau, chocolate e produtos de confeitaria";"147783040"
"2016";"Estados Unidos";"2520";"Fabricação de armas e munições";"147034923"
"2016";"Estados Unidos";"2651";"Fabricação de equipamentos de medição, teste, navegação e controle";"137987480"
"2016";"Estados Unidos";"3100";"Fabricação de móveis";"137582324"
"2016";"Estados Unidos";"2599";"Fabricação de outros produtos metálicos fabricados n.c";"122025540"
"2016";"Estados Unidos";"2220";"Fabricação de produtos plásticos";"97582063"
"2016";"Estados Unidos";"9000";"Atividades criativas, artes e entretenimento";"97165005"
"2016";"Estados Unidos";"2620";"Fabricação de computadores e equipamentos periféricos";"90544519"
"2016";"Estados Unidos";"3211";"Fabricação de joalharia e artigos afins";"87615537"
"2016";"Estados Unidos";"2593";"Fabricação de cutelaria, ferramentas manuais e ferragens em geral";"87145305"
"2016";"Estados Unidos";"2822";"Fabricação de máquinas e máquinas-ferramentas para moldagem de metais";"81967221"
"2016";"Estados Unidos";"2819";"Fabricação de outras máquinas para uso geral";"78655174"
"2016";"Estados Unidos";"0149";"Criação de outros animais";"75676517"
"2016";"Estados Unidos";"0125";"Cultivo de outras frutas e nozes";"74202040"
"2016";"Estados Unidos";"3290";"Outras manufaturas n.c.";"68989462"
"2016";"Estados Unidos";"0729";"Extração de outros minérios de metais não ferrosos";"68832449"
"2016";"Estados Unidos";"2399";"Fabricação de outros produtos minerais não metálicos n.c";"68787138"
"2016";"Estados Unidos";"0128";"Cultivo de especiarias, culturas aromáticas, medicamentosas e farmacêuticas";"67145602"
"2016";"Estados Unidos";"1020";"Processamento e conservação de peixes, crustáceos e moluscos";"62927008"
"2016";"Estados Unidos";"2630";"Fabricação de equipamentos de comunicação";"62038868"
"2016";"Estados Unidos";"2391";"Fabricação de produtos refratários";"49693433"
"2016";"Estados Unidos";"2392";"Fabricação de materiais de construção de argila";"49655455"
"2016";"Estados Unidos";"1629";"Fabricação de outros produtos de madeira; fabricação de artigos de cortiça, de espartaria e cestaria";"49402202"
"2016";"Estados Unidos";"3250";"Fabricação de instrumentos e suprimentos médicos e odontológicos";"45483303"
"2016";"Estados Unidos";"2219";"Fabricação de outros produtos de borracha";"44848466"
"2016";"Estados Unidos";"2512";"Fabricação de tanques, reservatórios e recipientes de metal";"42879122"
"2016";"Estados Unidos";"2816";"Fabricação de equipamentos de elevação e manuseio";"41680884"
"2016";"Estados Unidos";"1040";"Fabricação de óleos e gorduras vegetais e animais";"41338600"
"2016";"Estados Unidos";"0113";"Cultivo de hortaliças e melões, raízes e tubérculos";"40610918"
"2016";"Estados Unidos";"2310";"Fabricação de produtos de vidro e vidro";"39311455"
"2016";"Estados Unidos";"2790";"Fabricação de outro equipamento elétrico";"38807906"
"2016";"Estados Unidos";"2829";"Fabricação de outras máquinas para fins especiais";"38093953"
"2016";"Estados Unidos";"0810";"Extração de pedra, areia e argila";"36631721"
"2016";"Estados Unidos";"0311";"Pesca marinha";"36231889"
"2016";"Estados Unidos";"0111";"Cultivo de cereais (exceto arroz), leguminosas e oleaginosas";"35651468"
"2016";"Estados Unidos";"0899";"Outras atividades de mineração n.c";"34286042"
"2016";"Estados Unidos";"2811";"Fabricação de motores e turbinas, exceto aeronaves, veículos e motores de ciclo";"33628604"
"2016";"Estados Unidos";"1394";"Fabricação de cordéis, cordas, cordéis e redes";"32817042"
"2016";"Estados Unidos";"1399";"Fabricação de outros têxteis n.e.c.";"30109417"
"2016";"Estados Unidos";"2610";"Fabricação de componentes eletrônicos e placas";"28769933"
"2016";"Estados Unidos";"2821";"Fabricação de maquinaria agrícola e florestal";"28340896"
"2016";"Estados Unidos";"1709";"Fabricação de outros artigos de papel e cartão";"28214058"
"2016";"Estados Unidos";"2732";"Fabricação de outros fios e cabos elétricos e eletrônicos";"27475321"
"2016";"Estados Unidos";"2812";"Fabricação de equipamentos para energia hidráulica";"26372175"
"2016";"Estados Unidos";"1071";"Fabricação de produtos de panificação";"24734831"
"2016";"Estados Unidos";"1061";"Fabricação de produtos de moagem de grãos";"24404370"
"2016";"Estados Unidos";"2640";"Fabricação de produtos eletrônicos de consumo";"20212254"
"2016";"Estados Unidos";"2660";"Fabricação de equipamentos de irradiação, eletromédicos e eletroterapêuticos";"20052267"
"2016";"Estados Unidos";"3091";"Fabricação de motocicletas";"18933460"
"2016";"Estados Unidos";"1410";"Fabricação de vestuário, exceto vestuários de peles";"18640972"
"2016";"Estados Unidos";"2823";"Fabricação de máquinas para metalurgia";"17794507"
"2016";"Estados Unidos";"1512";"Fabricação de malas, bolsas e semelhantes, selaria e arreios";"16864259"
"2016";"Estados Unidos";"2825";"Fabricação de máquinas para processamento de alimentos, bebidas e tabaco";"15788246"
"2016";"Estados Unidos";"2511";"Fabricação de produtos metálicos estruturais";"15781732"
"2016";"Estados Unidos";"0893";"Extração de sal";"15240438"
"2016";"Estados Unidos";"1080";"Fabricação de alimentos para animais";"13295127"
"2016";"Estados Unidos";"2023";"Fabricação de sabão e detergentes, produtos de limpeza e polimento, perfumes e produtos de toilette";"13135731"
"2016";"Estados Unidos";"1702";"Fabricação de papel e cartão canelados e de embalagens de papel e cartão";"12135155"
"2016";"Estados Unidos";"1062";"Fabricação de amidos e féculas";"11679258"
"2016";"Estados Unidos";"2720";"Fabricação de baterias e acumuladores";"11573907"
"2016";"Estados Unidos";"3012";"Construção de barcos de recreio e desportivos";"11532654"
"2016";"Estados Unidos";"3020";"Fabricação de locomotivas e material circulante";"10376745"
"2016";"Estados Unidos";"1311";"Preparação e fiação de fibras têxteis";"9955268"
"2016";"Estados Unidos";"2817";"Fabricação de máquinas e equipamentos de escritório (exceto computadores e equipamentos periféricos)";"9574126"
"2016";"Estados Unidos";"1050";"Fabricação de produtos lácteos";"9069039"
"2016";"Estados Unidos";"0116";"Cultivo de culturas de fibra";"8779142"
"2016";"Estados Unidos";"1392";"Fabricação de artigos têxteis confeccionados, exceto vestuário";"8778747"
"2016";"Estados Unidos";"5819";"Outras atividades de publicação";"7299352"
"2016";"Estados Unidos";"2431";"Fundição de ferro e aço";"7127313"
"2016";"Estados Unidos";"2022";"Fabricação de tintas, vernizes e produtos similares, tintas de impressão e mástiques";"6035975"
"2016";"Estados Unidos";"2393";"Fabricação de outros produtos de porcelana e cerâmica";"5860328"
"2016";"Estados Unidos";"2021";"Fabricação de pesticidas e outros produtos agroquímicos";"5844773"
"2016";"Estados Unidos";"3212";"Fabricação de bijuterias e artigos relacionados";"5370209"
"2016";"Estados Unidos";"1312";"Tecelagem de têxteis";"5231974"
"2016";"Estados Unidos";"1623";"Fabricação de embalagens de madeira";"4631865"
"2016";"Estados Unidos";"0142";"Criação de cavalos e outros equinos";"4576527"
"2016";"Estados Unidos";"2826";"Fabricação de máquinas para produção de têxteis, vestuário e couro";"4065404"
"2016";"Estados Unidos";"1391";"Fabricação de tecidos de malha";"3981472"
"2016";"Estados Unidos";"3099";"Fabricação de outros equipamentos de transporte n.c";"3920220"
"2016";"Estados Unidos";"1104";"Fabricação de refrigerantes; produção de águas minerais e outras águas engarrafadas";"3879795"
"2016";"Estados Unidos";"2920";"Fabricação de carroçarias para veículos automotores; fabricação de reboques e semi-reboques";"3630117"
"2016";"Estados Unidos";"5811";"Publicação de livros";"3566932"
"2016";"Estados Unidos";"3011";"Construção de navios e estruturas flutuantes";"3480237"
"2016";"Estados Unidos";"2740";"Fabricação de equipamentos de iluminação elétrica";"3414783"
"2016";"Estados Unidos";"2818";"Fabricação de ferramentas manuais acionadas por motor";"2712278"
"2016";"Estados Unidos";"2680";"Fabricação de mídia magnética e óptica";"2557712"
"2016";"Estados Unidos";"2750";"Fabricação de eletrodomésticos";"2324076"
"2016";"Estados Unidos";"2815";"Fabricação de fornos, fornos e queimadores de fornos";"2316729"
"2016";"Estados Unidos";"1101";"Fabricação de aguardentes e outras bebidas destiladas";"2298705"
"2016";"Estados Unidos";"0130";"Cultivo de plantas";"2210557"
"2016";"Estados Unidos";"1430";"Fabricação de vestuário de malha";"2207881"
"2016";"Estados Unidos";"2030";"Fabricação de fibras sintéticas ou artificiais";"2104708"
"2016";"Estados Unidos";"2731";"Fabricação de cabos de fibra ótica";"2103011"
"2016";"Estados Unidos";"1420";"Fabricação de artigos de peles";"1970592"
"2016";"Estados Unidos";"2395";"Fabricação de artigos de concreto, cimento e gesso";"1842922"
"2016";"Estados Unidos";"3220";"Fabricação de instrumentos musicais";"1711921"
"2016";"Estados Unidos";"2670";"Fabricação de instrumentos ópticos e equipamento fotográfico";"1435816"
"2016";"Estados Unidos";"0121";"Cultivo de uvas";"1321045"
"2016";"Estados Unidos";"3240";"Fabricação de jogos e brinquedos";"1252760"
"2016";"Estados Unidos";"1074";"Fabricação de macarrão, talharim, cuscuz e produtos farináceos semelhantes";"1107734"
"2016";"Estados Unidos";"2652";"Fabricação de cronomêtros e relógios";"1076194"
"2016";"Estados Unidos";"0220";"Exploração madeireira";"1046586"
"2016";"Estados Unidos";"0115";"Cultivo de tabaco";"969721"
"2016";"Estados Unidos";"3230";"Fabricação de artigos esportivos";"908185"
"2016";"Estados Unidos";"1102";"Fabricação de vinhos";"830716"
"2016";"Estados Unidos";"2513";"Fabricação de geradores de vapor, exceto caldeiras de aquecimento central de água quente";"701297"
"2016";"Estados Unidos";"2012";"Fabricação de fertilizantes e compostos nitrogenados";"697504"
"2016";"Estados Unidos";"1393";"Fabricação de tapetes e tapetes";"538803"
"2016";"Estados Unidos";"1103";"Fabricação de malte e bebidas maltadas.";"465631"
"2016";"Estados Unidos";"0230";"Coleta de produtos florestais não madeireiros";"306570"
"2016";"Estados Unidos";"0119";"Cultivo de outras culturas não perenes";"271913"
"2016";"Estados Unidos";"0891";"Extração de minerais químicos e fertilizantes";"210984"
"2016";"Estados Unidos";"5813";"Publicação de jornais, revistas e periódicos";"173531"
"2016";"Estados Unidos";"1812";"Atividades de serviço relacionadas à impressão";"131575"
"2016";"Estados Unidos";"9102";"Atividades de museus e operação de locais históricos e edifícios";"118547"
"2016";"Estados Unidos";"0126";"Cultivo de frutas oleaginosas";"76475"
"2016";"Estados Unidos";"0122";"Cultivo de frutas tropicais e subtropicais";"76236"
"2016";"Estados Unidos";"0129";"Cultivo de outras culturas perenes";"23206"
"2016";"Estados Unidos";"3092";"Fabricação de bicicletas e carruagens inválidas";"10980"
"2016";"Estados Unidos";"0145";"Criação de suínos";"3382"
"2016";"Estados Unidos";"5310";"Atividades postais";"2686"
"2016";"Estados Unidos";"0144";"Criação de ovelhas e cabras";"343"
"2016";"Estados Unidos";"7420";"Atividades fotográficas";"166"
"2015";"Estados Unidos";"3030";"Fabricação de aviões e máquinas relacionadas";"4731999085"
"2015";"Estados Unidos";"2410";"Fabricação de ferro e aço básicos";"3172903472"
"2015";"Estados Unidos";"0610";"Extração de petróleo bruto";"1923922283"
"2015";"Estados Unidos";"2011";"Fabricação de produtos químicos básicos";"1185085661"
"2015";"Estados Unidos";"0127";"Cultivo de bebidas da safra";"1183155248"
"2015";"Estados Unidos";"1701";"Fabricação de polpa, papel e cartão";"1180515920"
"2015";"Estados Unidos";"2396";"Corte, moldagem e acabamento de pedra";"791035476"
"2015";"Estados Unidos";"2930";"Fabricação de peças e acessórios para veículos automotores";"750615219"
"2015";"Estados Unidos";"2420";"Fabricação de metais preciosos e outros metais não ferrosos";"592392631"
"2015";"Estados Unidos";"2824";"Fabricação de máquinas para mineração, exploração de pedreiras e construção";"487432791"
"2015";"Estados Unidos";"1030";"Processamento e conservação de frutas e legumes";"464105316"
"2015";"Estados Unidos";"2710";"Fabricação de motores elétricos, geradores, transformadores e aparelhos de distribuição e controle de energia elétrica";"462100396"
"2015";"Estados Unidos";"1610";"Serração e aplainamento de madeira";"451580729"
"2015";"Estados Unidos";"1010";"Processamento e conservação de carne";"325569504"
"2015";"Estados Unidos";"8999";"Não classificado";"263063917"
"2015";"Estados Unidos";"1511";"Curtimento e vestuário de couro";"249813411"
"2015";"Estados Unidos";"1920";"Fabricação de produtos petrolíferos refinados";"243810792"
"2015";"Estados Unidos";"2211";"Fabricação de pneus e tubos; recauchutagem e reconstrução de pneus de borracha";"230856969"
"2015";"Estados Unidos";"2100";"Fabricação de produtos farmacêuticos, produtos químicos medicinais e botânicos";"222424345"
"2015";"Estados Unidos";"1200";"Fabricação de produtos de tabaco";"219929731"
"2015";"Estados Unidos";"2013";"Fabricação de plásticos e borracha sintética em formas primárias";"215837437"
"2015";"Estados Unidos";"2814";"Fabricação de rolamentos, engrenagens, engrenagens e elementos de acionamento";"213021088"
"2015";"Estados Unidos";"2813";"Fabricação de outras bombas, compressores, torneiras e válvulas";"209744012"
"2015";"Estados Unidos";"2029";"Fabricação de outros produtos químicos n.c";"194857040"
"2015";"Estados Unidos";"1520";"Fabricação de calçado";"194141868"
"2015";"Estados Unidos";"1622";"Fabricação de carpintaria e marcenaria de construtores";"189279528"
"2015";"Estados Unidos";"1079";"Fabricação de outros produtos alimentícios n.c";"164472801"
"2015";"Estados Unidos";"2599";"Fabricação de outros produtos metálicos fabricados n.c";"160344510"
"2015";"Estados Unidos";"2520";"Fabricação de armas e munições";"143149008"
"2015";"Estados Unidos";"0710";"Extração de minério de ferro";"142126490"
"2015";"Estados Unidos";"1621";"Fabricação de folheados e painéis derivados de madeira";"137347757"
"2015";"Estados Unidos";"0729";"Extração de outros minérios de metais não ferrosos";"132126960"
"2015";"Estados Unidos";"1072";"Fabricação de açúcar";"129825773"
"2015";"Estados Unidos";"3100";"Fabricação de móveis";"126394980"
"2015";"Estados Unidos";"0128";"Cultivo de especiarias, culturas aromáticas, medicamentosas e farmacêuticas";"125220437"
"2015";"Estados Unidos";"1073";"Fabricação de cacau, chocolate e produtos de confeitaria";"118483558"
"2015";"Estados Unidos";"2651";"Fabricação de equipamentos de medição, teste, navegação e controle";"111373049"
"2015";"Estados Unidos";"2593";"Fabricação de cutelaria, ferramentas manuais e ferragens em geral";"97072862"
"2015";"Estados Unidos";"2220";"Fabricação de produtos plásticos";"91026246"
"2015";"Estados Unidos";"3211";"Fabricação de joalharia e artigos afins";"81405022"
"2015";"Estados Unidos";"1020";"Processamento e conservação de peixes, crustáceos e moluscos";"76983734"
"2015";"Estados Unidos";"2399";"Fabricação de outros produtos minerais não metálicos n.c";"69710512"
"2015";"Estados Unidos";"1629";"Fabricação de outros produtos de madeira; fabricação de artigos de cortiça, de espartaria e cestaria";"66648661"
"2015";"Estados Unidos";"2819";"Fabricação de outras máquinas para uso geral";"65726573"
"2015";"Estados Unidos";"0125";"Cultivo de outras frutas e nozes";"64791663"
"2015";"Estados Unidos";"0149";"Criação de outros animais";"57433555"
"2015";"Estados Unidos";"2620";"Fabricação de computadores e equipamentos periféricos";"57301585"
"2015";"Estados Unidos";"2630";"Fabricação de equipamentos de comunicação";"55964173"
"2015";"Estados Unidos";"3250";"Fabricação de instrumentos e suprimentos médicos e odontológicos";"55802386"
"2015";"Estados Unidos";"9000";"Atividades criativas, artes e entretenimento";"54977587"
"2015";"Estados Unidos";"0899";"Outras atividades de mineração n.c";"51649927"
"2015";"Estados Unidos";"2219";"Fabricação de outros produtos de borracha";"51540482"
"2015";"Estados Unidos";"1040";"Fabricação de óleos e gorduras vegetais e animais";"51085193"
"2015";"Estados Unidos";"3290";"Outras manufaturas n.c.";"50075732"
"2015";"Estados Unidos";"2790";"Fabricação de outro equipamento elétrico";"49331881"
"2015";"Estados Unidos";"2392";"Fabricação de materiais de construção de argila";"45750248"
"2015";"Estados Unidos";"1394";"Fabricação de cordéis, cordas, cordéis e redes";"44512206"
"2015";"Estados Unidos";"0113";"Cultivo de hortaliças e melões, raízes e tubérculos";"43946749"
"2015";"Estados Unidos";"2640";"Fabricação de produtos eletrônicos de consumo";"43871568"
"2015";"Estados Unidos";"0111";"Cultivo de cereais (exceto arroz), leguminosas e oleaginosas";"42762330"
"2015";"Estados Unidos";"2512";"Fabricação de tanques, reservatórios e recipientes de metal";"37359546"
"2015";"Estados Unidos";"2391";"Fabricação de produtos refratários";"36527962"
"2015";"Estados Unidos";"0810";"Extração de pedra, areia e argila";"35970774"
"2015";"Estados Unidos";"1709";"Fabricação de outros artigos de papel e cartão";"32538691"
"2015";"Estados Unidos";"1399";"Fabricação de outros têxteis n.e.c.";"30856604"
"2015";"Estados Unidos";"2821";"Fabricação de maquinaria agrícola e florestal";"30268656"
"2015";"Estados Unidos";"2822";"Fabricação de máquinas e máquinas-ferramentas para moldagem de metais";"29582751"
"2015";"Estados Unidos";"2610";"Fabricação de componentes eletrônicos e placas";"27470847"
"2015";"Estados Unidos";"1071";"Fabricação de produtos de panificação";"25566847"
"2015";"Estados Unidos";"0311";"Pesca marinha";"25247253"
"2015";"Estados Unidos";"2829";"Fabricação de outras máquinas para fins especiais";"24165177"
"2015";"Estados Unidos";"2823";"Fabricação de máquinas para metalurgia";"23023759"
"2015";"Estados Unidos";"2910";"Fabricação de veículos automotores";"22743411"
"2015";"Estados Unidos";"2310";"Fabricação de produtos de vidro e vidro";"22678872"
"2015";"Estados Unidos";"2732";"Fabricação de outros fios e cabos elétricos e eletrônicos";"22510204"
"2015";"Estados Unidos";"2812";"Fabricação de equipamentos para energia hidráulica";"22328692"
"2015";"Estados Unidos";"1512";"Fabricação de malas, bolsas e semelhantes, selaria e arreios";"21282969"
"2015";"Estados Unidos";"3020";"Fabricação de locomotivas e material circulante";"21230378"
"2015";"Estados Unidos";"2660";"Fabricação de equipamentos de irradiação, eletromédicos e eletroterapêuticos";"20034133"
"2015";"Estados Unidos";"2811";"Fabricação de motores e turbinas, exceto aeronaves, veículos e motores de ciclo";"19835826"
"2015";"Estados Unidos";"1410";"Fabricação de vestuário, exceto vestuários de peles";"17986176"
"2015";"Estados Unidos";"3091";"Fabricação de motocicletas";"16212668"
"2015";"Estados Unidos";"0893";"Extração de sal";"14918916"
"2015";"Estados Unidos";"1061";"Fabricação de produtos de moagem de grãos";"14622791"
"2015";"Estados Unidos";"1311";"Preparação e fiação de fibras têxteis";"12411412"
"2015";"Estados Unidos";"2021";"Fabricação de pesticidas e outros produtos agroquímicos";"11173188"
"2015";"Estados Unidos";"2825";"Fabricação de máquinas para processamento de alimentos, bebidas e tabaco";"11123634"
"2015";"Estados Unidos";"1702";"Fabricação de papel e cartão canelados e de embalagens de papel e cartão";"10052854"
"2015";"Estados Unidos";"2023";"Fabricação de sabão e detergentes, produtos de limpeza e polimento, perfumes e produtos de toilette";"9488593"
"2015";"Estados Unidos";"2815";"Fabricação de fornos, fornos e queimadores de fornos";"8858077"
"2015";"Estados Unidos";"2826";"Fabricação de máquinas para produção de têxteis, vestuário e couro";"8470131"
"2015";"Estados Unidos";"2431";"Fundição de ferro e aço";"7859898"
"2015";"Estados Unidos";"5819";"Outras atividades de publicação";"7730909"
"2015";"Estados Unidos";"1392";"Fabricação de artigos têxteis confeccionados, exceto vestuário";"6892325"
"2015";"Estados Unidos";"1062";"Fabricação de amidos e féculas";"6815360"
"2015";"Estados Unidos";"3012";"Construção de barcos de recreio e desportivos";"6635558"
"2015";"Estados Unidos";"2816";"Fabricação de equipamentos de elevação e manuseio";"6631875"
"2015";"Estados Unidos";"2920";"Fabricação de carroçarias para veículos automotores; fabricação de reboques e semi-reboques";"6357488"
"2015";"Estados Unidos";"3011";"Construção de navios e estruturas flutuantes";"6302628"
"2015";"Estados Unidos";"1623";"Fabricação de embalagens de madeira";"6081395"
"2015";"Estados Unidos";"1312";"Tecelagem de têxteis";"5885941"
"2015";"Estados Unidos";"2022";"Fabricação de tintas, vernizes e produtos similares, tintas de impressão e mástiques";"5881735"
"2015";"Estados Unidos";"2720";"Fabricação de baterias e acumuladores";"5521574"
"2015";"Estados Unidos";"1080";"Fabricação de alimentos para animais";"5510638"
"2015";"Estados Unidos";"3212";"Fabricação de bijuterias e artigos relacionados";"5469330"
"2015";"Estados Unidos";"2818";"Fabricação de ferramentas manuais acionadas por motor";"5345466"
"2015";"Estados Unidos";"2012";"Fabricação de fertilizantes e compostos nitrogenados";"4907622"
"2015";"Estados Unidos";"1104";"Fabricação de refrigerantes; produção de águas minerais e outras águas engarrafadas";"4047944"
"2015";"Estados Unidos";"0116";"Cultivo de culturas de fibra";"3788634"
"2015";"Estados Unidos";"2393";"Fabricação de outros produtos de porcelana e cerâmica";"3698523"
"2015";"Estados Unidos";"1391";"Fabricação de tecidos de malha";"3592421"
"2015";"Estados Unidos";"0130";"Cultivo de plantas";"3495880"
"2015";"Estados Unidos";"2740";"Fabricação de equipamentos de iluminação elétrica";"3368965"
"2015";"Estados Unidos";"3099";"Fabricação de outros equipamentos de transporte n.c";"3215858"
"2015";"Estados Unidos";"2817";"Fabricação de máquinas e equipamentos de escritório (exceto computadores e equipamentos periféricos)";"2721806"
"2015";"Estados Unidos";"2750";"Fabricação de eletrodomésticos";"2495370"
"2015";"Estados Unidos";"1430";"Fabricação de vestuário de malha";"2306554"
"2015";"Estados Unidos";"1074";"Fabricação de macarrão, talharim, cuscuz e produtos farináceos semelhantes";"2257405"
"2015";"Estados Unidos";"0142";"Criação de cavalos e outros equinos";"2244878"
"2015";"Estados Unidos";"5811";"Publicação de livros";"2195280"
"2015";"Estados Unidos";"1101";"Fabricação de aguardentes e outras bebidas destiladas";"2011432"
"2015";"Estados Unidos";"1420";"Fabricação de artigos de peles";"1929089"
"2015";"Estados Unidos";"1050";"Fabricação de produtos lácteos";"1767199"
"2015";"Estados Unidos";"0121";"Cultivo de uvas";"1643930"
"2015";"Estados Unidos";"2680";"Fabricação de mídia magnética e óptica";"1528218"
"2015";"Estados Unidos";"3220";"Fabricação de instrumentos musicais";"1484600"
"2015";"Estados Unidos";"0115";"Cultivo de tabaco";"1168555"
"2015";"Estados Unidos";"2670";"Fabricação de instrumentos ópticos e equipamento fotográfico";"1039920"
"2015";"Estados Unidos";"3240";"Fabricação de jogos e brinquedos";"902346"
"2015";"Estados Unidos";"2731";"Fabricação de cabos de fibra ótica";"838584"
"2015";"Estados Unidos";"1102";"Fabricação de vinhos";"815368"
"2015";"Estados Unidos";"0230";"Coleta de produtos florestais não madeireiros";"764702"
"2015";"Estados Unidos";"2513";"Fabricação de geradores de vapor, exceto caldeiras de aquecimento central de água quente";"671025"
"2015";"Estados Unidos";"2652";"Fabricação de cronomêtros e relógios";"606122"
"2015";"Estados Unidos";"3230";"Fabricação de artigos esportivos";"591902"
"2015";"Estados Unidos";"0220";"Exploração madeireira";"589526"
"2015";"Estados Unidos";"9102";"Atividades de museus e operação de locais históricos e edifícios";"550749"
"2015";"Estados Unidos";"2030";"Fabricação de fibras sintéticas ou artificiais";"546652"
"2015";"Estados Unidos";"1812";"Atividades de serviço relacionadas à impressão";"505657"
"2015";"Estados Unidos";"2511";"Fabricação de produtos metálicos estruturais";"460457"
"2015";"Estados Unidos";"1393";"Fabricação de tapetes e tapetes";"428398"
"2015";"Estados Unidos";"1103";"Fabricação de malte e bebidas maltadas.";"398461"
"2015";"Estados Unidos";"2395";"Fabricação de artigos de concreto, cimento e gesso";"386065"
"2015";"Estados Unidos";"0891";"Extração de minerais químicos e fertilizantes";"193819"
"2015";"Estados Unidos";"5813";"Publicação de jornais, revistas e periódicos";"168296"
"2015";"Estados Unidos";"0126";"Cultivo de frutas oleaginosas";"117846"
"2015";"Estados Unidos";"0119";"Cultivo de outras culturas não perenes";"54846"
"2015";"Estados Unidos";"3092";"Fabricação de bicicletas e carruagens inválidas";"13644"
"2015";"Estados Unidos";"0129";"Cultivo de outras culturas perenes";"10712"
"2015";"Estados Unidos";"0321";"Aquicultura marinha";"8416"
"2015";"Estados Unidos";"0123";"Cultivo de frutas cítricas";"6713"
"2015";"Estados Unidos";"0122";"Cultivo de frutas tropicais e subtropicais";"4929"
"2015";"Estados Unidos";"5911";"Atividades de produção de filmes, vídeos e programas de televisão";"401"
"2015";"Estados Unidos";"5310";"Atividades postais";"141"
"2015";"Estados Unidos";"2394";"Fabricação de cimento, cal e gesso";"40"
"2015";"Estados Unidos";"0510";"Mineração de Carvão";"21"
"2014";"Estados Unidos";"2410";"Fabricação de ferro e aço básicos";"4060651844"
"2014";"Estados Unidos";"3030";"Fabricação de aviões e máquinas relacionadas";"3789832874"
"2014";"Estados Unidos";"0610";"Extração de petróleo bruto";"3407143867"
"2014";"Estados Unidos";"2011";"Fabricação de produtos químicos básicos";"1654726410"
"2014";"Estados Unidos";"0127";"Cultivo de bebidas da safra";"1198235574"
"2014";"Estados Unidos";"1701";"Fabricação de polpa, papel e cartão";"1191330496"
"2014";"Estados Unidos";"2930";"Fabricação de peças e acessórios para veículos automotores";"799231788"
"2014";"Estados Unidos";"2396";"Corte, moldagem e acabamento de pedra";"788957081"
"2014";"Estados Unidos";"2824";"Fabricação de máquinas para mineração, exploração de pedreiras e construção";"695824869"
"2014";"Estados Unidos";"2420";"Fabricação de metais preciosos e outros metais não ferrosos";"576653200"
"2014";"Estados Unidos";"2710";"Fabricação de motores elétricos, geradores, transformadores e aparelhos de distribuição e controle de energia elétrica";"575455823"
"2014";"Estados Unidos";"0111";"Cultivo de cereais (exceto arroz), leguminosas e oleaginosas";"543161035"
"2014";"Estados Unidos";"1610";"Serração e aplainamento de madeira";"484196883"
"2014";"Estados Unidos";"1030";"Processamento e conservação de frutas e legumes";"478185032"
"2014";"Estados Unidos";"8999";"Não classificado";"427290082"
"2014";"Estados Unidos";"1511";"Curtimento e vestuário de couro";"313814390"
"2014";"Estados Unidos";"1010";"Processamento e conservação de carne";"269158246"
"2014";"Estados Unidos";"2813";"Fabricação de outras bombas, compressores, torneiras e válvulas";"264091047"
"2014";"Estados Unidos";"2211";"Fabricação de pneus e tubos; recauchutagem e reconstrução de pneus de borracha";"243744386"
"2014";"Estados Unidos";"2814";"Fabricação de rolamentos, engrenagens, engrenagens e elementos de acionamento";"235036891"
"2014";"Estados Unidos";"1200";"Fabricação de produtos de tabaco";"225832500"
"2014";"Estados Unidos";"2013";"Fabricação de plásticos e borracha sintética em formas primárias";"202392923"
"2014";"Estados Unidos";"0710";"Extração de minério de ferro";"200994688"
"2014";"Estados Unidos";"2100";"Fabricação de produtos farmacêuticos, produtos químicos medicinais e botânicos";"199278821"
"2014";"Estados Unidos";"1520";"Fabricação de calçado";"196907032"
"2014";"Estados Unidos";"1079";"Fabricação de outros produtos alimentícios n.c";"183789940"
"2014";"Estados Unidos";"1072";"Fabricação de açúcar";"177368495"
"2014";"Estados Unidos";"2029";"Fabricação de outros produtos químicos n.c";"172605577"
"2014";"Estados Unidos";"1622";"Fabricação de carpintaria e marcenaria de construtores";"170985101"
"2014";"Estados Unidos";"0729";"Extração de outros minérios de metais não ferrosos";"161150997"
"2014";"Estados Unidos";"2599";"Fabricação de outros produtos metálicos fabricados n.c";"158143325"
"2014";"Estados Unidos";"1920";"Fabricação de produtos petrolíferos refinados";"150928670"
"2014";"Estados Unidos";"2593";"Fabricação de cutelaria, ferramentas manuais e ferragens em geral";"116449809"
"2014";"Estados Unidos";"3100";"Fabricação de móveis";"114318809"
"2014";"Estados Unidos";"0128";"Cultivo de especiarias, culturas aromáticas, medicamentosas e farmacêuticas";"111594287"
"2014";"Estados Unidos";"2651";"Fabricação de equipamentos de medição, teste, navegação e controle";"111058955"
"2014";"Estados Unidos";"2399";"Fabricação de outros produtos minerais não metálicos n.c";"110043864"
"2014";"Estados Unidos";"2819";"Fabricação de outras máquinas para uso geral";"100665766"
"2014";"Estados Unidos";"2220";"Fabricação de produtos plásticos";"100406815"
"2014";"Estados Unidos";"2520";"Fabricação de armas e munições";"94319977"
"2014";"Estados Unidos";"1073";"Fabricação de cacau, chocolate e produtos de confeitaria";"81634186"
"2014";"Estados Unidos";"1621";"Fabricação de folheados e painéis derivados de madeira";"79942396"
"2014";"Estados Unidos";"1629";"Fabricação de outros produtos de madeira; fabricação de artigos de cortiça, de espartaria e cestaria";"78873305"
"2014";"Estados Unidos";"0149";"Criação de outros animais";"74402997"
"2014";"Estados Unidos";"1020";"Processamento e conservação de peixes, crustáceos e moluscos";"73921602"
"2014";"Estados Unidos";"2219";"Fabricação de outros produtos de borracha";"67101728"
"2014";"Estados Unidos";"2829";"Fabricação de outras máquinas para fins especiais";"66754512"
"2014";"Estados Unidos";"3211";"Fabricação de joalharia e artigos afins";"66647330"
"2014";"Estados Unidos";"2620";"Fabricação de computadores e equipamentos periféricos";"64331697"
"2014";"Estados Unidos";"2630";"Fabricação de equipamentos de comunicação";"56760252"
"2014";"Estados Unidos";"1040";"Fabricação de óleos e gorduras vegetais e animais";"52998791"
"2014";"Estados Unidos";"0899";"Outras atividades de mineração n.c";"50162504"
"2014";"Estados Unidos";"2790";"Fabricação de outro equipamento elétrico";"50138801"
"2014";"Estados Unidos";"0125";"Cultivo de outras frutas e nozes";"48750701"
"2014";"Estados Unidos";"0810";"Extração de pedra, areia e argila";"47829470"
"2014";"Estados Unidos";"3250";"Fabricação de instrumentos e suprimentos médicos e odontológicos";"46840758"
"2014";"Estados Unidos";"3290";"Outras manufaturas n.c.";"44572407"
"2014";"Estados Unidos";"2512";"Fabricação de tanques, reservatórios e recipientes de metal";"43174303"
"2014";"Estados Unidos";"9000";"Atividades criativas, artes e entretenimento";"39059232"
"2014";"Estados Unidos";"2821";"Fabricação de maquinaria agrícola e florestal";"37608066"
"2014";"Estados Unidos";"1394";"Fabricação de cordéis, cordas, cordéis e redes";"37516895"
"2014";"Estados Unidos";"1399";"Fabricação de outros têxteis n.e.c.";"37394968"
"2014";"Estados Unidos";"2391";"Fabricação de produtos refratários";"37215831"
"2014";"Estados Unidos";"2392";"Fabricação de materiais de construção de argila";"36837900"
"2014";"Estados Unidos";"1709";"Fabricação de outros artigos de papel e cartão";"35253743"
"2014";"Estados Unidos";"0113";"Cultivo de hortaliças e melões, raízes e tubérculos";"34335657"
"2014";"Estados Unidos";"2610";"Fabricação de componentes eletrônicos e placas";"33484676"
"2014";"Estados Unidos";"2822";"Fabricação de máquinas e máquinas-ferramentas para moldagem de metais";"29017579"
"2014";"Estados Unidos";"2732";"Fabricação de outros fios e cabos elétricos e eletrônicos";"25973380"
"2014";"Estados Unidos";"1071";"Fabricação de produtos de panificação";"25889831"
"2014";"Estados Unidos";"2823";"Fabricação de máquinas para metalurgia";"20880232"
"2014";"Estados Unidos";"1410";"Fabricação de vestuário, exceto vestuários de peles";"20606938"
"2014";"Estados Unidos";"2812";"Fabricação de equipamentos para energia hidráulica";"19998713"
"2014";"Estados Unidos";"2310";"Fabricação de produtos de vidro e vidro";"19826063"
"2014";"Estados Unidos";"1512";"Fabricação de malas, bolsas e semelhantes, selaria e arreios";"19043421"
"2014";"Estados Unidos";"2660";"Fabricação de equipamentos de irradiação, eletromédicos e eletroterapêuticos";"18669202"
"2014";"Estados Unidos";"3091";"Fabricação de motocicletas";"18013035"
"2014";"Estados Unidos";"2811";"Fabricação de motores e turbinas, exceto aeronaves, veículos e motores de ciclo";"17322966"
"2014";"Estados Unidos";"3020";"Fabricação de locomotivas e material circulante";"15161580"
"2014";"Estados Unidos";"2910";"Fabricação de veículos automotores";"13688381"
"2014";"Estados Unidos";"0311";"Pesca marinha";"13593812"
"2014";"Estados Unidos";"2030";"Fabricação de fibras sintéticas ou artificiais";"13464768"
"2014";"Estados Unidos";"1061";"Fabricação de produtos de moagem de grãos";"12790457"
"2014";"Estados Unidos";"2023";"Fabricação de sabão e detergentes, produtos de limpeza e polimento, perfumes e produtos de toilette";"12287672"
"2014";"Estados Unidos";"1311";"Preparação e fiação de fibras têxteis";"11267391"
"2014";"Estados Unidos";"2021";"Fabricação de pesticidas e outros produtos agroquímicos";"10915323"
"2014";"Estados Unidos";"2816";"Fabricação de equipamentos de elevação e manuseio";"10794075"
"2014";"Estados Unidos";"2640";"Fabricação de produtos eletrônicos de consumo";"10761369"
"2014";"Estados Unidos";"2825";"Fabricação de máquinas para processamento de alimentos, bebidas e tabaco";"10620874"
"2014";"Estados Unidos";"1062";"Fabricação de amidos e féculas";"10435076"
"2014";"Estados Unidos";"2022";"Fabricação de tintas, vernizes e produtos similares, tintas de impressão e mástiques";"10399879"
"2014";"Estados Unidos";"0893";"Extração de sal";"8475736"
"2014";"Estados Unidos";"2431";"Fundição de ferro e aço";"7951825"
"2014";"Estados Unidos";"1702";"Fabricação de papel e cartão canelados e de embalagens de papel e cartão";"7309013"
"2014";"Estados Unidos";"2826";"Fabricação de máquinas para produção de têxteis, vestuário e couro";"6186881"
"2014";"Estados Unidos";"1392";"Fabricação de artigos têxteis confeccionados, exceto vestuário";"5978456"
"2014";"Estados Unidos";"2815";"Fabricação de fornos, fornos e queimadores de fornos";"5655664"
"2014";"Estados Unidos";"3011";"Construção de navios e estruturas flutuantes";"5136973"
"2014";"Estados Unidos";"3212";"Fabricação de bijuterias e artigos relacionados";"5006281"
"2014";"Estados Unidos";"1080";"Fabricação de alimentos para animais";"4889669"
"2014";"Estados Unidos";"2920";"Fabricação de carroçarias para veículos automotores; fabricação de reboques e semi-reboques";"4871652"
"2014";"Estados Unidos";"0130";"Cultivo de plantas";"4770206"
"2014";"Estados Unidos";"1104";"Fabricação de refrigerantes; produção de águas minerais e outras águas engarrafadas";"4749080"
"2014";"Estados Unidos";"2511";"Fabricação de produtos metálicos estruturais";"4614032"
"2014";"Estados Unidos";"1391";"Fabricação de tecidos de malha";"4160888"
"2014";"Estados Unidos";"1312";"Tecelagem de têxteis";"4146633"
"2014";"Estados Unidos";"2750";"Fabricação de eletrodomésticos";"4135683"
"2014";"Estados Unidos";"1623";"Fabricação de embalagens de madeira";"4120007"
"2014";"Estados Unidos";"1050";"Fabricação de produtos lácteos";"3655837"
"2014";"Estados Unidos";"2012";"Fabricação de fertilizantes e compostos nitrogenados";"3363239"
"2014";"Estados Unidos";"5819";"Outras atividades de publicação";"2880685"
"2014";"Estados Unidos";"2393";"Fabricação de outros produtos de porcelana e cerâmica";"2819705"
"2014";"Estados Unidos";"3099";"Fabricação de outros equipamentos de transporte n.c";"2687972"
"2014";"Estados Unidos";"2817";"Fabricação de máquinas e equipamentos de escritório (exceto computadores e equipamentos periféricos)";"2637350"
"2014";"Estados Unidos";"2740";"Fabricação de equipamentos de iluminação elétrica";"2632517"
"2014";"Estados Unidos";"1101";"Fabricação de aguardentes e outras bebidas destiladas";"2518655"
"2014";"Estados Unidos";"0115";"Cultivo de tabaco";"2495004"
"2014";"Estados Unidos";"0142";"Criação de cavalos e outros equinos";"2420558"
"2014";"Estados Unidos";"1430";"Fabricação de vestuário de malha";"2212419"
"2014";"Estados Unidos";"2670";"Fabricação de instrumentos ópticos e equipamento fotográfico";"2057743"
"2014";"Estados Unidos";"1074";"Fabricação de macarrão, talharim, cuscuz e produtos farináceos semelhantes";"2052899"
"2014";"Estados Unidos";"5811";"Publicação de livros";"1634734"
"2014";"Estados Unidos";"2818";"Fabricação de ferramentas manuais acionadas por motor";"1633378"
"2014";"Estados Unidos";"1420";"Fabricação de artigos de peles";"1439732"
"2014";"Estados Unidos";"0620";"Extração de gás natural";"1425868"
"2014";"Estados Unidos";"3240";"Fabricação de jogos e brinquedos";"1403509"
"2014";"Estados Unidos";"2720";"Fabricação de baterias e acumuladores";"1196362"
"2014";"Estados Unidos";"2680";"Fabricação de mídia magnética e óptica";"1188603"
"2014";"Estados Unidos";"1393";"Fabricação de tapetes e tapetes";"1154813"
"2014";"Estados Unidos";"3220";"Fabricação de instrumentos musicais";"1104235"
"2014";"Estados Unidos";"3012";"Construção de barcos de recreio e desportivos";"955048"
"2014";"Estados Unidos";"2731";"Fabricação de cabos de fibra ótica";"803634"
"2014";"Estados Unidos";"1103";"Fabricação de malte e bebidas maltadas.";"744524"
"2014";"Estados Unidos";"0220";"Exploração madeireira";"742104"
"2014";"Estados Unidos";"3230";"Fabricação de artigos esportivos";"648133"
"2014";"Estados Unidos";"1102";"Fabricação de vinhos";"630749"
"2014";"Estados Unidos";"0230";"Coleta de produtos florestais não madeireiros";"497170"
"2014";"Estados Unidos";"1812";"Atividades de serviço relacionadas à impressão";"491299"
"2014";"Estados Unidos";"2513";"Fabricação de geradores de vapor, exceto caldeiras de aquecimento central de água quente";"236734"
"2014";"Estados Unidos";"0891";"Extração de minerais químicos e fertilizantes";"234375"
"2014";"Estados Unidos";"5911";"Atividades de produção de filmes, vídeos e programas de televisão";"218341"
"2014";"Estados Unidos";"5813";"Publicação de jornais, revistas e periódicos";"183947"
"2014";"Estados Unidos";"0121";"Cultivo de uvas";"175546"
"2014";"Estados Unidos";"2652";"Fabricação de cronomêtros e relógios";"113047"
"2014";"Estados Unidos";"0119";"Cultivo de outras culturas não perenes";"95848"
"2014";"Estados Unidos";"0126";"Cultivo de frutas oleaginosas";"65180"
"2014";"Estados Unidos";"9102";"Atividades de museus e operação de locais históricos e edifícios";"46897"
"2014";"Estados Unidos";"7420";"Atividades fotográficas";"23130"
"2014";"Estados Unidos";"0122";"Cultivo de frutas tropicais e subtropicais";"21354"
"2014";"Estados Unidos";"2394";"Fabricação de cimento, cal e gesso";"17010"
"2014";"Estados Unidos";"0112";"Cultivo de arroz";"16263"
"2014";"Estados Unidos";"0123";"Cultivo de frutas cítricas";"14918"
"2014";"Estados Unidos";"3092";"Fabricação de bicicletas e carruagens inválidas";"11104"
"2014";"Estados Unidos";"2395";"Fabricação de artigos de concreto, cimento e gesso";"9915"
"2014";"Estados Unidos";"0129";"Cultivo de outras culturas perenes";"6787"
"2014";"Estados Unidos";"0116";"Cultivo de culturas de fibra";"141"
"2013";"Estados Unidos";"0610";"Extração de petróleo bruto";"3481274447"
"2013";"Estados Unidos";"2410";"Fabricação de ferro e aço básicos";"3315826118"
"2013";"Estados Unidos";"3030";"Fabricação de aviões e máquinas relacionadas";"2409017647"
"2013";"Estados Unidos";"2011";"Fabricação de produtos químicos básicos";"2321911130"
"2013";"Estados Unidos";"1701";"Fabricação de polpa, papel e cartão";"1250566336"
"2013";"Estados Unidos";"0127";"Cultivo de bebidas da safra";"886576624"
"2013";"Estados Unidos";"2930";"Fabricação de peças e acessórios para veículos automotores";"825638869"
"2013";"Estados Unidos";"2396";"Corte, moldagem e acabamento de pedra";"770069371"
"2013";"Estados Unidos";"2710";"Fabricação de motores elétricos, geradores, transformadores e aparelhos de distribuição e controle de energia elétrica";"572774478"
"2013";"Estados Unidos";"2420";"Fabricação de metais preciosos e outros metais não ferrosos";"511004482"
"2013";"Estados Unidos";"2824";"Fabricação de máquinas para mineração, exploração de pedreiras e construção";"489866809"
"2013";"Estados Unidos";"0111";"Cultivo de cereais (exceto arroz), leguminosas e oleaginosas";"474542823"
"2013";"Estados Unidos";"1030";"Processamento e conservação de frutas e legumes";"459524038"
"2013";"Estados Unidos";"1610";"Serração e aplainamento de madeira";"425689631"
"2013";"Estados Unidos";"1200";"Fabricação de produtos de tabaco";"397146018"
"2013";"Estados Unidos";"8999";"Não classificado";"346112476"
"2013";"Estados Unidos";"2211";"Fabricação de pneus e tubos; recauchutagem e reconstrução de pneus de borracha";"290066095"
"2013";"Estados Unidos";"2813";"Fabricação de outras bombas, compressores, torneiras e válvulas";"271581399"
"2013";"Estados Unidos";"1511";"Curtimento e vestuário de couro";"261437839"
"2013";"Estados Unidos";"1010";"Processamento e conservação de carne";"254250519"
"2013";"Estados Unidos";"2814";"Fabricação de rolamentos, engrenagens, engrenagens e elementos de acionamento";"213238013"
"2013";"Estados Unidos";"0729";"Extração de outros minérios de metais não ferrosos";"195807451"
"2013";"Estados Unidos";"1079";"Fabricação de outros produtos alimentícios n.c";"193267511"
"2013";"Estados Unidos";"1520";"Fabricação de calçado";"192270255"
"2013";"Estados Unidos";"2520";"Fabricação de armas e munições";"185753491"
"2013";"Estados Unidos";"2100";"Fabricação de produtos farmacêuticos, produtos químicos medicinais e botânicos";"177519333"
"2013";"Estados Unidos";"2013";"Fabricação de plásticos e borracha sintética em formas primárias";"163882098"
"2013";"Estados Unidos";"1622";"Fabricação de carpintaria e marcenaria de construtores";"158466454"
"2013";"Estados Unidos";"2599";"Fabricação de outros produtos metálicos fabricados n.c";"151485351"
"2013";"Estados Unidos";"2029";"Fabricação de outros produtos químicos n.c";"148494562"
"2013";"Estados Unidos";"1920";"Fabricação de produtos petrolíferos refinados";"141048336"
"2013";"Estados Unidos";"2593";"Fabricação de cutelaria, ferramentas manuais e ferragens em geral";"109099324"
"2013";"Estados Unidos";"2651";"Fabricação de equipamentos de medição, teste, navegação e controle";"99665411"
"2013";"Estados Unidos";"3100";"Fabricação de móveis";"98190687"
"2013";"Estados Unidos";"2829";"Fabricação de outras máquinas para fins especiais";"90743489"
"2013";"Estados Unidos";"1072";"Fabricação de açúcar";"86630245"
"2013";"Estados Unidos";"2220";"Fabricação de produtos plásticos";"85041178"
"2013";"Estados Unidos";"0128";"Cultivo de especiarias, culturas aromáticas, medicamentosas e farmacêuticas";"84980565"
"2013";"Estados Unidos";"3211";"Fabricação de joalharia e artigos afins";"84906621"
"2013";"Estados Unidos";"2819";"Fabricação de outras máquinas para uso geral";"83006192"
"2013";"Estados Unidos";"2630";"Fabricação de equipamentos de comunicação";"78955961"
"2013";"Estados Unidos";"1621";"Fabricação de folheados e painéis derivados de madeira";"78903858"
"2013";"Estados Unidos";"1020";"Processamento e conservação de peixes, crustáceos e moluscos";"75683654"
"2013";"Estados Unidos";"0125";"Cultivo de outras frutas e nozes";"70461220"
"2013";"Estados Unidos";"2399";"Fabricação de outros produtos minerais não metálicos n.c";"69521961"
"2013";"Estados Unidos";"1073";"Fabricação de cacau, chocolate e produtos de confeitaria";"65157475"
"2013";"Estados Unidos";"2219";"Fabricação de outros produtos de borracha";"61219800"
"2013";"Estados Unidos";"1629";"Fabricação de outros produtos de madeira; fabricação de artigos de cortiça, de espartaria e cestaria";"57824950"
"2013";"Estados Unidos";"9000";"Atividades criativas, artes e entretenimento";"55199068"
"2013";"Estados Unidos";"2620";"Fabricação de computadores e equipamentos periféricos";"54835543"
"2013";"Estados Unidos";"3250";"Fabricação de instrumentos e suprimentos médicos e odontológicos";"51929773"
"2013";"Estados Unidos";"0899";"Outras atividades de mineração n.c";"51123277"
"2013";"Estados Unidos";"0810";"Extração de pedra, areia e argila";"50146923"
"2013";"Estados Unidos";"3290";"Outras manufaturas n.c.";"49047904"
"2013";"Estados Unidos";"2822";"Fabricação de máquinas e máquinas-ferramentas para moldagem de metais";"47474170"
"2013";"Estados Unidos";"2790";"Fabricação de outro equipamento elétrico";"46921292"
"2013";"Estados Unidos";"2821";"Fabricação de maquinaria agrícola e florestal";"43431611"
"2013";"Estados Unidos";"0149";"Criação de outros animais";"39820403"
"2013";"Estados Unidos";"2392";"Fabricação de materiais de construção de argila";"38491113"
"2013";"Estados Unidos";"1040";"Fabricação de óleos e gorduras vegetais e animais";"37819658"
"2013";"Estados Unidos";"1709";"Fabricação de outros artigos de papel e cartão";"33981199"
"2013";"Estados Unidos";"1399";"Fabricação de outros têxteis n.e.c.";"33368612"
"2013";"Estados Unidos";"2732";"Fabricação de outros fios e cabos elétricos e eletrônicos";"32781250"
"2013";"Estados Unidos";"2512";"Fabricação de tanques, reservatórios e recipientes de metal";"31859294"
"2013";"Estados Unidos";"0710";"Extração de minério de ferro";"31219061"
"2013";"Estados Unidos";"0113";"Cultivo de hortaliças e melões, raízes e tubérculos";"30387919"
"2013";"Estados Unidos";"1394";"Fabricação de cordéis, cordas, cordéis e redes";"30383304"
"2013";"Estados Unidos";"2610";"Fabricação de componentes eletrônicos e placas";"28966012"
"2013";"Estados Unidos";"1071";"Fabricação de produtos de panificação";"25636518"
"2013";"Estados Unidos";"3011";"Construção de navios e estruturas flutuantes";"24063678"
"2013";"Estados Unidos";"2391";"Fabricação de produtos refratários";"23825739"
"2013";"Estados Unidos";"2310";"Fabricação de produtos de vidro e vidro";"23003962"
"2013";"Estados Unidos";"2811";"Fabricação de motores e turbinas, exceto aeronaves, veículos e motores de ciclo";"22113208"
"2013";"Estados Unidos";"1410";"Fabricação de vestuário, exceto vestuários de peles";"20303886"
"2013";"Estados Unidos";"2812";"Fabricação de equipamentos para energia hidráulica";"19985874"
"2013";"Estados Unidos";"2823";"Fabricação de máquinas para metalurgia";"19920668"
"2013";"Estados Unidos";"3091";"Fabricação de motocicletas";"19688422"
"2013";"Estados Unidos";"2023";"Fabricação de sabão e detergentes, produtos de limpeza e polimento, perfumes e produtos de toilette";"19070785"
"2013";"Estados Unidos";"1512";"Fabricação de malas, bolsas e semelhantes, selaria e arreios";"17771192"
"2013";"Estados Unidos";"2660";"Fabricação de equipamentos de irradiação, eletromédicos e eletroterapêuticos";"17763417"
"2013";"Estados Unidos";"2910";"Fabricação de veículos automotores";"16994262"
"2013";"Estados Unidos";"0311";"Pesca marinha";"13476083"
"2013";"Estados Unidos";"3020";"Fabricação de locomotivas e material circulante";"11955242"
"2013";"Estados Unidos";"2431";"Fundição de ferro e aço";"11057901"
"2013";"Estados Unidos";"1062";"Fabricação de amidos e féculas";"10668452"
"2013";"Estados Unidos";"2012";"Fabricação de fertilizantes e compostos nitrogenados";"9901926"
"2013";"Estados Unidos";"2021";"Fabricação de pesticidas e outros produtos agroquímicos";"9444544"
"2013";"Estados Unidos";"2640";"Fabricação de produtos eletrônicos de consumo";"9283504"
"2013";"Estados Unidos";"2022";"Fabricação de tintas, vernizes e produtos similares, tintas de impressão e mástiques";"9184515"
"2013";"Estados Unidos";"2816";"Fabricação de equipamentos de elevação e manuseio";"9017707"
"2013";"Estados Unidos";"2825";"Fabricação de máquinas para processamento de alimentos, bebidas e tabaco";"8332073"
"2013";"Estados Unidos";"1311";"Preparação e fiação de fibras têxteis";"8140723"
"2013";"Estados Unidos";"1061";"Fabricação de produtos de moagem de grãos";"7782886"
"2013";"Estados Unidos";"2826";"Fabricação de máquinas para produção de têxteis, vestuário e couro";"7252086"
"2013";"Estados Unidos";"1312";"Tecelagem de têxteis";"6837693"
"2013";"Estados Unidos";"1702";"Fabricação de papel e cartão canelados e de embalagens de papel e cartão";"6252559"
"2013";"Estados Unidos";"2920";"Fabricação de carroçarias para veículos automotores; fabricação de reboques e semi-reboques";"5952552"
"2013";"Estados Unidos";"2750";"Fabricação de eletrodomésticos";"5947100"
"2013";"Estados Unidos";"1392";"Fabricação de artigos têxteis confeccionados, exceto vestuário";"5945665"
"2013";"Estados Unidos";"0121";"Cultivo de uvas";"5673245"
"2013";"Estados Unidos";"0130";"Cultivo de plantas";"5155388"
"2013";"Estados Unidos";"1391";"Fabricação de tecidos de malha";"4834121"
"2013";"Estados Unidos";"2815";"Fabricação de fornos, fornos e queimadores de fornos";"4811084"
"2013";"Estados Unidos";"2740";"Fabricação de equipamentos de iluminação elétrica";"4391891"
"2013";"Estados Unidos";"1104";"Fabricação de refrigerantes; produção de águas minerais e outras águas engarrafadas";"3977141"
"2013";"Estados Unidos";"3212";"Fabricação de bijuterias e artigos relacionados";"3491163"
"2013";"Estados Unidos";"3099";"Fabricação de outros equipamentos de transporte n.c";"3362028"
"2013";"Estados Unidos";"1080";"Fabricação de alimentos para animais";"3361052"
"2013";"Estados Unidos";"2817";"Fabricação de máquinas e equipamentos de escritório (exceto computadores e equipamentos periféricos)";"3055818"
"2013";"Estados Unidos";"1623";"Fabricação de embalagens de madeira";"2582307"
"2013";"Estados Unidos";"5819";"Outras atividades de publicação";"2154396"
"2013";"Estados Unidos";"2393";"Fabricação de outros produtos de porcelana e cerâmica";"2023503"
"2013";"Estados Unidos";"1430";"Fabricação de vestuário de malha";"1991157"
"2013";"Estados Unidos";"1101";"Fabricação de aguardentes e outras bebidas destiladas";"1903010"
"2013";"Estados Unidos";"1074";"Fabricação de macarrão, talharim, cuscuz e produtos farináceos semelhantes";"1823218"
"2013";"Estados Unidos";"0142";"Criação de cavalos e outros equinos";"1725483"
"2013";"Estados Unidos";"1420";"Fabricação de artigos de peles";"1670222"
"2013";"Estados Unidos";"2513";"Fabricação de geradores de vapor, exceto caldeiras de aquecimento central de água quente";"1640294"
"2013";"Estados Unidos";"2818";"Fabricação de ferramentas manuais acionadas por motor";"1580366"
"2013";"Estados Unidos";"5811";"Publicação de livros";"1571082"
"2013";"Estados Unidos";"2670";"Fabricação de instrumentos ópticos e equipamento fotográfico";"1394513"
"2013";"Estados Unidos";"2731";"Fabricação de cabos de fibra ótica";"1353223"
"2013";"Estados Unidos";"1102";"Fabricação de vinhos";"1345723"
"2013";"Estados Unidos";"1393";"Fabricação de tapetes e tapetes";"1297877"
"2013";"Estados Unidos";"1050";"Fabricação de produtos lácteos";"1254084"
"2013";"Estados Unidos";"3240";"Fabricação de jogos e brinquedos";"1170444"
"2013";"Estados Unidos";"0115";"Cultivo de tabaco";"1120590"
"2013";"Estados Unidos";"3012";"Construção de barcos de recreio e desportivos";"966550"
"2013";"Estados Unidos";"2680";"Fabricação de mídia magnética e óptica";"934213"
"2013";"Estados Unidos";"2720";"Fabricação de baterias e acumuladores";"845187"
"2013";"Estados Unidos";"2030";"Fabricação de fibras sintéticas ou artificiais";"844757"
"2013";"Estados Unidos";"3230";"Fabricação de artigos esportivos";"729463"
"2013";"Estados Unidos";"0220";"Exploração madeireira";"692494"
"2013";"Estados Unidos";"0129";"Cultivo de outras culturas perenes";"688647"
"2013";"Estados Unidos";"2511";"Fabricação de produtos metálicos estruturais";"663058"
"2013";"Estados Unidos";"0116";"Cultivo de culturas de fibra";"639124"
"2013";"Estados Unidos";"1103";"Fabricação de malte e bebidas maltadas.";"617260"
"2013";"Estados Unidos";"1812";"Atividades de serviço relacionadas à impressão";"592513"
"2013";"Estados Unidos";"3220";"Fabricação de instrumentos musicais";"452227"
"2013";"Estados Unidos";"2652";"Fabricação de cronomêtros e relógios";"367657"
"2013";"Estados Unidos";"0230";"Coleta de produtos florestais não madeireiros";"356159"
"2013";"Estados Unidos";"0122";"Cultivo de frutas tropicais e subtropicais";"278948"
"2013";"Estados Unidos";"5813";"Publicação de jornais, revistas e periódicos";"182597"
"2013";"Estados Unidos";"2395";"Fabricação de artigos de concreto, cimento e gesso";"92049"
"2013";"Estados Unidos";"0893";"Extração de sal";"79140"
"2013";"Estados Unidos";"0126";"Cultivo de frutas oleaginosas";"71465"
"2013";"Estados Unidos";"2394";"Fabricação de cimento, cal e gesso";"28577"
"2013";"Estados Unidos";"3092";"Fabricação de bicicletas e carruagens inválidas";"22904"
"2013";"Estados Unidos";"0891";"Extração de minerais químicos e fertilizantes";"19486"
"2013";"Estados Unidos";"0119";"Cultivo de outras culturas não perenes";"17097"
"2013";"Estados Unidos";"9102";"Atividades de museus e operação de locais históricos e edifícios";"14209"
"2013";"Estados Unidos";"0510";"Mineração de Carvão";"627"
"2013";"Estados Unidos";"1910";"Fabricação de produtos de forno de coque";"111"
"2012";"Estados Unidos";"0610";"Extração de petróleo bruto";"5561219262"
"2012";"Estados Unidos";"2410";"Fabricação de ferro e aço básicos";"3608563185"
"2012";"Estados Unidos";"2011";"Fabricação de produtos químicos básicos";"2765196061"
"2012";"Estados Unidos";"3030";"Fabricação de aviões e máquinas relacionadas";"1423126963"
"2012";"Estados Unidos";"1701";"Fabricação de polpa, papel e cartão";"1066458610"
"2012";"Estados Unidos";"0127";"Cultivo de bebidas da safra";"1055800678"
"2012";"Estados Unidos";"2930";"Fabricação de peças e acessórios para veículos automotores";"986201489"
"2012";"Estados Unidos";"2710";"Fabricação de motores elétricos, geradores, transformadores e aparelhos de distribuição e controle de energia elétrica";"858379008"
"2012";"Estados Unidos";"2824";"Fabricação de máquinas para mineração, exploração de pedreiras e construção";"676723436"
"2012";"Estados Unidos";"2420";"Fabricação de metais preciosos e outros metais não ferrosos";"622984970"
"2012";"Estados Unidos";"2396";"Corte, moldagem e acabamento de pedra";"577200488"
"2012";"Estados Unidos";"1610";"Serração e aplainamento de madeira";"402637340"
"2012";"Estados Unidos";"2211";"Fabricação de pneus e tubos; recauchutagem e reconstrução de pneus de borracha";"391435973"
"2012";"Estados Unidos";"1030";"Processamento e conservação de frutas e legumes";"383190097"
"2012";"Estados Unidos";"1200";"Fabricação de produtos de tabaco";"355500508"
"2012";"Estados Unidos";"2813";"Fabricação de outras bombas, compressores, torneiras e válvulas";"340735311"
"2012";"Estados Unidos";"1511";"Curtimento e vestuário de couro";"268684073"
"2012";"Estados Unidos";"2814";"Fabricação de rolamentos, engrenagens, engrenagens e elementos de acionamento";"247876099"
"2012";"Estados Unidos";"2013";"Fabricação de plásticos e borracha sintética em formas primárias";"219174015"
"2012";"Estados Unidos";"1010";"Processamento e conservação de carne";"212743080"
"2012";"Estados Unidos";"1520";"Fabricação de calçado";"200767807"
"2012";"Estados Unidos";"0111";"Cultivo de cereais (exceto arroz), leguminosas e oleaginosas";"200047537"
"2012";"Estados Unidos";"8999";"Não classificado";"195060933"
"2012";"Estados Unidos";"2599";"Fabricação de outros produtos metálicos fabricados n.c";"183209484"
"2012";"Estados Unidos";"1079";"Fabricação de outros produtos alimentícios n.c";"180168514"
"2012";"Estados Unidos";"1072";"Fabricação de açúcar";"176180706"
"2012";"Estados Unidos";"2520";"Fabricação de armas e munições";"173649973"
"2012";"Estados Unidos";"2100";"Fabricação de produtos farmacêuticos, produtos químicos medicinais e botânicos";"170146393"
"2012";"Estados Unidos";"0729";"Extração de outros minérios de metais não ferrosos";"155176820"
"2012";"Estados Unidos";"1920";"Fabricação de produtos petrolíferos refinados";"142954524"
"2012";"Estados Unidos";"2029";"Fabricação de outros produtos químicos n.c";"135484267"
"2012";"Estados Unidos";"2593";"Fabricação de cutelaria, ferramentas manuais e ferragens em geral";"118429410"
"2012";"Estados Unidos";"1622";"Fabricação de carpintaria e marcenaria de construtores";"115665265"
"2012";"Estados Unidos";"1073";"Fabricação de cacau, chocolate e produtos de confeitaria";"100296585"
"2012";"Estados Unidos";"2651";"Fabricação de equipamentos de medição, teste, navegação e controle";"98944213"
"2012";"Estados Unidos";"0125";"Cultivo de outras frutas e nozes";"98693918"
"2012";"Estados Unidos";"2630";"Fabricação de equipamentos de comunicação";"93357782"
"2012";"Estados Unidos";"3100";"Fabricação de móveis";"89544301"
"2012";"Estados Unidos";"2220";"Fabricação de produtos plásticos";"82725262"
"2012";"Estados Unidos";"2829";"Fabricação de outras máquinas para fins especiais";"81714040"
"2012";"Estados Unidos";"2819";"Fabricação de outras máquinas para uso geral";"79510924"
"2012";"Estados Unidos";"3211";"Fabricação de joalharia e artigos afins";"76577319"
"2012";"Estados Unidos";"2399";"Fabricação de outros produtos minerais não metálicos n.c";"74396306"
"2012";"Estados Unidos";"2219";"Fabricação de outros produtos de borracha";"69267072"
"2012";"Estados Unidos";"0128";"Cultivo de especiarias, culturas aromáticas, medicamentosas e farmacêuticas";"67995731"
"2012";"Estados Unidos";"2821";"Fabricação de maquinaria agrícola e florestal";"67635137"
"2012";"Estados Unidos";"1020";"Processamento e conservação de peixes, crustáceos e moluscos";"61264143"
"2012";"Estados Unidos";"3250";"Fabricação de instrumentos e suprimentos médicos e odontológicos";"58866704"
"2012";"Estados Unidos";"2790";"Fabricação de outro equipamento elétrico";"56660758"
"2012";"Estados Unidos";"2620";"Fabricação de computadores e equipamentos periféricos";"55277957"
"2012";"Estados Unidos";"0710";"Extração de minério de ferro";"54668915"
"2012";"Estados Unidos";"1040";"Fabricação de óleos e gorduras vegetais e animais";"49519903"
"2012";"Estados Unidos";"3290";"Outras manufaturas n.c.";"48958198"
"2012";"Estados Unidos";"0810";"Extração de pedra, areia e argila";"46296154"
"2012";"Estados Unidos";"1629";"Fabricação de outros produtos de madeira; fabricação de artigos de cortiça, de espartaria e cestaria";"42739544"
"2012";"Estados Unidos";"0899";"Outras atividades de mineração n.c";"40979773"
"2012";"Estados Unidos";"1621";"Fabricação de folheados e painéis derivados de madeira";"40593249"
"2012";"Estados Unidos";"1394";"Fabricação de cordéis, cordas, cordéis e redes";"40036415"
"2012";"Estados Unidos";"2392";"Fabricação de materiais de construção de argila";"35795010"
"2012";"Estados Unidos";"0149";"Criação de outros animais";"35549234"
"2012";"Estados Unidos";"2610";"Fabricação de componentes eletrônicos e placas";"33409584"
"2012";"Estados Unidos";"2512";"Fabricação de tanques, reservatórios e recipientes de metal";"32759630"
"2012";"Estados Unidos";"0113";"Cultivo de hortaliças e melões, raízes e tubérculos";"29315623"
"2012";"Estados Unidos";"1709";"Fabricação de outros artigos de papel e cartão";"29312718"
"2012";"Estados Unidos";"2811";"Fabricação de motores e turbinas, exceto aeronaves, veículos e motores de ciclo";"27821082"
"2012";"Estados Unidos";"2732";"Fabricação de outros fios e cabos elétricos e eletrônicos";"24929120"
"2012";"Estados Unidos";"1071";"Fabricação de produtos de panificação";"24691121"
"2012";"Estados Unidos";"9000";"Atividades criativas, artes e entretenimento";"23608482"
"2012";"Estados Unidos";"3020";"Fabricação de locomotivas e material circulante";"23064244"
"2012";"Estados Unidos";"2812";"Fabricação de equipamentos para energia hidráulica";"21381513"
"2012";"Estados Unidos";"1399";"Fabricação de outros têxteis n.e.c.";"21321422"
"2012";"Estados Unidos";"1512";"Fabricação de malas, bolsas e semelhantes, selaria e arreios";"21205587"
"2012";"Estados Unidos";"2823";"Fabricação de máquinas para metalurgia";"20370521"
"2012";"Estados Unidos";"2660";"Fabricação de equipamentos de irradiação, eletromédicos e eletroterapêuticos";"19360201"
"2012";"Estados Unidos";"0121";"Cultivo de uvas";"19162062"
"2012";"Estados Unidos";"2310";"Fabricação de produtos de vidro e vidro";"18877234"
"2012";"Estados Unidos";"2822";"Fabricação de máquinas e máquinas-ferramentas para moldagem de metais";"18686942"
"2012";"Estados Unidos";"2023";"Fabricação de sabão e detergentes, produtos de limpeza e polimento, perfumes e produtos de toilette";"17302446"
"2012";"Estados Unidos";"2391";"Fabricação de produtos refratários";"17249407"
"2012";"Estados Unidos";"1410";"Fabricação de vestuário, exceto vestuários de peles";"16403907"
"2012";"Estados Unidos";"3091";"Fabricação de motocicletas";"13251946"
"2012";"Estados Unidos";"2021";"Fabricação de pesticidas e outros produtos agroquímicos";"12973050"
"2012";"Estados Unidos";"2816";"Fabricação de equipamentos de elevação e manuseio";"12327284"
"2012";"Estados Unidos";"2030";"Fabricação de fibras sintéticas ou artificiais";"11891219"
"2012";"Estados Unidos";"2825";"Fabricação de máquinas para processamento de alimentos, bebidas e tabaco";"11018548"
"2012";"Estados Unidos";"0311";"Pesca marinha";"10356212"
"2012";"Estados Unidos";"2640";"Fabricação de produtos eletrônicos de consumo";"10270537"
"2012";"Estados Unidos";"2910";"Fabricação de veículos automotores";"10251865"
"2012";"Estados Unidos";"1062";"Fabricação de amidos e féculas";"9730851"
"2012";"Estados Unidos";"2431";"Fundição de ferro e aço";"9397633"
"2012";"Estados Unidos";"2750";"Fabricação de eletrodomésticos";"8973399"
"2012";"Estados Unidos";"1312";"Tecelagem de têxteis";"8478561"
"2012";"Estados Unidos";"2022";"Fabricação de tintas, vernizes e produtos similares, tintas de impressão e mástiques";"8399316"
"2012";"Estados Unidos";"1311";"Preparação e fiação de fibras têxteis";"8229096"
"2012";"Estados Unidos";"1392";"Fabricação de artigos têxteis confeccionados, exceto vestuário";"8073117"
"2012";"Estados Unidos";"3012";"Construção de barcos de recreio e desportivos";"7052884"
"2012";"Estados Unidos";"1061";"Fabricação de produtos de moagem de grãos";"6741005"
"2012";"Estados Unidos";"2920";"Fabricação de carroçarias para veículos automotores; fabricação de reboques e semi-reboques";"5468303"
"2012";"Estados Unidos";"3099";"Fabricação de outros equipamentos de transporte n.c";"5198358"
"2012";"Estados Unidos";"1702";"Fabricação de papel e cartão canelados e de embalagens de papel e cartão";"4974729"
"2012";"Estados Unidos";"2012";"Fabricação de fertilizantes e compostos nitrogenados";"4791035"
"2012";"Estados Unidos";"2817";"Fabricação de máquinas e equipamentos de escritório (exceto computadores e equipamentos periféricos)";"4470586"
"2012";"Estados Unidos";"2511";"Fabricação de produtos metálicos estruturais";"4273974"
"2012";"Estados Unidos";"0130";"Cultivo de plantas";"4173011"
"2012";"Estados Unidos";"2720";"Fabricação de baterias e acumuladores";"3737880"
"2012";"Estados Unidos";"1391";"Fabricação de tecidos de malha";"3722472"
"2012";"Estados Unidos";"2393";"Fabricação de outros produtos de porcelana e cerâmica";"3637085"
"2012";"Estados Unidos";"1104";"Fabricação de refrigerantes; produção de águas minerais e outras águas engarrafadas";"3601878"
"2012";"Estados Unidos";"2740";"Fabricação de equipamentos de iluminação elétrica";"3268837"
"2012";"Estados Unidos";"2826";"Fabricação de máquinas para produção de têxteis, vestuário e couro";"3177790"
"2012";"Estados Unidos";"3011";"Construção de navios e estruturas flutuantes";"2847383"
"2012";"Estados Unidos";"3212";"Fabricação de bijuterias e artigos relacionados";"2668207"
"2012";"Estados Unidos";"1623";"Fabricação de embalagens de madeira";"2315221"
"2012";"Estados Unidos";"1101";"Fabricação de aguardentes e outras bebidas destiladas";"2281238"
"2012";"Estados Unidos";"5811";"Publicação de livros";"2259122"
"2012";"Estados Unidos";"5819";"Outras atividades de publicação";"2064417"
"2012";"Estados Unidos";"0115";"Cultivo de tabaco";"1983612"
"2012";"Estados Unidos";"2680";"Fabricação de mídia magnética e óptica";"1940245"
"2012";"Estados Unidos";"3240";"Fabricação de jogos e brinquedos";"1933273"
"2012";"Estados Unidos";"2818";"Fabricação de ferramentas manuais acionadas por motor";"1878706"
"2012";"Estados Unidos";"2815";"Fabricação de fornos, fornos e queimadores de fornos";"1861912"
"2012";"Estados Unidos";"1420";"Fabricação de artigos de peles";"1776526"
"2012";"Estados Unidos";"1393";"Fabricação de tapetes e tapetes";"1721642"
"2012";"Estados Unidos";"1430";"Fabricação de vestuário de malha";"1596810"
"2012";"Estados Unidos";"1074";"Fabricação de macarrão, talharim, cuscuz e produtos farináceos semelhantes";"1347387"
"2012";"Estados Unidos";"1050";"Fabricação de produtos lácteos";"1201248"
"2012";"Estados Unidos";"1102";"Fabricação de vinhos";"1194721"
"2012";"Estados Unidos";"3092";"Fabricação de bicicletas e carruagens inválidas";"1075890"
"2012";"Estados Unidos";"1080";"Fabricação de alimentos para animais";"1065848"
"2012";"Estados Unidos";"3220";"Fabricação de instrumentos musicais";"1044395"
"2012";"Estados Unidos";"0893";"Extração de sal";"1000139"
"2012";"Estados Unidos";"2652";"Fabricação de cronomêtros e relógios";"905294"
"2012";"Estados Unidos";"2731";"Fabricação de cabos de fibra ótica";"866970"
"2012";"Estados Unidos";"0142";"Criação de cavalos e outros equinos";"800220"
"2012";"Estados Unidos";"2513";"Fabricação de geradores de vapor, exceto caldeiras de aquecimento central de água quente";"757580"
"2012";"Estados Unidos";"0230";"Coleta de produtos florestais não madeireiros";"605343"
"2012";"Estados Unidos";"3230";"Fabricação de artigos esportivos";"601079"
"2012";"Estados Unidos";"0116";"Cultivo de culturas de fibra";"599528"
"2012";"Estados Unidos";"2670";"Fabricação de instrumentos ópticos e equipamento fotográfico";"561072"
"2012";"Estados Unidos";"0129";"Cultivo de outras culturas perenes";"505804"
"2012";"Estados Unidos";"0220";"Exploração madeireira";"454832"
"2012";"Estados Unidos";"1103";"Fabricação de malte e bebidas maltadas.";"393484"
"2012";"Estados Unidos";"2395";"Fabricação de artigos de concreto, cimento e gesso";"366166"
"2012";"Estados Unidos";"1812";"Atividades de serviço relacionadas à impressão";"325030"
"2012";"Estados Unidos";"5813";"Publicação de jornais, revistas e periódicos";"259713"
"2012";"Estados Unidos";"0891";"Extração de minerais químicos e fertilizantes";"227120"
"2012";"Estados Unidos";"9102";"Atividades de museus e operação de locais históricos e edifícios";"63026"
"2012";"Estados Unidos";"0122";"Cultivo de frutas tropicais e subtropicais";"62526"
"2012";"Estados Unidos";"0126";"Cultivo de frutas oleaginosas";"43477"
"2012";"Estados Unidos";"0119";"Cultivo de outras culturas não perenes";"17640"
"2012";"Estados Unidos";"2394";"Fabricação de cimento, cal e gesso";"543"
"2012";"Estados Unidos";"5911";"Atividades de produção de filmes, vídeos e programas de televisão";"177"
"2011";"Estados Unidos";"0610";"Extração de petróleo bruto";"5780232398"
"2011";"Estados Unidos";"2410";"Fabricação de ferro e aço básicos";"3443135009"
"2011";"Estados Unidos";"2011";"Fabricação de produtos químicos básicos";"1907071503"
"2011";"Estados Unidos";"0127";"Cultivo de bebidas da safra";"1796732512"
"2011";"Estados Unidos";"1701";"Fabricação de polpa, papel e cartão";"1111162243"
"2011";"Estados Unidos";"2930";"Fabricação de peças e acessórios para veículos automotores";"1022872728"
"2011";"Estados Unidos";"3030";"Fabricação de aviões e máquinas relacionadas";"975261422"
"2011";"Estados Unidos";"2420";"Fabricação de metais preciosos e outros metais não ferrosos";"718017629"
"2011";"Estados Unidos";"2824";"Fabricação de máquinas para mineração, exploração de pedreiras e construção";"646121904"
"2011";"Estados Unidos";"2396";"Corte, moldagem e acabamento de pedra";"505949362"
"2011";"Estados Unidos";"2710";"Fabricação de motores elétricos, geradores, transformadores e aparelhos de distribuição e controle de energia elétrica";"488105905"
"2011";"Estados Unidos";"1030";"Processamento e conservação de frutas e legumes";"446337806"
"2011";"Estados Unidos";"2211";"Fabricação de pneus e tubos; recauchutagem e reconstrução de pneus de borracha";"419743094"
"2011";"Estados Unidos";"2813";"Fabricação de outras bombas, compressores, torneiras e válvulas";"372605250"
"2011";"Estados Unidos";"1610";"Serração e aplainamento de madeira";"357004615"
"2011";"Estados Unidos";"1072";"Fabricação de açúcar";"308500405"
"2011";"Estados Unidos";"1200";"Fabricação de produtos de tabaco";"264392076"
"2011";"Estados Unidos";"2814";"Fabricação de rolamentos, engrenagens, engrenagens e elementos de acionamento";"250947211"
"2011";"Estados Unidos";"2013";"Fabricação de plásticos e borracha sintética em formas primárias";"242956731"
"2011";"Estados Unidos";"1520";"Fabricação de calçado";"237909877"
"2011";"Estados Unidos";"1511";"Curtimento e vestuário de couro";"237111717"
"2011";"Estados Unidos";"1079";"Fabricação de outros produtos alimentícios n.c";"194383930"
"2011";"Estados Unidos";"1010";"Processamento e conservação de carne";"186888046"
"2011";"Estados Unidos";"2100";"Fabricação de produtos farmacêuticos, produtos químicos medicinais e botânicos";"173144015"
"2011";"Estados Unidos";"2029";"Fabricação de outros produtos químicos n.c";"170118758"
"2011";"Estados Unidos";"2599";"Fabricação de outros produtos metálicos fabricados n.c";"167804635"
"2011";"Estados Unidos";"0729";"Extração de outros minérios de metais não ferrosos";"157003508"
"2011";"Estados Unidos";"0125";"Cultivo de outras frutas e nozes";"149745477"
"2011";"Estados Unidos";"2520";"Fabricação de armas e munições";"141591733"
"2011";"Estados Unidos";"8999";"Não classificado";"123257915"
"2011";"Estados Unidos";"1073";"Fabricação de cacau, chocolate e produtos de confeitaria";"118412118"
"2011";"Estados Unidos";"2593";"Fabricação de cutelaria, ferramentas manuais e ferragens em geral";"108355566"
"2011";"Estados Unidos";"2819";"Fabricação de outras máquinas para uso geral";"94420214"
"2011";"Estados Unidos";"1622";"Fabricação de carpintaria e marcenaria de construtores";"93550659"
"2011";"Estados Unidos";"2651";"Fabricação de equipamentos de medição, teste, navegação e controle";"87528927"
"2011";"Estados Unidos";"2821";"Fabricação de maquinaria agrícola e florestal";"86739771"
"2011";"Estados Unidos";"0710";"Extração de minério de ferro";"86209937"
"2011";"Estados Unidos";"2220";"Fabricação de produtos plásticos";"85182866"
"2011";"Estados Unidos";"2630";"Fabricação de equipamentos de comunicação";"83821175"
"2011";"Estados Unidos";"3100";"Fabricação de móveis";"82514411"
"2011";"Estados Unidos";"0128";"Cultivo de especiarias, culturas aromáticas, medicamentosas e farmacêuticas";"81217447"
"2011";"Estados Unidos";"3211";"Fabricação de joalharia e artigos afins";"78034665"
"2011";"Estados Unidos";"2812";"Fabricação de equipamentos para energia hidráulica";"77696478"
"2011";"Estados Unidos";"2399";"Fabricação de outros produtos minerais não metálicos n.c";"75266526"
"2011";"Estados Unidos";"2219";"Fabricação de outros produtos de borracha";"71373489"
"2011";"Estados Unidos";"1020";"Processamento e conservação de peixes, crustáceos e moluscos";"69991764"
"2011";"Estados Unidos";"1920";"Fabricação de produtos petrolíferos refinados";"65207856"
"2011";"Estados Unidos";"2620";"Fabricação de computadores e equipamentos periféricos";"55577347"
"2011";"Estados Unidos";"0810";"Extração de pedra, areia e argila";"51278602"
"2011";"Estados Unidos";"2790";"Fabricação de outro equipamento elétrico";"49279310"
"2011";"Estados Unidos";"2512";"Fabricação de tanques, reservatórios e recipientes de metal";"48430059"
"2011";"Estados Unidos";"0149";"Criação de outros animais";"47344651"
"2011";"Estados Unidos";"3290";"Outras manufaturas n.c.";"45283900"
"2011";"Estados Unidos";"3250";"Fabricação de instrumentos e suprimentos médicos e odontológicos";"44631550"
"2011";"Estados Unidos";"1040";"Fabricação de óleos e gorduras vegetais e animais";"44363576"
"2011";"Estados Unidos";"2392";"Fabricação de materiais de construção de argila";"41301412"
"2011";"Estados Unidos";"1394";"Fabricação de cordéis, cordas, cordéis e redes";"39246613"
"2011";"Estados Unidos";"2829";"Fabricação de outras máquinas para fins especiais";"38804167"
"2011";"Estados Unidos";"0121";"Cultivo de uvas";"37440295"
"2011";"Estados Unidos";"2610";"Fabricação de componentes eletrônicos e placas";"35439112"
"2011";"Estados Unidos";"0899";"Outras atividades de mineração n.c";"34692211"
"2011";"Estados Unidos";"1629";"Fabricação de outros produtos de madeira; fabricação de artigos de cortiça, de espartaria e cestaria";"34293281"
"2011";"Estados Unidos";"2811";"Fabricação de motores e turbinas, exceto aeronaves, veículos e motores de ciclo";"31339948"
"2011";"Estados Unidos";"1621";"Fabricação de folheados e painéis derivados de madeira";"31207852"
"2011";"Estados Unidos";"1512";"Fabricação de malas, bolsas e semelhantes, selaria e arreios";"31065803"
"2011";"Estados Unidos";"0113";"Cultivo de hortaliças e melões, raízes e tubérculos";"31025800"
"2011";"Estados Unidos";"2823";"Fabricação de máquinas para metalurgia";"26672324"
"2011";"Estados Unidos";"9000";"Atividades criativas, artes e entretenimento";"25449151"
"2011";"Estados Unidos";"2732";"Fabricação de outros fios e cabos elétricos e eletrônicos";"25205713"
"2011";"Estados Unidos";"1709";"Fabricação de outros artigos de papel e cartão";"24046567"
"2011";"Estados Unidos";"1399";"Fabricação de outros têxteis n.e.c.";"23287648"
"2011";"Estados Unidos";"2822";"Fabricação de máquinas e máquinas-ferramentas para moldagem de metais";"22734178"
"2011";"Estados Unidos";"1071";"Fabricação de produtos de panificação";"20746942"
"2011";"Estados Unidos";"2391";"Fabricação de produtos refratários";"18897108"
"2011";"Estados Unidos";"1410";"Fabricação de vestuário, exceto vestuários de peles";"18874776"
"2011";"Estados Unidos";"2660";"Fabricação de equipamentos de irradiação, eletromédicos e eletroterapêuticos";"17024712"
"2011";"Estados Unidos";"2021";"Fabricação de pesticidas e outros produtos agroquímicos";"16158351"
"2011";"Estados Unidos";"2910";"Fabricação de veículos automotores";"15729923"
"2011";"Estados Unidos";"2310";"Fabricação de produtos de vidro e vidro";"15089013"
"2011";"Estados Unidos";"3091";"Fabricação de motocicletas";"14976098"
"2011";"Estados Unidos";"2023";"Fabricação de sabão e detergentes, produtos de limpeza e polimento, perfumes e produtos de toilette";"14828811"
"2011";"Estados Unidos";"1062";"Fabricação de amidos e féculas";"14031157"
"2011";"Estados Unidos";"2825";"Fabricação de máquinas para processamento de alimentos, bebidas e tabaco";"13548955"
"2011";"Estados Unidos";"3020";"Fabricação de locomotivas e material circulante";"11349201"
"2011";"Estados Unidos";"3011";"Construção de navios e estruturas flutuantes";"10611778"
"2011";"Estados Unidos";"1392";"Fabricação de artigos têxteis confeccionados, exceto vestuário";"10256032"
"2011";"Estados Unidos";"1311";"Preparação e fiação de fibras têxteis";"9919488"
"2011";"Estados Unidos";"2817";"Fabricação de máquinas e equipamentos de escritório (exceto computadores e equipamentos periféricos)";"9888369"
"2011";"Estados Unidos";"0311";"Pesca marinha";"9072657"
"2011";"Estados Unidos";"1312";"Tecelagem de têxteis";"8817995"
"2011";"Estados Unidos";"2640";"Fabricação de produtos eletrônicos de consumo";"8690352"
"2011";"Estados Unidos";"1061";"Fabricação de produtos de moagem de grãos";"8005776"
"2011";"Estados Unidos";"2431";"Fundição de ferro e aço";"7907329"
"2011";"Estados Unidos";"2750";"Fabricação de eletrodomésticos";"7732376"
"2011";"Estados Unidos";"2826";"Fabricação de máquinas para produção de têxteis, vestuário e couro";"6966998"
"2011";"Estados Unidos";"2022";"Fabricação de tintas, vernizes e produtos similares, tintas de impressão e mástiques";"6873833"
"2011";"Estados Unidos";"3099";"Fabricação de outros equipamentos de transporte n.c";"6602778"
"2011";"Estados Unidos";"0111";"Cultivo de cereais (exceto arroz), leguminosas e oleaginosas";"6541645"
"2011";"Estados Unidos";"2012";"Fabricação de fertilizantes e compostos nitrogenados";"6369048"
"2011";"Estados Unidos";"2720";"Fabricação de baterias e acumuladores";"6164419"
"2011";"Estados Unidos";"2393";"Fabricação de outros produtos de porcelana e cerâmica";"5996032"
"2011";"Estados Unidos";"1702";"Fabricação de papel e cartão canelados e de embalagens de papel e cartão";"5345505"
"2011";"Estados Unidos";"0130";"Cultivo de plantas";"4673279"
"2011";"Estados Unidos";"2920";"Fabricação de carroçarias para veículos automotores; fabricação de reboques e semi-reboques";"4671624"
"2011";"Estados Unidos";"2816";"Fabricação de equipamentos de elevação e manuseio";"4479269"
"2011";"Estados Unidos";"2815";"Fabricação de fornos, fornos e queimadores de fornos";"4125049"
"2011";"Estados Unidos";"3212";"Fabricação de bijuterias e artigos relacionados";"3828921"
"2011";"Estados Unidos";"0116";"Cultivo de culturas de fibra";"3806171"
"2011";"Estados Unidos";"1623";"Fabricação de embalagens de madeira";"3509868"
"2011";"Estados Unidos";"2740";"Fabricação de equipamentos de iluminação elétrica";"3483909"
"2011";"Estados Unidos";"2818";"Fabricação de ferramentas manuais acionadas por motor";"3331120"
"2011";"Estados Unidos";"2030";"Fabricação de fibras sintéticas ou artificiais";"2964303"
"2011";"Estados Unidos";"1391";"Fabricação de tecidos de malha";"2650730"
"2011";"Estados Unidos";"1104";"Fabricação de refrigerantes; produção de águas minerais e outras águas engarrafadas";"2585964"
"2011";"Estados Unidos";"2680";"Fabricação de mídia magnética e óptica";"2584583"
"2011";"Estados Unidos";"3240";"Fabricação de jogos e brinquedos";"2491427"
"2011";"Estados Unidos";"5811";"Publicação de livros";"2468431"
"2011";"Estados Unidos";"0115";"Cultivo de tabaco";"2132471"
"2011";"Estados Unidos";"1080";"Fabricação de alimentos para animais";"2052301"
"2011";"Estados Unidos";"1393";"Fabricação de tapetes e tapetes";"1959651"
"2011";"Estados Unidos";"1101";"Fabricação de aguardentes e outras bebidas destiladas";"1890140"
"2011";"Estados Unidos";"5819";"Outras atividades de publicação";"1886744"
"2011";"Estados Unidos";"0893";"Extração de sal";"1852739"
"2011";"Estados Unidos";"1050";"Fabricação de produtos lácteos";"1709502"
"2011";"Estados Unidos";"1430";"Fabricação de vestuário de malha";"1572601"
"2011";"Estados Unidos";"2731";"Fabricação de cabos de fibra ótica";"1496934"
"2011";"Estados Unidos";"1420";"Fabricação de artigos de peles";"1433183"
"2011";"Estados Unidos";"1102";"Fabricação de vinhos";"1365194"
"2011";"Estados Unidos";"2511";"Fabricação de produtos metálicos estruturais";"1354269"
"2011";"Estados Unidos";"0142";"Criação de cavalos e outros equinos";"1331472"
"2011";"Estados Unidos";"2652";"Fabricação de cronomêtros e relógios";"1213726"
"2011";"Estados Unidos";"3220";"Fabricação de instrumentos musicais";"1207115"
"2011";"Estados Unidos";"1074";"Fabricação de macarrão, talharim, cuscuz e produtos farináceos semelhantes";"1006457"
"2011";"Estados Unidos";"1103";"Fabricação de malte e bebidas maltadas.";"1004674"
"2011";"Estados Unidos";"2513";"Fabricação de geradores de vapor, exceto caldeiras de aquecimento central de água quente";"835663"
"2011";"Estados Unidos";"2670";"Fabricação de instrumentos ópticos e equipamento fotográfico";"571128"
"2011";"Estados Unidos";"3230";"Fabricação de artigos esportivos";"511917"
"2011";"Estados Unidos";"0220";"Exploração madeireira";"444020"
"2011";"Estados Unidos";"1812";"Atividades de serviço relacionadas à impressão";"437891"
"2011";"Estados Unidos";"0230";"Coleta de produtos florestais não madeireiros";"370726"
"2011";"Estados Unidos";"3012";"Construção de barcos de recreio e desportivos";"210220"
"2011";"Estados Unidos";"0122";"Cultivo de frutas tropicais e subtropicais";"190717"
"2011";"Estados Unidos";"5813";"Publicação de jornais, revistas e periódicos";"177029"
"2011";"Estados Unidos";"9102";"Atividades de museus e operação de locais históricos e edifícios";"171706"
"2011";"Estados Unidos";"0129";"Cultivo de outras culturas perenes";"117621"
"2011";"Estados Unidos";"2395";"Fabricação de artigos de concreto, cimento e gesso";"92982"
"2011";"Estados Unidos";"0126";"Cultivo de frutas oleaginosas";"60134"
"2011";"Estados Unidos";"3092";"Fabricação de bicicletas e carruagens inválidas";"46265"
"2011";"Estados Unidos";"0119";"Cultivo de outras culturas não perenes";"25617"
"2011";"Estados Unidos";"5310";"Atividades postais";"13075"
"2011";"Estados Unidos";"0891";"Extração de minerais químicos e fertilizantes";"4581"
"2011";"Estados Unidos";"0123";"Cultivo de frutas cítricas";"2414"
"2011";"Estados Unidos";"2394";"Fabricação de cimento, cal e gesso";"1"
"2010";"Estados Unidos";"0610";"Extração de petróleo bruto";"3849581403"
"2010";"Estados Unidos";"2410";"Fabricação de ferro e aço básicos";"1562214296"
"2010";"Estados Unidos";"2011";"Fabricação de produtos químicos básicos";"1218686767"
"2010";"Estados Unidos";"0127";"Cultivo de bebidas da safra";"1062144955"
"2010";"Estados Unidos";"1701";"Fabricação de polpa, papel e cartão";"1020885800"
"2010";"Estados Unidos";"2930";"Fabricação de peças e acessórios para veículos automotores";"827895849"
"2010";"Estados Unidos";"3030";"Fabricação de aviões e máquinas relacionadas";"748655534"
"2010";"Estados Unidos";"2420";"Fabricação de metais preciosos e outros metais não ferrosos";"659271245"
"2010";"Estados Unidos";"2396";"Corte, moldagem e acabamento de pedra";"498617888"
"2010";"Estados Unidos";"2710";"Fabricação de motores elétricos, geradores, transformadores e aparelhos de distribuição e controle de energia elétrica";"406233955"
"2010";"Estados Unidos";"2211";"Fabricação de pneus e tubos; recauchutagem e reconstrução de pneus de borracha";"399257242"
"2010";"Estados Unidos";"1610";"Serração e aplainamento de madeira";"384153234"
"2010";"Estados Unidos";"2824";"Fabricação de máquinas para mineração, exploração de pedreiras e construção";"370025263"
"2010";"Estados Unidos";"2813";"Fabricação de outras bombas, compressores, torneiras e válvulas";"345480028"
"2010";"Estados Unidos";"1520";"Fabricação de calçado";"343477105"
"2010";"Estados Unidos";"1030";"Processamento e conservação de frutas e legumes";"335875851"
"2010";"Estados Unidos";"1920";"Fabricação de produtos petrolíferos refinados";"259636945"
"2010";"Estados Unidos";"1200";"Fabricação de produtos de tabaco";"228505864"
"2010";"Estados Unidos";"2814";"Fabricação de rolamentos, engrenagens, engrenagens e elementos de acionamento";"221623546"
"2010";"Estados Unidos";"1072";"Fabricação de açúcar";"204111522"
"2010";"Estados Unidos";"1511";"Curtimento e vestuário de couro";"195012960"
"2010";"Estados Unidos";"2013";"Fabricação de plásticos e borracha sintética em formas primárias";"167967825"
"2010";"Estados Unidos";"2599";"Fabricação de outros produtos metálicos fabricados n.c";"163015413"
"2010";"Estados Unidos";"2100";"Fabricação de produtos farmacêuticos, produtos químicos medicinais e botânicos";"157404255"
"2010";"Estados Unidos";"2520";"Fabricação de armas e munições";"155979746"
"2010";"Estados Unidos";"0729";"Extração de outros minérios de metais não ferrosos";"143975495"
"2010";"Estados Unidos";"0125";"Cultivo de outras frutas e nozes";"143918645"
"2010";"Estados Unidos";"1079";"Fabricação de outros produtos alimentícios n.c";"143425014"
"2010";"Estados Unidos";"2029";"Fabricação de outros produtos químicos n.c";"138747116"
"2010";"Estados Unidos";"1073";"Fabricação de cacau, chocolate e produtos de confeitaria";"133893697"
"2010";"Estados Unidos";"1010";"Processamento e conservação de carne";"112771518"
"2010";"Estados Unidos";"8999";"Não classificado";"110447130"
"2010";"Estados Unidos";"1622";"Fabricação de carpintaria e marcenaria de construtores";"107558943"
"2010";"Estados Unidos";"1020";"Processamento e conservação de peixes, crustáceos e moluscos";"96422362"
"2010";"Estados Unidos";"2812";"Fabricação de equipamentos para energia hidráulica";"95350946"
"2010";"Estados Unidos";"1392";"Fabricação de artigos têxteis confeccionados, exceto vestuário";"93476383"
"2010";"Estados Unidos";"2593";"Fabricação de cutelaria, ferramentas manuais e ferragens em geral";"91612125"
"2010";"Estados Unidos";"2819";"Fabricação de outras máquinas para uso geral";"88997972"
"2010";"Estados Unidos";"2220";"Fabricação de produtos plásticos";"85467816"
"2010";"Estados Unidos";"3100";"Fabricação de móveis";"85222282"
"2010";"Estados Unidos";"0710";"Extração de minério de ferro";"82681697"
"2010";"Estados Unidos";"2399";"Fabricação de outros produtos minerais não metálicos n.c";"79405565"
"2010";"Estados Unidos";"2630";"Fabricação de equipamentos de comunicação";"78791407"
"2010";"Estados Unidos";"2651";"Fabricação de equipamentos de medição, teste, navegação e controle";"74959566"
"2010";"Estados Unidos";"3211";"Fabricação de joalharia e artigos afins";"70219603"
"2010";"Estados Unidos";"2219";"Fabricação de outros produtos de borracha";"65507689"
"2010";"Estados Unidos";"2821";"Fabricação de maquinaria agrícola e florestal";"63512245"
"2010";"Estados Unidos";"1399";"Fabricação de outros têxteis n.e.c.";"55836777"
"2010";"Estados Unidos";"1512";"Fabricação de malas, bolsas e semelhantes, selaria e arreios";"54352591"
"2010";"Estados Unidos";"0810";"Extração de pedra, areia e argila";"52194503"
"2010";"Estados Unidos";"0111";"Cultivo de cereais (exceto arroz), leguminosas e oleaginosas";"49693880"
"2010";"Estados Unidos";"2790";"Fabricação de outro equipamento elétrico";"48765260"
"2010";"Estados Unidos";"2620";"Fabricação de computadores e equipamentos periféricos";"47429944"
"2010";"Estados Unidos";"2392";"Fabricação de materiais de construção de argila";"46991153"
"2010";"Estados Unidos";"1621";"Fabricação de folheados e painéis derivados de madeira";"44406719"
"2010";"Estados Unidos";"0128";"Cultivo de especiarias, culturas aromáticas, medicamentosas e farmacêuticas";"40429204"
"2010";"Estados Unidos";"1040";"Fabricação de óleos e gorduras vegetais e animais";"38856323"
"2010";"Estados Unidos";"3250";"Fabricação de instrumentos e suprimentos médicos e odontológicos";"38446562"
"2010";"Estados Unidos";"1629";"Fabricação de outros produtos de madeira; fabricação de artigos de cortiça, de espartaria e cestaria";"34737822"
"2010";"Estados Unidos";"3290";"Outras manufaturas n.c.";"31379849"
"2010";"Estados Unidos";"2610";"Fabricação de componentes eletrônicos e placas";"30749968"
"2010";"Estados Unidos";"0113";"Cultivo de hortaliças e melões, raízes e tubérculos";"30472383"
"2010";"Estados Unidos";"0149";"Criação de outros animais";"30134620"
"2010";"Estados Unidos";"1394";"Fabricação de cordéis, cordas, cordéis e redes";"29303637"
"2010";"Estados Unidos";"0121";"Cultivo de uvas";"28676015"
"2010";"Estados Unidos";"2829";"Fabricação de outras máquinas para fins especiais";"27032596"
"2010";"Estados Unidos";"2732";"Fabricação de outros fios e cabos elétricos e eletrônicos";"26060809"
"2010";"Estados Unidos";"1709";"Fabricação de outros artigos de papel e cartão";"25910646"
"2010";"Estados Unidos";"2920";"Fabricação de carroçarias para veículos automotores; fabricação de reboques e semi-reboques";"25599104"
"2010";"Estados Unidos";"2823";"Fabricação de máquinas para metalurgia";"24905281"
"2010";"Estados Unidos";"2023";"Fabricação de sabão e detergentes, produtos de limpeza e polimento, perfumes e produtos de toilette";"21893968"
"2010";"Estados Unidos";"0899";"Outras atividades de mineração n.c";"20066296"
"2010";"Estados Unidos";"3020";"Fabricação de locomotivas e material circulante";"19237249"
"2010";"Estados Unidos";"1410";"Fabricação de vestuário, exceto vestuários de peles";"17794785"
"2010";"Estados Unidos";"2021";"Fabricação de pesticidas e outros produtos agroquímicos";"17580146"
"2010";"Estados Unidos";"2811";"Fabricação de motores e turbinas, exceto aeronaves, veículos e motores de ciclo";"16407075"
"2010";"Estados Unidos";"2391";"Fabricação de produtos refratários";"16005779"
"2010";"Estados Unidos";"2910";"Fabricação de veículos automotores";"15959426"
"2010";"Estados Unidos";"2822";"Fabricação de máquinas e máquinas-ferramentas para moldagem de metais";"14589517"
"2010";"Estados Unidos";"2310";"Fabricação de produtos de vidro e vidro";"14231731"
"2010";"Estados Unidos";"1062";"Fabricação de amidos e féculas";"13969967"
"2010";"Estados Unidos";"2012";"Fabricação de fertilizantes e compostos nitrogenados";"13685877"
"2010";"Estados Unidos";"2512";"Fabricação de tanques, reservatórios e recipientes de metal";"13435140"
"2010";"Estados Unidos";"1311";"Preparação e fiação de fibras têxteis";"13096010"
"2010";"Estados Unidos";"1071";"Fabricação de produtos de panificação";"12559332"
"2010";"Estados Unidos";"0311";"Pesca marinha";"12104080"
"2010";"Estados Unidos";"1312";"Tecelagem de têxteis";"11841619"
"2010";"Estados Unidos";"2030";"Fabricação de fibras sintéticas ou artificiais";"10910968"
"2010";"Estados Unidos";"2825";"Fabricação de máquinas para processamento de alimentos, bebidas e tabaco";"10624854"
"2010";"Estados Unidos";"2640";"Fabricação de produtos eletrônicos de consumo";"10558679"
"2010";"Estados Unidos";"9000";"Atividades criativas, artes e entretenimento";"10029278"
"2010";"Estados Unidos";"2393";"Fabricação de outros produtos de porcelana e cerâmica";"8641321"
"2010";"Estados Unidos";"2750";"Fabricação de eletrodomésticos";"8094510"
"2010";"Estados Unidos";"2660";"Fabricação de equipamentos de irradiação, eletromédicos e eletroterapêuticos";"7765218"
"2010";"Estados Unidos";"2826";"Fabricação de máquinas para produção de têxteis, vestuário e couro";"7562951"
"2010";"Estados Unidos";"3091";"Fabricação de motocicletas";"7190608"
"2010";"Estados Unidos";"2431";"Fundição de ferro e aço";"6100676"
"2010";"Estados Unidos";"1104";"Fabricação de refrigerantes; produção de águas minerais e outras águas engarrafadas";"5970089"
"2010";"Estados Unidos";"5811";"Publicação de livros";"5880248"
"2010";"Estados Unidos";"3099";"Fabricação de outros equipamentos de transporte n.c";"5808882"
"2010";"Estados Unidos";"3212";"Fabricação de bijuterias e artigos relacionados";"5666323"
"2010";"Estados Unidos";"3012";"Construção de barcos de recreio e desportivos";"5260548"
"2010";"Estados Unidos";"0130";"Cultivo de plantas";"4984766"
"2010";"Estados Unidos";"1080";"Fabricação de alimentos para animais";"4974865"
"2010";"Estados Unidos";"1623";"Fabricação de embalagens de madeira";"4714282"
"2010";"Estados Unidos";"1702";"Fabricação de papel e cartão canelados e de embalagens de papel e cartão";"4606711"
"2010";"Estados Unidos";"2022";"Fabricação de tintas, vernizes e produtos similares, tintas de impressão e mástiques";"4472020"
"2010";"Estados Unidos";"2815";"Fabricação de fornos, fornos e queimadores de fornos";"3829960"
"2010";"Estados Unidos";"0893";"Extração de sal";"3765670"
"2010";"Estados Unidos";"1391";"Fabricação de tecidos de malha";"3516231"
"2010";"Estados Unidos";"1050";"Fabricação de produtos lácteos";"3492157"
"2010";"Estados Unidos";"1061";"Fabricação de produtos de moagem de grãos";"3410162"
"2010";"Estados Unidos";"2817";"Fabricação de máquinas e equipamentos de escritório (exceto computadores e equipamentos periféricos)";"3407699"
"2010";"Estados Unidos";"2720";"Fabricação de baterias e acumuladores";"3271250"
"2010";"Estados Unidos";"2740";"Fabricação de equipamentos de iluminação elétrica";"3139841"
"2010";"Estados Unidos";"2816";"Fabricação de equipamentos de elevação e manuseio";"2781263"
"2010";"Estados Unidos";"3240";"Fabricação de jogos e brinquedos";"2731444"
"2010";"Estados Unidos";"5819";"Outras atividades de publicação";"2525452"
"2010";"Estados Unidos";"1393";"Fabricação de tapetes e tapetes";"2295149"
"2010";"Estados Unidos";"2680";"Fabricação de mídia magnética e óptica";"2174859"
"2010";"Estados Unidos";"2818";"Fabricação de ferramentas manuais acionadas por motor";"2133948"
"2010";"Estados Unidos";"2670";"Fabricação de instrumentos ópticos e equipamento fotográfico";"1929113"
"2010";"Estados Unidos";"1101";"Fabricação de aguardentes e outras bebidas destiladas";"1722771"
"2010";"Estados Unidos";"1430";"Fabricação de vestuário de malha";"1644997"
"2010";"Estados Unidos";"0230";"Coleta de produtos florestais não madeireiros";"1383329"
"2010";"Estados Unidos";"0142";"Criação de cavalos e outros equinos";"1375537"
"2010";"Estados Unidos";"3220";"Fabricação de instrumentos musicais";"1316751"
"2010";"Estados Unidos";"1102";"Fabricação de vinhos";"1007528"
"2010";"Estados Unidos";"1103";"Fabricação de malte e bebidas maltadas.";"894531"
"2010";"Estados Unidos";"1420";"Fabricação de artigos de peles";"865599"
"2010";"Estados Unidos";"2511";"Fabricação de produtos metálicos estruturais";"856876"
"2010";"Estados Unidos";"2652";"Fabricação de cronomêtros e relógios";"764454"
"2010";"Estados Unidos";"1074";"Fabricação de macarrão, talharim, cuscuz e produtos farináceos semelhantes";"664202"
"2010";"Estados Unidos";"1812";"Atividades de serviço relacionadas à impressão";"626666"
"2010";"Estados Unidos";"3230";"Fabricação de artigos esportivos";"557746"
"2010";"Estados Unidos";"0124";"Cultivo de frutas pome e frutas de caroço";"516500"
"2010";"Estados Unidos";"2731";"Fabricação de cabos de fibra ótica";"439443"
"2010";"Estados Unidos";"0115";"Cultivo de tabaco";"438651"
"2010";"Estados Unidos";"0220";"Exploração madeireira";"432731"
"2010";"Estados Unidos";"2513";"Fabricação de geradores de vapor, exceto caldeiras de aquecimento central de água quente";"425639"
"2010";"Estados Unidos";"3011";"Construção de navios e estruturas flutuantes";"393899"
"2010";"Estados Unidos";"5813";"Publicação de jornais, revistas e periódicos";"262825"
"2010";"Estados Unidos";"0122";"Cultivo de frutas tropicais e subtropicais";"206503"
"2010";"Estados Unidos";"9102";"Atividades de museus e operação de locais históricos e edifícios";"155668"
"2010";"Estados Unidos";"2395";"Fabricação de artigos de concreto, cimento e gesso";"119530"
"2010";"Estados Unidos";"0119";"Cultivo de outras culturas não perenes";"94135"
"2010";"Estados Unidos";"0116";"Cultivo de culturas de fibra";"69807"
"2010";"Estados Unidos";"0126";"Cultivo de frutas oleaginosas";"65263"
"2010";"Estados Unidos";"0892";"Extração de turfa";"14960"
"2010";"Estados Unidos";"0129";"Cultivo de outras culturas perenes";"12688"
"2010";"Estados Unidos";"5310";"Atividades postais";"8712"
"2010";"Estados Unidos";"3092";"Fabricação de bicicletas e carruagens inválidas";"6044"
"2010";"Estados Unidos";"0891";"Extração de minerais químicos e fertilizantes";"5841"
"2010";"Estados Unidos";"7420";"Atividades fotográficas";"3652"
"2010";"Estados Unidos";"2394";"Fabricação de cimento, cal e gesso";"612"
"2010";"Estados Unidos";"5911";"Atividades de produção de filmes, vídeos e programas de televisão";"207"
"2010";"Estados Unidos";"1910";"Fabricação de produtos de forno de coque";"10"
"2009";"Estados Unidos";"0610";"Extração de petróleo bruto";"2385615951"
"2009";"Estados Unidos";"3030";"Fabricação de aviões e máquinas relacionadas";"1158628643"
"2009";"Estados Unidos";"2410";"Fabricação de ferro e aço básicos";"1024008959"
"2009";"Estados Unidos";"2011";"Fabricação de produtos químicos básicos";"869094010"
"2009";"Estados Unidos";"0127";"Cultivo de bebidas da safra";"723075095"
"2009";"Estados Unidos";"1701";"Fabricação de polpa, papel e cartão";"722801128"
"2009";"Estados Unidos";"2930";"Fabricação de peças e acessórios para veículos automotores";"614803704"
"2009";"Estados Unidos";"2710";"Fabricação de motores elétricos, geradores, transformadores e aparelhos de distribuição e controle de energia elétrica";"611260435"
"2009";"Estados Unidos";"2420";"Fabricação de metais preciosos e outros metais não ferrosos";"575858609"
"2009";"Estados Unidos";"2396";"Corte, moldagem e acabamento de pedra";"361379105"
"2009";"Estados Unidos";"1520";"Fabricação de calçado";"352514100"
"2009";"Estados Unidos";"1030";"Processamento e conservação de frutas e legumes";"328590441"
"2009";"Estados Unidos";"1610";"Serração e aplainamento de madeira";"317199527"
"2009";"Estados Unidos";"1200";"Fabricação de produtos de tabaco";"296866393"
"2009";"Estados Unidos";"2211";"Fabricação de pneus e tubos; recauchutagem e reconstrução de pneus de borracha";"277460528"
"2009";"Estados Unidos";"1010";"Processamento e conservação de carne";"248373687"
"2009";"Estados Unidos";"2813";"Fabricação de outras bombas, compressores, torneiras e válvulas";"247342919"
"2009";"Estados Unidos";"1920";"Fabricação de produtos petrolíferos refinados";"188425852"
"2009";"Estados Unidos";"2520";"Fabricação de armas e munições";"179564955"
"2009";"Estados Unidos";"2824";"Fabricação de máquinas para mineração, exploração de pedreiras e construção";"179206476"
"2009";"Estados Unidos";"0125";"Cultivo de outras frutas e nozes";"157150664"
"2009";"Estados Unidos";"2814";"Fabricação de rolamentos, engrenagens, engrenagens e elementos de acionamento";"148791266"
"2009";"Estados Unidos";"2013";"Fabricação de plásticos e borracha sintética em formas primárias";"142663178"
"2009";"Estados Unidos";"2630";"Fabricação de equipamentos de comunicação";"138305084"
"2009";"Estados Unidos";"2100";"Fabricação de produtos farmacêuticos, produtos químicos medicinais e botânicos";"135700931"
"2009";"Estados Unidos";"1079";"Fabricação de outros produtos alimentícios n.c";"134230441"
"2009";"Estados Unidos";"2599";"Fabricação de outros produtos metálicos fabricados n.c";"126358148"
"2009";"Estados Unidos";"2029";"Fabricação de outros produtos químicos n.c";"120034165"
"2009";"Estados Unidos";"3020";"Fabricação de locomotivas e material circulante";"113636149"
"2009";"Estados Unidos";"1392";"Fabricação de artigos têxteis confeccionados, exceto vestuário";"112310092"
"2009";"Estados Unidos";"1072";"Fabricação de açúcar";"109191243"
"2009";"Estados Unidos";"1511";"Curtimento e vestuário de couro";"104169092"
"2009";"Estados Unidos";"0729";"Extração de outros minérios de metais não ferrosos";"102680615"
"2009";"Estados Unidos";"1622";"Fabricação de carpintaria e marcenaria de construtores";"102249612"
"2009";"Estados Unidos";"1073";"Fabricação de cacau, chocolate e produtos de confeitaria";"101813257"
"2009";"Estados Unidos";"3100";"Fabricação de móveis";"94560963"
"2009";"Estados Unidos";"2220";"Fabricação de produtos plásticos";"82684385"
"2009";"Estados Unidos";"2593";"Fabricação de cutelaria, ferramentas manuais e ferragens em geral";"77579835"
"2009";"Estados Unidos";"2511";"Fabricação de produtos metálicos estruturais";"75933167"
"2009";"Estados Unidos";"2819";"Fabricação de outras máquinas para uso geral";"75798094"
"2009";"Estados Unidos";"8999";"Não classificado";"71609100"
"2009";"Estados Unidos";"1512";"Fabricação de malas, bolsas e semelhantes, selaria e arreios";"66128483"
"2009";"Estados Unidos";"2399";"Fabricação de outros produtos minerais não metálicos n.c";"61543501"
"2009";"Estados Unidos";"3211";"Fabricação de joalharia e artigos afins";"58920448"
"2009";"Estados Unidos";"2651";"Fabricação de equipamentos de medição, teste, navegação e controle";"58185736"
"2009";"Estados Unidos";"1020";"Processamento e conservação de peixes, crustáceos e moluscos";"57949647"
"2009";"Estados Unidos";"2620";"Fabricação de computadores e equipamentos periféricos";"53751617"
"2009";"Estados Unidos";"2392";"Fabricação de materiais de construção de argila";"52963222"
"2009";"Estados Unidos";"1621";"Fabricação de folheados e painéis derivados de madeira";"50580001"
"2009";"Estados Unidos";"2821";"Fabricação de maquinaria agrícola e florestal";"49666036"
"2009";"Estados Unidos";"0810";"Extração de pedra, areia e argila";"48535157"
"2009";"Estados Unidos";"1394";"Fabricação de cordéis, cordas, cordéis e redes";"47095032"
"2009";"Estados Unidos";"2219";"Fabricação de outros produtos de borracha";"44983024"
"2009";"Estados Unidos";"1399";"Fabricação de outros têxteis n.e.c.";"43268997"
"2009";"Estados Unidos";"2790";"Fabricação de outro equipamento elétrico";"41943059"
"2009";"Estados Unidos";"0149";"Criação de outros animais";"41166292"
"2009";"Estados Unidos";"3250";"Fabricação de instrumentos e suprimentos médicos e odontológicos";"37605670"
"2009";"Estados Unidos";"2822";"Fabricação de máquinas e máquinas-ferramentas para moldagem de metais";"34173524"
"2009";"Estados Unidos";"0113";"Cultivo de hortaliças e melões, raízes e tubérculos";"32919055"
"2009";"Estados Unidos";"0128";"Cultivo de especiarias, culturas aromáticas, medicamentosas e farmacêuticas";"32001847"
"2009";"Estados Unidos";"3290";"Outras manufaturas n.c.";"28530625"
"2009";"Estados Unidos";"2823";"Fabricação de máquinas para metalurgia";"26297444"
"2009";"Estados Unidos";"1629";"Fabricação de outros produtos de madeira; fabricação de artigos de cortiça, de espartaria e cestaria";"25622802"
"2009";"Estados Unidos";"1709";"Fabricação de outros artigos de papel e cartão";"25039151"
"2009";"Estados Unidos";"0111";"Cultivo de cereais (exceto arroz), leguminosas e oleaginosas";"24689624"
"2009";"Estados Unidos";"2610";"Fabricação de componentes eletrônicos e placas";"24443362"
"2009";"Estados Unidos";"2920";"Fabricação de carroçarias para veículos automotores; fabricação de reboques e semi-reboques";"24122495"
"2009";"Estados Unidos";"0710";"Extração de minério de ferro";"23909162"
"2009";"Estados Unidos";"0121";"Cultivo de uvas";"22745590"
"2009";"Estados Unidos";"2732";"Fabricação de outros fios e cabos elétricos e eletrônicos";"20831455"
"2009";"Estados Unidos";"2829";"Fabricação de outras máquinas para fins especiais";"20703917"
"2009";"Estados Unidos";"1040";"Fabricação de óleos e gorduras vegetais e animais";"19619607"
"2009";"Estados Unidos";"2811";"Fabricação de motores e turbinas, exceto aeronaves, veículos e motores de ciclo";"19567951"
"2009";"Estados Unidos";"1410";"Fabricação de vestuário, exceto vestuários de peles";"18169663"
"2009";"Estados Unidos";"2021";"Fabricação de pesticidas e outros produtos agroquímicos";"16489117"
"2009";"Estados Unidos";"0899";"Outras atividades de mineração n.c";"16045873"
"2009";"Estados Unidos";"2310";"Fabricação de produtos de vidro e vidro";"15512892"
"2009";"Estados Unidos";"9000";"Atividades criativas, artes e entretenimento";"15153154"
"2009";"Estados Unidos";"2640";"Fabricação de produtos eletrônicos de consumo";"14776041"
"2009";"Estados Unidos";"0311";"Pesca marinha";"13072682"
"2009";"Estados Unidos";"2393";"Fabricação de outros produtos de porcelana e cerâmica";"11982988"
"2009";"Estados Unidos";"2812";"Fabricação de equipamentos para energia hidráulica";"11610798"
"2009";"Estados Unidos";"3099";"Fabricação de outros equipamentos de transporte n.c";"11555813"
"2009";"Estados Unidos";"1062";"Fabricação de amidos e féculas";"11189393"
"2009";"Estados Unidos";"2391";"Fabricação de produtos refratários";"10937396"
"2009";"Estados Unidos";"1071";"Fabricação de produtos de panificação";"10926659"
"2009";"Estados Unidos";"2910";"Fabricação de veículos automotores";"10789607"
"2009";"Estados Unidos";"1312";"Tecelagem de têxteis";"10583852"
"2009";"Estados Unidos";"2023";"Fabricação de sabão e detergentes, produtos de limpeza e polimento, perfumes e produtos de toilette";"10476698"
"2009";"Estados Unidos";"2825";"Fabricação de máquinas para processamento de alimentos, bebidas e tabaco";"10408909"
"2009";"Estados Unidos";"2512";"Fabricação de tanques, reservatórios e recipientes de metal";"10072574"
"2009";"Estados Unidos";"2816";"Fabricação de equipamentos de elevação e manuseio";"9347678"
"2009";"Estados Unidos";"1311";"Preparação e fiação de fibras têxteis";"8897446"
"2009";"Estados Unidos";"2660";"Fabricação de equipamentos de irradiação, eletromédicos e eletroterapêuticos";"8696090"
"2009";"Estados Unidos";"2826";"Fabricação de máquinas para produção de têxteis, vestuário e couro";"7449020"
"2009";"Estados Unidos";"2431";"Fundição de ferro e aço";"7416836"
"2009";"Estados Unidos";"0893";"Extração de sal";"6955280"
"2009";"Estados Unidos";"2750";"Fabricação de eletrodomésticos";"6460525"
"2009";"Estados Unidos";"2817";"Fabricação de máquinas e equipamentos de escritório (exceto computadores e equipamentos periféricos)";"6329873"
"2009";"Estados Unidos";"1104";"Fabricação de refrigerantes; produção de águas minerais e outras águas engarrafadas";"5841486"
"2009";"Estados Unidos";"3212";"Fabricação de bijuterias e artigos relacionados";"5725975"
"2009";"Estados Unidos";"0130";"Cultivo de plantas";"5243171"
"2009";"Estados Unidos";"3011";"Construção de navios e estruturas flutuantes";"4862390"
"2009";"Estados Unidos";"2022";"Fabricação de tintas, vernizes e produtos similares, tintas de impressão e mástiques";"4649416"
"2009";"Estados Unidos";"5811";"Publicação de livros";"4631789"
"2009";"Estados Unidos";"2720";"Fabricação de baterias e acumuladores";"3979708"
"2009";"Estados Unidos";"1080";"Fabricação de alimentos para animais";"3839235"
"2009";"Estados Unidos";"2012";"Fabricação de fertilizantes e compostos nitrogenados";"3768070"
"2009";"Estados Unidos";"3091";"Fabricação de motocicletas";"3693300"
"2009";"Estados Unidos";"1061";"Fabricação de produtos de moagem de grãos";"3599716"
"2009";"Estados Unidos";"1391";"Fabricação de tecidos de malha";"3431637"
"2009";"Estados Unidos";"2815";"Fabricação de fornos, fornos e queimadores de fornos";"3291911"
"2009";"Estados Unidos";"3240";"Fabricação de jogos e brinquedos";"3259017"
"2009";"Estados Unidos";"1393";"Fabricação de tapetes e tapetes";"3230123"
"2009";"Estados Unidos";"1702";"Fabricação de papel e cartão canelados e de embalagens de papel e cartão";"3043719"
"2009";"Estados Unidos";"1101";"Fabricação de aguardentes e outras bebidas destiladas";"2845009"
"2009";"Estados Unidos";"5819";"Outras atividades de publicação";"2807584"
"2009";"Estados Unidos";"2680";"Fabricação de mídia magnética e óptica";"2439175"
"2009";"Estados Unidos";"1050";"Fabricação de produtos lácteos";"2200893"
"2009";"Estados Unidos";"2740";"Fabricação de equipamentos de iluminação elétrica";"2106051"
"2009";"Estados Unidos";"3220";"Fabricação de instrumentos musicais";"1917071"
"2009";"Estados Unidos";"0142";"Criação de cavalos e outros equinos";"1723289"
"2009";"Estados Unidos";"0116";"Cultivo de culturas de fibra";"1707360"
"2009";"Estados Unidos";"2818";"Fabricação de ferramentas manuais acionadas por motor";"1368227"
"2009";"Estados Unidos";"0115";"Cultivo de tabaco";"1105658"
"2009";"Estados Unidos";"2670";"Fabricação de instrumentos ópticos e equipamento fotográfico";"1055393"
"2009";"Estados Unidos";"1623";"Fabricação de embalagens de madeira";"1028649"
"2009";"Estados Unidos";"1430";"Fabricação de vestuário de malha";"928462"
"2009";"Estados Unidos";"1102";"Fabricação de vinhos";"878898"
"2009";"Estados Unidos";"0220";"Exploração madeireira";"809965"
"2009";"Estados Unidos";"1420";"Fabricação de artigos de peles";"773547"
"2009";"Estados Unidos";"1103";"Fabricação de malte e bebidas maltadas.";"710224"
"2009";"Estados Unidos";"1074";"Fabricação de macarrão, talharim, cuscuz e produtos farináceos semelhantes";"623449"
"2009";"Estados Unidos";"2513";"Fabricação de geradores de vapor, exceto caldeiras de aquecimento central de água quente";"498846"
"2009";"Estados Unidos";"3012";"Construção de barcos de recreio e desportivos";"498380"
"2009";"Estados Unidos";"2731";"Fabricação de cabos de fibra ótica";"435849"
"2009";"Estados Unidos";"0119";"Cultivo de outras culturas não perenes";"425904"
"2009";"Estados Unidos";"3230";"Fabricação de artigos esportivos";"425408"
"2009";"Estados Unidos";"9102";"Atividades de museus e operação de locais históricos e edifícios";"390829"
"2009";"Estados Unidos";"0230";"Coleta de produtos florestais não madeireiros";"383790"
"2009";"Estados Unidos";"2030";"Fabricação de fibras sintéticas ou artificiais";"353088"
"2009";"Estados Unidos";"2652";"Fabricação de cronomêtros e relógios";"292204"
"2009";"Estados Unidos";"5813";"Publicação de jornais, revistas e periódicos";"285987"
"2009";"Estados Unidos";"0123";"Cultivo de frutas cítricas";"284476"
"2009";"Estados Unidos";"0124";"Cultivo de frutas pome e frutas de caroço";"253344"
"2009";"Estados Unidos";"1812";"Atividades de serviço relacionadas à impressão";"187809"
"2009";"Estados Unidos";"2395";"Fabricação de artigos de concreto, cimento e gesso";"147125"
"2009";"Estados Unidos";"0126";"Cultivo de frutas oleaginosas";"120294"
"2009";"Estados Unidos";"3092";"Fabricação de bicicletas e carruagens inválidas";"92797"
"2009";"Estados Unidos";"0129";"Cultivo de outras culturas perenes";"53286"
"2009";"Estados Unidos";"0122";"Cultivo de frutas tropicais e subtropicais";"51938"
"2009";"Estados Unidos";"5310";"Atividades postais";"13975"
"2009";"Estados Unidos";"0321";"Aquicultura marinha";"9788"
"2009";"Estados Unidos";"7420";"Atividades fotográficas";"3592"
"2009";"Estados Unidos";"2394";"Fabricação de cimento, cal e gesso";"2474"
"2009";"Estados Unidos";"5911";"Atividades de produção de filmes, vídeos e programas de televisão";"1518"
"2009";"Estados Unidos";"0891";"Extração de minerais químicos e fertilizantes";"674"
"2009";"Estados Unidos";"0510";"Mineração de Carvão";"132"
"2008";"Estados Unidos";"0610";"Extração de petróleo bruto";"4351080549"
"2008";"Estados Unidos";"2410";"Fabricação de ferro e aço básicos";"3238935936"
"2008";"Estados Unidos";"3030";"Fabricação de aviões e máquinas relacionadas";"2493779555"
"2008";"Estados Unidos";"2011";"Fabricação de produtos químicos básicos";"1676628349"
"2008";"Estados Unidos";"2420";"Fabricação de metais preciosos e outros metais não ferrosos";"1186269693"
"2008";"Estados Unidos";"2930";"Fabricação de peças e acessórios para veículos automotores";"1116189651"
"2008";"Estados Unidos";"1701";"Fabricação de polpa, papel e cartão";"979892899"
"2008";"Estados Unidos";"2710";"Fabricação de motores elétricos, geradores, transformadores e aparelhos de distribuição e controle de energia elétrica";"867158680"
"2008";"Estados Unidos";"0127";"Cultivo de bebidas da safra";"705648492"
"2008";"Estados Unidos";"2824";"Fabricação de máquinas para mineração, exploração de pedreiras e construção";"562288377"
"2008";"Estados Unidos";"1920";"Fabricação de produtos petrolíferos refinados";"544945397"
"2008";"Estados Unidos";"2396";"Corte, moldagem e acabamento de pedra";"502953468"
"2008";"Estados Unidos";"1520";"Fabricação de calçado";"486516342"
"2008";"Estados Unidos";"1610";"Serração e aplainamento de madeira";"439338532"
"2008";"Estados Unidos";"2813";"Fabricação de outras bombas, compressores, torneiras e válvulas";"380682116"
"2008";"Estados Unidos";"1030";"Processamento e conservação de frutas e legumes";"364967715"
"2008";"Estados Unidos";"2211";"Fabricação de pneus e tubos; recauchutagem e reconstrução de pneus de borracha";"342960322"
"2008";"Estados Unidos";"1010";"Processamento e conservação de carne";"314151535"
"2008";"Estados Unidos";"1200";"Fabricação de produtos de tabaco";"300605596"
"2008";"Estados Unidos";"2814";"Fabricação de rolamentos, engrenagens, engrenagens e elementos de acionamento";"256496032"
"2008";"Estados Unidos";"2599";"Fabricação de outros produtos metálicos fabricados n.c";"247044227"
"2008";"Estados Unidos";"2630";"Fabricação de equipamentos de comunicação";"208254706"
"2008";"Estados Unidos";"2013";"Fabricação de plásticos e borracha sintética em formas primárias";"197759016"
"2008";"Estados Unidos";"1079";"Fabricação de outros produtos alimentícios n.c";"180600393"
"2008";"Estados Unidos";"1511";"Curtimento e vestuário de couro";"177988572"
"2008";"Estados Unidos";"1622";"Fabricação de carpintaria e marcenaria de construtores";"176506885"
"2008";"Estados Unidos";"0729";"Extração de outros minérios de metais não ferrosos";"173351678"
"2008";"Estados Unidos";"0710";"Extração de minério de ferro";"162471775"
"2008";"Estados Unidos";"3100";"Fabricação de móveis";"159698631"
"2008";"Estados Unidos";"1392";"Fabricação de artigos têxteis confeccionados, exceto vestuário";"154072319"
"2008";"Estados Unidos";"1073";"Fabricação de cacau, chocolate e produtos de confeitaria";"142825722"
"2008";"Estados Unidos";"2910";"Fabricação de veículos automotores";"142371381"
"2008";"Estados Unidos";"2029";"Fabricação de outros produtos químicos n.c";"141038831"
"2008";"Estados Unidos";"0125";"Cultivo de outras frutas e nozes";"132867997"
"2008";"Estados Unidos";"2100";"Fabricação de produtos farmacêuticos, produtos químicos medicinais e botânicos";"129444812"
"2008";"Estados Unidos";"2520";"Fabricação de armas e munições";"123204991"
"2008";"Estados Unidos";"1621";"Fabricação de folheados e painéis derivados de madeira";"122585744"
"2008";"Estados Unidos";"2220";"Fabricação de produtos plásticos";"119910856"
"2008";"Estados Unidos";"3020";"Fabricação de locomotivas e material circulante";"104967414"
"2008";"Estados Unidos";"2593";"Fabricação de cutelaria, ferramentas manuais e ferragens em geral";"104689014"
"2008";"Estados Unidos";"2819";"Fabricação de outras máquinas para uso geral";"99801276"
"2008";"Estados Unidos";"2392";"Fabricação de materiais de construção de argila";"93900316"
"2008";"Estados Unidos";"1072";"Fabricação de açúcar";"85288837"
"2008";"Estados Unidos";"2399";"Fabricação de outros produtos minerais não metálicos n.c";"84755198"
"2008";"Estados Unidos";"2651";"Fabricação de equipamentos de medição, teste, navegação e controle";"82495434"
"2008";"Estados Unidos";"1020";"Processamento e conservação de peixes, crustáceos e moluscos";"81764021"
"2008";"Estados Unidos";"1512";"Fabricação de malas, bolsas e semelhantes, selaria e arreios";"81706348"
"2008";"Estados Unidos";"8999";"Não classificado";"81117280"
"2008";"Estados Unidos";"2821";"Fabricação de maquinaria agrícola e florestal";"78175797"
"2008";"Estados Unidos";"3211";"Fabricação de joalharia e artigos afins";"76911935"
"2008";"Estados Unidos";"2219";"Fabricação de outros produtos de borracha";"68059796"
"2008";"Estados Unidos";"1394";"Fabricação de cordéis, cordas, cordéis e redes";"60538116"
"2008";"Estados Unidos";"0810";"Extração de pedra, areia e argila";"52111520"
"2008";"Estados Unidos";"2790";"Fabricação de outro equipamento elétrico";"49337341"
"2008";"Estados Unidos";"2620";"Fabricação de computadores e equipamentos periféricos";"48637130"
"2008";"Estados Unidos";"1312";"Tecelagem de têxteis";"47199096"
"2008";"Estados Unidos";"3250";"Fabricação de instrumentos e suprimentos médicos e odontológicos";"46292096"
"2008";"Estados Unidos";"2822";"Fabricação de máquinas e máquinas-ferramentas para moldagem de metais";"44995033"
"2008";"Estados Unidos";"3290";"Outras manufaturas n.c.";"43871663"
"2008";"Estados Unidos";"1399";"Fabricação de outros têxteis n.e.c.";"43863410"
"2008";"Estados Unidos";"0121";"Cultivo de uvas";"41233303"
"2008";"Estados Unidos";"1709";"Fabricação de outros artigos de papel e cartão";"40940620"
"2008";"Estados Unidos";"1629";"Fabricação de outros produtos de madeira; fabricação de artigos de cortiça, de espartaria e cestaria";"40678700"
"2008";"Estados Unidos";"2732";"Fabricação de outros fios e cabos elétricos e eletrônicos";"39842183"
"2008";"Estados Unidos";"2811";"Fabricação de motores e turbinas, exceto aeronaves, veículos e motores de ciclo";"38977088"
"2008";"Estados Unidos";"0113";"Cultivo de hortaliças e melões, raízes e tubérculos";"36493738"
"2008";"Estados Unidos";"2610";"Fabricação de componentes eletrônicos e placas";"35007736"
"2008";"Estados Unidos";"1410";"Fabricação de vestuário, exceto vestuários de peles";"33952936"
"2008";"Estados Unidos";"0128";"Cultivo de especiarias, culturas aromáticas, medicamentosas e farmacêuticas";"33626831"
"2008";"Estados Unidos";"3091";"Fabricação de motocicletas";"33063943"
"2008";"Estados Unidos";"0149";"Criação de outros animais";"31976608"
"2008";"Estados Unidos";"2812";"Fabricação de equipamentos para energia hidráulica";"30753133"
"2008";"Estados Unidos";"1040";"Fabricação de óleos e gorduras vegetais e animais";"29110569"
"2008";"Estados Unidos";"1080";"Fabricação de alimentos para animais";"26844515"
"2008";"Estados Unidos";"2310";"Fabricação de produtos de vidro e vidro";"26355275"
"2008";"Estados Unidos";"2829";"Fabricação de outras máquinas para fins especiais";"25758367"
"2008";"Estados Unidos";"3099";"Fabricação de outros equipamentos de transporte n.c";"21043071"
"2008";"Estados Unidos";"2823";"Fabricação de máquinas para metalurgia";"20602301"
"2008";"Estados Unidos";"2511";"Fabricação de produtos metálicos estruturais";"18421248"
"2008";"Estados Unidos";"2021";"Fabricação de pesticidas e outros produtos agroquímicos";"18382100"
"2008";"Estados Unidos";"2920";"Fabricação de carroçarias para veículos automotores; fabricação de reboques e semi-reboques";"16253884"
"2008";"Estados Unidos";"2393";"Fabricação de outros produtos de porcelana e cerâmica";"15624045"
"2008";"Estados Unidos";"2431";"Fundição de ferro e aço";"14407138"
"2008";"Estados Unidos";"2512";"Fabricação de tanques, reservatórios e recipientes de metal";"14338266"
"2008";"Estados Unidos";"2640";"Fabricação de produtos eletrônicos de consumo";"14314955"
"2008";"Estados Unidos";"0311";"Pesca marinha";"14255103"
"2008";"Estados Unidos";"2750";"Fabricação de eletrodomésticos";"12949103"
"2008";"Estados Unidos";"0899";"Outras atividades de mineração n.c";"12077470"
"2008";"Estados Unidos";"2012";"Fabricação de fertilizantes e compostos nitrogenados";"11405231"
"2008";"Estados Unidos";"0111";"Cultivo de cereais (exceto arroz), leguminosas e oleaginosas";"10629350"
"2008";"Estados Unidos";"2023";"Fabricação de sabão e detergentes, produtos de limpeza e polimento, perfumes e produtos de toilette";"10472721"
"2008";"Estados Unidos";"2391";"Fabricação de produtos refratários";"10297090"
"2008";"Estados Unidos";"2817";"Fabricação de máquinas e equipamentos de escritório (exceto computadores e equipamentos periféricos)";"9852916"
"2008";"Estados Unidos";"2825";"Fabricação de máquinas para processamento de alimentos, bebidas e tabaco";"9510190"
"2008";"Estados Unidos";"1311";"Preparação e fiação de fibras têxteis";"8935363"
"2008";"Estados Unidos";"1071";"Fabricação de produtos de panificação";"8891108"
"2008";"Estados Unidos";"1062";"Fabricação de amidos e féculas";"7668253"
"2008";"Estados Unidos";"2660";"Fabricação de equipamentos de irradiação, eletromédicos e eletroterapêuticos";"7667629"
"2008";"Estados Unidos";"2826";"Fabricação de máquinas para produção de têxteis, vestuário e couro";"7326511"
"2008";"Estados Unidos";"1391";"Fabricação de tecidos de malha";"7210811"
"2008";"Estados Unidos";"2030";"Fabricação de fibras sintéticas ou artificiais";"6981376"
"2008";"Estados Unidos";"3212";"Fabricação de bijuterias e artigos relacionados";"6532405"
"2008";"Estados Unidos";"2816";"Fabricação de equipamentos de elevação e manuseio";"6240284"
"2008";"Estados Unidos";"2022";"Fabricação de tintas, vernizes e produtos similares, tintas de impressão e mástiques";"5884307"
"2008";"Estados Unidos";"2815";"Fabricação de fornos, fornos e queimadores de fornos";"5502039"
"2008";"Estados Unidos";"0130";"Cultivo de plantas";"5389375"
"2008";"Estados Unidos";"2670";"Fabricação de instrumentos ópticos e equipamento fotográfico";"5258897"
"2008";"Estados Unidos";"3240";"Fabricação de jogos e brinquedos";"5204623"
"2008";"Estados Unidos";"0115";"Cultivo de tabaco";"5196673"
"2008";"Estados Unidos";"1702";"Fabricação de papel e cartão canelados e de embalagens de papel e cartão";"5082260"
"2008";"Estados Unidos";"5819";"Outras atividades de publicação";"4861491"
"2008";"Estados Unidos";"5811";"Publicação de livros";"4771543"
"2008";"Estados Unidos";"3012";"Construção de barcos de recreio e desportivos";"4708242"
"2008";"Estados Unidos";"2395";"Fabricação de artigos de concreto, cimento e gesso";"4681098"
"2008";"Estados Unidos";"9000";"Atividades criativas, artes e entretenimento";"4422364"
"2008";"Estados Unidos";"2680";"Fabricação de mídia magnética e óptica";"4347100"
"2008";"Estados Unidos";"2720";"Fabricação de baterias e acumuladores";"3984370"
"2008";"Estados Unidos";"2740";"Fabricação de equipamentos de iluminação elétrica";"3815665"
"2008";"Estados Unidos";"1050";"Fabricação de produtos lácteos";"3699576"
"2008";"Estados Unidos";"1061";"Fabricação de produtos de moagem de grãos";"3547773"
"2008";"Estados Unidos";"1430";"Fabricação de vestuário de malha";"3313587"
"2008";"Estados Unidos";"1101";"Fabricação de aguardentes e outras bebidas destiladas";"3271786"
"2008";"Estados Unidos";"1104";"Fabricação de refrigerantes; produção de águas minerais e outras águas engarrafadas";"3157574"
"2008";"Estados Unidos";"1393";"Fabricação de tapetes e tapetes";"2816927"
"2008";"Estados Unidos";"3220";"Fabricação de instrumentos musicais";"2496088"
"2008";"Estados Unidos";"0142";"Criação de cavalos e outros equinos";"2198561"
"2008";"Estados Unidos";"0116";"Cultivo de culturas de fibra";"2157266"
"2008";"Estados Unidos";"2818";"Fabricação de ferramentas manuais acionadas por motor";"1980470"
"2008";"Estados Unidos";"2394";"Fabricação de cimento, cal e gesso";"1764191"
"2008";"Estados Unidos";"0230";"Coleta de produtos florestais não madeireiros";"1747530"
"2008";"Estados Unidos";"1623";"Fabricação de embalagens de madeira";"1449571"
"2008";"Estados Unidos";"1102";"Fabricação de vinhos";"1148001"
"2008";"Estados Unidos";"1420";"Fabricação de artigos de peles";"1043866"
"2008";"Estados Unidos";"2731";"Fabricação de cabos de fibra ótica";"1041518"
"2008";"Estados Unidos";"1103";"Fabricação de malte e bebidas maltadas.";"995682"
"2008";"Estados Unidos";"1074";"Fabricação de macarrão, talharim, cuscuz e produtos farináceos semelhantes";"889533"
"2008";"Estados Unidos";"3230";"Fabricação de artigos esportivos";"815840"
"2008";"Estados Unidos";"0119";"Cultivo de outras culturas não perenes";"769441"
"2008";"Estados Unidos";"2652";"Fabricação de cronomêtros e relógios";"464997"
"2008";"Estados Unidos";"1812";"Atividades de serviço relacionadas à impressão";"425199"
"2008";"Estados Unidos";"0893";"Extração de sal";"404642"
"2008";"Estados Unidos";"0220";"Exploração madeireira";"387375"
"2008";"Estados Unidos";"2513";"Fabricação de geradores de vapor, exceto caldeiras de aquecimento central de água quente";"315100"
"2008";"Estados Unidos";"5813";"Publicação de jornais, revistas e periódicos";"312561"
"2008";"Estados Unidos";"0124";"Cultivo de frutas pome e frutas de caroço";"288034"
"2008";"Estados Unidos";"3092";"Fabricação de bicicletas e carruagens inválidas";"153388"
"2008";"Estados Unidos";"0123";"Cultivo de frutas cítricas";"141626"
"2008";"Estados Unidos";"0126";"Cultivo de frutas oleaginosas";"88233"
"2008";"Estados Unidos";"5310";"Atividades postais";"61729"
"2008";"Estados Unidos";"0129";"Cultivo de outras culturas perenes";"56852"
"2008";"Estados Unidos";"0321";"Aquicultura marinha";"30753"
"2008";"Estados Unidos";"9102";"Atividades de museus e operação de locais históricos e edifícios";"19115"
"2008";"Estados Unidos";"3011";"Construção de navios e estruturas flutuantes";"17475"
"2008";"Estados Unidos";"0146";"Criação de aves de capoeira";"14500"
"2008";"Estados Unidos";"5911";"Atividades de produção de filmes, vídeos e programas de televisão";"9477"
"2008";"Estados Unidos";"0122";"Cultivo de frutas tropicais e subtropicais";"6162"
"2008";"Estados Unidos";"0891";"Extração de minerais químicos e fertilizantes";"132"
"2008";"Estados Unidos";"7420";"Atividades fotográficas";"1"
"2007";"Estados Unidos";"0610";"Extração de petróleo bruto";"3138674417"
"2007";"Estados Unidos";"2410";"Fabricação de ferro e aço básicos";"2680834007"
"2007";"Estados Unidos";"3030";"Fabricação de aviões e máquinas relacionadas";"1986910207"
"2007";"Estados Unidos";"2420";"Fabricação de metais preciosos e outros metais não ferrosos";"1451312159"
"2007";"Estados Unidos";"2930";"Fabricação de peças e acessórios para veículos automotores";"1248711334"
"2007";"Estados Unidos";"2011";"Fabricação de produtos químicos básicos";"1145623483"
"2007";"Estados Unidos";"1701";"Fabricação de polpa, papel e cartão";"748451003"
"2007";"Estados Unidos";"2710";"Fabricação de motores elétricos, geradores, transformadores e aparelhos de distribuição e controle de energia elétrica";"738968677"
"2007";"Estados Unidos";"1520";"Fabricação de calçado";"719680864"
"2007";"Estados Unidos";"2824";"Fabricação de máquinas para mineração, exploração de pedreiras e construção";"642288184"
"2007";"Estados Unidos";"2396";"Corte, moldagem e acabamento de pedra";"632501628"
"2007";"Estados Unidos";"0127";"Cultivo de bebidas da safra";"590458894"
"2007";"Estados Unidos";"1610";"Serração e aplainamento de madeira";"566273238"
"2007";"Estados Unidos";"1030";"Processamento e conservação de frutas e legumes";"510248119"
"2007";"Estados Unidos";"1920";"Fabricação de produtos petrolíferos refinados";"501549641"
"2007";"Estados Unidos";"2813";"Fabricação de outras bombas, compressores, torneiras e válvulas";"478183226"
"2007";"Estados Unidos";"1010";"Processamento e conservação de carne";"342212609"
"2007";"Estados Unidos";"2211";"Fabricação de pneus e tubos; recauchutagem e reconstrução de pneus de borracha";"333206482"
"2007";"Estados Unidos";"1200";"Fabricação de produtos de tabaco";"277624196"
"2007";"Estados Unidos";"1622";"Fabricação de carpintaria e marcenaria de construtores";"258862840"
"2007";"Estados Unidos";"2814";"Fabricação de rolamentos, engrenagens, engrenagens e elementos de acionamento";"254001310"
"2007";"Estados Unidos";"2630";"Fabricação de equipamentos de comunicação";"253072661"
"2007";"Estados Unidos";"1511";"Curtimento e vestuário de couro";"246524670"
"2007";"Estados Unidos";"3100";"Fabricação de móveis";"245946618"
"2007";"Estados Unidos";"1621";"Fabricação de folheados e painéis derivados de madeira";"227397497"
"2007";"Estados Unidos";"2599";"Fabricação de outros produtos metálicos fabricados n.c";"208119218"
"2007";"Estados Unidos";"2013";"Fabricação de plásticos e borracha sintética em formas primárias";"195463371"
"2007";"Estados Unidos";"1392";"Fabricação de artigos têxteis confeccionados, exceto vestuário";"191230608"
"2007";"Estados Unidos";"2910";"Fabricação de veículos automotores";"189134343"
"2007";"Estados Unidos";"2392";"Fabricação de materiais de construção de argila";"167214132"
"2007";"Estados Unidos";"0125";"Cultivo de outras frutas e nozes";"162094228"
"2007";"Estados Unidos";"2029";"Fabricação de outros produtos químicos n.c";"147800150"
"2007";"Estados Unidos";"1073";"Fabricação de cacau, chocolate e produtos de confeitaria";"147277650"
"2007";"Estados Unidos";"0710";"Extração de minério de ferro";"144617457"
"2007";"Estados Unidos";"0729";"Extração de outros minérios de metais não ferrosos";"126394133"
"2007";"Estados Unidos";"2220";"Fabricação de produtos plásticos";"120310532"
"2007";"Estados Unidos";"2593";"Fabricação de cutelaria, ferramentas manuais e ferragens em geral";"118867458"
"2007";"Estados Unidos";"2520";"Fabricação de armas e munições";"117821621"
"2007";"Estados Unidos";"1079";"Fabricação de outros produtos alimentícios n.c";"116268207"
"2007";"Estados Unidos";"2819";"Fabricação de outras máquinas para uso geral";"115364688"
"2007";"Estados Unidos";"2100";"Fabricação de produtos farmacêuticos, produtos químicos medicinais e botânicos";"114032561"
"2007";"Estados Unidos";"2651";"Fabricação de equipamentos de medição, teste, navegação e controle";"100271165"
"2007";"Estados Unidos";"1072";"Fabricação de açúcar";"99611061"
"2007";"Estados Unidos";"1020";"Processamento e conservação de peixes, crustáceos e moluscos";"96066735"
"2007";"Estados Unidos";"2732";"Fabricação de outros fios e cabos elétricos e eletrônicos";"91527736"
"2007";"Estados Unidos";"1312";"Tecelagem de têxteis";"90176933"
"2007";"Estados Unidos";"2399";"Fabricação de outros produtos minerais não metálicos n.c";"89386470"
"2007";"Estados Unidos";"3211";"Fabricação de joalharia e artigos afins";"86468868"
"2007";"Estados Unidos";"3020";"Fabricação de locomotivas e material circulante";"80418603"
"2007";"Estados Unidos";"2821";"Fabricação de maquinaria agrícola e florestal";"80309885"
"2007";"Estados Unidos";"2811";"Fabricação de motores e turbinas, exceto aeronaves, veículos e motores de ciclo";"76728538"
"2007";"Estados Unidos";"2219";"Fabricação de outros produtos de borracha";"76016609"
"2007";"Estados Unidos";"1512";"Fabricação de malas, bolsas e semelhantes, selaria e arreios";"74015913"
"2007";"Estados Unidos";"1410";"Fabricação de vestuário, exceto vestuários de peles";"67132287"
"2007";"Estados Unidos";"1709";"Fabricação de outros artigos de papel e cartão";"65680654"
"2007";"Estados Unidos";"8999";"Não classificado";"62138507"
"2007";"Estados Unidos";"1629";"Fabricação de outros produtos de madeira; fabricação de artigos de cortiça, de espartaria e cestaria";"57703884"
"2007";"Estados Unidos";"2620";"Fabricação de computadores e equipamentos periféricos";"54802326"
"2007";"Estados Unidos";"3290";"Outras manufaturas n.c.";"50740212"
"2007";"Estados Unidos";"2790";"Fabricação de outro equipamento elétrico";"49904819"
"2007";"Estados Unidos";"3091";"Fabricação de motocicletas";"48288567"
"2007";"Estados Unidos";"0810";"Extração de pedra, areia e argila";"47053723"
"2007";"Estados Unidos";"3011";"Construção de navios e estruturas flutuantes";"46934125"
"2007";"Estados Unidos";"3250";"Fabricação de instrumentos e suprimentos médicos e odontológicos";"45466362"
"2007";"Estados Unidos";"0128";"Cultivo de especiarias, culturas aromáticas, medicamentosas e farmacêuticas";"44535065"
"2007";"Estados Unidos";"1399";"Fabricação de outros têxteis n.e.c.";"38811728"
"2007";"Estados Unidos";"2610";"Fabricação de componentes eletrônicos e placas";"36802496"
"2007";"Estados Unidos";"1394";"Fabricação de cordéis, cordas, cordéis e redes";"34147078"
"2007";"Estados Unidos";"2829";"Fabricação de outras máquinas para fins especiais";"34139714"
"2007";"Estados Unidos";"2822";"Fabricação de máquinas e máquinas-ferramentas para moldagem de metais";"30885828"
"2007";"Estados Unidos";"0113";"Cultivo de hortaliças e melões, raízes e tubérculos";"29435416"
"2007";"Estados Unidos";"2394";"Fabricação de cimento, cal e gesso";"29176503"
"2007";"Estados Unidos";"2823";"Fabricação de máquinas para metalurgia";"27305821"
"2007";"Estados Unidos";"1040";"Fabricação de óleos e gorduras vegetais e animais";"25695972"
"2007";"Estados Unidos";"2640";"Fabricação de produtos eletrônicos de consumo";"24336916"
"2007";"Estados Unidos";"2310";"Fabricação de produtos de vidro e vidro";"23461442"
"2007";"Estados Unidos";"0121";"Cultivo de uvas";"23236812"
"2007";"Estados Unidos";"2812";"Fabricação de equipamentos para energia hidráulica";"21524593"
"2007";"Estados Unidos";"0149";"Criação de outros animais";"19182399"
"2007";"Estados Unidos";"0311";"Pesca marinha";"18492586"
"2007";"Estados Unidos";"2750";"Fabricação de eletrodomésticos";"17626324"
"2007";"Estados Unidos";"2393";"Fabricação de outros produtos de porcelana e cerâmica";"14415218"
"2007";"Estados Unidos";"2391";"Fabricação de produtos refratários";"14384114"
"2007";"Estados Unidos";"2431";"Fundição de ferro e aço";"13953381"
"2007";"Estados Unidos";"0116";"Cultivo de culturas de fibra";"13480299"
"2007";"Estados Unidos";"2825";"Fabricação de máquinas para processamento de alimentos, bebidas e tabaco";"12829475"
"2007";"Estados Unidos";"1080";"Fabricação de alimentos para animais";"12700777"
"2007";"Estados Unidos";"2021";"Fabricação de pesticidas e outros produtos agroquímicos";"11498376"
"2007";"Estados Unidos";"2817";"Fabricação de máquinas e equipamentos de escritório (exceto computadores e equipamentos periféricos)";"10895028"
"2007";"Estados Unidos";"1311";"Preparação e fiação de fibras têxteis";"10683740"
"2007";"Estados Unidos";"5811";"Publicação de livros";"10142277"
"2007";"Estados Unidos";"1623";"Fabricação de embalagens de madeira";"9962171"
"2007";"Estados Unidos";"3240";"Fabricação de jogos e brinquedos";"9277425"
"2007";"Estados Unidos";"2826";"Fabricação de máquinas para produção de têxteis, vestuário e couro";"9151542"
"2007";"Estados Unidos";"2512";"Fabricação de tanques, reservatórios e recipientes de metal";"9119035"
"2007";"Estados Unidos";"1062";"Fabricação de amidos e féculas";"8895682"
"2007";"Estados Unidos";"1071";"Fabricação de produtos de panificação";"7580438"
"2007";"Estados Unidos";"5819";"Outras atividades de publicação";"7536338"
"2007";"Estados Unidos";"2660";"Fabricação de equipamentos de irradiação, eletromédicos e eletroterapêuticos";"7322591"
"2007";"Estados Unidos";"2023";"Fabricação de sabão e detergentes, produtos de limpeza e polimento, perfumes e produtos de toilette";"7290327"
"2007";"Estados Unidos";"1050";"Fabricação de produtos lácteos";"7006186"
"2007";"Estados Unidos";"3212";"Fabricação de bijuterias e artigos relacionados";"6518470"
"2007";"Estados Unidos";"2022";"Fabricação de tintas, vernizes e produtos similares, tintas de impressão e mástiques";"6191292"
"2007";"Estados Unidos";"1391";"Fabricação de tecidos de malha";"5749198"
"2007";"Estados Unidos";"0130";"Cultivo de plantas";"5653077"
"2007";"Estados Unidos";"2012";"Fabricação de fertilizantes e compostos nitrogenados";"5416393"
"2007";"Estados Unidos";"1702";"Fabricação de papel e cartão canelados e de embalagens de papel e cartão";"5311197"
"2007";"Estados Unidos";"2680";"Fabricação de mídia magnética e óptica";"5288087"
"2007";"Estados Unidos";"2815";"Fabricação de fornos, fornos e queimadores de fornos";"5123434"
"2007";"Estados Unidos";"3012";"Construção de barcos de recreio e desportivos";"4765593"
"2007";"Estados Unidos";"2816";"Fabricação de equipamentos de elevação e manuseio";"4453557"
"2007";"Estados Unidos";"0899";"Outras atividades de mineração n.c";"4448388"
"2007";"Estados Unidos";"0111";"Cultivo de cereais (exceto arroz), leguminosas e oleaginosas";"4408491"
"2007";"Estados Unidos";"2740";"Fabricação de equipamentos de iluminação elétrica";"4203549"
"2007";"Estados Unidos";"2030";"Fabricação de fibras sintéticas ou artificiais";"4129632"
"2007";"Estados Unidos";"2720";"Fabricação de baterias e acumuladores";"4023307"
"2007";"Estados Unidos";"2670";"Fabricação de instrumentos ópticos e equipamento fotográfico";"3827820"
"2007";"Estados Unidos";"1104";"Fabricação de refrigerantes; produção de águas minerais e outras águas engarrafadas";"3475596"
"2007";"Estados Unidos";"9000";"Atividades criativas, artes e entretenimento";"3091083"
"2007";"Estados Unidos";"3220";"Fabricação de instrumentos musicais";"3059037"
"2007";"Estados Unidos";"2818";"Fabricação de ferramentas manuais acionadas por motor";"2884536"
"2007";"Estados Unidos";"1430";"Fabricação de vestuário de malha";"2751023"
"2007";"Estados Unidos";"1101";"Fabricação de aguardentes e outras bebidas destiladas";"2663283"
"2007";"Estados Unidos";"1393";"Fabricação de tapetes e tapetes";"2494742"
"2007";"Estados Unidos";"0893";"Extração de sal";"2094346"
"2007";"Estados Unidos";"0115";"Cultivo de tabaco";"1978492"
"2007";"Estados Unidos";"1061";"Fabricação de produtos de moagem de grãos";"1966418"
"2007";"Estados Unidos";"3099";"Fabricação de outros equipamentos de transporte n.c";"1832486"
"2007";"Estados Unidos";"0119";"Cultivo de outras culturas não perenes";"1693867"
"2007";"Estados Unidos";"0142";"Criação de cavalos e outros equinos";"1678580"
"2007";"Estados Unidos";"2511";"Fabricação de produtos metálicos estruturais";"1643606"
"2007";"Estados Unidos";"0230";"Coleta de produtos florestais não madeireiros";"1559395"
"2007";"Estados Unidos";"1812";"Atividades de serviço relacionadas à impressão";"1490403"
"2007";"Estados Unidos";"3230";"Fabricação de artigos esportivos";"1206638"
"2007";"Estados Unidos";"1420";"Fabricação de artigos de peles";"1123000"
"2007";"Estados Unidos";"1103";"Fabricação de malte e bebidas maltadas.";"995119"
"2007";"Estados Unidos";"2920";"Fabricação de carroçarias para veículos automotores; fabricação de reboques e semi-reboques";"945165"
"2007";"Estados Unidos";"1102";"Fabricação de vinhos";"897236"
"2007";"Estados Unidos";"2731";"Fabricação de cabos de fibra ótica";"862052"
"2007";"Estados Unidos";"1074";"Fabricação de macarrão, talharim, cuscuz e produtos farináceos semelhantes";"722659"
"2007";"Estados Unidos";"5813";"Publicação de jornais, revistas e periódicos";"626578"
"2007";"Estados Unidos";"0220";"Exploração madeireira";"610890"
"2007";"Estados Unidos";"2395";"Fabricação de artigos de concreto, cimento e gesso";"567293"
"2007";"Estados Unidos";"2513";"Fabricação de geradores de vapor, exceto caldeiras de aquecimento central de água quente";"327157"
"2007";"Estados Unidos";"0124";"Cultivo de frutas pome e frutas de caroço";"321629"
"2007";"Estados Unidos";"3092";"Fabricação de bicicletas e carruagens inválidas";"313625"
"2007";"Estados Unidos";"2652";"Fabricação de cronomêtros e relógios";"218551"
"2007";"Estados Unidos";"0129";"Cultivo de outras culturas perenes";"137711"
"2007";"Estados Unidos";"0123";"Cultivo de frutas cítricas";"102346"
"2007";"Estados Unidos";"0126";"Cultivo de frutas oleaginosas";"91488"
"2007";"Estados Unidos";"5911";"Atividades de produção de filmes, vídeos e programas de televisão";"14652"
"2007";"Estados Unidos";"9102";"Atividades de museus e operação de locais históricos e edifícios";"12678"
"2007";"Estados Unidos";"5310";"Atividades postais";"11489"
"2007";"Estados Unidos";"0122";"Cultivo de frutas tropicais e subtropicais";"4193"
"2007";"Estados Unidos";"0146";"Criação de aves de capoeira";"2000"
"2007";"Estados Unidos";"0321";"Aquicultura marinha";"723"
"2007";"Estados Unidos";"0891";"Extração de minerais químicos e fertilizantes";"483"
"2007";"Estados Unidos";"1910";"Fabricação de produtos de forno de coque";"231"
"2007";"Estados Unidos";"0112";"Cultivo de arroz";"0"
"2006";"Estados Unidos";"2410";"Fabricação de ferro e aço básicos";"2791844424"
"2006";"Estados Unidos";"0610";"Extração de petróleo bruto";"1958332006"
"2006";"Estados Unidos";"2011";"Fabricação de produtos químicos básicos";"1525179201"
"2006";"Estados Unidos";"2420";"Fabricação de metais preciosos e outros metais não ferrosos";"1508546981"
"2006";"Estados Unidos";"2930";"Fabricação de peças e acessórios para veículos automotores";"1448582961"
"2006";"Estados Unidos";"3030";"Fabricação de aviões e máquinas relacionadas";"1419031983"
"2006";"Estados Unidos";"1520";"Fabricação de calçado";"856350423"
"2006";"Estados Unidos";"1610";"Serração e aplainamento de madeira";"706019768"
"2006";"Estados Unidos";"2824";"Fabricação de máquinas para mineração, exploração de pedreiras e construção";"704514909"
"2006";"Estados Unidos";"2910";"Fabricação de veículos automotores";"640356445"
"2006";"Estados Unidos";"2396";"Corte, moldagem e acabamento de pedra";"627730334"
"2006";"Estados Unidos";"1701";"Fabricação de polpa, papel e cartão";"599314096"
"2006";"Estados Unidos";"0127";"Cultivo de bebidas da safra";"543006460"
"2006";"Estados Unidos";"2710";"Fabricação de motores elétricos, geradores, transformadores e aparelhos de distribuição e controle de energia elétrica";"534071542"
"2006";"Estados Unidos";"2630";"Fabricação de equipamentos de comunicação";"510052723"
"2006";"Estados Unidos";"2813";"Fabricação de outras bombas, compressores, torneiras e válvulas";"459268396"
"2006";"Estados Unidos";"1920";"Fabricação de produtos petrolíferos refinados";"372149105"
"2006";"Estados Unidos";"1621";"Fabricação de folheados e painéis derivados de madeira";"361152584"
"2006";"Estados Unidos";"3100";"Fabricação de móveis";"297978717"
"2006";"Estados Unidos";"1622";"Fabricação de carpintaria e marcenaria de construtores";"297583925"
"2006";"Estados Unidos";"1010";"Processamento e conservação de carne";"286836073"
"2006";"Estados Unidos";"1030";"Processamento e conservação de frutas e legumes";"284260224"
"2006";"Estados Unidos";"2814";"Fabricação de rolamentos, engrenagens, engrenagens e elementos de acionamento";"265867953"
"2006";"Estados Unidos";"1200";"Fabricação de produtos de tabaco";"242057463"
"2006";"Estados Unidos";"2392";"Fabricação de materiais de construção de argila";"235095779"
"2006";"Estados Unidos";"2211";"Fabricação de pneus e tubos; recauchutagem e reconstrução de pneus de borracha";"218978221"
"2006";"Estados Unidos";"1511";"Curtimento e vestuário de couro";"206926280"
"2006";"Estados Unidos";"2599";"Fabricação de outros produtos metálicos fabricados n.c";"201715488"
"2006";"Estados Unidos";"2013";"Fabricação de plásticos e borracha sintética em formas primárias";"199816874"
"2006";"Estados Unidos";"1392";"Fabricação de artigos têxteis confeccionados, exceto vestuário";"187483878"
"2006";"Estados Unidos";"1073";"Fabricação de cacau, chocolate e produtos de confeitaria";"183070081"
"2006";"Estados Unidos";"0710";"Extração de minério de ferro";"175349716"
"2006";"Estados Unidos";"0125";"Cultivo de outras frutas e nozes";"146882149"
"2006";"Estados Unidos";"2029";"Fabricação de outros produtos químicos n.c";"142637253"
"2006";"Estados Unidos";"2811";"Fabricação de motores e turbinas, exceto aeronaves, veículos e motores de ciclo";"141461391"
"2006";"Estados Unidos";"2220";"Fabricação de produtos plásticos";"123443513"
"2006";"Estados Unidos";"2593";"Fabricação de cutelaria, ferramentas manuais e ferragens em geral";"111701638"
"2006";"Estados Unidos";"1020";"Processamento e conservação de peixes, crustáceos e moluscos";"110787181"
"2006";"Estados Unidos";"1079";"Fabricação de outros produtos alimentícios n.c";"109628771"
"2006";"Estados Unidos";"2399";"Fabricação de outros produtos minerais não metálicos n.c";"104725581"
"2006";"Estados Unidos";"1709";"Fabricação de outros artigos de papel e cartão";"102094472"
"2006";"Estados Unidos";"2819";"Fabricação de outras máquinas para uso geral";"100188297"
"2006";"Estados Unidos";"2732";"Fabricação de outros fios e cabos elétricos e eletrônicos";"94183120"
"2006";"Estados Unidos";"1629";"Fabricação de outros produtos de madeira; fabricação de artigos de cortiça, de espartaria e cestaria";"94053330"
"2006";"Estados Unidos";"3020";"Fabricação de locomotivas e material circulante";"91794213"
"2006";"Estados Unidos";"2829";"Fabricação de outras máquinas para fins especiais";"91633060"
"2006";"Estados Unidos";"1410";"Fabricação de vestuário, exceto vestuários de peles";"89385723"
"2006";"Estados Unidos";"1072";"Fabricação de açúcar";"89336562"
"2006";"Estados Unidos";"1512";"Fabricação de malas, bolsas e semelhantes, selaria e arreios";"85872105"
"2006";"Estados Unidos";"2651";"Fabricação de equipamentos de medição, teste, navegação e controle";"85442420"
"2006";"Estados Unidos";"0729";"Extração de outros minérios de metais não ferrosos";"84035683"
"2006";"Estados Unidos";"3211";"Fabricação de joalharia e artigos afins";"82198661"
"2006";"Estados Unidos";"2100";"Fabricação de produtos farmacêuticos, produtos químicos medicinais e botânicos";"77728800"
"2006";"Estados Unidos";"2520";"Fabricação de armas e munições";"76553993"
"2006";"Estados Unidos";"2821";"Fabricação de maquinaria agrícola e florestal";"74136810"
"2006";"Estados Unidos";"3091";"Fabricação de motocicletas";"69587921"
"2006";"Estados Unidos";"2640";"Fabricação de produtos eletrônicos de consumo";"63293040"
"2006";"Estados Unidos";"2219";"Fabricação de outros produtos de borracha";"63174822"
"2006";"Estados Unidos";"2620";"Fabricação de computadores e equipamentos periféricos";"57850246"
"2006";"Estados Unidos";"0810";"Extração de pedra, areia e argila";"53594533"
"2006";"Estados Unidos";"8999";"Não classificado";"53531742"
"2006";"Estados Unidos";"1312";"Tecelagem de têxteis";"51213061"
"2006";"Estados Unidos";"0128";"Cultivo de especiarias, culturas aromáticas, medicamentosas e farmacêuticas";"43298617"
"2006";"Estados Unidos";"2610";"Fabricação de componentes eletrônicos e placas";"41505229"
"2006";"Estados Unidos";"3290";"Outras manufaturas n.c.";"41166809"
"2006";"Estados Unidos";"2790";"Fabricação de outro equipamento elétrico";"41148737"
"2006";"Estados Unidos";"1394";"Fabricação de cordéis, cordas, cordéis e redes";"38782596"
"2006";"Estados Unidos";"1311";"Preparação e fiação de fibras têxteis";"37267936"
"2006";"Estados Unidos";"3250";"Fabricação de instrumentos e suprimentos médicos e odontológicos";"36811614"
"2006";"Estados Unidos";"2822";"Fabricação de máquinas e máquinas-ferramentas para moldagem de metais";"34308358"
"2006";"Estados Unidos";"1399";"Fabricação de outros têxteis n.e.c.";"28967149"
"2006";"Estados Unidos";"0121";"Cultivo de uvas";"27736281"
"2006";"Estados Unidos";"0113";"Cultivo de hortaliças e melões, raízes e tubérculos";"27298964"
"2006";"Estados Unidos";"2310";"Fabricação de produtos de vidro e vidro";"24062353"
"2006";"Estados Unidos";"2823";"Fabricação de máquinas para metalurgia";"23370194"
"2006";"Estados Unidos";"2825";"Fabricação de máquinas para processamento de alimentos, bebidas e tabaco";"20013626"
"2006";"Estados Unidos";"2750";"Fabricação de eletrodomésticos";"20010980"
"2006";"Estados Unidos";"0311";"Pesca marinha";"19263365"
"2006";"Estados Unidos";"2431";"Fundição de ferro e aço";"19108200"
"2006";"Estados Unidos";"1040";"Fabricação de óleos e gorduras vegetais e animais";"18457151"
"2006";"Estados Unidos";"0149";"Criação de outros animais";"17597769"
"2006";"Estados Unidos";"2812";"Fabricação de equipamentos para energia hidráulica";"16445316"
"2006";"Estados Unidos";"2393";"Fabricação de outros produtos de porcelana e cerâmica";"16422187"
"2006";"Estados Unidos";"2012";"Fabricação de fertilizantes e compostos nitrogenados";"14989137"
"2006";"Estados Unidos";"1623";"Fabricação de embalagens de madeira";"13888470"
"2006";"Estados Unidos";"2720";"Fabricação de baterias e acumuladores";"13651640"
"2006";"Estados Unidos";"2391";"Fabricação de produtos refratários";"12798772"
"2006";"Estados Unidos";"2394";"Fabricação de cimento, cal e gesso";"12054485"
"2006";"Estados Unidos";"2030";"Fabricação de fibras sintéticas ou artificiais";"11502431"
"2006";"Estados Unidos";"1071";"Fabricação de produtos de panificação";"11102092"
"2006";"Estados Unidos";"2826";"Fabricação de máquinas para produção de têxteis, vestuário e couro";"10677877"
"2006";"Estados Unidos";"2817";"Fabricação de máquinas e equipamentos de escritório (exceto computadores e equipamentos periféricos)";"10260192"
"2006";"Estados Unidos";"3240";"Fabricação de jogos e brinquedos";"9685575"
"2006";"Estados Unidos";"1050";"Fabricação de produtos lácteos";"9563171"
"2006";"Estados Unidos";"3012";"Construção de barcos de recreio e desportivos";"9543931"
"2006";"Estados Unidos";"5819";"Outras atividades de publicação";"9331190"
"2006";"Estados Unidos";"2023";"Fabricação de sabão e detergentes, produtos de limpeza e polimento, perfumes e produtos de toilette";"8952418"
"2006";"Estados Unidos";"2670";"Fabricação de instrumentos ópticos e equipamento fotográfico";"8879374"
"2006";"Estados Unidos";"9000";"Atividades criativas, artes e entretenimento";"8578316"
"2006";"Estados Unidos";"1391";"Fabricação de tecidos de malha";"8491204"
"2006";"Estados Unidos";"0116";"Cultivo de culturas de fibra";"8345648"
"2006";"Estados Unidos";"1080";"Fabricação de alimentos para animais";"7986607"
"2006";"Estados Unidos";"2680";"Fabricação de mídia magnética e óptica";"7787128"
"2006";"Estados Unidos";"2816";"Fabricação de equipamentos de elevação e manuseio";"7363230"
"2006";"Estados Unidos";"2021";"Fabricação de pesticidas e outros produtos agroquímicos";"6927472"
"2006";"Estados Unidos";"0899";"Outras atividades de mineração n.c";"6775664"
"2006";"Estados Unidos";"1062";"Fabricação de amidos e féculas";"6674896"
"2006";"Estados Unidos";"2511";"Fabricação de produtos metálicos estruturais";"6437907"
"2006";"Estados Unidos";"5811";"Publicação de livros";"6393222"
"2006";"Estados Unidos";"2395";"Fabricação de artigos de concreto, cimento e gesso";"5525039"
"2006";"Estados Unidos";"3212";"Fabricação de bijuterias e artigos relacionados";"5450787"
"2006";"Estados Unidos";"1430";"Fabricação de vestuário de malha";"5400746"
"2006";"Estados Unidos";"2022";"Fabricação de tintas, vernizes e produtos similares, tintas de impressão e mástiques";"5340546"
"2006";"Estados Unidos";"0111";"Cultivo de cereais (exceto arroz), leguminosas e oleaginosas";"5328714"
"2006";"Estados Unidos";"2740";"Fabricação de equipamentos de iluminação elétrica";"5043797"
"2006";"Estados Unidos";"2815";"Fabricação de fornos, fornos e queimadores de fornos";"4988114"
"2006";"Estados Unidos";"1702";"Fabricação de papel e cartão canelados e de embalagens de papel e cartão";"4828405"
"2006";"Estados Unidos";"2818";"Fabricação de ferramentas manuais acionadas por motor";"4461958"
"2006";"Estados Unidos";"0130";"Cultivo de plantas";"4191956"
"2006";"Estados Unidos";"2660";"Fabricação de equipamentos de irradiação, eletromédicos e eletroterapêuticos";"4152672"
"2006";"Estados Unidos";"3220";"Fabricação de instrumentos musicais";"4066381"
"2006";"Estados Unidos";"1104";"Fabricação de refrigerantes; produção de águas minerais e outras águas engarrafadas";"3864799"
"2006";"Estados Unidos";"0893";"Extração de sal";"3799915"
"2006";"Estados Unidos";"2512";"Fabricação de tanques, reservatórios e recipientes de metal";"3010306"
"2006";"Estados Unidos";"1393";"Fabricação de tapetes e tapetes";"2918616"
"2006";"Estados Unidos";"0119";"Cultivo de outras culturas não perenes";"2580737"
"2006";"Estados Unidos";"1101";"Fabricação de aguardentes e outras bebidas destiladas";"2269417"
"2006";"Estados Unidos";"2920";"Fabricação de carroçarias para veículos automotores; fabricação de reboques e semi-reboques";"1878600"
"2006";"Estados Unidos";"1061";"Fabricação de produtos de moagem de grãos";"1857499"
"2006";"Estados Unidos";"1103";"Fabricação de malte e bebidas maltadas.";"1799400"
"2006";"Estados Unidos";"2513";"Fabricação de geradores de vapor, exceto caldeiras de aquecimento central de água quente";"1690698"
"2006";"Estados Unidos";"0142";"Criação de cavalos e outros equinos";"1568092"
"2006";"Estados Unidos";"1420";"Fabricação de artigos de peles";"1479355"
"2006";"Estados Unidos";"1812";"Atividades de serviço relacionadas à impressão";"1334880"
"2006";"Estados Unidos";"0115";"Cultivo de tabaco";"967132"
"2006";"Estados Unidos";"0230";"Coleta de produtos florestais não madeireiros";"725286"
"2006";"Estados Unidos";"1074";"Fabricação de macarrão, talharim, cuscuz e produtos farináceos semelhantes";"702254"
"2006";"Estados Unidos";"3230";"Fabricação de artigos esportivos";"691223"
"2006";"Estados Unidos";"1102";"Fabricação de vinhos";"679761"
"2006";"Estados Unidos";"0220";"Exploração madeireira";"562299"
"2006";"Estados Unidos";"2731";"Fabricação de cabos de fibra ótica";"509522"
"2006";"Estados Unidos";"5813";"Publicação de jornais, revistas e periódicos";"458941"
"2006";"Estados Unidos";"3011";"Construção de navios e estruturas flutuantes";"248963"
"2006";"Estados Unidos";"3099";"Fabricação de outros equipamentos de transporte n.c";"186663"
"2006";"Estados Unidos";"0126";"Cultivo de frutas oleaginosas";"123430"
"2006";"Estados Unidos";"0122";"Cultivo de frutas tropicais e subtropicais";"79869"
"2006";"Estados Unidos";"2652";"Fabricação de cronomêtros e relógios";"67429"
"2006";"Estados Unidos";"0124";"Cultivo de frutas pome e frutas de caroço";"54876"
"2006";"Estados Unidos";"0129";"Cultivo de outras culturas perenes";"53745"
"2006";"Estados Unidos";"0123";"Cultivo de frutas cítricas";"41868"
"2006";"Estados Unidos";"9102";"Atividades de museus e operação de locais históricos e edifícios";"21081"
"2006";"Estados Unidos";"5310";"Atividades postais";"12525"
"2006";"Estados Unidos";"0891";"Extração de minerais químicos e fertilizantes";"10852"
"2006";"Estados Unidos";"3092";"Fabricação de bicicletas e carruagens inválidas";"3561"
"2006";"Estados Unidos";"0620";"Extração de gás natural";"10"
"2005";"Estados Unidos";"2410";"Fabricação de ferro e aço básicos";"2753683182"
"2005";"Estados Unidos";"3030";"Fabricação de aviões e máquinas relacionadas";"2139017105"
"2005";"Estados Unidos";"2930";"Fabricação de peças e acessórios para veículos automotores";"1301232034"
"2005";"Estados Unidos";"2420";"Fabricação de metais preciosos e outros metais não ferrosos";"1246044032"
"2005";"Estados Unidos";"1520";"Fabricação de calçado";"951508393"
"2005";"Estados Unidos";"2630";"Fabricação de equipamentos de comunicação";"822331746"
"2005";"Estados Unidos";"2011";"Fabricação de produtos químicos básicos";"819021437"
"2005";"Estados Unidos";"0610";"Extração de petróleo bruto";"667292338"
"2005";"Estados Unidos";"2824";"Fabricação de máquinas para mineração, exploração de pedreiras e construção";"664302792"
"2005";"Estados Unidos";"1610";"Serração e aplainamento de madeira";"618890767"
"2005";"Estados Unidos";"2910";"Fabricação de veículos automotores";"581712683"
"2005";"Estados Unidos";"1920";"Fabricação de produtos petrolíferos refinados";"561155383"
"2005";"Estados Unidos";"1621";"Fabricação de folheados e painéis derivados de madeira";"524882579"
"2005";"Estados Unidos";"1701";"Fabricação de polpa, papel e cartão";"521687526"
"2005";"Estados Unidos";"2813";"Fabricação de outras bombas, compressores, torneiras e válvulas";"469395114"
"2005";"Estados Unidos";"2396";"Corte, moldagem e acabamento de pedra";"456243104"
"2005";"Estados Unidos";"0127";"Cultivo de bebidas da safra";"447926363"
"2005";"Estados Unidos";"3100";"Fabricação de móveis";"391441623"
"2005";"Estados Unidos";"2710";"Fabricação de motores elétricos, geradores, transformadores e aparelhos de distribuição e controle de energia elétrica";"381993738"
"2005";"Estados Unidos";"2814";"Fabricação de rolamentos, engrenagens, engrenagens e elementos de acionamento";"255276372"
"2005";"Estados Unidos";"1392";"Fabricação de artigos têxteis confeccionados, exceto vestuário";"250351039"
"2005";"Estados Unidos";"1622";"Fabricação de carpintaria e marcenaria de construtores";"247178365"
"2005";"Estados Unidos";"2392";"Fabricação de materiais de construção de argila";"235032356"
"2005";"Estados Unidos";"1010";"Processamento e conservação de carne";"218487213"
"2005";"Estados Unidos";"2211";"Fabricação de pneus e tubos; recauchutagem e reconstrução de pneus de borracha";"217872951"
"2005";"Estados Unidos";"1030";"Processamento e conservação de frutas e legumes";"212783062"
"2005";"Estados Unidos";"2013";"Fabricação de plásticos e borracha sintética em formas primárias";"205412354"
"2005";"Estados Unidos";"2599";"Fabricação de outros produtos metálicos fabricados n.c";"194167592"
"2005";"Estados Unidos";"0710";"Extração de minério de ferro";"187260431"
"2005";"Estados Unidos";"1073";"Fabricação de cacau, chocolate e produtos de confeitaria";"182744142"
"2005";"Estados Unidos";"1200";"Fabricação de produtos de tabaco";"166466107"
"2005";"Estados Unidos";"1511";"Curtimento e vestuário de couro";"161132137"
"2005";"Estados Unidos";"0125";"Cultivo de outras frutas e nozes";"147915486"
"2005";"Estados Unidos";"2829";"Fabricação de outras máquinas para fins especiais";"132352073"
"2005";"Estados Unidos";"1072";"Fabricação de açúcar";"130932770"
"2005";"Estados Unidos";"2029";"Fabricação de outros produtos químicos n.c";"125667253"
"2005";"Estados Unidos";"2821";"Fabricação de maquinaria agrícola e florestal";"125555341"
"2005";"Estados Unidos";"1410";"Fabricação de vestuário, exceto vestuários de peles";"119580100"
"2005";"Estados Unidos";"0729";"Extração de outros minérios de metais não ferrosos";"118154872"
"2005";"Estados Unidos";"1020";"Processamento e conservação de peixes, crustáceos e moluscos";"112218296"
"2005";"Estados Unidos";"2651";"Fabricação de equipamentos de medição, teste, navegação e controle";"111288904"
"2005";"Estados Unidos";"2811";"Fabricação de motores e turbinas, exceto aeronaves, veículos e motores de ciclo";"110319877"
"2005";"Estados Unidos";"2593";"Fabricação de cutelaria, ferramentas manuais e ferragens em geral";"106756620"
"2005";"Estados Unidos";"2220";"Fabricação de produtos plásticos";"106147862"
"2005";"Estados Unidos";"1512";"Fabricação de malas, bolsas e semelhantes, selaria e arreios";"95466447"
"2005";"Estados Unidos";"2399";"Fabricação de outros produtos minerais não metálicos n.c";"93652334"
"2005";"Estados Unidos";"2819";"Fabricação de outras máquinas para uso geral";"93397307"
"2005";"Estados Unidos";"1629";"Fabricação de outros produtos de madeira; fabricação de artigos de cortiça, de espartaria e cestaria";"92429037"
"2005";"Estados Unidos";"1079";"Fabricação de outros produtos alimentícios n.c";"90644244"
"2005";"Estados Unidos";"3091";"Fabricação de motocicletas";"83940508"
"2005";"Estados Unidos";"2100";"Fabricação de produtos farmacêuticos, produtos químicos medicinais e botânicos";"76125009"
"2005";"Estados Unidos";"3211";"Fabricação de joalharia e artigos afins";"69393770"
"2005";"Estados Unidos";"2620";"Fabricação de computadores e equipamentos periféricos";"66774286"
"2005";"Estados Unidos";"2640";"Fabricação de produtos eletrônicos de consumo";"64036759"
"2005";"Estados Unidos";"2219";"Fabricação de outros produtos de borracha";"63664190"
"2005";"Estados Unidos";"3020";"Fabricação de locomotivas e material circulante";"56311756"
"2005";"Estados Unidos";"2732";"Fabricação de outros fios e cabos elétricos e eletrônicos";"56225817"
"2005";"Estados Unidos";"2822";"Fabricação de máquinas e máquinas-ferramentas para moldagem de metais";"54848537"
"2005";"Estados Unidos";"8999";"Não classificado";"53142010"
"2005";"Estados Unidos";"2520";"Fabricação de armas e munições";"52167016"
"2005";"Estados Unidos";"1709";"Fabricação de outros artigos de papel e cartão";"51067713"
"2005";"Estados Unidos";"2610";"Fabricação de componentes eletrônicos e placas";"50608720"
"2005";"Estados Unidos";"2790";"Fabricação de outro equipamento elétrico";"48629000"
"2005";"Estados Unidos";"3250";"Fabricação de instrumentos e suprimentos médicos e odontológicos";"35893006"
"2005";"Estados Unidos";"0810";"Extração de pedra, areia e argila";"35173288"
"2005";"Estados Unidos";"3290";"Outras manufaturas n.c.";"35122208"
"2005";"Estados Unidos";"0128";"Cultivo de especiarias, culturas aromáticas, medicamentosas e farmacêuticas";"32573183"
"2005";"Estados Unidos";"2310";"Fabricação de produtos de vidro e vidro";"31990315"
"2005";"Estados Unidos";"1399";"Fabricação de outros têxteis n.e.c.";"30806567"
"2005";"Estados Unidos";"1394";"Fabricação de cordéis, cordas, cordéis e redes";"30626614"
"2005";"Estados Unidos";"1040";"Fabricação de óleos e gorduras vegetais e animais";"29798672"
"2005";"Estados Unidos";"2720";"Fabricação de baterias e acumuladores";"29071835"
"2005";"Estados Unidos";"2750";"Fabricação de eletrodomésticos";"24637857"
"2005";"Estados Unidos";"1312";"Tecelagem de têxteis";"23955167"
"2005";"Estados Unidos";"0113";"Cultivo de hortaliças e melões, raízes e tubérculos";"23590631"
"2005";"Estados Unidos";"0311";"Pesca marinha";"23575638"
"2005";"Estados Unidos";"1311";"Preparação e fiação de fibras têxteis";"21222620"
"2005";"Estados Unidos";"1071";"Fabricação de produtos de panificação";"17821243"
"2005";"Estados Unidos";"0116";"Cultivo de culturas de fibra";"17517515"
"2005";"Estados Unidos";"2825";"Fabricação de máquinas para processamento de alimentos, bebidas e tabaco";"17134993"
"2005";"Estados Unidos";"2823";"Fabricação de máquinas para metalurgia";"17090936"
"2005";"Estados Unidos";"2431";"Fundição de ferro e aço";"16582277"
"2005";"Estados Unidos";"2393";"Fabricação de outros produtos de porcelana e cerâmica";"15207617"
"2005";"Estados Unidos";"2817";"Fabricação de máquinas e equipamentos de escritório (exceto computadores e equipamentos periféricos)";"14324592"
"2005";"Estados Unidos";"0121";"Cultivo de uvas";"12989605"
"2005";"Estados Unidos";"1050";"Fabricação de produtos lácteos";"12745253"
"2005";"Estados Unidos";"2394";"Fabricação de cimento, cal e gesso";"11940608"
"2005";"Estados Unidos";"2511";"Fabricação de produtos metálicos estruturais";"11929421"
"2005";"Estados Unidos";"2818";"Fabricação de ferramentas manuais acionadas por motor";"11855766"
"2005";"Estados Unidos";"2816";"Fabricação de equipamentos de elevação e manuseio";"10962784"
"2005";"Estados Unidos";"1623";"Fabricação de embalagens de madeira";"10308914"
"2005";"Estados Unidos";"2391";"Fabricação de produtos refratários";"10286250"
"2005";"Estados Unidos";"2021";"Fabricação de pesticidas e outros produtos agroquímicos";"9661714"
"2005";"Estados Unidos";"2023";"Fabricação de sabão e detergentes, produtos de limpeza e polimento, perfumes e produtos de toilette";"9357832"
"2005";"Estados Unidos";"2812";"Fabricação de equipamentos para energia hidráulica";"9357307"
"2005";"Estados Unidos";"3240";"Fabricação de jogos e brinquedos";"9312885"
"2005";"Estados Unidos";"2012";"Fabricação de fertilizantes e compostos nitrogenados";"9253367"
"2005";"Estados Unidos";"1430";"Fabricação de vestuário de malha";"8932948"
"2005";"Estados Unidos";"2826";"Fabricação de máquinas para produção de têxteis, vestuário e couro";"8637620"
"2005";"Estados Unidos";"3012";"Construção de barcos de recreio e desportivos";"7817077"
"2005";"Estados Unidos";"1391";"Fabricação de tecidos de malha";"7514042"
"2005";"Estados Unidos";"0111";"Cultivo de cereais (exceto arroz), leguminosas e oleaginosas";"7219338"
"2005";"Estados Unidos";"2740";"Fabricação de equipamentos de iluminação elétrica";"6637247"
"2005";"Estados Unidos";"0899";"Outras atividades de mineração n.c";"6603215"
"2005";"Estados Unidos";"2680";"Fabricação de mídia magnética e óptica";"6445895"
"2005";"Estados Unidos";"1702";"Fabricação de papel e cartão canelados e de embalagens de papel e cartão";"5976738"
"2005";"Estados Unidos";"2660";"Fabricação de equipamentos de irradiação, eletromédicos e eletroterapêuticos";"5885707"
"2005";"Estados Unidos";"5811";"Publicação de livros";"5568464"
"2005";"Estados Unidos";"5819";"Outras atividades de publicação";"5386336"
"2005";"Estados Unidos";"1103";"Fabricação de malte e bebidas maltadas.";"5276600"
"2005";"Estados Unidos";"0893";"Extração de sal";"5062336"
"2005";"Estados Unidos";"0149";"Criação de outros animais";"4881893"
"2005";"Estados Unidos";"1062";"Fabricação de amidos e féculas";"4409175"
"2005";"Estados Unidos";"2022";"Fabricação de tintas, vernizes e produtos similares, tintas de impressão e mástiques";"4221646"
"2005";"Estados Unidos";"2030";"Fabricação de fibras sintéticas ou artificiais";"4041094"
"2005";"Estados Unidos";"1080";"Fabricação de alimentos para animais";"4000432"
"2005";"Estados Unidos";"0119";"Cultivo de outras culturas não perenes";"3753146"
"2005";"Estados Unidos";"3220";"Fabricação de instrumentos musicais";"3666204"
"2005";"Estados Unidos";"3212";"Fabricação de bijuterias e artigos relacionados";"3638349"
"2005";"Estados Unidos";"2815";"Fabricação de fornos, fornos e queimadores de fornos";"3526758"
"2005";"Estados Unidos";"0115";"Cultivo de tabaco";"3379514"
"2005";"Estados Unidos";"1393";"Fabricação de tapetes e tapetes";"3238679"
"2005";"Estados Unidos";"2670";"Fabricação de instrumentos ópticos e equipamento fotográfico";"3115464"
"2005";"Estados Unidos";"2512";"Fabricação de tanques, reservatórios e recipientes de metal";"2893078"
"2005";"Estados Unidos";"1104";"Fabricação de refrigerantes; produção de águas minerais e outras águas engarrafadas";"2869714"
"2005";"Estados Unidos";"2513";"Fabricação de geradores de vapor, exceto caldeiras de aquecimento central de água quente";"2755330"
"2005";"Estados Unidos";"0130";"Cultivo de plantas";"2653201"
"2005";"Estados Unidos";"0220";"Exploração madeireira";"2169040"
"2005";"Estados Unidos";"1101";"Fabricação de aguardentes e outras bebidas destiladas";"1704730"
"2005";"Estados Unidos";"9000";"Atividades criativas, artes e entretenimento";"1674777"
"2005";"Estados Unidos";"2395";"Fabricação de artigos de concreto, cimento e gesso";"1250127"
"2005";"Estados Unidos";"0142";"Criação de cavalos e outros equinos";"1037198"
"2005";"Estados Unidos";"1061";"Fabricação de produtos de moagem de grãos";"1021200"
"2005";"Estados Unidos";"1420";"Fabricação de artigos de peles";"1019468"
"2005";"Estados Unidos";"2920";"Fabricação de carroçarias para veículos automotores; fabricação de reboques e semi-reboques";"842311"
"2005";"Estados Unidos";"1812";"Atividades de serviço relacionadas à impressão";"837622"
"2005";"Estados Unidos";"1074";"Fabricação de macarrão, talharim, cuscuz e produtos farináceos semelhantes";"752706"
"2005";"Estados Unidos";"0230";"Coleta de produtos florestais não madeireiros";"727699"
"2005";"Estados Unidos";"1102";"Fabricação de vinhos";"705542"
"2005";"Estados Unidos";"3230";"Fabricação de artigos esportivos";"688630"
"2005";"Estados Unidos";"5813";"Publicação de jornais, revistas e periódicos";"474371"
"2005";"Estados Unidos";"2731";"Fabricação de cabos de fibra ótica";"374917"
"2005";"Estados Unidos";"2652";"Fabricação de cronomêtros e relógios";"317974"
"2005";"Estados Unidos";"0124";"Cultivo de frutas pome e frutas de caroço";"195958"
"2005";"Estados Unidos";"3099";"Fabricação de outros equipamentos de transporte n.c";"139519"
"2005";"Estados Unidos";"0126";"Cultivo de frutas oleaginosas";"99759"
"2005";"Estados Unidos";"0146";"Criação de aves de capoeira";"89320"
"2005";"Estados Unidos";"0129";"Cultivo de outras culturas perenes";"81257"
"2005";"Estados Unidos";"0123";"Cultivo de frutas cítricas";"68913"
"2005";"Estados Unidos";"0122";"Cultivo de frutas tropicais e subtropicais";"66733"
"2005";"Estados Unidos";"3092";"Fabricação de bicicletas e carruagens inválidas";"55022"
"2005";"Estados Unidos";"3011";"Construção de navios e estruturas flutuantes";"48553"
"2005";"Estados Unidos";"0891";"Extração de minerais químicos e fertilizantes";"37169"
"2005";"Estados Unidos";"9102";"Atividades de museus e operação de locais históricos e edifícios";"14915"
"2005";"Estados Unidos";"5310";"Atividades postais";"8975"
"2005";"Estados Unidos";"5911";"Atividades de produção de filmes, vídeos e programas de televisão";"6230"
"2005";"Estados Unidos";"7420";"Atividades fotográficas";"489"
"2005";"Estados Unidos";"0620";"Extração de gás natural";"200"
"2005";"Estados Unidos";"0321";"Aquicultura marinha";"24"
"2004";"Estados Unidos";"3030";"Fabricação de aviões e máquinas relacionadas";"2475620074"
"2004";"Estados Unidos";"2410";"Fabricação de ferro e aço básicos";"2250233821"
"2004";"Estados Unidos";"2420";"Fabricação de metais preciosos e outros metais não ferrosos";"1176708291"
"2004";"Estados Unidos";"2930";"Fabricação de peças e acessórios para veículos automotores";"1095000404"
"2004";"Estados Unidos";"1520";"Fabricação de calçado";"1026215075"
"2004";"Estados Unidos";"1920";"Fabricação de produtos petrolíferos refinados";"911739003"
"2004";"Estados Unidos";"2011";"Fabricação de produtos químicos básicos";"614043485"
"2004";"Estados Unidos";"1610";"Serração e aplainamento de madeira";"486612617"
"2004";"Estados Unidos";"2824";"Fabricação de máquinas para mineração, exploração de pedreiras e construção";"475643283"
"2004";"Estados Unidos";"1621";"Fabricação de folheados e painéis derivados de madeira";"475628454"
"2004";"Estados Unidos";"1701";"Fabricação de polpa, papel e cartão";"474390214"
"2004";"Estados Unidos";"2813";"Fabricação de outras bombas, compressores, torneiras e válvulas";"429090915"
"2004";"Estados Unidos";"2910";"Fabricação de veículos automotores";"407214764"
"2004";"Estados Unidos";"3100";"Fabricação de móveis";"371076266"
"2004";"Estados Unidos";"2630";"Fabricação de equipamentos de comunicação";"341417404"
"2004";"Estados Unidos";"2396";"Corte, moldagem e acabamento de pedra";"333610951"
"2004";"Estados Unidos";"0610";"Extração de petróleo bruto";"329983939"
"2004";"Estados Unidos";"0127";"Cultivo de bebidas da safra";"314932530"
"2004";"Estados Unidos";"1622";"Fabricação de carpintaria e marcenaria de construtores";"285620379"
"2004";"Estados Unidos";"1392";"Fabricação de artigos têxteis confeccionados, exceto vestuário";"229370812"
"2004";"Estados Unidos";"2710";"Fabricação de motores elétricos, geradores, transformadores e aparelhos de distribuição e controle de energia elétrica";"217971939"
"2004";"Estados Unidos";"2814";"Fabricação de rolamentos, engrenagens, engrenagens e elementos de acionamento";"210626542"
"2004";"Estados Unidos";"1629";"Fabricação de outros produtos de madeira; fabricação de artigos de cortiça, de espartaria e cestaria";"205366969"
"2004";"Estados Unidos";"1010";"Processamento e conservação de carne";"200883288"
"2004";"Estados Unidos";"2392";"Fabricação de materiais de construção de argila";"196763177"
"2004";"Estados Unidos";"1200";"Fabricação de produtos de tabaco";"195844164"
"2004";"Estados Unidos";"2211";"Fabricação de pneus e tubos; recauchutagem e reconstrução de pneus de borracha";"176223962"
"2004";"Estados Unidos";"2599";"Fabricação de outros produtos metálicos fabricados n.c";"158813065"
"2004";"Estados Unidos";"1073";"Fabricação de cacau, chocolate e produtos de confeitaria";"158605319"
"2004";"Estados Unidos";"1030";"Processamento e conservação de frutas e legumes";"155560826"
"2004";"Estados Unidos";"0125";"Cultivo de outras frutas e nozes";"152633924"
"2004";"Estados Unidos";"2640";"Fabricação de produtos eletrônicos de consumo";"151489317"
"2004";"Estados Unidos";"1020";"Processamento e conservação de peixes, crustáceos e moluscos";"139513696"
"2004";"Estados Unidos";"0710";"Extração de minério de ferro";"136383906"
"2004";"Estados Unidos";"1040";"Fabricação de óleos e gorduras vegetais e animais";"124647621"
"2004";"Estados Unidos";"1410";"Fabricação de vestuário, exceto vestuários de peles";"120809027"
"2004";"Estados Unidos";"1511";"Curtimento e vestuário de couro";"118450070"
"2004";"Estados Unidos";"2029";"Fabricação de outros produtos químicos n.c";"115559522"
"2004";"Estados Unidos";"2013";"Fabricação de plásticos e borracha sintética em formas primárias";"102699807"
"2004";"Estados Unidos";"1512";"Fabricação de malas, bolsas e semelhantes, selaria e arreios";"95758560"
"2004";"Estados Unidos";"2821";"Fabricação de maquinaria agrícola e florestal";"95310395"
"2004";"Estados Unidos";"2220";"Fabricação de produtos plásticos";"89611517"
"2004";"Estados Unidos";"2593";"Fabricação de cutelaria, ferramentas manuais e ferragens em geral";"88541270"
"2004";"Estados Unidos";"0729";"Extração de outros minérios de metais não ferrosos";"82756433"
"2004";"Estados Unidos";"2399";"Fabricação de outros produtos minerais não metálicos n.c";"82695494"
"2004";"Estados Unidos";"2819";"Fabricação de outras máquinas para uso geral";"81722156"
"2004";"Estados Unidos";"2610";"Fabricação de componentes eletrônicos e placas";"78030819"
"2004";"Estados Unidos";"2651";"Fabricação de equipamentos de medição, teste, navegação e controle";"76105676"
"2004";"Estados Unidos";"3091";"Fabricação de motocicletas";"74030124"
"2004";"Estados Unidos";"0111";"Cultivo de cereais (exceto arroz), leguminosas e oleaginosas";"72903022"
"2004";"Estados Unidos";"2829";"Fabricação de outras máquinas para fins especiais";"71256408"
"2004";"Estados Unidos";"1072";"Fabricação de açúcar";"62624791"
"2004";"Estados Unidos";"1079";"Fabricação de outros produtos alimentícios n.c";"61671379"
"2004";"Estados Unidos";"1709";"Fabricação de outros artigos de papel e cartão";"60461414"
"2004";"Estados Unidos";"2620";"Fabricação de computadores e equipamentos periféricos";"60270808"
"2004";"Estados Unidos";"2219";"Fabricação de outros produtos de borracha";"55232168"
"2004";"Estados Unidos";"2520";"Fabricação de armas e munições";"54968361"
"2004";"Estados Unidos";"2822";"Fabricação de máquinas e máquinas-ferramentas para moldagem de metais";"52452611"
"2004";"Estados Unidos";"3211";"Fabricação de joalharia e artigos afins";"50585695"
"2004";"Estados Unidos";"2790";"Fabricação de outro equipamento elétrico";"44859610"
"2004";"Estados Unidos";"2310";"Fabricação de produtos de vidro e vidro";"43885672"
"2004";"Estados Unidos";"2732";"Fabricação de outros fios e cabos elétricos e eletrônicos";"43841005"
"2004";"Estados Unidos";"8999";"Não classificado";"41649339"
"2004";"Estados Unidos";"2750";"Fabricação de eletrodomésticos";"37883332"
"2004";"Estados Unidos";"0810";"Extração de pedra, areia e argila";"36832870"
"2004";"Estados Unidos";"0128";"Cultivo de especiarias, culturas aromáticas, medicamentosas e farmacêuticas";"35091369"
"2004";"Estados Unidos";"3290";"Outras manufaturas n.c.";"34198281"
"2004";"Estados Unidos";"2100";"Fabricação de produtos farmacêuticos, produtos químicos medicinais e botânicos";"33795355"
"2004";"Estados Unidos";"1311";"Preparação e fiação de fibras têxteis";"32102504"
"2004";"Estados Unidos";"1394";"Fabricação de cordéis, cordas, cordéis e redes";"31315974"
"2004";"Estados Unidos";"0311";"Pesca marinha";"30546387"
"2004";"Estados Unidos";"3020";"Fabricação de locomotivas e material circulante";"30189750"
"2004";"Estados Unidos";"2811";"Fabricação de motores e turbinas, exceto aeronaves, veículos e motores de ciclo";"27281373"
"2004";"Estados Unidos";"2720";"Fabricação de baterias e acumuladores";"26108152"
"2004";"Estados Unidos";"3250";"Fabricação de instrumentos e suprimentos médicos e odontológicos";"26097220"
"2004";"Estados Unidos";"1399";"Fabricação de outros têxteis n.e.c.";"25916531"
"2004";"Estados Unidos";"1312";"Tecelagem de têxteis";"23502284"
"2004";"Estados Unidos";"2431";"Fundição de ferro e aço";"20496808"
"2004";"Estados Unidos";"0113";"Cultivo de hortaliças e melões, raízes e tubérculos";"20316926"
"2004";"Estados Unidos";"1071";"Fabricação de produtos de panificação";"19406899"
"2004";"Estados Unidos";"2818";"Fabricação de ferramentas manuais acionadas por motor";"15620141"
"2004";"Estados Unidos";"2012";"Fabricação de fertilizantes e compostos nitrogenados";"15453103"
"2004";"Estados Unidos";"2030";"Fabricação de fibras sintéticas ou artificiais";"14931840"
"2004";"Estados Unidos";"2826";"Fabricação de máquinas para produção de têxteis, vestuário e couro";"14203704"
"2004";"Estados Unidos";"2021";"Fabricação de pesticidas e outros produtos agroquímicos";"13759226"
"2004";"Estados Unidos";"2393";"Fabricação de outros produtos de porcelana e cerâmica";"13648806"
"2004";"Estados Unidos";"1430";"Fabricação de vestuário de malha";"12925493"
"2004";"Estados Unidos";"0899";"Outras atividades de mineração n.c";"12255310"
"2004";"Estados Unidos";"2816";"Fabricação de equipamentos de elevação e manuseio";"11753076"
"2004";"Estados Unidos";"2825";"Fabricação de máquinas para processamento de alimentos, bebidas e tabaco";"11692011"
"2004";"Estados Unidos";"2823";"Fabricação de máquinas para metalurgia";"11628602"
"2004";"Estados Unidos";"3240";"Fabricação de jogos e brinquedos";"11067044"
"2004";"Estados Unidos";"2023";"Fabricação de sabão e detergentes, produtos de limpeza e polimento, perfumes e produtos de toilette";"9538159"
"2004";"Estados Unidos";"2817";"Fabricação de máquinas e equipamentos de escritório (exceto computadores e equipamentos periféricos)";"9270984"
"2004";"Estados Unidos";"1623";"Fabricação de embalagens de madeira";"9250217"
"2004";"Estados Unidos";"1391";"Fabricação de tecidos de malha";"9187612"
"2004";"Estados Unidos";"2394";"Fabricação de cimento, cal e gesso";"9061333"
"2004";"Estados Unidos";"2391";"Fabricação de produtos refratários";"8622895"
"2004";"Estados Unidos";"2740";"Fabricação de equipamentos de iluminação elétrica";"8432057"
"2004";"Estados Unidos";"5811";"Publicação de livros";"8112198"
"2004";"Estados Unidos";"1050";"Fabricação de produtos lácteos";"7952375"
"2004";"Estados Unidos";"0149";"Criação de outros animais";"6974358"
"2004";"Estados Unidos";"1702";"Fabricação de papel e cartão canelados e de embalagens de papel e cartão";"6562137"
"2004";"Estados Unidos";"2812";"Fabricação de equipamentos para energia hidráulica";"6281947"
"2004";"Estados Unidos";"3011";"Construção de navios e estruturas flutuantes";"6281929"
"2004";"Estados Unidos";"0115";"Cultivo de tabaco";"5526164"
"2004";"Estados Unidos";"2660";"Fabricação de equipamentos de irradiação, eletromédicos e eletroterapêuticos";"4864868"
"2004";"Estados Unidos";"1062";"Fabricação de amidos e féculas";"4530807"
"2004";"Estados Unidos";"3012";"Construção de barcos de recreio e desportivos";"4247872"
"2004";"Estados Unidos";"0116";"Cultivo de culturas de fibra";"4235864"
"2004";"Estados Unidos";"2022";"Fabricação de tintas, vernizes e produtos similares, tintas de impressão e mástiques";"4171567"
"2004";"Estados Unidos";"0121";"Cultivo de uvas";"3906535"
"2004";"Estados Unidos";"1104";"Fabricação de refrigerantes; produção de águas minerais e outras águas engarrafadas";"3596719"
"2004";"Estados Unidos";"9000";"Atividades criativas, artes e entretenimento";"3589801"
"2004";"Estados Unidos";"5819";"Outras atividades de publicação";"3460499"
"2004";"Estados Unidos";"2511";"Fabricação de produtos metálicos estruturais";"3370914"
"2004";"Estados Unidos";"2680";"Fabricação de mídia magnética e óptica";"3039154"
"2004";"Estados Unidos";"2512";"Fabricação de tanques, reservatórios e recipientes de metal";"2989655"
"2004";"Estados Unidos";"0119";"Cultivo de outras culturas não perenes";"2918898"
"2004";"Estados Unidos";"2670";"Fabricação de instrumentos ópticos e equipamento fotográfico";"2858910"
"2004";"Estados Unidos";"3220";"Fabricação de instrumentos musicais";"2684590"
"2004";"Estados Unidos";"0220";"Exploração madeireira";"2234362"
"2004";"Estados Unidos";"1393";"Fabricação de tapetes e tapetes";"2045614"
"2004";"Estados Unidos";"0893";"Extração de sal";"1722349"
"2004";"Estados Unidos";"0130";"Cultivo de plantas";"1678298"
"2004";"Estados Unidos";"1080";"Fabricação de alimentos para animais";"1645305"
"2004";"Estados Unidos";"2815";"Fabricação de fornos, fornos e queimadores de fornos";"1499642"
"2004";"Estados Unidos";"1101";"Fabricação de aguardentes e outras bebidas destiladas";"1414611"
"2004";"Estados Unidos";"2513";"Fabricação de geradores de vapor, exceto caldeiras de aquecimento central de água quente";"954890"
"2004";"Estados Unidos";"1061";"Fabricação de produtos de moagem de grãos";"887456"
"2004";"Estados Unidos";"0124";"Cultivo de frutas pome e frutas de caroço";"870095"
"2004";"Estados Unidos";"0142";"Criação de cavalos e outros equinos";"804000"
"2004";"Estados Unidos";"2920";"Fabricação de carroçarias para veículos automotores; fabricação de reboques e semi-reboques";"741101"
"2004";"Estados Unidos";"0230";"Coleta de produtos florestais não madeireiros";"705720"
"2004";"Estados Unidos";"2395";"Fabricação de artigos de concreto, cimento e gesso";"687014"
"2004";"Estados Unidos";"3230";"Fabricação de artigos esportivos";"573003"
"2004";"Estados Unidos";"1812";"Atividades de serviço relacionadas à impressão";"516128"
"2004";"Estados Unidos";"1420";"Fabricação de artigos de peles";"502068"
"2004";"Estados Unidos";"3212";"Fabricação de bijuterias e artigos relacionados";"486125"
"2004";"Estados Unidos";"1074";"Fabricação de macarrão, talharim, cuscuz e produtos farináceos semelhantes";"463845"
"2004";"Estados Unidos";"2731";"Fabricação de cabos de fibra ótica";"419137"
"2004";"Estados Unidos";"2652";"Fabricação de cronomêtros e relógios";"377560"
"2004";"Estados Unidos";"1103";"Fabricação de malte e bebidas maltadas.";"352078"
"2004";"Estados Unidos";"1102";"Fabricação de vinhos";"317091"
"2004";"Estados Unidos";"0123";"Cultivo de frutas cítricas";"283819"
"2004";"Estados Unidos";"5813";"Publicação de jornais, revistas e periódicos";"267297"
"2004";"Estados Unidos";"0321";"Aquicultura marinha";"221298"
"2004";"Estados Unidos";"3099";"Fabricação de outros equipamentos de transporte n.c";"140080"
"2004";"Estados Unidos";"0891";"Extração de minerais químicos e fertilizantes";"134505"
"2004";"Estados Unidos";"0126";"Cultivo de frutas oleaginosas";"65733"
"2004";"Estados Unidos";"5310";"Atividades postais";"8968"
"2004";"Estados Unidos";"0122";"Cultivo de frutas tropicais e subtropicais";"8691"
"2004";"Estados Unidos";"3092";"Fabricação de bicicletas e carruagens inválidas";"2891"
"2004";"Estados Unidos";"0129";"Cultivo de outras culturas perenes";"2473"
"2004";"Estados Unidos";"7420";"Atividades fotográficas";"1145"
"2004";"Estados Unidos";"3830";"Recuperação de Materiais";"101"
"2003";"Estados Unidos";"3030";"Fabricação de aviões e máquinas relacionadas";"1788290438"
"2003";"Estados Unidos";"1920";"Fabricação de produtos petrolíferos refinados";"1245716363"
"2003";"Estados Unidos";"2410";"Fabricação de ferro e aço básicos";"1053179528"
"2003";"Estados Unidos";"1520";"Fabricação de calçado";"996550575"
"2003";"Estados Unidos";"2630";"Fabricação de equipamentos de comunicação";"972581474"
"2003";"Estados Unidos";"2910";"Fabricação de veículos automotores";"829415108"
"2003";"Estados Unidos";"2930";"Fabricação de peças e acessórios para veículos automotores";"809858203"
"2003";"Estados Unidos";"2420";"Fabricação de metais preciosos e outros metais não ferrosos";"644677420"
"2003";"Estados Unidos";"1701";"Fabricação de polpa, papel e cartão";"540796199"
"2003";"Estados Unidos";"2011";"Fabricação de produtos químicos básicos";"437828363"
"2003";"Estados Unidos";"2813";"Fabricação de outras bombas, compressores, torneiras e válvulas";"379811785"
"2003";"Estados Unidos";"0610";"Extração de petróleo bruto";"348191333"
"2003";"Estados Unidos";"1610";"Serração e aplainamento de madeira";"303699063"
"2003";"Estados Unidos";"1621";"Fabricação de folheados e painéis derivados de madeira";"302898002"
"2003";"Estados Unidos";"3100";"Fabricação de móveis";"264613160"
"2003";"Estados Unidos";"0127";"Cultivo de bebidas da safra";"256701460"
"2003";"Estados Unidos";"2710";"Fabricação de motores elétricos, geradores, transformadores e aparelhos de distribuição e controle de energia elétrica";"225404411"
"2003";"Estados Unidos";"2824";"Fabricação de máquinas para mineração, exploração de pedreiras e construção";"221029017"
"2003";"Estados Unidos";"2396";"Corte, moldagem e acabamento de pedra";"216728919"
"2003";"Estados Unidos";"1030";"Processamento e conservação de frutas e legumes";"215022713"
"2003";"Estados Unidos";"1392";"Fabricação de artigos têxteis confeccionados, exceto vestuário";"208330238"
"2003";"Estados Unidos";"1200";"Fabricação de produtos de tabaco";"194232220"
"2003";"Estados Unidos";"2640";"Fabricação de produtos eletrônicos de consumo";"183807602"
"2003";"Estados Unidos";"1020";"Processamento e conservação de peixes, crustáceos e moluscos";"169645162"
"2003";"Estados Unidos";"1010";"Processamento e conservação de carne";"156887933"
"2003";"Estados Unidos";"2211";"Fabricação de pneus e tubos; recauchutagem e reconstrução de pneus de borracha";"156764903"
"2003";"Estados Unidos";"1073";"Fabricação de cacau, chocolate e produtos de confeitaria";"155404002"
"2003";"Estados Unidos";"1629";"Fabricação de outros produtos de madeira; fabricação de artigos de cortiça, de espartaria e cestaria";"150447628"
"2003";"Estados Unidos";"2814";"Fabricação de rolamentos, engrenagens, engrenagens e elementos de acionamento";"140938595"
"2003";"Estados Unidos";"1410";"Fabricação de vestuário, exceto vestuários de peles";"138657336"
"2003";"Estados Unidos";"2392";"Fabricação de materiais de construção de argila";"135423489"
"2003";"Estados Unidos";"1622";"Fabricação de carpintaria e marcenaria de construtores";"134430776"
"2003";"Estados Unidos";"0710";"Extração de minério de ferro";"126970246"
"2003";"Estados Unidos";"0125";"Cultivo de outras frutas e nozes";"116601231"
"2003";"Estados Unidos";"2599";"Fabricação de outros produtos metálicos fabricados n.c";"114088163"
"2003";"Estados Unidos";"2029";"Fabricação de outros produtos químicos n.c";"105078264"
"2003";"Estados Unidos";"2013";"Fabricação de plásticos e borracha sintética em formas primárias";"103984877"
"2003";"Estados Unidos";"1511";"Curtimento e vestuário de couro";"95996228"
"2003";"Estados Unidos";"2829";"Fabricação de outras máquinas para fins especiais";"84535965"
"2003";"Estados Unidos";"2819";"Fabricação de outras máquinas para uso geral";"83739734"
"2003";"Estados Unidos";"2220";"Fabricação de produtos plásticos";"83616033"
"2003";"Estados Unidos";"2610";"Fabricação de componentes eletrônicos e placas";"81077638"
"2003";"Estados Unidos";"2593";"Fabricação de cutelaria, ferramentas manuais e ferragens em geral";"78865043"
"2003";"Estados Unidos";"1072";"Fabricação de açúcar";"77732091"
"2003";"Estados Unidos";"1512";"Fabricação de malas, bolsas e semelhantes, selaria e arreios";"77015211"
"2003";"Estados Unidos";"2620";"Fabricação de computadores e equipamentos periféricos";"70455155"
"2003";"Estados Unidos";"2399";"Fabricação de outros produtos minerais não metálicos n.c";"67228832"
"2003";"Estados Unidos";"1079";"Fabricação de outros produtos alimentícios n.c";"65631187"
"2003";"Estados Unidos";"2651";"Fabricação de equipamentos de medição, teste, navegação e controle";"63350222"
"2003";"Estados Unidos";"3091";"Fabricação de motocicletas";"55271680"
"2003";"Estados Unidos";"2821";"Fabricação de maquinaria agrícola e florestal";"54648876"
"2003";"Estados Unidos";"1709";"Fabricação de outros artigos de papel e cartão";"48799396"
"2003";"Estados Unidos";"2790";"Fabricação de outro equipamento elétrico";"47966529"
"2003";"Estados Unidos";"2219";"Fabricação de outros produtos de borracha";"46518003"
"2003";"Estados Unidos";"3211";"Fabricação de joalharia e artigos afins";"45181006"
"2003";"Estados Unidos";"2520";"Fabricação de armas e munições";"40655277"
"2003";"Estados Unidos";"8999";"Não classificado";"38247412"
"2003";"Estados Unidos";"0810";"Extração de pedra, areia e argila";"35844204"
"2003";"Estados Unidos";"2310";"Fabricação de produtos de vidro e vidro";"35406140"
"2003";"Estados Unidos";"0729";"Extração de outros minérios de metais não ferrosos";"35139430"
"2003";"Estados Unidos";"3290";"Outras manufaturas n.c.";"34075865"
"2003";"Estados Unidos";"2826";"Fabricação de máquinas para produção de têxteis, vestuário e couro";"33843449"
"2003";"Estados Unidos";"0113";"Cultivo de hortaliças e melões, raízes e tubérculos";"31512018"
"2003";"Estados Unidos";"0311";"Pesca marinha";"31235481"
"2003";"Estados Unidos";"0128";"Cultivo de especiarias, culturas aromáticas, medicamentosas e farmacêuticas";"28474711"
"2003";"Estados Unidos";"1311";"Preparação e fiação de fibras têxteis";"28040290"
"2003";"Estados Unidos";"3020";"Fabricação de locomotivas e material circulante";"27823344"
"2003";"Estados Unidos";"3250";"Fabricação de instrumentos e suprimentos médicos e odontológicos";"26512680"
"2003";"Estados Unidos";"2732";"Fabricação de outros fios e cabos elétricos e eletrônicos";"25830048"
"2003";"Estados Unidos";"2750";"Fabricação de eletrodomésticos";"25219083"
"2003";"Estados Unidos";"1394";"Fabricação de cordéis, cordas, cordéis e redes";"23358235"
"2003";"Estados Unidos";"2822";"Fabricação de máquinas e máquinas-ferramentas para moldagem de metais";"22238424"
"2003";"Estados Unidos";"1040";"Fabricação de óleos e gorduras vegetais e animais";"18362413"
"2003";"Estados Unidos";"2431";"Fundição de ferro e aço";"17523115"
"2003";"Estados Unidos";"1399";"Fabricação de outros têxteis n.e.c.";"16484415"
"2003";"Estados Unidos";"0149";"Criação de outros animais";"16313555"
"2003";"Estados Unidos";"1312";"Tecelagem de têxteis";"14829179"
"2003";"Estados Unidos";"2393";"Fabricação de outros produtos de porcelana e cerâmica";"13172257"
"2003";"Estados Unidos";"2720";"Fabricação de baterias e acumuladores";"12980811"
"2003";"Estados Unidos";"1430";"Fabricação de vestuário de malha";"12433444"
"2003";"Estados Unidos";"2818";"Fabricação de ferramentas manuais acionadas por motor";"12122118"
"2003";"Estados Unidos";"2021";"Fabricação de pesticidas e outros produtos agroquímicos";"12111198"
"2003";"Estados Unidos";"2100";"Fabricação de produtos farmacêuticos, produtos químicos medicinais e botânicos";"12021760"
"2003";"Estados Unidos";"1391";"Fabricação de tecidos de malha";"11430825"
"2003";"Estados Unidos";"2811";"Fabricação de motores e turbinas, exceto aeronaves, veículos e motores de ciclo";"10643884"
"2003";"Estados Unidos";"1071";"Fabricação de produtos de panificação";"10471587"
"2003";"Estados Unidos";"2391";"Fabricação de produtos refratários";"8718168"
"2003";"Estados Unidos";"2823";"Fabricação de máquinas para metalurgia";"8589475"
"2003";"Estados Unidos";"2023";"Fabricação de sabão e detergentes, produtos de limpeza e polimento, perfumes e produtos de toilette";"8261533"
"2003";"Estados Unidos";"2012";"Fabricação de fertilizantes e compostos nitrogenados";"7566846"
"2003";"Estados Unidos";"1050";"Fabricação de produtos lácteos";"7495187"
"2003";"Estados Unidos";"3240";"Fabricação de jogos e brinquedos";"7464368"
"2003";"Estados Unidos";"2825";"Fabricação de máquinas para processamento de alimentos, bebidas e tabaco";"7232352"
"2003";"Estados Unidos";"2660";"Fabricação de equipamentos de irradiação, eletromédicos e eletroterapêuticos";"7048709"
"2003";"Estados Unidos";"2394";"Fabricação de cimento, cal e gesso";"6949710"
"2003";"Estados Unidos";"0899";"Outras atividades de mineração n.c";"6784977"
"2003";"Estados Unidos";"2740";"Fabricação de equipamentos de iluminação elétrica";"6497932"
"2003";"Estados Unidos";"2816";"Fabricação de equipamentos de elevação e manuseio";"6449692"
"2003";"Estados Unidos";"2812";"Fabricação de equipamentos para energia hidráulica";"5561425"
"2003";"Estados Unidos";"1623";"Fabricação de embalagens de madeira";"5475778"
"2003";"Estados Unidos";"2680";"Fabricação de mídia magnética e óptica";"5348859"
"2003";"Estados Unidos";"5811";"Publicação de livros";"5108656"
"2003";"Estados Unidos";"1080";"Fabricação de alimentos para animais";"4785927"
"2003";"Estados Unidos";"1393";"Fabricação de tapetes e tapetes";"4471522"
"2003";"Estados Unidos";"1062";"Fabricação de amidos e féculas";"4077839"
"2003";"Estados Unidos";"1702";"Fabricação de papel e cartão canelados e de embalagens de papel e cartão";"3225463"
"2003";"Estados Unidos";"2030";"Fabricação de fibras sintéticas ou artificiais";"3113942"
"2003";"Estados Unidos";"2670";"Fabricação de instrumentos ópticos e equipamento fotográfico";"3008826"
"2003";"Estados Unidos";"2817";"Fabricação de máquinas e equipamentos de escritório (exceto computadores e equipamentos periféricos)";"2924528"
"2003";"Estados Unidos";"2022";"Fabricação de tintas, vernizes e produtos similares, tintas de impressão e mástiques";"2721391"
"2003";"Estados Unidos";"5819";"Outras atividades de publicação";"2346841"
"2003";"Estados Unidos";"2511";"Fabricação de produtos metálicos estruturais";"2189287"
"2003";"Estados Unidos";"0893";"Extração de sal";"1961388"
"2003";"Estados Unidos";"0119";"Cultivo de outras culturas não perenes";"1886303"
"2003";"Estados Unidos";"2395";"Fabricação de artigos de concreto, cimento e gesso";"1803234"
"2003";"Estados Unidos";"0121";"Cultivo de uvas";"1763854"
"2003";"Estados Unidos";"1104";"Fabricação de refrigerantes; produção de águas minerais e outras águas engarrafadas";"1653053"
"2003";"Estados Unidos";"0116";"Cultivo de culturas de fibra";"1536495"
"2003";"Estados Unidos";"3230";"Fabricação de artigos esportivos";"1408254"
"2003";"Estados Unidos";"2815";"Fabricação de fornos, fornos e queimadores de fornos";"1381610"
"2003";"Estados Unidos";"3220";"Fabricação de instrumentos musicais";"1300101"
"2003";"Estados Unidos";"0130";"Cultivo de plantas";"1195179"
"2003";"Estados Unidos";"1061";"Fabricação de produtos de moagem de grãos";"1174567"
"2003";"Estados Unidos";"9000";"Atividades criativas, artes e entretenimento";"1121601"
"2003";"Estados Unidos";"0111";"Cultivo de cereais (exceto arroz), leguminosas e oleaginosas";"1105339"
"2003";"Estados Unidos";"0115";"Cultivo de tabaco";"996404"
"2003";"Estados Unidos";"2512";"Fabricação de tanques, reservatórios e recipientes de metal";"966683"
"2003";"Estados Unidos";"9102";"Atividades de museus e operação de locais históricos e edifícios";"921750"
"2003";"Estados Unidos";"0142";"Criação de cavalos e outros equinos";"889274"
"2003";"Estados Unidos";"1101";"Fabricação de aguardentes e outras bebidas destiladas";"702838"
"2003";"Estados Unidos";"0230";"Coleta de produtos florestais não madeireiros";"679343"
"2003";"Estados Unidos";"2731";"Fabricação de cabos de fibra ótica";"628836"
"2003";"Estados Unidos";"1420";"Fabricação de artigos de peles";"516179"
"2003";"Estados Unidos";"0220";"Exploração madeireira";"486445"
"2003";"Estados Unidos";"1074";"Fabricação de macarrão, talharim, cuscuz e produtos farináceos semelhantes";"410480"
"2003";"Estados Unidos";"2513";"Fabricação de geradores de vapor, exceto caldeiras de aquecimento central de água quente";"376437"
"2003";"Estados Unidos";"5813";"Publicação de jornais, revistas e periódicos";"352205"
"2003";"Estados Unidos";"3012";"Construção de barcos de recreio e desportivos";"334311"
"2003";"Estados Unidos";"3212";"Fabricação de bijuterias e artigos relacionados";"264215"
"2003";"Estados Unidos";"2652";"Fabricação de cronomêtros e relógios";"262727"
"2003";"Estados Unidos";"2920";"Fabricação de carroçarias para veículos automotores; fabricação de reboques e semi-reboques";"250256"
"2003";"Estados Unidos";"1103";"Fabricação de malte e bebidas maltadas.";"203188"
"2003";"Estados Unidos";"0124";"Cultivo de frutas pome e frutas de caroço";"141476"
"2003";"Estados Unidos";"3099";"Fabricação de outros equipamentos de transporte n.c";"107848"
"2003";"Estados Unidos";"1102";"Fabricação de vinhos";"101956"
"2003";"Estados Unidos";"0891";"Extração de minerais químicos e fertilizantes";"75929"
"2003";"Estados Unidos";"3011";"Construção de navios e estruturas flutuantes";"72974"
"2003";"Estados Unidos";"0144";"Criação de ovelhas e cabras";"59715"
"2003";"Estados Unidos";"0126";"Cultivo de frutas oleaginosas";"54680"
"2003";"Estados Unidos";"7420";"Atividades fotográficas";"27789"
"2003";"Estados Unidos";"1812";"Atividades de serviço relacionadas à impressão";"21200"
"2003";"Estados Unidos";"0122";"Cultivo de frutas tropicais e subtropicais";"16431"
"2003";"Estados Unidos";"0123";"Cultivo de frutas cítricas";"12486"
"2003";"Estados Unidos";"5310";"Atividades postais";"6596"
"2003";"Estados Unidos";"0129";"Cultivo de outras culturas perenes";"5897"
"2003";"Estados Unidos";"0321";"Aquicultura marinha";"4253"
"2003";"Estados Unidos";"3092";"Fabricação de bicicletas e carruagens inválidas";"1256"
"2003";"Estados Unidos";"0112";"Cultivo de arroz";"56"
"2003";"Estados Unidos";"1910";"Fabricação de produtos de forno de coque";"43"
"2002";"Estados Unidos";"3030";"Fabricação de aviões e máquinas relacionadas";"2298659104"
"2002";"Estados Unidos";"2410";"Fabricação de ferro e aço básicos";"1172579559"
"2002";"Estados Unidos";"2630";"Fabricação de equipamentos de comunicação";"1033799777"
"2002";"Estados Unidos";"1520";"Fabricação de calçado";"1024455682"
"2002";"Estados Unidos";"2910";"Fabricação de veículos automotores";"844973447"
"2002";"Estados Unidos";"2930";"Fabricação de peças e acessórios para veículos automotores";"723732292"
"2002";"Estados Unidos";"1920";"Fabricação de produtos petrolíferos refinados";"687086581"
"2002";"Estados Unidos";"2420";"Fabricação de metais preciosos e outros metais não ferrosos";"596293500"
"2002";"Estados Unidos";"1701";"Fabricação de polpa, papel e cartão";"398860606"
"2002";"Estados Unidos";"2011";"Fabricação de produtos químicos básicos";"382962110"
"2002";"Estados Unidos";"2813";"Fabricação de outras bombas, compressores, torneiras e válvulas";"363367167"
"2002";"Estados Unidos";"1610";"Serração e aplainamento de madeira";"275954327"
"2002";"Estados Unidos";"3100";"Fabricação de móveis";"237813134"
"2002";"Estados Unidos";"2640";"Fabricação de produtos eletrônicos de consumo";"209355177"
"2002";"Estados Unidos";"2710";"Fabricação de motores elétricos, geradores, transformadores e aparelhos de distribuição e controle de energia elétrica";"208599357"
"2002";"Estados Unidos";"0127";"Cultivo de bebidas da safra";"208123368"
"2002";"Estados Unidos";"0610";"Extração de petróleo bruto";"186304962"
"2002";"Estados Unidos";"1621";"Fabricação de folheados e painéis derivados de madeira";"185677234"
"2002";"Estados Unidos";"1392";"Fabricação de artigos têxteis confeccionados, exceto vestuário";"184004567"
"2002";"Estados Unidos";"1030";"Processamento e conservação de frutas e legumes";"177061879"
"2002";"Estados Unidos";"1200";"Fabricação de produtos de tabaco";"168526812"
"2002";"Estados Unidos";"1629";"Fabricação de outros produtos de madeira; fabricação de artigos de cortiça, de espartaria e cestaria";"162735740"
"2002";"Estados Unidos";"1020";"Processamento e conservação de peixes, crustáceos e moluscos";"160185268"
"2002";"Estados Unidos";"2824";"Fabricação de máquinas para mineração, exploração de pedreiras e construção";"156320768"
"2002";"Estados Unidos";"2396";"Corte, moldagem e acabamento de pedra";"154351351"
"2002";"Estados Unidos";"0710";"Extração de minério de ferro";"141373747"
"2002";"Estados Unidos";"2211";"Fabricação de pneus e tubos; recauchutagem e reconstrução de pneus de borracha";"139091444"
"2002";"Estados Unidos";"1010";"Processamento e conservação de carne";"125616915"
"2002";"Estados Unidos";"2814";"Fabricação de rolamentos, engrenagens, engrenagens e elementos de acionamento";"123079898"
"2002";"Estados Unidos";"1622";"Fabricação de carpintaria e marcenaria de construtores";"111964086"
"2002";"Estados Unidos";"2610";"Fabricação de componentes eletrônicos e placas";"111260608"
"2002";"Estados Unidos";"1410";"Fabricação de vestuário, exceto vestuários de peles";"110302001"
"2002";"Estados Unidos";"1511";"Curtimento e vestuário de couro";"107627111"
"2002";"Estados Unidos";"2392";"Fabricação de materiais de construção de argila";"104251085"
"2002";"Estados Unidos";"2599";"Fabricação de outros produtos metálicos fabricados n.c";"96665190"
"2002";"Estados Unidos";"2651";"Fabricação de equipamentos de medição, teste, navegação e controle";"95890455"
"2002";"Estados Unidos";"2029";"Fabricação de outros produtos químicos n.c";"85626078"
"2002";"Estados Unidos";"0125";"Cultivo de outras frutas e nozes";"85609336"
"2002";"Estados Unidos";"2013";"Fabricação de plásticos e borracha sintética em formas primárias";"79496940"
"2002";"Estados Unidos";"1512";"Fabricação de malas, bolsas e semelhantes, selaria e arreios";"72438630"
"2002";"Estados Unidos";"2829";"Fabricação de outras máquinas para fins especiais";"70127962"
"2002";"Estados Unidos";"1073";"Fabricação de cacau, chocolate e produtos de confeitaria";"69471896"
"2002";"Estados Unidos";"2620";"Fabricação de computadores e equipamentos periféricos";"65066043"
"2002";"Estados Unidos";"2399";"Fabricação de outros produtos minerais não metálicos n.c";"55704433"
"2002";"Estados Unidos";"2790";"Fabricação de outro equipamento elétrico";"52838434"
"2002";"Estados Unidos";"2520";"Fabricação de armas e munições";"49864461"
"2002";"Estados Unidos";"8999";"Não classificado";"47729188"
"2002";"Estados Unidos";"1072";"Fabricação de açúcar";"47545732"
"2002";"Estados Unidos";"1079";"Fabricação de outros produtos alimentícios n.c";"43918726"
"2002";"Estados Unidos";"2593";"Fabricação de cutelaria, ferramentas manuais e ferragens em geral";"43627646"
"2002";"Estados Unidos";"2819";"Fabricação de outras máquinas para uso geral";"43496664"
"2002";"Estados Unidos";"2821";"Fabricação de maquinaria agrícola e florestal";"43446040"
"2002";"Estados Unidos";"2219";"Fabricação de outros produtos de borracha";"40875067"
"2002";"Estados Unidos";"1709";"Fabricação de outros artigos de papel e cartão";"40731769"
"2002";"Estados Unidos";"2220";"Fabricação de produtos plásticos";"39292576"
"2002";"Estados Unidos";"3091";"Fabricação de motocicletas";"39067001"
"2002";"Estados Unidos";"2310";"Fabricação de produtos de vidro e vidro";"38255275"
"2002";"Estados Unidos";"3211";"Fabricação de joalharia e artigos afins";"37648809"
"2002";"Estados Unidos";"3290";"Outras manufaturas n.c.";"36107987"
"2002";"Estados Unidos";"1040";"Fabricação de óleos e gorduras vegetais e animais";"32395328"
"2002";"Estados Unidos";"3020";"Fabricação de locomotivas e material circulante";"32331092"
"2002";"Estados Unidos";"0128";"Cultivo de especiarias, culturas aromáticas, medicamentosas e farmacêuticas";"30877811"
"2002";"Estados Unidos";"0311";"Pesca marinha";"29823707"
"2002";"Estados Unidos";"0113";"Cultivo de hortaliças e melões, raízes e tubérculos";"26904323"
"2002";"Estados Unidos";"2826";"Fabricação de máquinas para produção de têxteis, vestuário e couro";"26556857"
"2002";"Estados Unidos";"3250";"Fabricação de instrumentos e suprimentos médicos e odontológicos";"23601454"
"2002";"Estados Unidos";"0810";"Extração de pedra, areia e argila";"21845382"
"2002";"Estados Unidos";"0729";"Extração de outros minérios de metais não ferrosos";"20528657"
"2002";"Estados Unidos";"1311";"Preparação e fiação de fibras têxteis";"19808945"
"2002";"Estados Unidos";"2100";"Fabricação de produtos farmacêuticos, produtos químicos medicinais e botânicos";"17694009"
"2002";"Estados Unidos";"1394";"Fabricação de cordéis, cordas, cordéis e redes";"16690146"
"2002";"Estados Unidos";"2021";"Fabricação de pesticidas e outros produtos agroquímicos";"15791643"
"2002";"Estados Unidos";"2822";"Fabricação de máquinas e máquinas-ferramentas para moldagem de metais";"15607283"
"2002";"Estados Unidos";"2732";"Fabricação de outros fios e cabos elétricos e eletrônicos";"15099309"
"2002";"Estados Unidos";"2393";"Fabricação de outros produtos de porcelana e cerâmica";"14580452"
"2002";"Estados Unidos";"2720";"Fabricação de baterias e acumuladores";"13969494"
"2002";"Estados Unidos";"0149";"Criação de outros animais";"12682527"
"2002";"Estados Unidos";"2817";"Fabricação de máquinas e equipamentos de escritório (exceto computadores e equipamentos periféricos)";"12557558"
"2002";"Estados Unidos";"1312";"Tecelagem de têxteis";"11937694"
"2002";"Estados Unidos";"2511";"Fabricação de produtos metálicos estruturais";"11708188"
"2002";"Estados Unidos";"2811";"Fabricação de motores e turbinas, exceto aeronaves, veículos e motores de ciclo";"11230836"
"2002";"Estados Unidos";"2431";"Fundição de ferro e aço";"11093981"
"2002";"Estados Unidos";"1399";"Fabricação de outros têxteis n.e.c.";"10270622"
"2002";"Estados Unidos";"2818";"Fabricação de ferramentas manuais acionadas por motor";"9853237"
"2002";"Estados Unidos";"2823";"Fabricação de máquinas para metalurgia";"9625947"
"2002";"Estados Unidos";"2825";"Fabricação de máquinas para processamento de alimentos, bebidas e tabaco";"8326242"
"2002";"Estados Unidos";"2391";"Fabricação de produtos refratários";"7554964"
"2002";"Estados Unidos";"2750";"Fabricação de eletrodomésticos";"7401524"
"2002";"Estados Unidos";"3240";"Fabricação de jogos e brinquedos";"7338283"
"2002";"Estados Unidos";"2023";"Fabricação de sabão e detergentes, produtos de limpeza e polimento, perfumes e produtos de toilette";"7327382"
"2002";"Estados Unidos";"1391";"Fabricação de tecidos de malha";"7121800"
"2002";"Estados Unidos";"1071";"Fabricação de produtos de panificação";"6699667"
"2002";"Estados Unidos";"1430";"Fabricação de vestuário de malha";"6035390"
"2002";"Estados Unidos";"2660";"Fabricação de equipamentos de irradiação, eletromédicos e eletroterapêuticos";"5926514"
"2002";"Estados Unidos";"2740";"Fabricação de equipamentos de iluminação elétrica";"5924132"
"2002";"Estados Unidos";"1050";"Fabricação de produtos lácteos";"5678306"
"2002";"Estados Unidos";"1393";"Fabricação de tapetes e tapetes";"5644981"
"2002";"Estados Unidos";"2816";"Fabricação de equipamentos de elevação e manuseio";"5366325"
"2002";"Estados Unidos";"1623";"Fabricação de embalagens de madeira";"5138372"
"2002";"Estados Unidos";"0899";"Outras atividades de mineração n.c";"5036134"
"2002";"Estados Unidos";"2812";"Fabricação de equipamentos para energia hidráulica";"4623570"
"2002";"Estados Unidos";"1080";"Fabricação de alimentos para animais";"3944776"
"2002";"Estados Unidos";"2030";"Fabricação de fibras sintéticas ou artificiais";"3902087"
"2002";"Estados Unidos";"2012";"Fabricação de fertilizantes e compostos nitrogenados";"3826799"
"2002";"Estados Unidos";"2731";"Fabricação de cabos de fibra ótica";"3630290"
"2002";"Estados Unidos";"1062";"Fabricação de amidos e féculas";"3382514"
"2002";"Estados Unidos";"2670";"Fabricação de instrumentos ópticos e equipamento fotográfico";"2937895"
"2002";"Estados Unidos";"0111";"Cultivo de cereais (exceto arroz), leguminosas e oleaginosas";"2466354"
"2002";"Estados Unidos";"2680";"Fabricação de mídia magnética e óptica";"2274150"
"2002";"Estados Unidos";"1702";"Fabricação de papel e cartão canelados e de embalagens de papel e cartão";"2134502"
"2002";"Estados Unidos";"3012";"Construção de barcos de recreio e desportivos";"2066567"
"2002";"Estados Unidos";"5819";"Outras atividades de publicação";"1863194"
"2002";"Estados Unidos";"2394";"Fabricação de cimento, cal e gesso";"1855532"
"2002";"Estados Unidos";"3220";"Fabricação de instrumentos musicais";"1491929"
"2002";"Estados Unidos";"2815";"Fabricação de fornos, fornos e queimadores de fornos";"1266549"
"2002";"Estados Unidos";"5811";"Publicação de livros";"1240630"
"2002";"Estados Unidos";"0893";"Extração de sal";"1111681"
"2002";"Estados Unidos";"2022";"Fabricação de tintas, vernizes e produtos similares, tintas de impressão e mástiques";"1107808"
"2002";"Estados Unidos";"2512";"Fabricação de tanques, reservatórios e recipientes de metal";"1105440"
"2002";"Estados Unidos";"0115";"Cultivo de tabaco";"1059936"
"2002";"Estados Unidos";"1104";"Fabricação de refrigerantes; produção de águas minerais e outras águas engarrafadas";"915429"
"2002";"Estados Unidos";"0230";"Coleta de produtos florestais não madeireiros";"677332"
"2002";"Estados Unidos";"0142";"Criação de cavalos e outros equinos";"656754"
"2002";"Estados Unidos";"0130";"Cultivo de plantas";"646829"
"2002";"Estados Unidos";"9000";"Atividades criativas, artes e entretenimento";"644001"
"2002";"Estados Unidos";"0119";"Cultivo de outras culturas não perenes";"632688"
"2002";"Estados Unidos";"1061";"Fabricação de produtos de moagem de grãos";"549446"
"2002";"Estados Unidos";"3230";"Fabricação de artigos esportivos";"547751"
"2002";"Estados Unidos";"0121";"Cultivo de uvas";"510817"
"2002";"Estados Unidos";"5813";"Publicação de jornais, revistas e periódicos";"498126"
"2002";"Estados Unidos";"2395";"Fabricação de artigos de concreto, cimento e gesso";"464912"
"2002";"Estados Unidos";"1101";"Fabricação de aguardentes e outras bebidas destiladas";"397498"
"2002";"Estados Unidos";"2652";"Fabricação de cronomêtros e relógios";"380129"
"2002";"Estados Unidos";"2920";"Fabricação de carroçarias para veículos automotores; fabricação de reboques e semi-reboques";"337526"
"2002";"Estados Unidos";"2513";"Fabricação de geradores de vapor, exceto caldeiras de aquecimento central de água quente";"326577"
"2002";"Estados Unidos";"3212";"Fabricação de bijuterias e artigos relacionados";"271289"
"2002";"Estados Unidos";"1420";"Fabricação de artigos de peles";"253288"
"2002";"Estados Unidos";"1074";"Fabricação de macarrão, talharim, cuscuz e produtos farináceos semelhantes";"237160"
"2002";"Estados Unidos";"0124";"Cultivo de frutas pome e frutas de caroço";"124297"
"2002";"Estados Unidos";"1103";"Fabricação de malte e bebidas maltadas.";"96970"
"2002";"Estados Unidos";"0144";"Criação de ovelhas e cabras";"86362"
"2002";"Estados Unidos";"0220";"Exploração madeireira";"67599"
"2002";"Estados Unidos";"3099";"Fabricação de outros equipamentos de transporte n.c";"63614"
"2002";"Estados Unidos";"0321";"Aquicultura marinha";"58883"
"2002";"Estados Unidos";"1102";"Fabricação de vinhos";"58292"
"2002";"Estados Unidos";"0126";"Cultivo de frutas oleaginosas";"46578"
"2002";"Estados Unidos";"3011";"Construção de navios e estruturas flutuantes";"38155"
"2002";"Estados Unidos";"0122";"Cultivo de frutas tropicais e subtropicais";"18367"
"2002";"Estados Unidos";"5310";"Atividades postais";"12320"
"2002";"Estados Unidos";"3092";"Fabricação de bicicletas e carruagens inválidas";"7590"
"2002";"Estados Unidos";"7420";"Atividades fotográficas";"3464"
"2002";"Estados Unidos";"0891";"Extração de minerais químicos e fertilizantes";"3126"
"2002";"Estados Unidos";"9102";"Atividades de museus e operação de locais históricos e edifícios";"2158"
"2002";"Estados Unidos";"1812";"Atividades de serviço relacionadas à impressão";"1012"
"2002";"Estados Unidos";"0112";"Cultivo de arroz";"730"
"2002";"Estados Unidos";"0620";"Extração de gás natural";"610"
"2002";"Estados Unidos";"0129";"Cultivo de outras culturas perenes";"353"
"2001";"Estados Unidos";"3030";"Fabricação de aviões e máquinas relacionadas";"2443522411"
"2001";"Estados Unidos";"2410";"Fabricação de ferro e aço básicos";"1140420196"
"2001";"Estados Unidos";"1520";"Fabricação de calçado";"1104874537"
"2001";"Estados Unidos";"1920";"Fabricação de produtos petrolíferos refinados";"989458168"
"2001";"Estados Unidos";"2630";"Fabricação de equipamentos de comunicação";"852746205"
"2001";"Estados Unidos";"2910";"Fabricação de veículos automotores";"648907030"
"2001";"Estados Unidos";"2930";"Fabricação de peças e acessórios para veículos automotores";"567045569"
"2001";"Estados Unidos";"2420";"Fabricação de metais preciosos e outros metais não ferrosos";"527739537"
"2001";"Estados Unidos";"1701";"Fabricação de polpa, papel e cartão";"380987691"
"2001";"Estados Unidos";"2011";"Fabricação de produtos químicos básicos";"367133451"
"2001";"Estados Unidos";"2813";"Fabricação de outras bombas, compressores, torneiras e válvulas";"277468162"
"2001";"Estados Unidos";"2640";"Fabricação de produtos eletrônicos de consumo";"276931171"
"2001";"Estados Unidos";"1610";"Serração e aplainamento de madeira";"238747994"
"2001";"Estados Unidos";"2710";"Fabricação de motores elétricos, geradores, transformadores e aparelhos de distribuição e controle de energia elétrica";"202853380"
"2001";"Estados Unidos";"1200";"Fabricação de produtos de tabaco";"158035933"
"2001";"Estados Unidos";"3100";"Fabricação de móveis";"154046043"
"2001";"Estados Unidos";"0127";"Cultivo de bebidas da safra";"148145491"
"2001";"Estados Unidos";"1030";"Processamento e conservação de frutas e legumes";"128370075"
"2001";"Estados Unidos";"2211";"Fabricação de pneus e tubos; recauchutagem e reconstrução de pneus de borracha";"125082192"
"2001";"Estados Unidos";"1020";"Processamento e conservação de peixes, crustáceos e moluscos";"121747139"
"2001";"Estados Unidos";"1621";"Fabricação de folheados e painéis derivados de madeira";"118641644"
"2001";"Estados Unidos";"2824";"Fabricação de máquinas para mineração, exploração de pedreiras e construção";"116628951"
"2001";"Estados Unidos";"1629";"Fabricação de outros produtos de madeira; fabricação de artigos de cortiça, de espartaria e cestaria";"116161481"
"2001";"Estados Unidos";"2396";"Corte, moldagem e acabamento de pedra";"111571489"
"2001";"Estados Unidos";"2651";"Fabricação de equipamentos de medição, teste, navegação e controle";"110417573"
"2001";"Estados Unidos";"2814";"Fabricação de rolamentos, engrenagens, engrenagens e elementos de acionamento";"102363695"
"2001";"Estados Unidos";"1410";"Fabricação de vestuário, exceto vestuários de peles";"99638208"
"2001";"Estados Unidos";"2620";"Fabricação de computadores e equipamentos periféricos";"99508335"
"2001";"Estados Unidos";"0710";"Extração de minério de ferro";"99128024"
"2001";"Estados Unidos";"1511";"Curtimento e vestuário de couro";"99057241"
"2001";"Estados Unidos";"2610";"Fabricação de componentes eletrônicos e placas";"98605092"
"2001";"Estados Unidos";"1392";"Fabricação de artigos têxteis confeccionados, exceto vestuário";"98229955"
"2001";"Estados Unidos";"0125";"Cultivo de outras frutas e nozes";"94470153"
"2001";"Estados Unidos";"1010";"Processamento e conservação de carne";"90345917"
"2001";"Estados Unidos";"2029";"Fabricação de outros produtos químicos n.c";"87626969"
"2001";"Estados Unidos";"2599";"Fabricação de outros produtos metálicos fabricados n.c";"82143784"
"2001";"Estados Unidos";"1622";"Fabricação de carpintaria e marcenaria de construtores";"76985168"
"2001";"Estados Unidos";"2392";"Fabricação de materiais de construção de argila";"71774142"
"2001";"Estados Unidos";"1709";"Fabricação de outros artigos de papel e cartão";"68264631"
"2001";"Estados Unidos";"1073";"Fabricação de cacau, chocolate e produtos de confeitaria";"59134235"
"2001";"Estados Unidos";"8999";"Não classificado";"57854558"
"2001";"Estados Unidos";"2220";"Fabricação de produtos plásticos";"55501357"
"2001";"Estados Unidos";"1079";"Fabricação de outros produtos alimentícios n.c";"54223521"
"2001";"Estados Unidos";"2790";"Fabricação de outro equipamento elétrico";"53650123"
"2001";"Estados Unidos";"2013";"Fabricação de plásticos e borracha sintética em formas primárias";"52667493"
"2001";"Estados Unidos";"2822";"Fabricação de máquinas e máquinas-ferramentas para moldagem de metais";"51746411"
"2001";"Estados Unidos";"1072";"Fabricação de açúcar";"51506011"
"2001";"Estados Unidos";"2829";"Fabricação de outras máquinas para fins especiais";"50508349"
"2001";"Estados Unidos";"2817";"Fabricação de máquinas e equipamentos de escritório (exceto computadores e equipamentos periféricos)";"50455148"
"2001";"Estados Unidos";"1512";"Fabricação de malas, bolsas e semelhantes, selaria e arreios";"46525535"
"2001";"Estados Unidos";"2593";"Fabricação de cutelaria, ferramentas manuais e ferragens em geral";"45509673"
"2001";"Estados Unidos";"0729";"Extração de outros minérios de metais não ferrosos";"41658720"
"2001";"Estados Unidos";"2819";"Fabricação de outras máquinas para uso geral";"41434471"
"2001";"Estados Unidos";"2821";"Fabricação de maquinaria agrícola e florestal";"39158777"
"2001";"Estados Unidos";"2219";"Fabricação de outros produtos de borracha";"37285222"
"2001";"Estados Unidos";"3290";"Outras manufaturas n.c.";"36985000"
"2001";"Estados Unidos";"2520";"Fabricação de armas e munições";"35668230"
"2001";"Estados Unidos";"3211";"Fabricação de joalharia e artigos afins";"34858153"
"2001";"Estados Unidos";"2399";"Fabricação de outros produtos minerais não metálicos n.c";"34823503"
"2001";"Estados Unidos";"0128";"Cultivo de especiarias, culturas aromáticas, medicamentosas e farmacêuticas";"27784587"
"2001";"Estados Unidos";"1394";"Fabricação de cordéis, cordas, cordéis e redes";"27783482"
"2001";"Estados Unidos";"0610";"Extração de petróleo bruto";"24397547"
"2001";"Estados Unidos";"0311";"Pesca marinha";"23626969"
"2001";"Estados Unidos";"1040";"Fabricação de óleos e gorduras vegetais e animais";"22941953"
"2001";"Estados Unidos";"0113";"Cultivo de hortaliças e melões, raízes e tubérculos";"21552588"
"2001";"Estados Unidos";"2310";"Fabricação de produtos de vidro e vidro";"19746960"
"2001";"Estados Unidos";"0810";"Extração de pedra, areia e argila";"18795013"
"2001";"Estados Unidos";"2731";"Fabricação de cabos de fibra ótica";"17993924"
"2001";"Estados Unidos";"2393";"Fabricação de outros produtos de porcelana e cerâmica";"17705353"
"2001";"Estados Unidos";"3020";"Fabricação de locomotivas e material circulante";"16876288"
"2001";"Estados Unidos";"2826";"Fabricação de máquinas para produção de têxteis, vestuário e couro";"16485186"
"2001";"Estados Unidos";"3250";"Fabricação de instrumentos e suprimentos médicos e odontológicos";"16146717"
"2001";"Estados Unidos";"2732";"Fabricação de outros fios e cabos elétricos e eletrônicos";"14271122"
"2001";"Estados Unidos";"2100";"Fabricação de produtos farmacêuticos, produtos químicos medicinais e botânicos";"13780297"
"2001";"Estados Unidos";"2811";"Fabricação de motores e turbinas, exceto aeronaves, veículos e motores de ciclo";"13001725"
"2001";"Estados Unidos";"1312";"Tecelagem de têxteis";"12360673"
"2001";"Estados Unidos";"2720";"Fabricação de baterias e acumuladores";"10940317"
"2001";"Estados Unidos";"3091";"Fabricação de motocicletas";"9967320"
"2001";"Estados Unidos";"2750";"Fabricação de eletrodomésticos";"9771216"
"2001";"Estados Unidos";"1311";"Preparação e fiação de fibras têxteis";"9232274"
"2001";"Estados Unidos";"1399";"Fabricação de outros têxteis n.e.c.";"8665525"
"2001";"Estados Unidos";"2823";"Fabricação de máquinas para metalurgia";"7898335"
"2001";"Estados Unidos";"2431";"Fundição de ferro e aço";"7797773"
"2001";"Estados Unidos";"2511";"Fabricação de produtos metálicos estruturais";"7697614"
"2001";"Estados Unidos";"2023";"Fabricação de sabão e detergentes, produtos de limpeza e polimento, perfumes e produtos de toilette";"7170635"
"2001";"Estados Unidos";"0899";"Outras atividades de mineração n.c";"6862959"
"2001";"Estados Unidos";"1071";"Fabricação de produtos de panificação";"6376800"
"2001";"Estados Unidos";"3240";"Fabricação de jogos e brinquedos";"6287657"
"2001";"Estados Unidos";"2391";"Fabricação de produtos refratários";"6160126"
"2001";"Estados Unidos";"1430";"Fabricação de vestuário de malha";"5951135"
"2001";"Estados Unidos";"1391";"Fabricação de tecidos de malha";"5913072"
"2001";"Estados Unidos";"2660";"Fabricação de equipamentos de irradiação, eletromédicos e eletroterapêuticos";"5729669"
"2001";"Estados Unidos";"2818";"Fabricação de ferramentas manuais acionadas por motor";"5276426"
"2001";"Estados Unidos";"2816";"Fabricação de equipamentos de elevação e manuseio";"5268134"
"2001";"Estados Unidos";"2825";"Fabricação de máquinas para processamento de alimentos, bebidas e tabaco";"4810011"
"2001";"Estados Unidos";"2740";"Fabricação de equipamentos de iluminação elétrica";"4555269"
"2001";"Estados Unidos";"2021";"Fabricação de pesticidas e outros produtos agroquímicos";"4363673"
"2001";"Estados Unidos";"2513";"Fabricação de geradores de vapor, exceto caldeiras de aquecimento central de água quente";"3841674"
"2001";"Estados Unidos";"1393";"Fabricação de tapetes e tapetes";"3210481"
"2001";"Estados Unidos";"1623";"Fabricação de embalagens de madeira";"3206188"
"2001";"Estados Unidos";"0893";"Extração de sal";"2858830"
"2001";"Estados Unidos";"2812";"Fabricação de equipamentos para energia hidráulica";"2788170"
"2001";"Estados Unidos";"2680";"Fabricação de mídia magnética e óptica";"2473779"
"2001";"Estados Unidos";"1080";"Fabricação de alimentos para animais";"2448050"
"2001";"Estados Unidos";"3220";"Fabricação de instrumentos musicais";"2440141"
"2001";"Estados Unidos";"3012";"Construção de barcos de recreio e desportivos";"2224382"
"2001";"Estados Unidos";"2030";"Fabricação de fibras sintéticas ou artificiais";"2132671"
"2001";"Estados Unidos";"1062";"Fabricação de amidos e féculas";"1996113"
"2001";"Estados Unidos";"2670";"Fabricação de instrumentos ópticos e equipamento fotográfico";"1692438"
"2001";"Estados Unidos";"0111";"Cultivo de cereais (exceto arroz), leguminosas e oleaginosas";"1590666"
"2001";"Estados Unidos";"5811";"Publicação de livros";"1281355"
"2001";"Estados Unidos";"0116";"Cultivo de culturas de fibra";"1183379"
"2001";"Estados Unidos";"5819";"Outras atividades de publicação";"1079616"
"2001";"Estados Unidos";"1104";"Fabricação de refrigerantes; produção de águas minerais e outras águas engarrafadas";"1002193"
"2001";"Estados Unidos";"0230";"Coleta de produtos florestais não madeireiros";"910590"
"2001";"Estados Unidos";"1702";"Fabricação de papel e cartão canelados e de embalagens de papel e cartão";"880280"
"2001";"Estados Unidos";"2815";"Fabricação de fornos, fornos e queimadores de fornos";"833985"
"2001";"Estados Unidos";"2512";"Fabricação de tanques, reservatórios e recipientes de metal";"831305"
"2001";"Estados Unidos";"1050";"Fabricação de produtos lácteos";"722896"
"2001";"Estados Unidos";"0142";"Criação de cavalos e outros equinos";"698759"
"2001";"Estados Unidos";"3212";"Fabricação de bijuterias e artigos relacionados";"697934"
"2001";"Estados Unidos";"5813";"Publicação de jornais, revistas e periódicos";"671757"
"2001";"Estados Unidos";"0149";"Criação de outros animais";"568979"
"2001";"Estados Unidos";"0130";"Cultivo de plantas";"519237"
"2001";"Estados Unidos";"2652";"Fabricação de cronomêtros e relógios";"451942"
"2001";"Estados Unidos";"2022";"Fabricação de tintas, vernizes e produtos similares, tintas de impressão e mástiques";"451152"
"2001";"Estados Unidos";"9000";"Atividades criativas, artes e entretenimento";"427254"
"2001";"Estados Unidos";"1061";"Fabricação de produtos de moagem de grãos";"392627"
"2001";"Estados Unidos";"1074";"Fabricação de macarrão, talharim, cuscuz e produtos farináceos semelhantes";"376395"
"2001";"Estados Unidos";"1101";"Fabricação de aguardentes e outras bebidas destiladas";"363809"
"2001";"Estados Unidos";"3230";"Fabricação de artigos esportivos";"352004"
"2001";"Estados Unidos";"3092";"Fabricação de bicicletas e carruagens inválidas";"237441"
"2001";"Estados Unidos";"0115";"Cultivo de tabaco";"206014"
"2001";"Estados Unidos";"2920";"Fabricação de carroçarias para veículos automotores; fabricação de reboques e semi-reboques";"186917"
"2001";"Estados Unidos";"2395";"Fabricação de artigos de concreto, cimento e gesso";"182360"
"2001";"Estados Unidos";"1420";"Fabricação de artigos de peles";"167416"
"2001";"Estados Unidos";"0119";"Cultivo de outras culturas não perenes";"95477"
"2001";"Estados Unidos";"1103";"Fabricação de malte e bebidas maltadas.";"87331"
"2001";"Estados Unidos";"0121";"Cultivo de uvas";"81915"
"2001";"Estados Unidos";"1102";"Fabricação de vinhos";"78300"
"2001";"Estados Unidos";"3099";"Fabricação de outros equipamentos de transporte n.c";"61384"
"2001";"Estados Unidos";"0220";"Exploração madeireira";"57896"
"2001";"Estados Unidos";"0126";"Cultivo de frutas oleaginosas";"57128"
"2001";"Estados Unidos";"0144";"Criação de ovelhas e cabras";"52021"
"2001";"Estados Unidos";"2012";"Fabricação de fertilizantes e compostos nitrogenados";"46177"
"2001";"Estados Unidos";"0321";"Aquicultura marinha";"34409"
"2001";"Estados Unidos";"0122";"Cultivo de frutas tropicais e subtropicais";"29012"
"2001";"Estados Unidos";"7420";"Atividades fotográficas";"25061"
"2001";"Estados Unidos";"2394";"Fabricação de cimento, cal e gesso";"16364"
"2001";"Estados Unidos";"0129";"Cultivo de outras culturas perenes";"14920"
"2001";"Estados Unidos";"5310";"Atividades postais";"8666"
"2001";"Estados Unidos";"0124";"Cultivo de frutas pome e frutas de caroço";"7056"
"2001";"Estados Unidos";"9102";"Atividades de museus e operação de locais históricos e edifícios";"6000"
"2001";"Estados Unidos";"3011";"Construção de navios e estruturas flutuantes";"1852"
"2001";"Estados Unidos";"1812";"Atividades de serviço relacionadas à impressão";"230"
"2000";"Estados Unidos";"3030";"Fabricação de aviões e máquinas relacionadas";"2101786896"
"2000";"Estados Unidos";"2410";"Fabricação de ferro e aço básicos";"1256296470"
"2000";"Estados Unidos";"1520";"Fabricação de calçado";"1080706857"
"2000";"Estados Unidos";"2930";"Fabricação de peças e acessórios para veículos automotores";"724435637"
"2000";"Estados Unidos";"2420";"Fabricação de metais preciosos e outros metais não ferrosos";"712935601"
"2000";"Estados Unidos";"2011";"Fabricação de produtos químicos básicos";"480806361"
"2000";"Estados Unidos";"1701";"Fabricação de polpa, papel e cartão";"461771533"
"2000";"Estados Unidos";"1920";"Fabricação de produtos petrolíferos refinados";"459099177"
"2000";"Estados Unidos";"2630";"Fabricação de equipamentos de comunicação";"378551943"
"2000";"Estados Unidos";"2910";"Fabricação de veículos automotores";"323387737"
"2000";"Estados Unidos";"2813";"Fabricação de outras bombas, compressores, torneiras e válvulas";"290997607"
"2000";"Estados Unidos";"2640";"Fabricação de produtos eletrônicos de consumo";"268049171"
"2000";"Estados Unidos";"1610";"Serração e aplainamento de madeira";"239321061"
"2000";"Estados Unidos";"1030";"Processamento e conservação de frutas e legumes";"218248429"
"2000";"Estados Unidos";"0127";"Cultivo de bebidas da safra";"217785563"
"2000";"Estados Unidos";"2710";"Fabricação de motores elétricos, geradores, transformadores e aparelhos de distribuição e controle de energia elétrica";"182056767"
"2000";"Estados Unidos";"2211";"Fabricação de pneus e tubos; recauchutagem e reconstrução de pneus de borracha";"165005769"
"2000";"Estados Unidos";"0710";"Extração de minério de ferro";"150156765"
"2000";"Estados Unidos";"0125";"Cultivo de outras frutas e nozes";"148191244"
"2000";"Estados Unidos";"2814";"Fabricação de rolamentos, engrenagens, engrenagens e elementos de acionamento";"125534922"
"2000";"Estados Unidos";"1621";"Fabricação de folheados e painéis derivados de madeira";"119131490"
"2000";"Estados Unidos";"1200";"Fabricação de produtos de tabaco";"117531076"
"2000";"Estados Unidos";"2824";"Fabricação de máquinas para mineração, exploração de pedreiras e construção";"116404907"
"2000";"Estados Unidos";"3100";"Fabricação de móveis";"114521747"
"2000";"Estados Unidos";"1020";"Processamento e conservação de peixes, crustáceos e moluscos";"105213407"
"2000";"Estados Unidos";"2651";"Fabricação de equipamentos de medição, teste, navegação e controle";"103782542"
"2000";"Estados Unidos";"2396";"Corte, moldagem e acabamento de pedra";"103340533"
"2000";"Estados Unidos";"1410";"Fabricação de vestuário, exceto vestuários de peles";"95247871"
"2000";"Estados Unidos";"2599";"Fabricação de outros produtos metálicos fabricados n.c";"86904111"
"2000";"Estados Unidos";"1010";"Processamento e conservação de carne";"84267738"
"2000";"Estados Unidos";"1511";"Curtimento e vestuário de couro";"79571028"
"2000";"Estados Unidos";"2029";"Fabricação de outros produtos químicos n.c";"79106577"
"2000";"Estados Unidos";"1392";"Fabricação de artigos têxteis confeccionados, exceto vestuário";"77475113"
"2000";"Estados Unidos";"2610";"Fabricação de componentes eletrônicos e placas";"76418302"
"2000";"Estados Unidos";"1072";"Fabricação de açúcar";"70741773"
"2000";"Estados Unidos";"1629";"Fabricação de outros produtos de madeira; fabricação de artigos de cortiça, de espartaria e cestaria";"67280394"
"2000";"Estados Unidos";"2392";"Fabricação de materiais de construção de argila";"66514728"
"2000";"Estados Unidos";"1709";"Fabricação de outros artigos de papel e cartão";"63211233"
"2000";"Estados Unidos";"2620";"Fabricação de computadores e equipamentos periféricos";"62689324"
"2000";"Estados Unidos";"1622";"Fabricação de carpintaria e marcenaria de construtores";"61268734"
"2000";"Estados Unidos";"2819";"Fabricação de outras máquinas para uso geral";"61094783"
"2000";"Estados Unidos";"1079";"Fabricação de outros produtos alimentícios n.c";"60249724"
"2000";"Estados Unidos";"2817";"Fabricação de máquinas e equipamentos de escritório (exceto computadores e equipamentos periféricos)";"60104827"
"2000";"Estados Unidos";"1073";"Fabricação de cacau, chocolate e produtos de confeitaria";"57373152"
"2000";"Estados Unidos";"2822";"Fabricação de máquinas e máquinas-ferramentas para moldagem de metais";"54699296"
"2000";"Estados Unidos";"2220";"Fabricação de produtos plásticos";"53471292"
"2000";"Estados Unidos";"2790";"Fabricação de outro equipamento elétrico";"52629862"
"2000";"Estados Unidos";"2013";"Fabricação de plásticos e borracha sintética em formas primárias";"50569805"
"2000";"Estados Unidos";"8999";"Não classificado";"47835546"
"2000";"Estados Unidos";"2829";"Fabricação de outras máquinas para fins especiais";"46293540"
"2000";"Estados Unidos";"2593";"Fabricação de cutelaria, ferramentas manuais e ferragens em geral";"44888586"
"2000";"Estados Unidos";"2399";"Fabricação de outros produtos minerais não metálicos n.c";"39961104"
"2000";"Estados Unidos";"1512";"Fabricação de malas, bolsas e semelhantes, selaria e arreios";"37576930"
"2000";"Estados Unidos";"3211";"Fabricação de joalharia e artigos afins";"36862688"
"2000";"Estados Unidos";"2520";"Fabricação de armas e munições";"36487490"
"2000";"Estados Unidos";"1394";"Fabricação de cordéis, cordas, cordéis e redes";"36090245"
"2000";"Estados Unidos";"0610";"Extração de petróleo bruto";"35573758"
"2000";"Estados Unidos";"0128";"Cultivo de especiarias, culturas aromáticas, medicamentosas e farmacêuticas";"33583513"
"2000";"Estados Unidos";"3290";"Outras manufaturas n.c.";"33497932"
"2000";"Estados Unidos";"0729";"Extração de outros minérios de metais não ferrosos";"32452608"
"2000";"Estados Unidos";"2219";"Fabricação de outros produtos de borracha";"32042395"
"2000";"Estados Unidos";"2731";"Fabricação de cabos de fibra ótica";"25381649"
"2000";"Estados Unidos";"2310";"Fabricação de produtos de vidro e vidro";"23810471"
"2000";"Estados Unidos";"2821";"Fabricação de maquinaria agrícola e florestal";"22490879"
"2000";"Estados Unidos";"1311";"Preparação e fiação de fibras têxteis";"21177263"
"2000";"Estados Unidos";"0311";"Pesca marinha";"20464238"
"2000";"Estados Unidos";"2826";"Fabricação de máquinas para produção de têxteis, vestuário e couro";"19372973"
"2000";"Estados Unidos";"2811";"Fabricação de motores e turbinas, exceto aeronaves, veículos e motores de ciclo";"19280091"
"2000";"Estados Unidos";"2393";"Fabricação de outros produtos de porcelana e cerâmica";"19002889"
"2000";"Estados Unidos";"3250";"Fabricação de instrumentos e suprimentos médicos e odontológicos";"17191920"
"2000";"Estados Unidos";"1040";"Fabricação de óleos e gorduras vegetais e animais";"16511575"
"2000";"Estados Unidos";"0810";"Extração de pedra, areia e argila";"16426797"
"2000";"Estados Unidos";"1312";"Tecelagem de têxteis";"15550896"
"2000";"Estados Unidos";"0113";"Cultivo de hortaliças e melões, raízes e tubérculos";"14988923"
"2000";"Estados Unidos";"2100";"Fabricação de produtos farmacêuticos, produtos químicos medicinais e botânicos";"14128528"
"2000";"Estados Unidos";"3020";"Fabricação de locomotivas e material circulante";"13653310"
"2000";"Estados Unidos";"1399";"Fabricação de outros têxteis n.e.c.";"13391880"
"2000";"Estados Unidos";"2732";"Fabricação de outros fios e cabos elétricos e eletrônicos";"13032934"
"2000";"Estados Unidos";"2816";"Fabricação de equipamentos de elevação e manuseio";"12183448"
"2000";"Estados Unidos";"2021";"Fabricação de pesticidas e outros produtos agroquímicos";"11587389"
"2000";"Estados Unidos";"2823";"Fabricação de máquinas para metalurgia";"11140760"
"2000";"Estados Unidos";"0899";"Outras atividades de mineração n.c";"10121763"
"2000";"Estados Unidos";"1071";"Fabricação de produtos de panificação";"9847688"
"2000";"Estados Unidos";"2750";"Fabricação de eletrodomésticos";"8807620"
"2000";"Estados Unidos";"2431";"Fundição de ferro e aço";"8573624"
"2000";"Estados Unidos";"3240";"Fabricação de jogos e brinquedos";"8231751"
"2000";"Estados Unidos";"2720";"Fabricação de baterias e acumuladores";"6319003"
"2000";"Estados Unidos";"2818";"Fabricação de ferramentas manuais acionadas por motor";"5549763"
"2000";"Estados Unidos";"3091";"Fabricação de motocicletas";"5534523"
"2000";"Estados Unidos";"2023";"Fabricação de sabão e detergentes, produtos de limpeza e polimento, perfumes e produtos de toilette";"5188342"
"2000";"Estados Unidos";"2660";"Fabricação de equipamentos de irradiação, eletromédicos e eletroterapêuticos";"5090585"
"2000";"Estados Unidos";"2513";"Fabricação de geradores de vapor, exceto caldeiras de aquecimento central de água quente";"4963375"
"2000";"Estados Unidos";"2391";"Fabricação de produtos refratários";"4720291"
"2000";"Estados Unidos";"3220";"Fabricação de instrumentos musicais";"4572251"
"2000";"Estados Unidos";"2825";"Fabricação de máquinas para processamento de alimentos, bebidas e tabaco";"4113656"
"2000";"Estados Unidos";"2680";"Fabricação de mídia magnética e óptica";"3193755"
"2000";"Estados Unidos";"2511";"Fabricação de produtos metálicos estruturais";"2932297"
"2000";"Estados Unidos";"1623";"Fabricação de embalagens de madeira";"2916990"
"2000";"Estados Unidos";"1391";"Fabricação de tecidos de malha";"2796612"
"2000";"Estados Unidos";"5819";"Outras atividades de publicação";"2757449"
"2000";"Estados Unidos";"2030";"Fabricação de fibras sintéticas ou artificiais";"2655305"
"2000";"Estados Unidos";"0893";"Extração de sal";"2619598"
"2000";"Estados Unidos";"1430";"Fabricação de vestuário de malha";"2354862"
"2000";"Estados Unidos";"2670";"Fabricação de instrumentos ópticos e equipamento fotográfico";"2027502"
"2000";"Estados Unidos";"1393";"Fabricação de tapetes e tapetes";"1841977"
"2000";"Estados Unidos";"2812";"Fabricação de equipamentos para energia hidráulica";"1815520"
"2000";"Estados Unidos";"2740";"Fabricação de equipamentos de iluminação elétrica";"1717777"
"2000";"Estados Unidos";"1062";"Fabricação de amidos e féculas";"1548920"
"2000";"Estados Unidos";"1812";"Atividades de serviço relacionadas à impressão";"1493212"
"2000";"Estados Unidos";"0142";"Criação de cavalos e outros equinos";"1253333"
"2000";"Estados Unidos";"0111";"Cultivo de cereais (exceto arroz), leguminosas e oleaginosas";"1120841"
"2000";"Estados Unidos";"2012";"Fabricação de fertilizantes e compostos nitrogenados";"1115987"
"2000";"Estados Unidos";"3230";"Fabricação de artigos esportivos";"994734"
"2000";"Estados Unidos";"3012";"Construção de barcos de recreio e desportivos";"914955"
"2000";"Estados Unidos";"2815";"Fabricação de fornos, fornos e queimadores de fornos";"861234"
"2000";"Estados Unidos";"5811";"Publicação de livros";"829802"
"2000";"Estados Unidos";"3212";"Fabricação de bijuterias e artigos relacionados";"693740"
"2000";"Estados Unidos";"1103";"Fabricação de malte e bebidas maltadas.";"640952"
"2000";"Estados Unidos";"0115";"Cultivo de tabaco";"608947"
"2000";"Estados Unidos";"0230";"Coleta de produtos florestais não madeireiros";"594142"
"2000";"Estados Unidos";"9000";"Atividades criativas, artes e entretenimento";"578527"
"2000";"Estados Unidos";"1050";"Fabricação de produtos lácteos";"548260"
"2000";"Estados Unidos";"5813";"Publicação de jornais, revistas e periódicos";"542589"
"2000";"Estados Unidos";"1702";"Fabricação de papel e cartão canelados e de embalagens de papel e cartão";"534021"
"2000";"Estados Unidos";"1101";"Fabricação de aguardentes e outras bebidas destiladas";"477366"
"2000";"Estados Unidos";"1104";"Fabricação de refrigerantes; produção de águas minerais e outras águas engarrafadas";"426880"
"2000";"Estados Unidos";"0121";"Cultivo de uvas";"388711"
"2000";"Estados Unidos";"1420";"Fabricação de artigos de peles";"383619"
"2000";"Estados Unidos";"1061";"Fabricação de produtos de moagem de grãos";"339610"
"2000";"Estados Unidos";"2652";"Fabricação de cronomêtros e relógios";"280386"
"2000";"Estados Unidos";"2022";"Fabricação de tintas, vernizes e produtos similares, tintas de impressão e mástiques";"258835"
"2000";"Estados Unidos";"0124";"Cultivo de frutas pome e frutas de caroço";"251266"
"2000";"Estados Unidos";"0130";"Cultivo de plantas";"249156"
"2000";"Estados Unidos";"2920";"Fabricação de carroçarias para veículos automotores; fabricação de reboques e semi-reboques";"226987"
"2000";"Estados Unidos";"2512";"Fabricação de tanques, reservatórios e recipientes de metal";"170793"
"2000";"Estados Unidos";"0119";"Cultivo de outras culturas não perenes";"159461"
"2000";"Estados Unidos";"1074";"Fabricação de macarrão, talharim, cuscuz e produtos farináceos semelhantes";"156946"
"2000";"Estados Unidos";"0149";"Criação de outros animais";"155600"
"2000";"Estados Unidos";"1102";"Fabricação de vinhos";"72121"
"2000";"Estados Unidos";"0220";"Exploração madeireira";"63088"
"2000";"Estados Unidos";"3099";"Fabricação de outros equipamentos de transporte n.c";"54431"
"2000";"Estados Unidos";"0126";"Cultivo de frutas oleaginosas";"48071"
"2000";"Estados Unidos";"2395";"Fabricação de artigos de concreto, cimento e gesso";"33986"
"2000";"Estados Unidos";"7420";"Atividades fotográficas";"21421"
"2000";"Estados Unidos";"3092";"Fabricação de bicicletas e carruagens inválidas";"21154"
"2000";"Estados Unidos";"5310";"Atividades postais";"14665"
"2000";"Estados Unidos";"3011";"Construção de navios e estruturas flutuantes";"9950"
"2000";"Estados Unidos";"0129";"Cultivo de outras culturas perenes";"9125"
"2000";"Estados Unidos";"0122";"Cultivo de frutas tropicais e subtropicais";"4988"
"2000";"Estados Unidos";"0321";"Aquicultura marinha";"2978"
"2000";"Estados Unidos";"0123";"Cultivo de frutas cítricas";"936"
"2000";"Estados Unidos";"0891";"Extração de minerais químicos e fertilizantes";"257"
"2000";"Estados Unidos";"2394";"Fabricação de cimento, cal e gesso";"121"